{
    "ALL": {
        "performance_sw": 1.2189947388536044,
        "performance_fw": 1.7523642369160761,
        "val_loss": 3.7656843266058075,
        "annual_return_2021_2022": 0.05604510951831654,
        "annual_volatility_2021_2022": 0.037654674955020624,
        "sharpe_ratio_2021_2022": 1.4670603953032415,
        "downside_risk_2021_2022": 0.02421754426783608,
        "sortino_ratio_2021_2022": 2.2810604458312267,
        "max_drawdown_2021_2022": 0.03332680830921286,
        "calmar_ratio_2021_2022": 1.681682476111084,
        "perc_pos_return_2021_2022": 0.5260273972602739,
        "profit_loss_ratio_2021_2022": 1.1294811114526946,
        "sharpe_ratio_2021": 1.2189947388536049,
        "annual_return_2021_2022_0_5_bps": 0.055931916773469315,
        "annual_volatility_2021_2022_0_5_bps": 0.03765461999675341,
        "sharpe_ratio_2021_2022_0_5_bps": 1.4642153689507826,
        "downside_risk_2021_2022_0_5_bps": 0.024220700063056627,
        "sortino_ratio_2021_2022_0_5_bps": 2.276336900573051,
        "max_drawdown_2021_2022_0_5_bps": 0.0333958754821681,
        "calmar_ratio_2021_2022_0_5_bps": 1.6748151071330484,
        "perc_pos_return_2021_2022_0_5_bps": 0.5260273972602739,
        "profit_loss_ratio_2021_2022_0_5_bps": 1.1289867187397367,
        "sharpe_ratio_2021_0_5_bps": 1.2166307788103443,
        "annual_return_2021_2022_1_0_bps": 0.05581873599315479,
        "annual_volatility_2021_2022_1_0_bps": 0.0376545684438412,
        "sharpe_ratio_2021_2022_1_0_bps": 1.4613702021319623,
        "downside_risk_2021_2022_1_0_bps": 0.02422385832467342,
        "sortino_ratio_2021_2022_1_0_bps": 2.2716143547586527,
        "max_drawdown_2021_2022_1_0_bps": 0.03346493780983317,
        "calmar_ratio_2021_2022_1_0_bps": 1.6679766838458994,
        "perc_pos_return_2021_2022_1_0_bps": 0.5260273972602739,
        "profit_loss_ratio_2021_2022_1_0_bps": 1.12849254739156,
        "sharpe_ratio_2021_1_0_bps": 1.2142667020522186,
        "annual_return_2021_2022_1_5_bps": 0.05570556717612529,
        "annual_volatility_2021_2022_1_5_bps": 0.037654520296297976,
        "sharpe_ratio_2021_2022_1_5_bps": 1.4585248956175845,
        "downside_risk_2021_2022_1_5_bps": 0.024227019051721883,
        "sortino_ratio_2021_2022_1_5_bps": 2.2668928095297343,
        "max_drawdown_2021_2022_1_5_bps": 0.033533995292547567,
        "calmar_ratio_2021_2022_1_5_bps": 1.6611670243928562,
        "perc_pos_return_2021_2022_1_5_bps": 0.5260273972602739,
        "profit_loss_ratio_2021_2022_1_5_bps": 1.1279985972595248,
        "sharpe_ratio_2021_1_5_bps": 1.2119025092196969,
        "annual_return_2021_2022_2_0_bps": 0.055592410321130714,
        "annual_volatility_2021_2022_2_0_bps": 0.03765447555413681,
        "sharpe_ratio_2021_2022_2_0_bps": 1.4556794501785735,
        "downside_risk_2021_2022_2_0_bps": 0.024230182243237204,
        "sortino_ratio_2021_2022_2_0_bps": 2.262172266026065,
        "max_drawdown_2021_2022_2_0_bps": 0.033603047930644656,
        "calmar_ratio_2021_2022_2_0_bps": 1.6543859484375114,
        "perc_pos_return_2021_2022_2_0_bps": 0.5260273972602739,
        "profit_loss_ratio_2021_2022_2_0_bps": 1.1275048681951223,
        "sharpe_ratio_2021_2_0_bps": 1.2095382009533475,
        "annual_return_2021_2022_2_5_bps": 0.05547926542692738,
        "annual_volatility_2021_2022_2_5_bps": 0.03765443421736983,
        "sharpe_ratio_2021_2022_2_5_bps": 1.4528338665859741,
        "downside_risk_2021_2022_2_5_bps": 0.02423334789825432,
        "sortino_ratio_2021_2022_2_5_bps": 2.257452725385477,
        "max_drawdown_2021_2022_2_5_bps": 0.0336720957244514,
        "calmar_ratio_2021_2022_2_5_bps": 1.6476332771482483,
        "perc_pos_return_2021_2022_2_5_bps": 0.5260273972602739,
        "profit_loss_ratio_2021_2022_2_5_bps": 1.1270113600499776,
        "sharpe_ratio_2021_2_5_bps": 1.207173777893839,
        "annual_return_2021_2022_3_0_bps": 0.05536613249226896,
        "annual_volatility_2021_2022_3_0_bps": 0.037654396286008265,
        "sharpe_ratio_2021_2022_3_0_bps": 1.4499881456109456,
        "downside_risk_2021_2022_3_0_bps": 0.024236516015807917,
        "sortino_ratio_2021_2022_3_0_bps": 2.252734188743868,
        "max_drawdown_2021_2022_3_0_bps": 0.03374113867430857,
        "calmar_ratio_2021_2022_3_0_bps": 1.640908833181325,
        "perc_pos_return_2021_2022_3_0_bps": 0.5260273972602739,
        "profit_loss_ratio_2021_2022_3_0_bps": 1.126518072675848,
        "sharpe_ratio_2021_3_0_bps": 1.2048092406819348
    },
    "COMB": {
        "annual_return_2021_2022": 0.05604510951831654,
        "annual_volatility_2021_2022": 0.037654674955020624,
        "sharpe_ratio_2021_2022": 1.4670603953032415,
        "downside_risk_2021_2022": 0.02421754426783608,
        "sortino_ratio_2021_2022": 2.2810604458312267,
        "max_drawdown_2021_2022": 0.03332680830921286,
        "calmar_ratio_2021_2022": 1.681682476111084,
        "perc_pos_return_2021_2022": 0.5260273972602739,
        "profit_loss_ratio_2021_2022": 1.1294811114526946,
        "sharpe_ratio_2021": 1.2189947388536049,
        "annual_return_2021_2022_0_5_bps": 0.055931916773469315,
        "annual_volatility_2021_2022_0_5_bps": 0.03765461999675341,
        "sharpe_ratio_2021_2022_0_5_bps": 1.4642153689507826,
        "downside_risk_2021_2022_0_5_bps": 0.024220700063056627,
        "sortino_ratio_2021_2022_0_5_bps": 2.276336900573051,
        "max_drawdown_2021_2022_0_5_bps": 0.0333958754821681,
        "calmar_ratio_2021_2022_0_5_bps": 1.6748151071330484,
        "perc_pos_return_2021_2022_0_5_bps": 0.5260273972602739,
        "profit_loss_ratio_2021_2022_0_5_bps": 1.1289867187397367,
        "sharpe_ratio_2021_0_5_bps": 1.2166307788103443,
        "annual_return_2021_2022_1_0_bps": 0.05581873599315479,
        "annual_volatility_2021_2022_1_0_bps": 0.0376545684438412,
        "sharpe_ratio_2021_2022_1_0_bps": 1.4613702021319623,
        "downside_risk_2021_2022_1_0_bps": 0.02422385832467342,
        "sortino_ratio_2021_2022_1_0_bps": 2.2716143547586527,
        "max_drawdown_2021_2022_1_0_bps": 0.03346493780983317,
        "calmar_ratio_2021_2022_1_0_bps": 1.6679766838458994,
        "perc_pos_return_2021_2022_1_0_bps": 0.5260273972602739,
        "profit_loss_ratio_2021_2022_1_0_bps": 1.12849254739156,
        "sharpe_ratio_2021_1_0_bps": 1.2142667020522186,
        "annual_return_2021_2022_1_5_bps": 0.05570556717612529,
        "annual_volatility_2021_2022_1_5_bps": 0.037654520296297976,
        "sharpe_ratio_2021_2022_1_5_bps": 1.4585248956175845,
        "downside_risk_2021_2022_1_5_bps": 0.024227019051721883,
        "sortino_ratio_2021_2022_1_5_bps": 2.2668928095297343,
        "max_drawdown_2021_2022_1_5_bps": 0.033533995292547567,
        "calmar_ratio_2021_2022_1_5_bps": 1.6611670243928562,
        "perc_pos_return_2021_2022_1_5_bps": 0.5260273972602739,
        "profit_loss_ratio_2021_2022_1_5_bps": 1.1279985972595248,
        "sharpe_ratio_2021_1_5_bps": 1.2119025092196969,
        "annual_return_2021_2022_2_0_bps": 0.055592410321130714,
        "annual_volatility_2021_2022_2_0_bps": 0.03765447555413681,
        "sharpe_ratio_2021_2022_2_0_bps": 1.4556794501785735,
        "downside_risk_2021_2022_2_0_bps": 0.024230182243237204,
        "sortino_ratio_2021_2022_2_0_bps": 2.262172266026065,
        "max_drawdown_2021_2022_2_0_bps": 0.033603047930644656,
        "calmar_ratio_2021_2022_2_0_bps": 1.6543859484375114,
        "perc_pos_return_2021_2022_2_0_bps": 0.5260273972602739,
        "profit_loss_ratio_2021_2022_2_0_bps": 1.1275048681951223,
        "sharpe_ratio_2021_2_0_bps": 1.2095382009533475,
        "annual_return_2021_2022_2_5_bps": 0.05547926542692738,
        "annual_volatility_2021_2022_2_5_bps": 0.03765443421736983,
        "sharpe_ratio_2021_2022_2_5_bps": 1.4528338665859741,
        "downside_risk_2021_2022_2_5_bps": 0.02423334789825432,
        "sortino_ratio_2021_2022_2_5_bps": 2.257452725385477,