{
    "ALL": {
        "annual_return": 0.04092116170382501,
        "annual_volatility": 0.05246222365094701,
        "sharpe_ratio": 0.8762179356359445,
        "downside_risk": 0.038532152612618505,
        "sortino_ratio": 1.2098672495051115,
        "max_drawdown": 0.039769450660545505,
        "calmar_ratio": 1.0868693807354977,
        "perc_pos_return": 0.527397260273972,
        "profit_loss_ratio": 1.0398957246390657,
        "annual_return_0_5_bps": 0.040310226643978,
        "annual_volatility_0_5_bps": 0.05246217842484201,
        "sharpe_ratio_0_5_bps": 0.8659359205782,
        "downside_risk_0_5_bps": 0.0385435703788215,
        "sortino_ratio_0_5_bps": 1.1955571321435745,
        "max_drawdown_0_5_bps": 0.039834434244608,
        "calmar_ratio_0_5_bps": 1.070102722883826,
        "perc_pos_return_0_5_bps": 0.527397260273972,
        "profit_loss_ratio_0_5_bps": 1.0380224058750929,
        "annual_return_1_0_bps": 0.0396997574114855,
        "annual_volatility_1_0_bps": 0.052462139064104005,
        "sharpe_ratio_1_0_bps": 0.8556538200989445,
        "downside_risk_1_0_bps": 0.038554998559355,
        "sortino_ratio_1_0_bps": 1.1812551777196405,
        "max_drawdown_1_0_bps": 0.0398994112445675,
        "calmar_ratio_1_0_bps": 1.0534022794671356,
        "perc_pos_return_1_0_bps": 0.527397260273972,
        "profit_loss_ratio_1_0_bps": 1.0361527884735682,
        "annual_return_1_5_bps": 0.0390897536082855,
        "annual_volatility_1_5_bps": 0.05246210556884,
        "sharpe_ratio_1_5_bps": 0.845371637632373,
        "downside_risk_1_5_bps": 0.038566437144388004,
        "sortino_ratio_1_5_bps": 1.166961390369035,
        "max_drawdown_1_5_bps": 0.03996438166116201,
        "calmar_ratio_1_5_bps": 1.0367674816540176,
        "perc_pos_return_1_5_bps": 0.527397260273972,
        "profit_loss_ratio_1_5_bps": 1.0342868607114366,
        "annual_return_2_0_bps": 0.038480214836676505,
        "annual_volatility_2_0_bps": 0.0524620779391565,
        "sharpe_ratio_2_0_bps": 0.8350893766129975,
        "downside_risk_2_0_bps": 0.038577886124094005,
        "sortino_ratio_2_0_bps": 1.15267577419412,
        "max_drawdown_2_0_bps": 0.0400293454951285,
        "calmar_ratio_2_0_bps": 1.020197768479223,
        "perc_pos_return_2_0_bps": 0.527397260273972,
        "profit_loss_ratio_2_0_bps": 1.0324246109173192,
        "annual_return_2_5_bps": 0.037871140699298506,
        "annual_volatility_2_5_bps": 0.052462056175155,
        "sharpe_ratio_2_5_bps": 0.8248070404756365,
        "downside_risk_2_5_bps": 0.03858934549637601,
        "sortino_ratio_2_5_bps": 1.1383983331556982,
        "max_drawdown_2_5_bps": 0.040094302747206004,
        "calmar_ratio_2_5_bps": 1.0036925867028446,
        "perc_pos_return_2_5_bps": 0.5260273972602736,
        "profit_loss_ratio_2_5_bps": 1.036118644144566,
        "annual_return_3_0_bps": 0.0372625307991555,
        "annual_volatility_3_0_bps": 0.052462040276937,
        "sharpe_ratio_3_0_bps": 0.8145246326554111,
        "downside_risk_3_0_bps": 0.038600815319353,
        "sortino_ratio_3_0_bps": 1.1241290703707731,
        "max_drawdown_3_0_bps": 0.04015925341813,
        "calmar_ratio_3_0_bps": 0.9872513906736895,
        "perc_pos_return_3_0_bps": 0.5260273972602736,
        "profit_loss_ratio_3_0_bps": 1.0342496063323385,
        "annual_return_rescaled": 0.07640001102810212,
        "annual_volatility_rescaled": 0.12463645764920786,
        "downside_risk_rescaled": 0.09154226933247299,
        "max_drawdown_rescaled": 0.11138223957454238,
        "annual_return_rescaled_0_5_bps": 0.07515672967425202,
        "annual_volatility_rescaled_0_5_bps": 0.12463645764920753,
        "downside_risk_rescaled_0_5_bps": 0.09156947388396044,
        "max_drawdown_rescaled_0_5_bps": 0.1115570118609709,
        "annual_return_rescaled_1_0_bps": 0.0739153032054064,
        "annual_volatility_rescaled_1_0_bps": 0.12463645764920714,
        "downside_risk_rescaled_1_0_bps": 0.09159669298342195,
        "max_drawdown_rescaled_1_0_bps": 0.11173172160381598,
        "annual_return_rescaled_1_5_bps": 0.07267572893827445,
        "annual_volatility_rescaled_1_5_bps": 0.124636457649208,
        "downside_risk_rescaled_1_5_bps": 0.09162392659821872,
        "max_drawdown_rescaled_1_5_bps": 0.1119063687659322,
        "annual_return_rescaled_2_0_bps": 0.07143800419243607,
        "annual_volatility_rescaled_2_0_bps": 0.12463645764920692,
        "downside_risk_rescaled_2_0_bps": 0.09165117469570976,
        "max_drawdown_rescaled_2_0_bps": 0.11208095331023839,
        "annual_return_rescaled_2_5_bps": 0.07020212629035305,
        "annual_volatility_rescaled_2_5_bps": 0.12463645764920733,
        "downside_risk_rescaled_2_5_bps": 0.09167843726162339,
        "max_drawdown_rescaled_2_5_bps": 0.11225547519973283,
        "annual_return_rescaled_3_0_bps": 0.06896809255736291,
        "annual_volatility_rescaled_3_0_bps": 0.124636457649207,
        "downside_risk_rescaled_3_0_bps": 0.0917057144247292,
        "max_drawdown_rescaled_3_0_bps": 0.11242993439747934,
        "sharpe_ratio_years": 0.728057997509098,
        "sharpe_ratio_years_0_5_bps": 0.7195145712804771,
        "sharpe_ratio_years_1_0_bps": 0.7109710740742925,
        "sharpe_ratio_years_1_5_bps": 0.702427508744051,
        "sharpe_ratio_years_2_0_bps": 0.693883878143521,
        "sharpe_ratio_years_2_5_bps": 0.6853401851267276,
        "sharpe_ratio_years_3_0_bps": 0.6767964325479445,
        "sharpe_ratio_years_std": 0.22930214174822203,
        "sharpe_ratio_years_std_0_5_bps": 0.23184800034929004,
        "sharpe_ratio_years_std_1_0_bps": 0.2343940812568735,
        "sharpe_ratio_years_std_1_5_bps": 0.23694038244769705,
        "sharpe_ratio_years_std_2_0_bps": 0.23948690189807906,
        "sharpe_ratio_years_std_2_5_bps": 0.2420336375839325,
        "sharpe_ratio_years_std_3_0_bps": 0.2445805874807755
    },
    "COMB": {
        "annual_return": 0.04092116170382501,
        "annual_volatility": 0.05246222365094701,
        "sharpe_ratio": 0.8762179356359445,
        "downside_risk": 0.038532152612618505,
        "sortino_ratio": 1.2098672495051115,
        "max_drawdown": 0.039769450660545505,
        "calmar_ratio": 1.0868693807354977,
        "perc_pos_return": 0.527397260273972,
        "profit_loss_ratio": 1.0398957246390657,
        "annual_return_0_5_bps": 0.040310226643978,
        "annual_volatility_0_5_bps": 0.05246217842484201,
        "sharpe_ratio_0_5_bps": 0.8659359205782,
        "downside_risk_0_5_bps": 0.0385435703788215,
        "sortino_ratio_0_5_bps": 1.1955571321435745,
        "max_drawdown_0_5_bps": 0.039834434244608,
        "calmar_ratio_0_5_bps": 1.070102722883826,
        "perc_pos_return_0_5_bps": 0.527397260273972,
        "profit_loss_ratio_0_5_bps": 1.0380224058750929,
        "annual_return_1_0_bps": 0.0396997574114855,
        "annual_volatility_1_0_bps": 0.052462139064104005,
        "sharpe_ratio_1_0_bps": 0.8556538200989445,
        "downside_risk_1_0_bps": 0.038554998559355,
        "sortino_ratio_1_0_bps": 1.1812551777196405,
        "max_drawdown_1_0_bps": 0.0398994112445675,
        "calmar_ratio_1_0_bps": 1.0534022794671356,
        "perc_pos_return_1_0_bps": 0.527397260273972,
        "profit_loss_ratio_1_0_bps": 1.0361527884735682,
        "annual_return_1_5_bps": 0.0390897536082855,
        "annual_volatility_1_5_bps": 0.05246210556884,
        "sharpe_ratio_1_5_bps": 0.845371637632373,
        "downside_risk_1_5_bps": 0.038566437144388004,
        "sortino_ratio_1_5_bps": 1.166961390369035,
        "max_drawdown_1_5_bps": 0.03996438166116201,
        "calmar_ratio_1_5_bps": 1.0367674816540176,
        "perc_pos_return_1_5_bps": 0.527397260273972,
        "profit_loss_ratio_1_5_bps": 1.0342868607114366,
        "annual_return_2_0_bps": 0.038480214836676505,
        "annual_volatility_2_0_bps": 0.0524620779391565,
        "sharpe_ratio_2_0_bps": 0.8350893766129975,
        "downside_risk_2_0_bps": 0.038577886124094005,