{
    "ALL": {
        "performance_sw": 0.9009086671349891,
        "performance_fw": 1.0220253110712025,
        "val_loss": 3.828507472965481,
        "annual_return_2020_2021": 0.011688533121718692,
        "annual_volatility_2020_2021": 0.01299263815261691,
        "sharpe_ratio_2020_2021": 0.9009086671349892,
        "downside_risk_2020_2021": 0.010062923922276312,
        "sortino_ratio_2020_2021": 1.1631987294199382,
        "max_drawdown_2020_2021": 0.0174841354267885,
        "calmar_ratio_2020_2021": 0.6685222252288199,
        "perc_pos_return_2020_2021": 0.5884615384615385,
        "profit_loss_ratio_2020_2021": 0.8391136451256663,
        "sharpe_ratio_2020": 1.0859895628173468,
        "annual_return_2020_2021_0_5_bps": 0.006768449876954907,
        "annual_volatility_2020_2021_0_5_bps": 0.013005522491564241,
        "sharpe_ratio_2020_2021_0_5_bps": 0.5251667474410372,
        "downside_risk_2020_2021_0_5_bps": 0.010186802493231813,
        "sortino_ratio_2020_2021_0_5_bps": 0.670482023206398,
        "max_drawdown_2020_2021_0_5_bps": 0.0190204137887103,
        "calmar_ratio_2020_2021_0_5_bps": 0.3558518732632604,
        "perc_pos_return_2020_2021_0_5_bps": 0.5653846153846154,
        "profit_loss_ratio_2020_2021_0_5_bps": 0.8550895273881786,
        "sharpe_ratio_2020_0_5_bps": 0.7006489913680559,
        "annual_return_2020_2021_1_0_bps": 0.0018721881348895408,
        "annual_volatility_2020_2021_1_0_bps": 0.013019282348620483,
        "sharpe_ratio_2020_2021_1_0_bps": 0.1501584740496804,
        "downside_risk_2020_2021_1_0_bps": 0.01031434200903769,
        "sortino_ratio_2020_2021_1_0_bps": 0.18953759425252809,
        "max_drawdown_2020_2021_1_0_bps": 0.020554328453253806,
        "calmar_ratio_2020_2021_1_0_bps": 0.09108486025935662,
        "perc_pos_return_2020_2021_1_0_bps": 0.55,
        "profit_loss_ratio_2020_2021_1_0_bps": 0.8435295683932263,
        "sharpe_ratio_2020_1_0_bps": 0.31593799860498883,
        "annual_return_2020_2021_1_5_bps": -0.0030003669277898215,
        "annual_volatility_2020_2021_1_5_bps": 0.013033914950941985,
        "sharpe_ratio_2020_2021_1_5_bps": -0.22404295373075334,
        "downside_risk_2020_2021_1_5_bps": 0.010445591612827555,
        "sortino_ratio_2020_2021_1_5_bps": -0.27955877584745065,
        "max_drawdown_2020_2021_1_5_bps": 0.02208588299818861,
        "calmar_ratio_2020_2021_1_5_bps": -0.13584998743477447,
        "perc_pos_return_2020_2021_1_5_bps": 0.5384615384615384,
        "profit_loss_ratio_2020_2021_1_5_bps": 0.81892831370782,
        "sharpe_ratio_2020_1_5_bps": -0.0680670080036891,
        "annual_return_2020_2021_2_0_bps": -0.007849329583384357,
        "annual_volatility_2020_2021_2_0_bps": 0.013049417362642975,
        "sharpe_ratio_2020_2021_2_0_bps": -0.5973653047204633,
        "downside_risk_2020_2021_2_0_bps": 0.01058056924468464,
        "sortino_ratio_2020_2021_2_0_bps": -0.7367532879363589,
        "max_drawdown_2020_2021_2_0_bps": 0.02361508099595515,
        "calmar_ratio_2020_2021_2_0_bps": -0.33238630791606477,
        "perc_pos_return_2020_2021_2_0_bps": 0.5192307692307693,
        "profit_loss_ratio_2020_2021_2_0_bps": 0.8197695335600955,
        "sharpe_ratio_2020_2_0_bps": -0.45129048547452777,
        "annual_return_2020_2021_2_5_bps": -0.01267481355584854,
        "annual_volatility_2020_2021_2_5_bps": 0.01306578648766608,
        "sharpe_ratio_2020_2021_2_5_bps": -0.9697373798504703,
        "downside_risk_2020_2021_2_5_bps": 0.010719280597832836,
        "sortino_ratio_2020_2021_2_5_bps": -1.1820179011636853,
        "max_drawdown_2020_2021_2_5_bps": 0.025141926013680718,
        "calmar_ratio_2020_2021_2_5_bps": -0.5041305725325765,
        "perc_pos_return_2020_2021_2_5_bps": 0.5192307692307693,
        "profit_loss_ratio_2020_2021_2_5_bps": 0.7595440198408095,
        "sharpe_ratio_2020_2_5_bps": -0.8336578251076929,
        "annual_return_2020_2021_3_0_bps": -0.017476932023382852,
        "annual_volatility_2020_2021_3_0_bps": 0.01308301907278583,
        "sharpe_ratio_2020_2021_3_0_bps": -1.3410890736761878,
        "downside_risk_2020_2021_3_0_bps": 0.010861621736094453,
        "sortino_ratio_2020_2021_3_0_bps": -1.615365951375796,
        "max_drawdown_2020_2021_3_0_bps": 0.02666642161317809,
        "calmar_ratio_2020_2021_3_0_bps": -0.6553909735960243,
        "perc_pos_return_2020_2021_3_0_bps": 0.47692307692307695,
        "profit_loss_ratio_2020_2021_3_0_bps": 0.8335384032450516,
        "sharpe_ratio_2020_3_0_bps": -1.215095420003444
    },
    "COMB": {
        "annual_return_2020_2021": 0.011688533121718692,
        "annual_volatility_2020_2021": 0.01299263815261691,
        "sharpe_ratio_2020_2021": 0.9009086671349892,
        "downside_risk_2020_2021": 0.010062923922276312,
        "sortino_ratio_2020_2021": 1.1631987294199382,
        "max_drawdown_2020_2021": 0.0174841354267885,
        "calmar_ratio_2020_2021": 0.6685222252288199,
        "perc_pos_return_2020_2021": 0.5884615384615385,
        "profit_loss_ratio_2020_2021": 0.8391136451256663,
        "sharpe_ratio_2020": 1.0859895628173468,
        "annual_return_2020_2021_0_5_bps": 0.006768449876954907,
        "annual_volatility_2020_2021_0_5_bps": 0.013005522491564241,
        "sharpe_ratio_2020_2021_0_5_bps": 0.5251667474410372,
        "downside_risk_2020_2021_0_5_bps": 0.010186802493231813,
        "sortino_ratio_2020_2021_0_5_bps": 0.670482023206398,
        "max_drawdown_2020_2021_0_5_bps": 0.0190204137887103,
        "calmar_ratio_2020_2021_0_5_bps": 0.3558518732632604,
        "perc_pos_return_2020_2021_0_5_bps": 0.5653846153846154,
        "profit_loss_ratio_2020_2021_0_5_bps": 0.8550895273881786,
        "sharpe_ratio_2020_0_5_bps": 0.7006489913680559,
        "annual_return_2020_2021_1_0_bps": 0.0018721881348895408,
        "annual_volatility_2020_2021_1_0_bps": 0.013019282348620483,
        "sharpe_ratio_2020_2021_1_0_bps": 0.1501584740496804,
        "downside_risk_2020_2021_1_0_bps": 0.01031434200903769,
        "sortino_ratio_2020_2021_1_0_bps": 0.18953759425252809,
        "max_drawdown_2020_2021_1_0_bps": 0.020554328453253806,
        "calmar_ratio_2020_2021_1_0_bps": 0.09108486025935662,
        "perc_pos_return_2020_2021_1_0_bps": 0.55,
        "profit_loss_ratio_2020_2021_1_0_bps": 0.8435295683932263,
        "sharpe_ratio_2020_1_0_bps": 0.31593799860498883,
        "annual_return_2020_2021_1_5_bps": -0.0030003669277898215,
        "annual_volatility_2020_2021_1_5_bps": 0.013033914950941985,
        "sharpe_ratio_2020_2021_1_5_bps": -0.22404295373075334,
        "downside_risk_2020_2021_1_5_bps": 0.010445591612827555,
        "sortino_ratio_2020_2021_1_5_bps": -0.27955877584745065,
        "max_drawdown_2020_2021_1_5_bps": 0.02208588299818861,
        "calmar_ratio_2020_2021_1_5_bps": -0.13584998743477447,
        "perc_pos_return_2020_2021_1_5_bps": 0.5384615384615384,
        "profit_loss_ratio_2020_2021_1_5_bps": 0.81892831370782,
        "sharpe_ratio_2020_1_5_bps": -0.0680670080036891,
        "annual_return_2020_2021_2_0_bps": -0.007849329583384357,
        "annual_volatility_2020_2021_2_0_bps": 0.013049417362642975,
        "sharpe_ratio_2020_2021_2_0_bps": -0.5973653047204633,
        "downside_risk_2020_2021_2_0_bps": 0.01058056924468464,
        "sortino_ratio_2020_2021_2_0_bps": -0.7367532879363589,
        "max_drawdown_2020_2021_2_0_bps": 0.02361508099595515,
        "calmar_ratio_2020_2021_2_0_bps": -0.33238630791606477,
        "perc_pos_return_2020_2021_2_0_bps": 0.5192307692307693,
        "profit_loss_ratio_2020_2021_2_0_bps": 0.8197695335600955,
        "sharpe_ratio_2020_2_0_bps": -0.45129048547452777,
        "annual_return_2020_2021_2_5_bps": -0.01267481355584854,
        "annual_volatility_2020_2021_2_5_bps": 0.01306578648766608,
        "sharpe_ratio_2020_2021_2_5_bps": -0.9697373798504703,
        "downside_risk_2020_2021_2_5_bps": 0.010719280597832836,
        "sortino_ratio_2020_2021_2_5_bps": -1.1820179011636853,