{
    "ALL": {
        "performance_sw": 0.86610996006275,
        "performance_fw": 1.2136256852886484,
        "val_loss": 3.6255938993692376,
        "annual_return_2021_2022": 0.018171234167533523,
        "annual_volatility_2021_2022": 0.017421737576026625,
        "sharpe_ratio_2021_2022": 1.0423634982876904,
        "downside_risk_2021_2022": 0.010669532012514886,
        "sortino_ratio_2021_2022": 1.702022479026878,
        "max_drawdown_2021_2022": 0.014304201905816001,
        "calmar_ratio_2021_2022": 1.2703423991900737,
        "perc_pos_return_2021_2022": 0.5232876712328767,
        "profit_loss_ratio_2021_2022": 1.0867806217320304,
        "sharpe_ratio_2021": 0.8661099600627503,
        "annual_return_2021_2022_0_5_bps": 0.0177669001820584,
        "annual_volatility_2021_2022_0_5_bps": 0.01742227298399473,
        "sharpe_ratio_2021_2022_0_5_bps": 1.019532681289988,
        "downside_risk_2021_2022_0_5_bps": 0.010680164081236402,
        "sortino_ratio_2021_2022_0_5_bps": 1.6631370599207091,
        "max_drawdown_2021_2022_0_5_bps": 0.014364354977885236,
        "calmar_ratio_2021_2022_0_5_bps": 1.2368742076766817,
        "perc_pos_return_2021_2022_0_5_bps": 0.5232876712328767,
        "profit_loss_ratio_2021_2022_0_5_bps": 1.0825694322835888,
        "sharpe_ratio_2021_0_5_bps": 0.847139612357211,
        "annual_return_2021_2022_1_0_bps": 0.017362726227165615,
        "annual_volatility_2021_2022_1_0_bps": 0.017422813913248906,
        "sharpe_ratio_2021_2022_1_0_bps": 0.9967029516325201,
        "downside_risk_2021_2022_1_0_bps": 0.010690812192172596,
        "sortino_ratio_2021_2022_1_0_bps": 1.6243265470320003,
        "max_drawdown_2021_2022_1_0_bps": 0.014424504435722926,
        "calmar_ratio_2021_2022_1_0_bps": 1.2036965501682022,
        "perc_pos_return_2021_2022_1_0_bps": 0.5232876712328767,
        "profit_loss_ratio_2021_2022_1_0_bps": 1.0783761450326281,
        "sharpe_ratio_2021_1_0_bps": 0.8281701681332387,
        "annual_return_2021_2022_1_5_bps": 0.016958712239733886,
        "annual_volatility_2021_2022_1_5_bps": 0.01742336036327492,
        "sharpe_ratio_2021_2022_1_5_bps": 0.9738743309462842,
        "downside_risk_2021_2022_1_5_bps": 0.010701476297436827,
        "sortino_ratio_2021_2022_1_5_bps": 1.5855908983963751,
        "max_drawdown_2021_2022_1_5_bps": 0.014484650279545125,
        "calmar_ratio_2021_2022_1_5_bps": 1.1708057780091918,
        "perc_pos_return_2021_2022_1_5_bps": 0.5232876712328767,
        "profit_loss_ratio_2021_2022_1_5_bps": 1.0742006460651656,
        "sharpe_ratio_2021_1_5_bps": 0.8092016453642397,
        "annual_return_2021_2022_2_0_bps": 0.01655485815665747,
        "annual_volatility_2021_2022_2_0_bps": 0.017423912333553334,
        "sharpe_ratio_2021_2022_2_0_bps": 0.9510468408550597,
        "downside_risk_2021_2022_2_0_bps": 0.010712156349261339,
        "sortino_ratio_2021_2022_2_0_bps": 1.5469300708352776,
        "max_drawdown_2021_2022_2_0_bps": 0.01455056270058693,
        "calmar_ratio_2021_2022_2_0_bps": 1.137746937854829,
        "perc_pos_return_2021_2022_2_0_bps": 0.5232876712328767,
        "profit_loss_ratio_2021_2022_2_0_bps": 1.0700428224316412,
        "sharpe_ratio_2021_2_0_bps": 0.7902340620176226,
        "annual_return_2021_2022_2_5_bps": 0.016151163914862154,
        "annual_volatility_2021_2022_2_5_bps": 0.01742446982355955,
        "sharpe_ratio_2021_2022_2_5_bps": 0.9282205029753049,
        "downside_risk_2021_2022_2_5_bps": 0.010722852299997407,
        "sortino_ratio_2021_2022_2_5_bps": 1.508344019968118,
        "max_drawdown_2021_2022_2_5_bps": 0.014616778460644514,
        "calmar_ratio_2021_2022_2_5_bps": 1.1049742566974627,
        "perc_pos_return_2021_2022_2_5_bps": 0.5232876712328767,
        "profit_loss_ratio_2021_2022_2_5_bps": 1.0659025621367288,
        "sharpe_ratio_2021_2_5_bps": 0.7712674360547122,
        "annual_return_2021_2022_3_0_bps": 0.01574762945129793,
        "annual_volatility_2021_2022_3_0_bps": 0.017425032832763768,
        "sharpe_ratio_2021_2022_3_0_bps": 0.9053953389160533,
        "downside_risk_2021_2022_3_0_bps": 0.010733564102115439,
        "sortino_ratio_2021_2022_3_0_bps": 1.469832700224352,
        "max_drawdown_2021_2022_3_0_bps": 0.01468298983299754,
        "calmar_ratio_2021_2022_3_0_bps": 1.0725083671928854,
        "perc_pos_return_2021_2022_3_0_bps": 0.5232876712328767,
        "profit_loss_ratio_2021_2022_3_0_bps": 1.0617797541292817,
        "sharpe_ratio_2021_3_0_bps": 0.7523017854306648
    },
    "COMB": {
        "annual_return_2021_2022": 0.018171234167533523,
        "annual_volatility_2021_2022": 0.017421737576026625,
        "sharpe_ratio_2021_2022": 1.0423634982876904,
        "downside_risk_2021_2022": 0.010669532012514886,
        "sortino_ratio_2021_2022": 1.702022479026878,
        "max_drawdown_2021_2022": 0.014304201905816001,
        "calmar_ratio_2021_2022": 1.2703423991900737,
        "perc_pos_return_2021_2022": 0.5232876712328767,
        "profit_loss_ratio_2021_2022": 1.0867806217320304,
        "sharpe_ratio_2021": 0.8661099600627503,
        "annual_return_2021_2022_0_5_bps": 0.0177669001820584,
        "annual_volatility_2021_2022_0_5_bps": 0.01742227298399473,
        "sharpe_ratio_2021_2022_0_5_bps": 1.019532681289988,
        "downside_risk_2021_2022_0_5_bps": 0.010680164081236402,
        "sortino_ratio_2021_2022_0_5_bps": 1.6631370599207091,
        "max_drawdown_2021_2022_0_5_bps": 0.014364354977885236,
        "calmar_ratio_2021_2022_0_5_bps": 1.2368742076766817,
        "perc_pos_return_2021_2022_0_5_bps": 0.5232876712328767,
        "profit_loss_ratio_2021_2022_0_5_bps": 1.0825694322835888,
        "sharpe_ratio_2021_0_5_bps": 0.847139612357211,
        "annual_return_2021_2022_1_0_bps": 0.017362726227165615,
        "annual_volatility_2021_2022_1_0_bps": 0.017422813913248906,
        "sharpe_ratio_2021_2022_1_0_bps": 0.9967029516325201,
        "downside_risk_2021_2022_1_0_bps": 0.010690812192172596,
        "sortino_ratio_2021_2022_1_0_bps": 1.6243265470320003,
        "max_drawdown_2021_2022_1_0_bps": 0.014424504435722926,
        "calmar_ratio_2021_2022_1_0_bps": 1.2036965501682022,
        "perc_pos_return_2021_2022_1_0_bps": 0.5232876712328767,
        "profit_loss_ratio_2021_2022_1_0_bps": 1.0783761450326281,
        "sharpe_ratio_2021_1_0_bps": 0.8281701681332387,
        "annual_return_2021_2022_1_5_bps": 0.016958712239733886,
        "annual_volatility_2021_2022_1_5_bps": 0.01742336036327492,
        "sharpe_ratio_2021_2022_1_5_bps": 0.9738743309462842,
        "downside_risk_2021_2022_1_5_bps": 0.010701476297436827,
        "sortino_ratio_2021_2022_1_5_bps": 1.5855908983963751,
        "max_drawdown_2021_2022_1_5_bps": 0.014484650279545125,
        "calmar_ratio_2021_2022_1_5_bps": 1.1708057780091918,
        "perc_pos_return_2021_2022_1_5_bps": 0.5232876712328767,
        "profit_loss_ratio_2021_2022_1_5_bps": 1.0742006460651656,
        "sharpe_ratio_2021_1_5_bps": 0.8092016453642397,
        "annual_return_2021_2022_2_0_bps": 0.01655485815665747,
        "annual_volatility_2021_2022_2_0_bps": 0.017423912333553334,
        "sharpe_ratio_2021_2022_2_0_bps": 0.9510468408550597,
        "downside_risk_2021_2022_2_0_bps": 0.010712156349261339,
        "sortino_ratio_2021_2022_2_0_bps": 1.5469300708352776,
        "max_drawdown_2021_2022_2_0_bps": 0.01455056270058693,
        "calmar_ratio_2021_2022_2_0_bps": 1.137746937854829,
        "perc_pos_return_2021_2022_2_0_bps": 0.5232876712328767,
        "profit_loss_ratio_2021_2022_2_0_bps": 1.0700428224316412,
        "sharpe_ratio_2021_2_0_bps": 0.7902340620176226,
        "annual_return_2021_2022_2_5_bps": 0.016151163914862154,
        "annual_volatility_2021_2022_2_5_bps": 0.01742446982355955,
        "sharpe_ratio_2021_2022_2_5_bps": 0.9282205029753049,
        "downside_risk_2021_2022_2_5_bps": 0.010722852299997407,
        "sortino_ratio_2021_2022_2_5_bps": 1.508344019968118,