{
    "ALL": {
        "performance_sw": 0.21397886791288426,
        "performance_fw": 0.9010610103225727,
        "val_loss": 3.9894396796736493,
        "annual_return_2021_2022": 0.009268870765799075,
        "annual_volatility_2021_2022": 0.03872774361275338,
        "sharpe_ratio_2021_2022": 0.2575236073964024,
        "downside_risk_2021_2022": 0.025352516129791343,
        "sortino_ratio_2021_2022": 0.3933853425206879,
        "max_drawdown_2021_2022": 0.05791655528061117,
        "calmar_ratio_2021_2022": 0.1600383641756752,
        "perc_pos_return_2021_2022": 0.4849315068493151,
        "profit_loss_ratio_2021_2022": 1.1072743648298418,
        "sharpe_ratio_2021": 0.2139788679128841,
        "annual_return_2021_2022_0_5_bps": 0.008584363474830381,
        "annual_volatility_2021_2022_0_5_bps": 0.03872737522918477,
        "sharpe_ratio_2021_2022_0_5_bps": 0.2400066479224761,
        "downside_risk_2021_2022_0_5_bps": 0.02536825785198551,
        "sortino_ratio_2021_2022_0_5_bps": 0.36639597270827523,
        "max_drawdown_2021_2022_0_5_bps": 0.05807376629385843,
        "calmar_ratio_2021_2022_0_5_bps": 0.1478182667091495,
        "perc_pos_return_2021_2022_0_5_bps": 0.4849315068493151,
        "profit_loss_ratio_2021_2022_0_5_bps": 1.1041414029589125,
        "sharpe_ratio_2021_0_5_bps": 0.1994238560621182,
        "annual_return_2021_2022_1_0_bps": 0.007900319021856284,
        "annual_volatility_2021_2022_1_0_bps": 0.0387270103927069,
        "sharpe_ratio_2021_2022_1_0_bps": 0.22248933481652272,
        "downside_risk_2021_2022_1_0_bps": 0.025384018520026575,
        "sortino_ratio_2021_2022_1_0_bps": 0.3394398241124866,
        "max_drawdown_2021_2022_1_0_bps": 0.05823095134284689,
        "calmar_ratio_2021_2022_1_0_bps": 0.1356721612762516,
        "perc_pos_return_2021_2022_1_0_bps": 0.4849315068493151,
        "profit_loss_ratio_2021_2022_1_0_bps": 1.101017806476265,
        "sharpe_ratio_2021_1_0_bps": 0.18486855037506453,
        "annual_return_2021_2022_1_5_bps": 0.007216737094886128,
        "annual_volatility_2021_2022_1_5_bps": 0.03872664910342003,
        "sharpe_ratio_2021_2022_1_5_bps": 0.20497167288140736,
        "downside_risk_2021_2022_1_5_bps": 0.025399798098646627,
        "sortino_ratio_2021_2022_1_5_bps": 0.3125168956458048,
        "max_drawdown_2021_2022_1_5_bps": 0.05838811043181946,
        "calmar_ratio_2021_2022_1_5_bps": 0.12359942874522721,
        "perc_pos_return_2021_2022_1_5_bps": 0.4849315068493151,
        "profit_loss_ratio_2021_2022_1_5_bps": 1.097903533450526,
        "sharpe_ratio_2021_1_5_bps": 0.1703129548424704,
        "annual_return_2021_2022_2_0_bps": 0.006533617382126211,
        "annual_volatility_2021_2022_2_0_bps": 0.03872629136142345,
        "sharpe_ratio_2021_2022_2_0_bps": 0.18745366692055432,
        "downside_risk_2021_2022_2_0_bps": 0.02541559655262308,
        "sortino_ratio_2021_2022_2_0_bps": 0.28562718592506886,
        "max_drawdown_2021_2022_2_0_bps": 0.05854524356501701,
        "calmar_ratio_2021_2022_2_0_bps": 0.11159945683495788,
        "perc_pos_return_2021_2022_2_0_bps": 0.4849315068493151,
        "profit_loss_ratio_2021_2022_2_0_bps": 1.0947985422002668,
        "sharpe_ratio_2021_2_0_bps": 0.15575707345554765,
        "annual_return_2021_2022_2_5_bps": 0.005850959571991332,
        "annual_volatility_2021_2022_2_5_bps": 0.03872593716681543,
        "sharpe_ratio_2021_2022_2_5_bps": 0.169935321737938,
        "downside_risk_2021_2022_2_5_bps": 0.025431413846778803,
        "sortino_ratio_2021_2022_2_5_bps": 0.2587706932730956,
        "max_drawdown_2021_2022_2_5_bps": 0.05870235074668457,
        "calmar_ratio_2021_2022_2_5_bps": 0.09967164002068157,
        "perc_pos_return_2021_2022_2_5_bps": 0.4849315068493151,
        "profit_loss_ratio_2021_2022_2_5_bps": 1.0917027912921424,
        "sharpe_ratio_2021_2_5_bps": 0.14120091020596537,
        "annual_return_2021_2022_3_0_bps": 0.005168763353112338,
        "annual_volatility_2021_2022_3_0_bps": 0.038725586519693336,
        "sharpe_ratio_2021_2022_3_0_bps": 0.15241664213807862,
        "downside_risk_2021_2022_3_0_bps": 0.02544724994598222,
        "sortino_ratio_2021_2022_3_0_bps": 0.23194741572030714,
        "max_drawdown_2021_2022_3_0_bps": 0.05885943198106239,
        "calmar_ratio_2021_2022_3_0_bps": 0.0878153794412313,
        "perc_pos_return_2021_2022_3_0_bps": 0.4849315068493151,
        "profit_loss_ratio_2021_2022_3_0_bps": 1.0886162395390506,
        "sharpe_ratio_2021_3_0_bps": 0.1266444690858461
    },
    "COMB": {
        "annual_return_2021_2022": 0.009268870765799075,
        "annual_volatility_2021_2022": 0.03872774361275338,
        "sharpe_ratio_2021_2022": 0.2575236073964024,
        "downside_risk_2021_2022": 0.025352516129791343,
        "sortino_ratio_2021_2022": 0.3933853425206879,
        "max_drawdown_2021_2022": 0.05791655528061117,
        "calmar_ratio_2021_2022": 0.1600383641756752,
        "perc_pos_return_2021_2022": 0.4849315068493151,
        "profit_loss_ratio_2021_2022": 1.1072743648298418,
        "sharpe_ratio_2021": 0.2139788679128841,
        "annual_return_2021_2022_0_5_bps": 0.008584363474830381,
        "annual_volatility_2021_2022_0_5_bps": 0.03872737522918477,
        "sharpe_ratio_2021_2022_0_5_bps": 0.2400066479224761,
        "downside_risk_2021_2022_0_5_bps": 0.02536825785198551,
        "sortino_ratio_2021_2022_0_5_bps": 0.36639597270827523,
        "max_drawdown_2021_2022_0_5_bps": 0.05807376629385843,
        "calmar_ratio_2021_2022_0_5_bps": 0.1478182667091495,
        "perc_pos_return_2021_2022_0_5_bps": 0.4849315068493151,
        "profit_loss_ratio_2021_2022_0_5_bps": 1.1041414029589125,
        "sharpe_ratio_2021_0_5_bps": 0.1994238560621182,
        "annual_return_2021_2022_1_0_bps": 0.007900319021856284,
        "annual_volatility_2021_2022_1_0_bps": 0.0387270103927069,
        "sharpe_ratio_2021_2022_1_0_bps": 0.22248933481652272,
        "downside_risk_2021_2022_1_0_bps": 0.025384018520026575,
        "sortino_ratio_2021_2022_1_0_bps": 0.3394398241124866,
        "max_drawdown_2021_2022_1_0_bps": 0.05823095134284689,
        "calmar_ratio_2021_2022_1_0_bps": 0.1356721612762516,
        "perc_pos_return_2021_2022_1_0_bps": 0.4849315068493151,
        "profit_loss_ratio_2021_2022_1_0_bps": 1.101017806476265,
        "sharpe_ratio_2021_1_0_bps": 0.18486855037506453,
        "annual_return_2021_2022_1_5_bps": 0.007216737094886128,
        "annual_volatility_2021_2022_1_5_bps": 0.03872664910342003,
        "sharpe_ratio_2021_2022_1_5_bps": 0.20497167288140736,
        "downside_risk_2021_2022_1_5_bps": 0.025399798098646627,
        "sortino_ratio_2021_2022_1_5_bps": 0.3125168956458048,
        "max_drawdown_2021_2022_1_5_bps": 0.05838811043181946,
        "calmar_ratio_2021_2022_1_5_bps": 0.12359942874522721,
        "perc_pos_return_2021_2022_1_5_bps": 0.4849315068493151,
        "profit_loss_ratio_2021_2022_1_5_bps": 1.097903533450526,
        "sharpe_ratio_2021_1_5_bps": 0.1703129548424704,
        "annual_return_2021_2022_2_0_bps": 0.006533617382126211,
        "annual_volatility_2021_2022_2_0_bps": 0.03872629136142345,
        "sharpe_ratio_2021_2022_2_0_bps": 0.18745366692055432,
        "downside_risk_2021_2022_2_0_bps": 0.02541559655262308,
        "sortino_ratio_2021_2022_2_0_bps": 0.28562718592506886,
        "max_drawdown_2021_2022_2_0_bps": 0.05854524356501701,
        "calmar_ratio_2021_2022_2_0_bps": 0.11159945683495788,
        "perc_pos_return_2021_2022_2_0_bps": 0.4849315068493151,
        "profit_loss_ratio_2021_2022_2_0_bps": 1.0947985422002668,
        "sharpe_ratio_2021_2_0_bps": 0.15575707345554765,
        "annual_return_2021_2022_2_5_bps": 0.005850959571991332,
        "annual_volatility_2021_2022_2_5_bps": 0.03872593716681543,
        "sharpe_ratio_2021_2022_2_5_bps": 0.169935321737938,
        "downside_risk_2021_2022_2_5_bps": 0.025431413846778803,
        "sortino_ratio_2021_2022_2_5_bps": 0.2587706932730956,