{
    "ALL": {
        "annual_return": 0.027135566253241,
        "annual_volatility": 0.026012496357065002,
        "sharpe_ratio": 1.0799615054561675,
        "downside_risk": 0.017826105638355502,
        "sortino_ratio": 1.7287154811426746,
        "max_drawdown": 0.0159087323958925,
        "calmar_ratio": 1.7568852854187065,
        "perc_pos_return": 0.583561643835616,
        "profit_loss_ratio": 0.8892853894612871,
        "annual_return_0_5_bps": 0.026472632917590003,
        "annual_volatility_0_5_bps": 0.026013480593785502,
        "sharpe_ratio_0_5_bps": 1.0542372021596025,
        "downside_risk_0_5_bps": 0.017840015592850502,
        "sortino_ratio_0_5_bps": 1.685700827660498,
        "max_drawdown_0_5_bps": 0.0160345693292235,
        "calmar_ratio_0_5_bps": 1.6961215260896805,
        "perc_pos_return_0_5_bps": 0.5794520547945201,
        "profit_loss_ratio_0_5_bps": 0.9026039650859681,
        "annual_return_1_0_bps": 0.025810173960278,
        "annual_volatility_1_0_bps": 0.026014470378520504,
        "sharpe_ratio_1_0_bps": 1.0285152627506715,
        "downside_risk_1_0_bps": 0.0178539457556035,
        "sortino_ratio_1_0_bps": 1.6427809139382805,
        "max_drawdown_1_0_bps": 0.0161603898120535,
        "calmar_ratio_1_0_bps": 1.6367444218767095,
        "perc_pos_return_1_0_bps": 0.5753424657534241,
        "profit_loss_ratio_1_0_bps": 0.910924532468823,
        "annual_return_1_5_bps": 0.025148189015797504,
        "annual_volatility_1_5_bps": 0.0260154657103025,
        "sharpe_ratio_1_5_bps": 1.0027957102168337,
        "downside_risk_1_5_bps": 0.017867896268652,
        "sortino_ratio_1_5_bps": 1.5999555941308325,
        "max_drawdown_1_5_bps": 0.016286193846577,
        "calmar_ratio_1_5_bps": 1.578697801791889,
        "perc_pos_return_1_5_bps": 0.5753424657534241,
        "profit_loss_ratio_1_5_bps": 0.9064700617646935,
        "annual_return_2_0_bps": 0.024486677718925,
        "annual_volatility_2_0_bps": 0.0260164665881605,
        "sharpe_ratio_2_0_bps": 0.9770785675273366,
        "downside_risk_2_0_bps": 0.017881867138631,
        "sortino_ratio_2_0_bps": 1.5572247297855437,
        "max_drawdown_2_0_bps": 0.0164119814349915,
        "calmar_ratio_2_0_bps": 1.5219287432072206,
        "perc_pos_return_2_0_bps": 0.5739726027397256,
        "profit_loss_ratio_2_0_bps": 0.9079556034881221,
        "annual_return_2_5_bps": 0.023825639704739502,
        "annual_volatility_2_5_bps": 0.026017473011116003,
        "sharpe_ratio_2_5_bps": 0.9513638576330885,
        "downside_risk_2_5_bps": 0.0178958583832155,
        "sortino_ratio_2_5_bps": 1.514588174752546,
        "max_drawdown_2_5_bps": 0.016537752579495003,
        "calmar_ratio_2_5_bps": 1.4663873341423745,
        "perc_pos_return_2_5_bps": 0.571232876712328,
        "profit_loss_ratio_2_5_bps": 0.91372411716279,
        "annual_return_3_0_bps": 0.023165074608616002,
        "annual_volatility_3_0_bps": 0.0260184849781875,
        "sharpe_ratio_3_0_bps": 0.925651603466527,
        "downside_risk_3_0_bps": 0.01790987020853,
        "sortino_ratio_3_0_bps": 1.4720457512812335,
        "max_drawdown_3_0_bps": 0.016663507282279,
        "calmar_ratio_3_0_bps": 1.4120264562913805,
        "perc_pos_return_3_0_bps": 0.571232876712328,
        "profit_loss_ratio_3_0_bps": 0.9092509279010645,
        "annual_return_rescaled": 0.10446302136221097,
        "annual_volatility_rescaled": 0.12463645764920704,
        "downside_risk_rescaled": 0.08541212769230394,
        "max_drawdown_rescaled": 0.08961052495391739,
        "annual_return_rescaled_0_5_bps": 0.10160458644858772,
        "annual_volatility_rescaled_0_5_bps": 0.1246364576492088,
        "downside_risk_rescaled_0_5_bps": 0.08547554180161271,
        "max_drawdown_rescaled_0_5_bps": 0.0902836085339084,
        "annual_return_rescaled_1_0_bps": 0.09875452340236801,
        "annual_volatility_rescaled_1_0_bps": 0.12463645764920772,
        "downside_risk_rescaled_1_0_bps": 0.08553902968852554,
        "max_drawdown_rescaled_1_0_bps": 0.09095611345797927,
        "annual_return_rescaled_1_5_bps": 0.09591280724067186,
        "annual_volatility_rescaled_1_5_bps": 0.1246364576492085,
        "downside_risk_rescaled_1_5_bps": 0.08560259198767231,
        "max_drawdown_rescaled_1_5_bps": 0.09162803985360786,
        "annual_return_rescaled_2_0_bps": 0.09307941304993517,
        "annual_volatility_rescaled_2_0_bps": 0.12463645764920675,
        "downside_risk_rescaled_2_0_bps": 0.08566622868483746,
        "max_drawdown_rescaled_2_0_bps": 0.0922993878492501,
        "annual_return_rescaled_2_5_bps": 0.09025431598576727,
        "annual_volatility_rescaled_2_5_bps": 0.12463645764920847,
        "downside_risk_rescaled_2_5_bps": 0.08572993981863225,
        "max_drawdown_rescaled_2_5_bps": 0.09297015757435409,
        "annual_return_rescaled_3_0_bps": 0.08743749127278577,
        "annual_volatility_rescaled_3_0_bps": 0.12463645764920823,
        "downside_risk_rescaled_3_0_bps": 0.08579372633032652,
        "max_drawdown_rescaled_3_0_bps": 0.09364034915934175,
        "sharpe_ratio_years": 0.8964525970401731,
        "sharpe_ratio_years_0_5_bps": 0.8750729666532466,
        "sharpe_ratio_years_1_0_bps": 0.853695296259062,
        "sharpe_ratio_years_1_5_bps": 0.8323196049423861,
        "sharpe_ratio_years_2_0_bps": 0.8109459117728706,
        "sharpe_ratio_years_2_5_bps": 0.7895742358049396,
        "sharpe_ratio_years_3_0_bps": 0.7682045960776815,
        "sharpe_ratio_years_std": 0.07569277946275499,
        "sharpe_ratio_years_std_0_5_bps": 0.07380617739835055,
        "sharpe_ratio_years_std_1_0_bps": 0.07192080357238001,
        "sharpe_ratio_years_std_1_5_bps": 0.07003667088217802,
        "sharpe_ratio_years_std_2_0_bps": 0.06815379221145246,
        "sharpe_ratio_years_std_2_5_bps": 0.06627218043018451,
        "sharpe_ratio_years_std_3_0_bps": 0.06439184839453149
    },
    "COMB": {
        "annual_return": 0.027135566253241,
        "annual_volatility": 0.026012496357065002,
        "sharpe_ratio": 1.0799615054561675,
        "downside_risk": 0.017826105638355502,
        "sortino_ratio": 1.7287154811426746,
        "max_drawdown": 0.0159087323958925,
        "calmar_ratio": 1.7568852854187065,
        "perc_pos_return": 0.583561643835616,
        "profit_loss_ratio": 0.8892853894612871,
        "annual_return_0_5_bps": 0.026472632917590003,
        "annual_volatility_0_5_bps": 0.026013480593785502,
        "sharpe_ratio_0_5_bps": 1.0542372021596025,
        "downside_risk_0_5_bps": 0.017840015592850502,
        "sortino_ratio_0_5_bps": 1.685700827660498,
        "max_drawdown_0_5_bps": 0.0160345693292235,
        "calmar_ratio_0_5_bps": 1.6961215260896805,
        "perc_pos_return_0_5_bps": 0.5794520547945201,
        "profit_loss_ratio_0_5_bps": 0.9026039650859681,
        "annual_return_1_0_bps": 0.025810173960278,
        "annual_volatility_1_0_bps": 0.026014470378520504,
        "sharpe_ratio_1_0_bps": 1.0285152627506715,
        "downside_risk_1_0_bps": 0.0178539457556035,
        "sortino_ratio_1_0_bps": 1.6427809139382805,
        "max_drawdown_1_0_bps": 0.0161603898120535,
        "calmar_ratio_1_0_bps": 1.6367444218767095,
        "perc_pos_return_1_0_bps": 0.5753424657534241,
        "profit_loss_ratio_1_0_bps": 0.910924532468823,
        "annual_return_1_5_bps": 0.025148189015797504,
        "annual_volatility_1_5_bps": 0.0260154657103025,
        "sharpe_ratio_1_5_bps": 1.0027957102168337,
        "downside_risk_1_5_bps": 0.017867896268652,
        "sortino_ratio_1_5_bps": 1.5999555941308325,
        "max_drawdown_1_5_bps": 0.016286193846577,
        "calmar_ratio_1_5_bps": 1.578697801791889,
        "perc_pos_return_1_5_bps": 0.5753424657534241,
        "profit_loss_ratio_1_5_bps": 0.9064700617646935,
        "annual_return_2_0_bps": 0.024486677718925,
        "annual_volatility_2_0_bps": 0.0260164665881605,
        "sharpe_ratio_2_0_bps": 0.9770785675273366,