{
    "ALL": {
        "annual_return": 0.1061913666456275,
        "annual_volatility": 0.054526512291862006,
        "sharpe_ratio": 1.7636176160295935,
        "downside_risk": 0.0381504363032085,
        "sortino_ratio": 2.6997299482606802,
        "max_drawdown": 0.0277923600354125,
        "calmar_ratio": 4.736566164148395,
        "perc_pos_return": 0.5623852175222035,
        "profit_loss_ratio": 1.036268245333149,
        "annual_return_0_5_bps": 0.10540174189271351,
        "annual_volatility_0_5_bps": 0.05452766791484151,
        "sharpe_ratio_0_5_bps": 1.749942959871946,
        "downside_risk_0_5_bps": 0.038164713878195006,
        "sortino_ratio_0_5_bps": 2.679986851880267,
        "max_drawdown_0_5_bps": 0.027954197102915503,
        "calmar_ratio_0_5_bps": 4.695291794674713,
        "perc_pos_return_0_5_bps": 0.5623852175222035,
        "profit_loss_ratio_0_5_bps": 1.033926257558517,
        "annual_return_1_0_bps": 0.10461273594407551,
        "annual_volatility_1_0_bps": 0.05452883117768101,
        "sharpe_ratio_1_0_bps": 1.736268419668738,
        "downside_risk_1_0_bps": 0.038179010676575004,
        "sortino_ratio_1_0_bps": 2.6602581389107645,
        "max_drawdown_1_0_bps": 0.028115995920517504,
        "calmar_ratio_1_0_bps": 4.654417828485084,
        "perc_pos_return_1_0_bps": 0.561011591148577,
        "profit_loss_ratio_1_0_bps": 1.0365396433277811,
        "annual_return_1_5_bps": 0.10382434827770501,
        "annual_volatility_1_5_bps": 0.05453000207983551,
        "sharpe_ratio_1_5_bps": 1.722594000911355,
        "downside_risk_1_5_bps": 0.038193326706618,
        "sortino_ratio_1_5_bps": 2.640543822465361,
        "max_drawdown_1_5_bps": 0.028277756498247503,
        "calmar_ratio_1_5_bps": 4.613936931814767,
        "perc_pos_return_1_5_bps": 0.561011591148577,
        "profit_loss_ratio_1_5_bps": 1.0341932683546977,
        "annual_return_2_0_bps": 0.10303657837204701,
        "annual_volatility_2_0_bps": 0.05453118062075701,
        "sharpe_ratio_2_0_bps": 1.7089197090904629,
        "downside_risk_2_0_bps": 0.038207661952944505,
        "sortino_ratio_2_0_bps": 2.6208439157929817,
        "max_drawdown_2_0_bps": 0.0284394788461355,
        "calmar_ratio_2_0_bps": 4.573841978942739,
        "perc_pos_return_2_0_bps": 0.561011591148577,
        "profit_loss_ratio_2_0_bps": 1.031853127402363,
        "annual_return_2_5_bps": 0.102249425706016,
        "annual_volatility_2_5_bps": 0.054532366799894504,
        "sharpe_ratio_2_5_bps": 1.695245549695997,
        "downside_risk_2_5_bps": 0.038222016395258504,
        "sortino_ratio_2_5_bps": 2.6011584320772445,
        "max_drawdown_2_5_bps": 0.028601162974205,
        "calmar_ratio_2_5_bps": 4.534126044378107,
        "perc_pos_return_2_5_bps": 0.5582643384013246,
        "profit_loss_ratio_2_5_bps": 1.039469445920092,
        "annual_return_3_0_bps": 0.1014628897589805,
        "annual_volatility_3_0_bps": 0.054533560616693504,
        "sharpe_ratio_3_0_bps": 1.6815715282171524,
        "downside_risk_3_0_bps": 0.03823639006631001,
        "sortino_ratio_3_0_bps": 2.58148738405785,
        "max_drawdown_3_0_bps": 0.028762808892478002,
        "calmar_ratio_3_0_bps": 4.494782395402655,
        "perc_pos_return_3_0_bps": 0.5582643384013246,
        "profit_loss_ratio_3_0_bps": 1.0371079774473655,
        "annual_return_rescaled": 0.21218638917487587,
        "annual_volatility_rescaled": 0.12463645764920679,
        "downside_risk_rescaled": 0.08720409647974695,
        "max_drawdown_rescaled": 0.07609146820602511,
        "annual_return_rescaled_0_5_bps": 0.21057727104130308,
        "annual_volatility_rescaled_0_5_bps": 0.12463645764920639,
        "downside_risk_rescaled_0_5_bps": 0.08723488325967982,
        "max_drawdown_rescaled_0_5_bps": 0.0765099819875629,
        "annual_return_rescaled_1_0_bps": 0.20897053115079278,
        "annual_volatility_rescaled_1_0_bps": 0.12463645764920642,
        "downside_risk_rescaled_1_0_bps": 0.0872657004470549,
        "max_drawdown_rescaled_1_0_bps": 0.0769281965904657,
        "annual_return_rescaled_1_5_bps": 0.2073661662939642,
        "annual_volatility_rescaled_1_5_bps": 0.12463645764920694,
        "downside_risk_rescaled_1_5_bps": 0.0872965480467495,
        "max_drawdown_rescaled_1_5_bps": 0.07734611208749553,
        "annual_return_rescaled_2_0_bps": 0.2057641732642409,
        "annual_volatility_rescaled_2_0_bps": 0.12463645764920762,
        "downside_risk_rescaled_2_0_bps": 0.08732742600956483,
        "max_drawdown_rescaled_2_0_bps": 0.0777637285517078,
        "annual_return_rescaled_2_5_bps": 0.20416454885784718,
        "annual_volatility_rescaled_2_5_bps": 0.1246364576492077,
        "downside_risk_rescaled_2_5_bps": 0.08735833427505246,
        "max_drawdown_rescaled_2_5_bps": 0.07818104605644627,
        "annual_return_rescaled_3_0_bps": 0.20256728987381478,
        "annual_volatility_rescaled_3_0_bps": 0.12463645764920711,
        "downside_risk_rescaled_3_0_bps": 0.08738927290398502,
        "max_drawdown_rescaled_3_0_bps": 0.07859806467534597,
        "sharpe_ratio_years": 1.4658475685294086,
        "sharpe_ratio_years_0_5_bps": 1.4544791514031055,
        "sharpe_ratio_years_1_0_bps": 1.4431108285677579,
        "sharpe_ratio_years_1_5_bps": 1.431742604589116,
        "sharpe_ratio_years_2_0_bps": 1.4203744840323385,
        "sharpe_ratio_years_2_5_bps": 1.409006471461979,
        "sharpe_ratio_years_3_0_bps": 1.397638571441983,
        "sharpe_ratio_years_std": 1.2150932006520287,
        "sharpe_ratio_years_std_0_5_bps": 1.2189294947848575,
        "sharpe_ratio_years_std_1_0_bps": 1.2227658726612918,
        "sharpe_ratio_years_std_1_5_bps": 1.2266023333000249,
        "sharpe_ratio_years_std_2_0_bps": 1.2304388757192206,
        "sharpe_ratio_years_std_2_5_bps": 1.234275498936515,
        "sharpe_ratio_years_std_3_0_bps": 1.23811220196902
    },
    "COMB": {
        "annual_return": 0.1061913666456275,
        "annual_volatility": 0.054526512291862006,
        "sharpe_ratio": 1.7636176160295935,
        "downside_risk": 0.0381504363032085,
        "sortino_ratio": 2.6997299482606802,
        "max_drawdown": 0.0277923600354125,
        "calmar_ratio": 4.736566164148395,
        "perc_pos_return": 0.5623852175222035,
        "profit_loss_ratio": 1.036268245333149,
        "annual_return_0_5_bps": 0.10540174189271351,
        "annual_volatility_0_5_bps": 0.05452766791484151,
        "sharpe_ratio_0_5_bps": 1.749942959871946,
        "downside_risk_0_5_bps": 0.038164713878195006,
        "sortino_ratio_0_5_bps": 2.679986851880267,
        "max_drawdown_0_5_bps": 0.027954197102915503,
        "calmar_ratio_0_5_bps": 4.695291794674713,
        "perc_pos_return_0_5_bps": 0.5623852175222035,
        "profit_loss_ratio_0_5_bps": 1.033926257558517,
        "annual_return_1_0_bps": 0.10461273594407551,
        "annual_volatility_1_0_bps": 0.05452883117768101,
        "sharpe_ratio_1_0_bps": 1.736268419668738,
        "downside_risk_1_0_bps": 0.038179010676575004,
        "sortino_ratio_1_0_bps": 2.6602581389107645,
        "max_drawdown_1_0_bps": 0.028115995920517504,
        "calmar_ratio_1_0_bps": 4.654417828485084,
        "perc_pos_return_1_0_bps": 0.561011591148577,
        "profit_loss_ratio_1_0_bps": 1.0365396433277811,
        "annual_return_1_5_bps": 0.10382434827770501,
        "annual_volatility_1_5_bps": 0.05453000207983551,
        "sharpe_ratio_1_5_bps": 1.722594000911355,
        "downside_risk_1_5_bps": 0.038193326706618,
        "sortino_ratio_1_5_bps": 2.640543822465361,
        "max_drawdown_1_5_bps": 0.028277756498247503,
        "calmar_ratio_1_5_bps": 4.613936931814767,
        "perc_pos_return_1_5_bps": 0.561011591148577,
        "profit_loss_ratio_1_5_bps": 1.0341932683546977,
        "annual_return_2_0_bps": 0.10303657837204701,
        "annual_volatility_2_0_bps": 0.05453118062075701,
        "sharpe_ratio_2_0_bps": 1.7089197090904629,