{
    "ALL": {
        "annual_return_2017_2018": 0.019478486011030194,
        "annual_volatility_2017_2018": 0.030535425912417404,
        "sharpe_ratio_2017_2018": 0.6470010016346881,
        "downside_risk_2017_2018": 0.021357490917988043,
        "sortino_ratio_2017_2018": 0.9250361489811649,
        "max_drawdown_2017_2018": 0.04096452873771772,
        "calmar_ratio_2017_2018": 0.4754964016733715,
        "perc_pos_return_2017_2018": 0.5,
        "profit_loss_ratio_2017_2018": 1.1163531293165527,
        "sharpe_ratio_2017": 0.5639462105894478,
        "annual_return_2017_2018_0_5_bps": 0.01792673953106716,
        "annual_volatility_2017_2018_0_5_bps": 0.03053700110647286,
        "sharpe_ratio_2017_2018_0_5_bps": 0.597083223627537,
        "downside_risk_2017_2018_0_5_bps": 0.021402433589502202,
        "sortino_ratio_2017_2018_0_5_bps": 0.8519185906743681,
        "max_drawdown_2017_2018_0_5_bps": 0.04142504273344859,
        "calmar_ratio_2017_2018_0_5_bps": 0.4327512622356872,
        "perc_pos_return_2017_2018_0_5_bps": 0.4883720930232558,
        "profit_loss_ratio_2017_2018_0_5_bps": 1.1595710425281425,
        "sharpe_ratio_2017_0_5_bps": 0.514117493309701,
        "annual_return_2017_2018_1_0_bps": 0.01637733976489475,
        "annual_volatility_2017_2018_1_0_bps": 0.030538765022040695,
        "sharpe_ratio_2017_2018_1_0_bps": 0.5471672138151339,
        "downside_risk_2017_2018_1_0_bps": 0.021447700192925585,
        "sortino_ratio_2017_2018_1_0_bps": 0.7790956988468498,
        "max_drawdown_2017_2018_1_0_bps": 0.04198350962185102,
        "calmar_ratio_2017_2018_1_0_bps": 0.3900898212752297,
        "perc_pos_return_2017_2018_1_0_bps": 0.4806201550387597,
        "profit_loss_ratio_2017_2018_1_0_bps": 1.1859577570830193,
        "sharpe_ratio_2017_1_0_bps": 0.4642856667968958,
        "annual_return_2017_2018_1_5_bps": 0.01483028318643509,
        "annual_volatility_2017_2018_1_5_bps": 0.03054071762642141,
        "sharpe_ratio_2017_2018_1_5_bps": 0.4972538977676655,
        "downside_risk_2017_2018_1_5_bps": 0.02149329286813413,
        "sortino_ratio_2017_2018_1_5_bps": 0.7065688339861185,
        "max_drawdown_2017_2018_1_5_bps": 0.04279285567604897,
        "calmar_ratio_2017_2018_1_5_bps": 0.34655979256685954,
        "perc_pos_return_2017_2018_1_5_bps": 0.4806201550387597,
        "profit_loss_ratio_2017_2018_1_5_bps": 1.175886485569032,
        "sharpe_ratio_2017_1_5_bps": 0.41445166044950854,
        "annual_return_2017_2018_2_0_bps": 0.013285566274868765,
        "annual_volatility_2017_2018_2_0_bps": 0.030542858883426376,
        "sharpe_ratio_2017_2018_2_0_bps": 0.44734420056756424,
        "downside_risk_2017_2018_2_0_bps": 0.02153920982965542,
        "sortino_ratio_2017_2018_2_0_bps": 0.6343394626966629,
        "max_drawdown_2017_2018_2_0_bps": 0.043601526832479094,
        "calmar_ratio_2017_2018_2_0_bps": 0.30470415235487236,
        "perc_pos_return_2017_2018_2_0_bps": 0.47674418604651164,
        "profit_loss_ratio_2017_2018_2_0_bps": 1.1841632770316197,
        "sharpe_ratio_2017_2_0_bps": 0.36461640374844767,
        "annual_return_2017_2018_2_5_bps": 0.011743185514642596,
        "annual_volatility_2017_2018_2_5_bps": 0.030545188753381226,
        "sharpe_ratio_2017_2018_2_5_bps": 0.39743904672401403,
        "downside_risk_2017_2018_2_5_bps": 0.021585452145014068,
        "sortino_ratio_2017_2018_2_5_bps": 0.5624089140496897,
        "max_drawdown_2017_2018_2_5_bps": 0.04440952364661655,
        "calmar_ratio_2017_2018_2_5_bps": 0.2644294410380887,
        "perc_pos_return_2017_2018_2_5_bps": 0.47674418604651164,
        "profit_loss_ratio_2017_2018_2_5_bps": 1.1741288472254747,
        "sharpe_ratio_2017_2_5_bps": 0.3147808261703797,
        "annual_return_2017_2018_3_0_bps": 0.010203137395440987,
        "annual_volatility_2017_2018_3_0_bps": 0.0305477071931295,
        "sharpe_ratio_2017_2018_3_0_bps": 0.34753936008759734,
        "downside_risk_2017_2018_3_0_bps": 0.02163201925510951,
        "sortino_ratio_2017_2018_3_0_bps": 0.49077852995789484,
        "max_drawdown_2017_2018_3_0_bps": 0.04521684667348243,
        "calmar_ratio_2017_2018_3_0_bps": 0.225649025663363,
        "perc_pos_return_2017_2018_3_0_bps": 0.4728682170542636,
        "profit_loss_ratio_2017_2018_3_0_bps": 1.1824290107742732,
        "sharpe_ratio_2017_3_0_bps": 0.26494585710106866
    },
    "COMB": {
        "annual_return_2017_2018": 0.019478486011030194,
        "annual_volatility_2017_2018": 0.030535425912417404,
        "sharpe_ratio_2017_2018": 0.6470010016346881,
        "downside_risk_2017_2018": 0.021357490917988043,
        "sortino_ratio_2017_2018": 0.9250361489811649,
        "max_drawdown_2017_2018": 0.04096452873771772,
        "calmar_ratio_2017_2018": 0.4754964016733715,
        "perc_pos_return_2017_2018": 0.5,
        "profit_loss_ratio_2017_2018": 1.1163531293165527,
        "sharpe_ratio_2017": 0.5639462105894478,
        "annual_return_2017_2018_0_5_bps": 0.01792673953106716,
        "annual_volatility_2017_2018_0_5_bps": 0.03053700110647286,
        "sharpe_ratio_2017_2018_0_5_bps": 0.597083223627537,
        "downside_risk_2017_2018_0_5_bps": 0.021402433589502202,
        "sortino_ratio_2017_2018_0_5_bps": 0.8519185906743681,
        "max_drawdown_2017_2018_0_5_bps": 0.04142504273344859,
        "calmar_ratio_2017_2018_0_5_bps": 0.4327512622356872,
        "perc_pos_return_2017_2018_0_5_bps": 0.4883720930232558,
        "profit_loss_ratio_2017_2018_0_5_bps": 1.1595710425281425,
        "sharpe_ratio_2017_0_5_bps": 0.514117493309701,
        "annual_return_2017_2018_1_0_bps": 0.01637733976489475,
        "annual_volatility_2017_2018_1_0_bps": 0.030538765022040695,
        "sharpe_ratio_2017_2018_1_0_bps": 0.5471672138151339,
        "downside_risk_2017_2018_1_0_bps": 0.021447700192925585,
        "sortino_ratio_2017_2018_1_0_bps": 0.7790956988468498,
        "max_drawdown_2017_2018_1_0_bps": 0.04198350962185102,
        "calmar_ratio_2017_2018_1_0_bps": 0.3900898212752297,
        "perc_pos_return_2017_2018_1_0_bps": 0.4806201550387597,
        "profit_loss_ratio_2017_2018_1_0_bps": 1.1859577570830193,
        "sharpe_ratio_2017_1_0_bps": 0.4642856667968958,
        "annual_return_2017_2018_1_5_bps": 0.01483028318643509,
        "annual_volatility_2017_2018_1_5_bps": 0.03054071762642141,
        "sharpe_ratio_2017_2018_1_5_bps": 0.4972538977676655,
        "downside_risk_2017_2018_1_5_bps": 0.02149329286813413,
        "sortino_ratio_2017_2018_1_5_bps": 0.7065688339861185,
        "max_drawdown_2017_2018_1_5_bps": 0.04279285567604897,
        "calmar_ratio_2017_2018_1_5_bps": 0.34655979256685954,
        "perc_pos_return_2017_2018_1_5_bps": 0.4806201550387597,
        "profit_loss_ratio_2017_2018_1_5_bps": 1.175886485569032,
        "sharpe_ratio_2017_1_5_bps": 0.41445166044950854,
        "annual_return_2017_2018_2_0_bps": 0.013285566274868765,
        "annual_volatility_2017_2018_2_0_bps": 0.030542858883426376,
        "sharpe_ratio_2017_2018_2_0_bps": 0.44734420056756424,
        "downside_risk_2017_2018_2_0_bps": 0.02153920982965542,
        "sortino_ratio_2017_2018_2_0_bps": 0.6343394626966629,
        "max_drawdown_2017_2018_2_0_bps": 0.043601526832479094,
        "calmar_ratio_2017_2018_2_0_bps": 0.30470415235487236,
        "perc_pos_return_2017_2018_2_0_bps": 0.47674418604651164,
        "profit_loss_ratio_2017_2018_2_0_bps": 1.1841632770316197,
        "sharpe_ratio_2017_2_0_bps": 0.36461640374844767,
        "annual_return_2017_2018_2_5_bps": 0.011743185514642596,
        "annual_volatility_2017_2018_2_5_bps": 0.030545188753381226,
        "sharpe_ratio_2017_2018_2_5_bps": 0.39743904672401403,
        "downside_risk_2017_2018_2_5_bps": 0.021585452145014068,
        "sortino_ratio_2017_2018_2_5_bps": 0.5624089140496897,
        "max_drawdown_2017_2018_2_5_bps": 0.04440952364661655,
        "calmar_ratio_2017_2018_2_5_bps": 0.2644294410380887,