{
    "ALL": {
        "annual_return": 0.051185913680600006,
        "annual_volatility": 0.022569501193771,
        "sharpe_ratio": 2.7108949697684546,
        "downside_risk": 0.014647464696007502,
        "sortino_ratio": 4.491941218938059,
        "max_drawdown": 0.013437803432138,
        "calmar_ratio": 5.834325120004079,
        "perc_pos_return": 0.6054794520547941,
        "profit_loss_ratio": 1.074118315620404,
        "annual_return_0_5_bps": 0.050643307139877004,
        "annual_volatility_0_5_bps": 0.022569761288281,
        "sharpe_ratio_0_5_bps": 2.691795624867302,
        "downside_risk_0_5_bps": 0.014657676884077502,
        "sortino_ratio_0_5_bps": 4.458640162484167,
        "max_drawdown_0_5_bps": 0.013454945156591501,
        "calmar_ratio_0_5_bps": 5.779479101446396,
        "perc_pos_return_0_5_bps": 0.6054794520547941,
        "profit_loss_ratio_0_5_bps": 1.070678888235021,
        "annual_return_1_0_bps": 0.0501011429291855,
        "annual_volatility_1_0_bps": 0.022570027183656003,
        "sharpe_ratio_1_0_bps": 2.6726956603030114,
        "downside_risk_1_0_bps": 0.014667903857443501,
        "sortino_ratio_1_0_bps": 4.425380675246791,
        "max_drawdown_1_0_bps": 0.0134720866024815,
        "calmar_ratio_1_0_bps": 5.724935897512827,
        "perc_pos_return_1_0_bps": 0.6013698630136981,
        "profit_loss_ratio_1_0_bps": 1.084484382437965,
        "annual_return_1_5_bps": 0.04955942065692301,
        "annual_volatility_1_5_bps": 0.022570298879731002,
        "sharpe_ratio_1_5_bps": 2.6535950926967415,
        "downside_risk_1_5_bps": 0.014678145713736001,
        "sortino_ratio_1_5_bps": 4.392162753648859,
        "max_drawdown_1_5_bps": 0.013489227769812002,
        "calmar_ratio_1_5_bps": 5.670692638313142,
        "perc_pos_return_1_5_bps": 0.6013698630136981,
        "profit_loss_ratio_1_5_bps": 1.081001454757934,
        "annual_return_2_0_bps": 0.0490181399318355,
        "annual_volatility_2_0_bps": 0.022570576376335003,
        "sharpe_ratio_2_0_bps": 2.634493938671654,
        "downside_risk_2_0_bps": 0.014688402500114502,
        "sortino_ratio_2_0_bps": 4.35898640377641,
        "max_drawdown_2_0_bps": 0.013506368658585502,
        "calmar_ratio_2_0_bps": 5.616746494059912,
        "perc_pos_return_2_0_bps": 0.5999999999999995,
        "profit_loss_ratio_2_0_bps": 1.082482453638946,
        "annual_return_2_5_bps": 0.048477300363009505,
        "annual_volatility_2_5_bps": 0.022570859673292504,
        "sharpe_ratio_2_5_bps": 2.615392214852836,
        "downside_risk_2_5_bps": 0.014698674362943,
        "sortino_ratio_2_5_bps": 4.325851622097683,
        "max_drawdown_2_5_bps": 0.013523509268809,
        "calmar_ratio_2_5_bps": 5.563094674350708,
        "perc_pos_return_2_5_bps": 0.598630136986301,
        "profit_loss_ratio_2_5_bps": 1.0839699914116365,
        "annual_return_3_0_bps": 0.047936901559892005,
        "annual_volatility_3_0_bps": 0.022571148770423002,
        "sharpe_ratio_3_0_bps": 2.596289937867222,
        "downside_risk_3_0_bps": 0.014708961445993003,
        "sortino_ratio_3_0_bps": 4.292758405984127,
        "max_drawdown_3_0_bps": 0.013540649600483502,
        "calmar_ratio_3_0_bps": 5.509734427464853,
        "perc_pos_return_3_0_bps": 0.5972602739726025,
        "profit_loss_ratio_3_0_bps": 1.0854656983179856,
        "annual_return_rescaled": 0.24930953505973152,
        "annual_volatility_rescaled": 0.12463645764921076,
        "downside_risk_rescaled": 0.08088827916835406,
        "max_drawdown_rescaled": 0.08571829986420981,
        "annual_return_rescaled_0_5_bps": 0.24620473676077181,
        "annual_volatility_rescaled_0_5_bps": 0.12463645764920717,
        "downside_risk_rescaled_0_5_bps": 0.08094374153379803,
        "max_drawdown_rescaled_0_5_bps": 0.08580290381698263,
        "annual_return_rescaled_1_0_bps": 0.24311165340550545,
        "annual_volatility_rescaled_1_0_bps": 0.1246364576492073,
        "downside_risk_rescaled_1_0_bps": 0.08099926345036962,
        "max_drawdown_rescaled_1_0_bps": 0.0859071039390436,
        "annual_return_rescaled_1_5_bps": 0.24003023974728865,
        "annual_volatility_rescaled_1_5_bps": 0.12463645764920651,
        "downside_risk_rescaled_1_5_bps": 0.08105484541287443,
        "max_drawdown_rescaled_1_5_bps": 0.08601126939921544,
        "annual_return_rescaled_2_0_bps": 0.23696045069841887,
        "annual_volatility_rescaled_2_0_bps": 0.1246364576492063,
        "downside_risk_rescaled_2_0_bps": 0.08111048763732713,
        "max_drawdown_rescaled_2_0_bps": 0.08611540012811297,
        "annual_return_rescaled_2_5_bps": 0.23390224132967596,
        "annual_volatility_rescaled_2_5_bps": 0.12463645764920649,
        "downside_risk_rescaled_2_5_bps": 0.08116619088745732,
        "max_drawdown_rescaled_2_5_bps": 0.0862194960564392,
        "annual_return_rescaled_3_0_bps": 0.23085556686989384,
        "annual_volatility_rescaled_3_0_bps": 0.12463645764920785,
        "downside_risk_rescaled_3_0_bps": 0.08122195591257231,
        "max_drawdown_rescaled_3_0_bps": 0.08632355711499042,
        "sharpe_ratio_years": 2.2514364013186086,
        "sharpe_ratio_years_0_5_bps": 2.235560728548156,
        "sharpe_ratio_years_1_0_bps": 2.2196845411867296,
        "sharpe_ratio_years_1_5_bps": 2.2038078530276706,
        "sharpe_ratio_years_2_0_bps": 2.187930677865991,
        "sharpe_ratio_years_2_5_bps": 2.172053029498308,
        "sharpe_ratio_years_3_0_bps": 2.156174921722771,
        "sharpe_ratio_years_std": 0.6480599461127494,
        "sharpe_ratio_years_std_0_5_bps": 0.652583228179417,
        "sharpe_ratio_years_std_1_0_bps": 0.6571057202703456,
        "sharpe_ratio_years_std_1_5_bps": 0.6616274226437815,
        "sharpe_ratio_years_std_2_0_bps": 0.6661483355614829,
        "sharpe_ratio_years_std_2_5_bps": 0.6706684592886927,
        "sharpe_ratio_years_std_3_0_bps": 0.6751877940941191
    },
    "COMB": {
        "annual_return": 0.051185913680600006,
        "annual_volatility": 0.022569501193771,
        "sharpe_ratio": 2.7108949697684546,
        "downside_risk": 0.014647464696007502,
        "sortino_ratio": 4.491941218938059,
        "max_drawdown": 0.013437803432138,
        "calmar_ratio": 5.834325120004079,
        "perc_pos_return": 0.6054794520547941,
        "profit_loss_ratio": 1.074118315620404,
        "annual_return_0_5_bps": 0.050643307139877004,
        "annual_volatility_0_5_bps": 0.022569761288281,
        "sharpe_ratio_0_5_bps": 2.691795624867302,
        "downside_risk_0_5_bps": 0.014657676884077502,
        "sortino_ratio_0_5_bps": 4.458640162484167,
        "max_drawdown_0_5_bps": 0.013454945156591501,
        "calmar_ratio_0_5_bps": 5.779479101446396,
        "perc_pos_return_0_5_bps": 0.6054794520547941,
        "profit_loss_ratio_0_5_bps": 1.070678888235021,
        "annual_return_1_0_bps": 0.0501011429291855,
        "annual_volatility_1_0_bps": 0.022570027183656003,
        "sharpe_ratio_1_0_bps": 2.6726956603030114,
        "downside_risk_1_0_bps": 0.014667903857443501,
        "sortino_ratio_1_0_bps": 4.425380675246791,
        "max_drawdown_1_0_bps": 0.0134720866024815,
        "calmar_ratio_1_0_bps": 5.724935897512827,
        "perc_pos_return_1_0_bps": 0.6013698630136981,
        "profit_loss_ratio_1_0_bps": 1.084484382437965,
        "annual_return_1_5_bps": 0.04955942065692301,
        "annual_volatility_1_5_bps": 0.022570298879731002,
        "sharpe_ratio_1_5_bps": 2.6535950926967415,
        "downside_risk_1_5_bps": 0.014678145713736001,
        "sortino_ratio_1_5_bps": 4.392162753648859,
        "max_drawdown_1_5_bps": 0.013489227769812002,
        "calmar_ratio_1_5_bps": 5.670692638313142,
        "perc_pos_return_1_5_bps": 0.6013698630136981,
        "profit_loss_ratio_1_5_bps": 1.081001454757934,
        "annual_return_2_0_bps": 0.0490181399318355,
        "annual_volatility_2_0_bps": 0.022570576376335003,
        "sharpe_ratio_2_0_bps": 2.634493938671654,