{
    "ALL": {
        "performance_sw": 2.041285865723576,
        "performance_fw": 2.2609890875688983,
        "val_loss": 2.739026625674829,
        "annual_return_2019_2020": 0.020633861710354306,
        "annual_volatility_2019_2020": 0.010030371563525915,
        "sharpe_ratio_2019_2020": 2.0412858657235757,
        "downside_risk_2019_2020": 0.007569966070336538,
        "sortino_ratio_2019_2020": 2.7047486752699386,
        "max_drawdown_2019_2020": 0.0064012966982803475,
        "calmar_ratio_2019_2020": 3.2233878045205144,
        "perc_pos_return_2019_2020": 0.5884615384615385,
        "profit_loss_ratio_2019_2020": 1.0246382649153607,
        "sharpe_ratio_2019": 2.0276440656719257,
        "annual_return_2019_2020_0_5_bps": 0.01435331609564372,
        "annual_volatility_2019_2020_0_5_bps": 0.010021908193092932,
        "sharpe_ratio_2019_2020_0_5_bps": 1.4270498633855921,
        "downside_risk_2019_2020_0_5_bps": 0.0077118170373046005,
        "sortino_ratio_2019_2020_0_5_bps": 1.8545256777532289,
        "max_drawdown_2019_2020_0_5_bps": 0.007880821759155237,
        "calmar_ratio_2019_2020_0_5_bps": 1.8212968817584685,
        "perc_pos_return_2019_2020_0_5_bps": 0.573076923076923,
        "profit_loss_ratio_2019_2020_0_5_bps": 0.9736185443746409,
        "sharpe_ratio_2019_0_5_bps": 1.4118037231483966,
        "annual_return_2019_2020_1_0_bps": 0.008111253378296102,
        "annual_volatility_2019_2020_1_0_bps": 0.010014678995107714,
        "sharpe_ratio_2019_2020_1_0_bps": 0.8116755154131489,
        "downside_risk_2019_2020_1_0_bps": 0.007860034993386873,
        "sortino_ratio_2019_2020_1_0_bps": 1.0341772958886868,
        "max_drawdown_2019_2020_1_0_bps": 0.009503988297815817,
        "calmar_ratio_2019_2020_1_0_bps": 0.85345784570886,
        "perc_pos_return_2019_2020_1_0_bps": 0.5615384615384615,
        "profit_loss_ratio_2019_2020_1_0_bps": 0.9096735189030214,
        "sharpe_ratio_2019_1_0_bps": 0.794693830769982,
        "annual_return_2019_2020_1_5_bps": 0.0019074387712934016,
        "annual_volatility_2019_2020_1_5_bps": 0.010008686643870645,
        "sharpe_ratio_2019_2020_1_5_bps": 0.19538794867596015,
        "downside_risk_2019_2020_1_5_bps": 0.008014526282758443,
        "sortino_ratio_2019_2020_1_5_bps": 0.24400403508481527,
        "max_drawdown_2019_2020_1_5_bps": 0.01132594419745497,
        "calmar_ratio_2019_2020_1_5_bps": 0.16841322348400925,
        "perc_pos_return_2019_2020_1_5_bps": 0.5461538461538461,
        "profit_loss_ratio_2019_2020_1_5_bps": 0.8622364880415111,
        "sharpe_ratio_2019_1_5_bps": 0.1765149499177849,
        "annual_return_2019_2020_2_0_bps": -0.004258361086097451,
        "annual_volatility_2019_2020_2_0_bps": 0.01000393336199378,
        "sharpe_ratio_2019_2020_2_0_bps": -0.4215857980923224,
        "downside_risk_2019_2020_2_0_bps": 0.008175188992910053,
        "sortino_ratio_2019_2020_2_0_bps": -0.5158921994508269,
        "max_drawdown_2019_2020_2_0_bps": 0.013241815759692932,
        "calmar_ratio_2019_2020_2_0_bps": -0.3215843781076893,
        "perc_pos_return_2019_2020_2_0_bps": 0.5346153846153846,
        "profit_loss_ratio_2019_2020_2_0_bps": 0.803545386244565,
        "sharpe_ratio_2019_2_0_bps": -0.4425303329146071,
        "annual_return_2019_2020_2_5_bps": -0.010386378136936991,
        "annual_volatility_2019_2020_2_5_bps": 0.010000420916296687,
        "sharpe_ratio_2019_2020_2_5_bps": -1.0390171873976768,
        "downside_risk_2019_2020_2_5_bps": 0.00834208389905243,
        "sortino_ratio_2019_2020_2_5_bps": -1.245565177595941,
        "max_drawdown_2019_2020_2_5_bps": 0.015299181196666288,
        "calmar_ratio_2019_2020_2_5_bps": -0.6788845758098608,
        "perc_pos_return_2019_2020_2_5_bps": 0.5,
        "profit_loss_ratio_2019_2020_2_5_bps": 0.8203326818531297,
        "sharpe_ratio_2019_2_5_bps": -1.0622377312159248,
        "annual_return_2019_2020_3_0_bps": -0.016476842915193246,
        "annual_volatility_2019_2020_3_0_bps": 0.009998150614532212,
        "sharpe_ratio_2019_2020_3_0_bps": -1.6566766029642752,
        "downside_risk_2019_2020_3_0_bps": 0.008515453376994771,
        "sortino_ratio_2019_2020_3_0_bps": -1.9451345057864644,
        "max_drawdown_2019_2020_3_0_bps": 0.017570103099956498,
        "calmar_ratio_2019_2020_3_0_bps": -0.937777247034711,
        "perc_pos_return_2019_2020_3_0_bps": 0.46923076923076923,
        "profit_loss_ratio_2019_2020_3_0_bps": 0.8240527021033293,
        "sharpe_ratio_2019_3_0_bps": -1.682401590510273
    },
    "COMB": {
        "annual_return_2019_2020": 0.020633861710354306,
        "annual_volatility_2019_2020": 0.010030371563525915,
        "sharpe_ratio_2019_2020": 2.0412858657235757,
        "downside_risk_2019_2020": 0.007569966070336538,
        "sortino_ratio_2019_2020": 2.7047486752699386,
        "max_drawdown_2019_2020": 0.0064012966982803475,
        "calmar_ratio_2019_2020": 3.2233878045205144,
        "perc_pos_return_2019_2020": 0.5884615384615385,
        "profit_loss_ratio_2019_2020": 1.0246382649153607,
        "sharpe_ratio_2019": 2.0276440656719257,
        "annual_return_2019_2020_0_5_bps": 0.01435331609564372,
        "annual_volatility_2019_2020_0_5_bps": 0.010021908193092932,
        "sharpe_ratio_2019_2020_0_5_bps": 1.4270498633855921,
        "downside_risk_2019_2020_0_5_bps": 0.0077118170373046005,
        "sortino_ratio_2019_2020_0_5_bps": 1.8545256777532289,
        "max_drawdown_2019_2020_0_5_bps": 0.007880821759155237,
        "calmar_ratio_2019_2020_0_5_bps": 1.8212968817584685,
        "perc_pos_return_2019_2020_0_5_bps": 0.573076923076923,
        "profit_loss_ratio_2019_2020_0_5_bps": 0.9736185443746409,
        "sharpe_ratio_2019_0_5_bps": 1.4118037231483966,
        "annual_return_2019_2020_1_0_bps": 0.008111253378296102,
        "annual_volatility_2019_2020_1_0_bps": 0.010014678995107714,
        "sharpe_ratio_2019_2020_1_0_bps": 0.8116755154131489,
        "downside_risk_2019_2020_1_0_bps": 0.007860034993386873,
        "sortino_ratio_2019_2020_1_0_bps": 1.0341772958886868,
        "max_drawdown_2019_2020_1_0_bps": 0.009503988297815817,
        "calmar_ratio_2019_2020_1_0_bps": 0.85345784570886,
        "perc_pos_return_2019_2020_1_0_bps": 0.5615384615384615,
        "profit_loss_ratio_2019_2020_1_0_bps": 0.9096735189030214,
        "sharpe_ratio_2019_1_0_bps": 0.794693830769982,
        "annual_return_2019_2020_1_5_bps": 0.0019074387712934016,
        "annual_volatility_2019_2020_1_5_bps": 0.010008686643870645,
        "sharpe_ratio_2019_2020_1_5_bps": 0.19538794867596015,
        "downside_risk_2019_2020_1_5_bps": 0.008014526282758443,
        "sortino_ratio_2019_2020_1_5_bps": 0.24400403508481527,
        "max_drawdown_2019_2020_1_5_bps": 0.01132594419745497,
        "calmar_ratio_2019_2020_1_5_bps": 0.16841322348400925,
        "perc_pos_return_2019_2020_1_5_bps": 0.5461538461538461,
        "profit_loss_ratio_2019_2020_1_5_bps": 0.8622364880415111,
        "sharpe_ratio_2019_1_5_bps": 0.1765149499177849,
        "annual_return_2019_2020_2_0_bps": -0.004258361086097451,
        "annual_volatility_2019_2020_2_0_bps": 0.01000393336199378,
        "sharpe_ratio_2019_2020_2_0_bps": -0.4215857980923224,
        "downside_risk_2019_2020_2_0_bps": 0.008175188992910053,
        "sortino_ratio_2019_2020_2_0_bps": -0.5158921994508269,
        "max_drawdown_2019_2020_2_0_bps": 0.013241815759692932,
        "calmar_ratio_2019_2020_2_0_bps": -0.3215843781076893,
        "perc_pos_return_2019_2020_2_0_bps": 0.5346153846153846,
        "profit_loss_ratio_2019_2020_2_0_bps": 0.803545386244565,
        "sharpe_ratio_2019_2_0_bps": -0.4425303329146071,
        "annual_return_2019_2020_2_5_bps": -0.010386378136936991,
        "annual_volatility_2019_2020_2_5_bps": 0.010000420916296687,
        "sharpe_ratio_2019_2020_2_5_bps": -1.0390171873976768,
        "downside_risk_2019_2020_2_5_bps": 0.00834208389905243,
        "sortino_ratio_2019_2020_2_5_bps": -1.245565177595941,