{
    "ALL": {
        "performance_sw": 4.5731417386859095,
        "performance_fw": 4.828647098299068,
        "val_loss": 3.0566790399715362,
        "annual_return_2019_2020": 0.0363520259031489,
        "annual_volatility_2019_2020": 0.007815154847586693,
        "sharpe_ratio_2019_2020": 4.5731417386859095,
        "downside_risk_2019_2020": 0.0037052783837292465,
        "sortino_ratio_2019_2020": 9.645647945032735,
        "max_drawdown_2019_2020": 0.0024634284844192596,
        "calmar_ratio_2019_2020": 14.756680022606258,
        "perc_pos_return_2019_2020": 0.6192307692307693,
        "profit_loss_ratio_2019_2020": 1.4032415413809909,
        "sharpe_ratio_2019": 4.4863137696786985,
        "annual_return_2019_2020_0_5_bps": 0.0322837560062299,
        "annual_volatility_2019_2020_0_5_bps": 0.007815105370283078,
        "sharpe_ratio_2019_2020_0_5_bps": 4.069809671595259,
        "downside_risk_2019_2020_0_5_bps": 0.003825592800231605,
        "sortino_ratio_2019_2020_0_5_bps": 8.314003366638643,
        "max_drawdown_2019_2020_0_5_bps": 0.0024902163750739345,
        "calmar_ratio_2019_2020_0_5_bps": 12.96423729655677,
        "perc_pos_return_2019_2020_0_5_bps": 0.6153846153846154,
        "profit_loss_ratio_2019_2020_0_5_bps": 1.3016073848226142,
        "sharpe_ratio_2019_0_5_bps": 3.986201430492112,
        "annual_return_2019_2020_1_0_bps": 0.028231388865864515,
        "annual_volatility_2019_2020_1_0_bps": 0.007815603831464745,
        "sharpe_ratio_2019_2020_1_0_bps": 3.566221192152265,
        "downside_risk_2019_2020_1_0_bps": 0.003948676319627791,
        "sortino_ratio_2019_2020_1_0_bps": 7.058611483218074,
        "max_drawdown_2019_2020_1_0_bps": 0.0027071980709509466,
        "calmar_ratio_2019_2020_1_0_bps": 10.428268684436446,
        "perc_pos_return_2019_2020_1_0_bps": 0.6038461538461538,
        "profit_loss_ratio_2019_2020_1_0_bps": 1.2473066854336161,
        "sharpe_ratio_2019_1_0_bps": 3.485744613649734,
        "annual_return_2019_2020_1_5_bps": 0.024194862582406884,
        "annual_volatility_2019_2020_1_5_bps": 0.007816650126306971,
        "sharpe_ratio_2019_2020_1_5_bps": 3.0624822934562808,
        "downside_risk_2019_2020_1_5_bps": 0.004074467363687135,
        "sortino_ratio_2019_2020_1_5_bps": 5.875210296026326,
        "max_drawdown_2019_2020_1_5_bps": 0.0030262904812481894,
        "calmar_ratio_2019_2020_1_5_bps": 7.994891016683813,
        "perc_pos_return_2019_2020_1_5_bps": 0.5923076923076923,
        "profit_loss_ratio_2019_2020_1_5_bps": 1.195038080687217,
        "sharpe_ratio_2019_1_5_bps": 2.9850327812257076,
        "annual_return_2019_2020_2_0_bps": 0.020174115496108147,
        "annual_volatility_2019_2020_2_0_bps": 0.00781824403486439,
        "sharpe_ratio_2019_2020_2_0_bps": 2.5586990006288253,
        "downside_risk_2019_2020_2_0_bps": 0.004202883751091464,
        "sortino_ratio_2019_2020_2_0_bps": 4.759716038656726,
        "max_drawdown_2019_2020_2_0_bps": 0.0034822691873954235,
        "calmar_ratio_2019_2020_2_0_bps": 5.793381961719465,
        "perc_pos_return_2019_2020_2_0_bps": 0.5846153846153846,
        "profit_loss_ratio_2019_2020_2_0_bps": 1.126827003541131,
        "sharpe_ratio_2019_2_0_bps": 2.4841555574562486,
        "annual_return_2019_2020_2_5_bps": 0.016169086186228032,
        "annual_volatility_2019_2020_2_5_bps": 0.007820385222302023,
        "sharpe_ratio_2019_2020_2_5_bps": 2.054977259377394,
        "downside_risk_2019_2020_2_5_bps": 0.004333820891402838,
        "sortino_ratio_2019_2020_2_5_bps": 3.7082090363452154,
        "max_drawdown_2019_2020_2_5_bps": 0.003944224560311707,
        "calmar_ratio_2019_2020_2_5_bps": 4.099433472659632,
        "perc_pos_return_2019_2020_2_5_bps": 0.573076923076923,
        "profit_loss_ratio_2019_2020_2_5_bps": 1.0793238202759925,
        "sharpe_ratio_2019_2_5_bps": 1.983202648547928,
        "annual_return_2019_2020_3_0_bps": 0.012179713470069853,
        "annual_volatility_2019_2020_3_0_bps": 0.007823073239246615,
        "sharpe_ratio_2019_2020_3_0_bps": 1.551422824886194,
        "downside_risk_2019_2020_3_0_bps": 0.004467244561547522,
        "sortino_ratio_2019_2020_3_0_bps": 2.7168636542968145,
        "max_drawdown_2019_2020_3_0_bps": 0.004405975282928839,
        "calmar_ratio_2019_2020_3_0_bps": 2.7643626411752087,
        "perc_pos_return_2019_2020_3_0_bps": 0.5576923076923077,
        "profit_loss_ratio_2019_2020_3_0_bps": 1.0495340283527959,
        "sharpe_ratio_2019_3_0_bps": 1.4822637623739061
    },
    "COMB": {
        "annual_return_2019_2020": 0.0363520259031489,
        "annual_volatility_2019_2020": 0.007815154847586693,
        "sharpe_ratio_2019_2020": 4.5731417386859095,
        "downside_risk_2019_2020": 0.0037052783837292465,
        "sortino_ratio_2019_2020": 9.645647945032735,
        "max_drawdown_2019_2020": 0.0024634284844192596,
        "calmar_ratio_2019_2020": 14.756680022606258,
        "perc_pos_return_2019_2020": 0.6192307692307693,
        "profit_loss_ratio_2019_2020": 1.4032415413809909,
        "sharpe_ratio_2019": 4.4863137696786985,
        "annual_return_2019_2020_0_5_bps": 0.0322837560062299,
        "annual_volatility_2019_2020_0_5_bps": 0.007815105370283078,
        "sharpe_ratio_2019_2020_0_5_bps": 4.069809671595259,
        "downside_risk_2019_2020_0_5_bps": 0.003825592800231605,
        "sortino_ratio_2019_2020_0_5_bps": 8.314003366638643,
        "max_drawdown_2019_2020_0_5_bps": 0.0024902163750739345,
        "calmar_ratio_2019_2020_0_5_bps": 12.96423729655677,
        "perc_pos_return_2019_2020_0_5_bps": 0.6153846153846154,
        "profit_loss_ratio_2019_2020_0_5_bps": 1.3016073848226142,
        "sharpe_ratio_2019_0_5_bps": 3.986201430492112,
        "annual_return_2019_2020_1_0_bps": 0.028231388865864515,
        "annual_volatility_2019_2020_1_0_bps": 0.007815603831464745,
        "sharpe_ratio_2019_2020_1_0_bps": 3.566221192152265,
        "downside_risk_2019_2020_1_0_bps": 0.003948676319627791,
        "sortino_ratio_2019_2020_1_0_bps": 7.058611483218074,
        "max_drawdown_2019_2020_1_0_bps": 0.0027071980709509466,
        "calmar_ratio_2019_2020_1_0_bps": 10.428268684436446,
        "perc_pos_return_2019_2020_1_0_bps": 0.6038461538461538,
        "profit_loss_ratio_2019_2020_1_0_bps": 1.2473066854336161,
        "sharpe_ratio_2019_1_0_bps": 3.485744613649734,
        "annual_return_2019_2020_1_5_bps": 0.024194862582406884,
        "annual_volatility_2019_2020_1_5_bps": 0.007816650126306971,
        "sharpe_ratio_2019_2020_1_5_bps": 3.0624822934562808,
        "downside_risk_2019_2020_1_5_bps": 0.004074467363687135,
        "sortino_ratio_2019_2020_1_5_bps": 5.875210296026326,
        "max_drawdown_2019_2020_1_5_bps": 0.0030262904812481894,
        "calmar_ratio_2019_2020_1_5_bps": 7.994891016683813,
        "perc_pos_return_2019_2020_1_5_bps": 0.5923076923076923,
        "profit_loss_ratio_2019_2020_1_5_bps": 1.195038080687217,
        "sharpe_ratio_2019_1_5_bps": 2.9850327812257076,
        "annual_return_2019_2020_2_0_bps": 0.020174115496108147,
        "annual_volatility_2019_2020_2_0_bps": 0.00781824403486439,
        "sharpe_ratio_2019_2020_2_0_bps": 2.5586990006288253,
        "downside_risk_2019_2020_2_0_bps": 0.004202883751091464,
        "sortino_ratio_2019_2020_2_0_bps": 4.759716038656726,
        "max_drawdown_2019_2020_2_0_bps": 0.0034822691873954235,
        "calmar_ratio_2019_2020_2_0_bps": 5.793381961719465,
        "perc_pos_return_2019_2020_2_0_bps": 0.5846153846153846,
        "profit_loss_ratio_2019_2020_2_0_bps": 1.126827003541131,
        "sharpe_ratio_2019_2_0_bps": 2.4841555574562486,
        "annual_return_2019_2020_2_5_bps": 0.016169086186228032,
        "annual_volatility_2019_2020_2_5_bps": 0.007820385222302023,
        "sharpe_ratio_2019_2020_2_5_bps": 2.054977259377394,
        "downside_risk_2019_2020_2_5_bps": 0.004333820891402838,
        "sortino_ratio_2019_2020_2_5_bps": 3.7082090363452154,