{
    "ALL": {
        "annual_return": 0.019530875381373002,
        "annual_volatility": 0.04289091227036,
        "sharpe_ratio": 0.527725896456166,
        "downside_risk": 0.030655451430092504,
        "sortino_ratio": 0.8356409927068571,
        "max_drawdown": 0.0310089572563485,
        "calmar_ratio": 0.7250938693575055,
        "perc_pos_return": 0.5076132771338245,
        "profit_loss_ratio": 1.090770913977537,
        "annual_return_0_5_bps": 0.0183819552635705,
        "annual_volatility_0_5_bps": 0.042890402427382505,
        "sharpe_ratio_0_5_bps": 0.49745099613028904,
        "downside_risk_0_5_bps": 0.030680771190999503,
        "sortino_ratio_0_5_bps": 0.785789265718345,
        "max_drawdown_0_5_bps": 0.031198752204523,
        "calmar_ratio_0_5_bps": 0.6760819482725785,
        "perc_pos_return_0_5_bps": 0.5048735511064271,
        "profit_loss_ratio_0_5_bps": 1.0993083234249406,
        "annual_return_1_0_bps": 0.0172343317475955,
        "annual_volatility_1_0_bps": 0.042889905044779006,
        "sharpe_ratio_1_0_bps": 0.4671771751514775,
        "downside_risk_1_0_bps": 0.0307061416734975,
        "sortino_ratio_1_0_bps": 0.7361007733556935,
        "max_drawdown_1_0_bps": 0.031388510376465506,
        "calmar_ratio_1_0_bps": 0.6278759302603131,
        "perc_pos_return_1_0_bps": 0.5007639620653316,
        "profit_loss_ratio_1_0_bps": 1.115660076988306,
        "annual_return_1_5_bps": 0.016088003368115,
        "annual_volatility_1_5_bps": 0.042889420122415506,
        "sharpe_ratio_1_5_bps": 0.4369044668705755,
        "downside_risk_1_5_bps": 0.030731563845530004,
        "sortino_ratio_1_5_bps": 0.686575035451732,
        "max_drawdown_1_5_bps": 0.031578231779221505,
        "calmar_ratio_1_5_bps": 0.5804560810965466,
        "perc_pos_return_1_5_bps": 0.5007639620653316,
        "profit_loss_ratio_1_5_bps": 1.1093069745772621,
        "annual_return_2_0_bps": 0.014942968661445,
        "annual_volatility_2_0_bps": 0.0428889476601475,
        "sharpe_ratio_2_0_bps": 0.40663290462592006,
        "downside_risk_2_0_bps": 0.030757037748173503,
        "sortino_ratio_2_0_bps": 0.6372116402935881,
        "max_drawdown_2_0_bps": 0.031767916419837505,
        "calmar_ratio_2_0_bps": 0.533803326900955,
        "perc_pos_return_2_0_bps": 0.49528074665060956,
        "profit_loss_ratio_2_0_bps": 1.1308332101204435,
        "annual_return_2_5_bps": 0.013799226165571502,
        "annual_volatility_2_5_bps": 0.042888487657817505,
        "sharpe_ratio_2_5_bps": 0.37636252174314855,
        "downside_risk_2_5_bps": 0.030782564098251503,
        "sortino_ratio_2_5_bps": 0.5880101433297921,
        "max_drawdown_2_5_bps": 0.0319575643053525,
        "calmar_ratio_2_5_bps": 0.4878992261693245,
        "perc_pos_return_2_5_bps": 0.49253349390335655,
        "profit_loss_ratio_2_5_bps": 1.133925823375791,
        "annual_return_3_0_bps": 0.012656774420123501,
        "annual_volatility_3_0_bps": 0.042888040115257,
        "sharpe_ratio_3_0_bps": 0.34609335153500753,
        "downside_risk_3_0_bps": 0.030808143051338,
        "sortino_ratio_3_0_bps": 0.5389701449719371,
        "max_drawdown_3_0_bps": 0.032147175442810004,
        "calmar_ratio_3_0_bps": 0.44272594322957304,
        "perc_pos_return_3_0_bps": 0.488416378142405,
        "profit_loss_ratio_3_0_bps": 1.1449755087134694,
        "annual_return_rescaled": 0.04127834221649729,
        "annual_volatility_rescaled": 0.12463645764920761,
        "downside_risk_rescaled": 0.08908150168968218,
        "max_drawdown_rescaled": 0.10641834174499298,
        "annual_return_rescaled_0_5_bps": 0.03844749131593783,
        "annual_volatility_rescaled_0_5_bps": 0.12463645764920751,
        "downside_risk_rescaled_0_5_bps": 0.08915613803499145,
        "max_drawdown_rescaled_0_5_bps": 0.1070308746301413,
        "annual_return_rescaled_1_0_bps": 0.035624261884400155,
        "annual_volatility_rescaled_1_0_bps": 0.1246364576492067,
        "downside_risk_rescaled_1_0_bps": 0.08923089762646458,
        "max_drawdown_rescaled_1_0_bps": 0.10764297618752032,
        "annual_return_rescaled_1_5_bps": 0.032808636057191976,
        "annual_volatility_rescaled_1_5_bps": 0.12463645764920733,
        "downside_risk_rescaled_1_5_bps": 0.08930578321634813,
        "max_drawdown_rescaled_1_5_bps": 0.10825464619637418,
        "annual_return_rescaled_2_0_bps": 0.030000595996763524,
        "annual_volatility_rescaled_2_0_bps": 0.12463645764920753,
        "downside_risk_rescaled_2_0_bps": 0.08938079486331997,
        "max_drawdown_rescaled_2_0_bps": 0.10886588443720067,
        "annual_return_rescaled_2_5_bps": 0.027200123892741956,
        "annual_volatility_rescaled_2_5_bps": 0.12463645764920828,
        "downside_risk_rescaled_2_5_bps": 0.08945593458962675,
        "max_drawdown_rescaled_2_5_bps": 0.10947669069175572,
        "annual_return_rescaled_3_0_bps": 0.024407201961949676,
        "annual_volatility_rescaled_3_0_bps": 0.12463645764920785,
        "downside_risk_rescaled_3_0_bps": 0.08953120278636423,
        "max_drawdown_rescaled_3_0_bps": 0.11008706474305277,
        "sharpe_ratio_years": 0.43936322005633205,
        "sharpe_ratio_years_0_5_bps": 0.4142003368299445,
        "sharpe_ratio_years_1_0_bps": 0.389038348549947,
        "sharpe_ratio_years_1_5_bps": 0.36387728294131955,
        "sharpe_ratio_years_2_0_bps": 0.3387171677186615,
        "sharpe_ratio_years_2_5_bps": 0.3135580305860325,
        "sharpe_ratio_years_3_0_bps": 0.28839989923679005,
        "sharpe_ratio_years_std": 0.13063473527062403,
        "sharpe_ratio_years_std_0_5_bps": 0.12073696421636049,
        "sharpe_ratio_years_std_1_0_bps": 0.11084142108154102,
        "sharpe_ratio_years_std_1_5_bps": 0.1009481238193235,
        "sharpe_ratio_years_std_2_0_bps": 0.0910570903674595,
        "sharpe_ratio_years_std_2_5_bps": 0.0811683386481685,
        "sharpe_ratio_years_std_3_0_bps": 0.07128188656800401
    },
    "COMB": {
        "annual_return": 0.019530875381373002,
        "annual_volatility": 0.04289091227036,
        "sharpe_ratio": 0.527725896456166,
        "downside_risk": 0.030655451430092504,
        "sortino_ratio": 0.8356409927068571,
        "max_drawdown": 0.0310089572563485,
        "calmar_ratio": 0.7250938693575055,
        "perc_pos_return": 0.5076132771338245,
        "profit_loss_ratio": 1.090770913977537,
        "annual_return_0_5_bps": 0.0183819552635705,
        "annual_volatility_0_5_bps": 0.042890402427382505,
        "sharpe_ratio_0_5_bps": 0.49745099613028904,
        "downside_risk_0_5_bps": 0.030680771190999503,
        "sortino_ratio_0_5_bps": 0.785789265718345,
        "max_drawdown_0_5_bps": 0.031198752204523,
        "calmar_ratio_0_5_bps": 0.6760819482725785,
        "perc_pos_return_0_5_bps": 0.5048735511064271,
        "profit_loss_ratio_0_5_bps": 1.0993083234249406,
        "annual_return_1_0_bps": 0.0172343317475955,
        "annual_volatility_1_0_bps": 0.042889905044779006,
        "sharpe_ratio_1_0_bps": 0.4671771751514775,
        "downside_risk_1_0_bps": 0.0307061416734975,
        "sortino_ratio_1_0_bps": 0.7361007733556935,
        "max_drawdown_1_0_bps": 0.031388510376465506,
        "calmar_ratio_1_0_bps": 0.6278759302603131,
        "perc_pos_return_1_0_bps": 0.5007639620653316,
        "profit_loss_ratio_1_0_bps": 1.115660076988306,
        "annual_return_1_5_bps": 0.016088003368115,
        "annual_volatility_1_5_bps": 0.042889420122415506,
        "sharpe_ratio_1_5_bps": 0.4369044668705755,
        "downside_risk_1_5_bps": 0.030731563845530004,
        "sortino_ratio_1_5_bps": 0.686575035451732,
        "max_drawdown_1_5_bps": 0.031578231779221505,
        "calmar_ratio_1_5_bps": 0.5804560810965466,
        "perc_pos_return_1_5_bps": 0.5007639620653316,
        "profit_loss_ratio_1_5_bps": 1.1093069745772621,
        "annual_return_2_0_bps": 0.014942968661445,
        "annual_volatility_2_0_bps": 0.0428889476601475,
        "sharpe_ratio_2_0_bps": 0.40663290462592006,