{
    "ALL": {
        "performance_sw": 2.6319742115849687,
        "performance_fw": 2.3040261936225837,
        "val_loss": 3.3248748629854394,
        "annual_return_2017_2018": 0.016509148079392855,
        "annual_volatility_2017_2018": 0.006228863124497331,
        "sharpe_ratio_2017_2018": 2.6319742115849682,
        "downside_risk_2017_2018": 0.0036847500338331295,
        "sortino_ratio_2017_2018": 4.4492046843446715,
        "max_drawdown_2017_2018": 0.0031841177394869658,
        "calmar_ratio_2017_2018": 5.184842216937888,
        "perc_pos_return_2017_2018": 0.5736434108527132,
        "profit_loss_ratio_2017_2018": 1.153224392109134,
        "sharpe_ratio_2017": 2.9127454950120306,
        "annual_return_2017_2018_0_5_bps": 0.011392520034646969,
        "annual_volatility_2017_2018_0_5_bps": 0.006237193913729517,
        "sharpe_ratio_2017_2018_0_5_bps": 1.8193665901291254,
        "downside_risk_2017_2018_0_5_bps": 0.0038580493820044278,
        "sortino_ratio_2017_2018_0_5_bps": 2.941315960269163,
        "max_drawdown_2017_2018_0_5_bps": 0.004009598833922879,
        "calmar_ratio_2017_2018_0_5_bps": 2.8413116889055074,
        "perc_pos_return_2017_2018_0_5_bps": 0.5503875968992248,
        "profit_loss_ratio_2017_2018_0_5_bps": 1.1068314834594324,
        "sharpe_ratio_2017_0_5_bps": 2.118140202482153,
        "annual_return_2017_2018_1_0_bps": 0.006301537312652483,
        "annual_volatility_2017_2018_1_0_bps": 0.0062467403159461345,
        "sharpe_ratio_2017_2018_1_0_bps": 1.0087304763313938,
        "downside_risk_2017_2018_1_0_bps": 0.004036509175830325,
        "sortino_ratio_2017_2018_1_0_bps": 1.5610709798836686,
        "max_drawdown_2017_2018_1_0_bps": 0.005639674817500049,
        "calmar_ratio_2017_2018_1_0_bps": 1.1173582726966205,
        "perc_pos_return_2017_2018_1_0_bps": 0.5193798449612403,
        "profit_loss_ratio_2017_2018_1_0_bps": 1.0950350854804203,
        "sharpe_ratio_2017_1_0_bps": 1.3248488703270653,
        "annual_return_2017_2018_1_5_bps": 0.001236071923029991,
        "annual_volatility_2017_2018_1_5_bps": 0.006257496767552461,
        "sharpe_ratio_2017_2018_1_5_bps": 0.2005294597284034,
        "downside_risk_2017_2018_1_5_bps": 0.0042203307666831506,
        "sortino_ratio_2017_2018_1_5_bps": 0.29732561626578613,
        "max_drawdown_2017_2018_1_5_bps": 0.007305830484087815,
        "calmar_ratio_2017_2018_1_5_bps": 0.16918978967855472,
        "perc_pos_return_2017_2018_1_5_bps": 0.4844961240310077,
        "profit_loss_ratio_2017_2018_1_5_bps": 1.1001656711133274,
        "sharpe_ratio_2017_1_5_bps": 0.5332647356961547,
        "annual_return_2017_2018_2_0_bps": -0.003804003488565466,
        "annual_volatility_2017_2018_2_0_bps": 0.006269457040338707,
        "sharpe_ratio_2017_2018_2_0_bps": -0.6047816290833005,
        "downside_risk_2017_2018_2_0_bps": 0.00440968977841888,
        "sortino_ratio_2017_2018_2_0_bps": -0.859845620179506,
        "max_drawdown_2017_2018_2_0_bps": 0.008969228410908789,
        "calmar_ratio_2017_2018_2_0_bps": -0.4241171385421361,
        "perc_pos_return_2017_2018_2_0_bps": 0.45348837209302323,
        "profit_loss_ratio_2017_2018_2_0_bps": 1.0898949463609733,
        "sharpe_ratio_2017_2_0_bps": -0.2562243892717628,
        "annual_return_2017_2018_2_5_bps": -0.008818815643583,
        "annual_volatility_2017_2018_2_5_bps": 0.006282614259130993,
        "sharpe_ratio_2017_2018_2_5_bps": -1.406757914167985,
        "downside_risk_2017_2018_2_5_bps": 0.004604847210233614,
        "sortino_ratio_2017_2018_2_5_bps": -1.9193074009178206,
        "max_drawdown_2017_2018_2_5_bps": 0.01136563876757498,
        "calmar_ratio_2017_2018_2_5_bps": -0.7759190507393382,
        "perc_pos_return_2017_2018_2_5_bps": 0.437984496124031,
        "profit_loss_ratio_2017_2018_2_5_bps": 1.016593318324742,
        "sharpe_ratio_2017_2_5_bps": -1.0432370269076776,
        "annual_return_2017_2018_3_0_bps": -0.013808490633716475,
        "annual_volatility_2017_2018_3_0_bps": 0.006296960921038021,
        "sharpe_ratio_2017_2018_3_0_bps": -2.2049656005776344,
        "downside_risk_2017_2018_3_0_bps": 0.00480583209518727,
        "sortino_ratio_2017_2018_3_0_bps": -2.8891109685198955,
        "max_drawdown_2017_2018_3_0_bps": 0.016114055434166753,
        "calmar_ratio_2017_2018_3_0_bps": -0.8569221255400566,
        "perc_pos_return_2017_2018_3_0_bps": 0.3992248062015504,
        "profit_loss_ratio_2017_2018_3_0_bps": 1.0464757042661263,
        "sharpe_ratio_2017_3_0_bps": -1.8273989047731833
    },
    "COMB": {
        "annual_return_2017_2018": 0.016509148079392855,
        "annual_volatility_2017_2018": 0.006228863124497331,
        "sharpe_ratio_2017_2018": 2.6319742115849682,
        "downside_risk_2017_2018": 0.0036847500338331295,
        "sortino_ratio_2017_2018": 4.4492046843446715,
        "max_drawdown_2017_2018": 0.0031841177394869658,
        "calmar_ratio_2017_2018": 5.184842216937888,
        "perc_pos_return_2017_2018": 0.5736434108527132,
        "profit_loss_ratio_2017_2018": 1.153224392109134,
        "sharpe_ratio_2017": 2.9127454950120306,
        "annual_return_2017_2018_0_5_bps": 0.011392520034646969,
        "annual_volatility_2017_2018_0_5_bps": 0.006237193913729517,
        "sharpe_ratio_2017_2018_0_5_bps": 1.8193665901291254,
        "downside_risk_2017_2018_0_5_bps": 0.0038580493820044278,
        "sortino_ratio_2017_2018_0_5_bps": 2.941315960269163,
        "max_drawdown_2017_2018_0_5_bps": 0.004009598833922879,
        "calmar_ratio_2017_2018_0_5_bps": 2.8413116889055074,
        "perc_pos_return_2017_2018_0_5_bps": 0.5503875968992248,
        "profit_loss_ratio_2017_2018_0_5_bps": 1.1068314834594324,
        "sharpe_ratio_2017_0_5_bps": 2.118140202482153,
        "annual_return_2017_2018_1_0_bps": 0.006301537312652483,
        "annual_volatility_2017_2018_1_0_bps": 0.0062467403159461345,
        "sharpe_ratio_2017_2018_1_0_bps": 1.0087304763313938,
        "downside_risk_2017_2018_1_0_bps": 0.004036509175830325,
        "sortino_ratio_2017_2018_1_0_bps": 1.5610709798836686,
        "max_drawdown_2017_2018_1_0_bps": 0.005639674817500049,
        "calmar_ratio_2017_2018_1_0_bps": 1.1173582726966205,
        "perc_pos_return_2017_2018_1_0_bps": 0.5193798449612403,
        "profit_loss_ratio_2017_2018_1_0_bps": 1.0950350854804203,
        "sharpe_ratio_2017_1_0_bps": 1.3248488703270653,
        "annual_return_2017_2018_1_5_bps": 0.001236071923029991,
        "annual_volatility_2017_2018_1_5_bps": 0.006257496767552461,
        "sharpe_ratio_2017_2018_1_5_bps": 0.2005294597284034,
        "downside_risk_2017_2018_1_5_bps": 0.0042203307666831506,
        "sortino_ratio_2017_2018_1_5_bps": 0.29732561626578613,
        "max_drawdown_2017_2018_1_5_bps": 0.007305830484087815,
        "calmar_ratio_2017_2018_1_5_bps": 0.16918978967855472,
        "perc_pos_return_2017_2018_1_5_bps": 0.4844961240310077,
        "profit_loss_ratio_2017_2018_1_5_bps": 1.1001656711133274,
        "sharpe_ratio_2017_1_5_bps": 0.5332647356961547,
        "annual_return_2017_2018_2_0_bps": -0.003804003488565466,
        "annual_volatility_2017_2018_2_0_bps": 0.006269457040338707,
        "sharpe_ratio_2017_2018_2_0_bps": -0.6047816290833005,
        "downside_risk_2017_2018_2_0_bps": 0.00440968977841888,
        "sortino_ratio_2017_2018_2_0_bps": -0.859845620179506,
        "max_drawdown_2017_2018_2_0_bps": 0.008969228410908789,
        "calmar_ratio_2017_2018_2_0_bps": -0.4241171385421361,
        "perc_pos_return_2017_2018_2_0_bps": 0.45348837209302323,
        "profit_loss_ratio_2017_2018_2_0_bps": 1.0898949463609733,
        "sharpe_ratio_2017_2_0_bps": -0.2562243892717628,
        "annual_return_2017_2018_2_5_bps": -0.008818815643583,
        "annual_volatility_2017_2018_2_5_bps": 0.006282614259130993,
        "sharpe_ratio_2017_2018_2_5_bps": -1.406757914167985,
        "downside_risk_2017_2018_2_5_bps": 0.004604847210233614,