{
    "ALL": {
        "performance_sw": 3.379237489885916,
        "performance_fw": 3.5648802101751387,
        "val_loss": 3.0680302538888453,
        "annual_return_2019_2020": 0.0358026024606839,
        "annual_volatility_2019_2020": 0.01042637232666263,
        "sharpe_ratio_2019_2020": 3.3792374898859157,
        "downside_risk_2019_2020": 0.006486128078250388,
        "sortino_ratio_2019_2020": 5.432083336114362,
        "max_drawdown_2019_2020": 0.005332405732623934,
        "calmar_ratio_2019_2020": 6.714155721805212,
        "perc_pos_return_2019_2020": 0.5923076923076923,
        "profit_loss_ratio_2019_2020": 1.2248677230995604,
        "sharpe_ratio_2019": 2.7900257599948155,
        "annual_return_2019_2020_0_5_bps": 0.029547297928413485,
        "annual_volatility_2019_2020_0_5_bps": 0.010423878791005158,
        "sharpe_ratio_2019_2020_0_5_bps": 2.7988614503613234,
        "downside_risk_2019_2020_0_5_bps": 0.006658287055009458,
        "sortino_ratio_2019_2020_0_5_bps": 4.381756489371107,
        "max_drawdown_2019_2020_0_5_bps": 0.005767007637880769,
        "calmar_ratio_2019_2020_0_5_bps": 5.123505946885025,
        "perc_pos_return_2019_2020_0_5_bps": 0.573076923076923,
        "profit_loss_ratio_2019_2020_0_5_bps": 1.201017275775209,
        "sharpe_ratio_2019_0_5_bps": 2.2471536469517663,
        "annual_return_2019_2020_1_0_bps": 0.02332960861155664,
        "annual_volatility_2019_2020_1_0_bps": 0.010422526038151983,
        "sharpe_ratio_2019_2020_1_0_bps": 2.2179648857080814,
        "downside_risk_2019_2020_1_0_bps": 0.00683548558381599,
        "sortino_ratio_2019_2020_1_0_bps": 3.3818807002872853,
        "max_drawdown_2019_2020_1_0_bps": 0.006246632186836546,
        "calmar_ratio_2019_2020_1_0_bps": 3.7347498482012194,
        "perc_pos_return_2019_2020_1_0_bps": 0.5576923076923077,
        "profit_loss_ratio_2019_2020_1_0_bps": 1.1582475524874876,
        "sharpe_ratio_2019_1_0_bps": 1.7032173026124195,
        "annual_return_2019_2020_1_5_bps": 0.017149309285853676,
        "annual_volatility_2019_2020_1_5_bps": 0.010422314512303061,
        "sharpe_ratio_2019_2020_1_5_bps": 1.6367382709932905,
        "downside_risk_2019_2020_1_5_bps": 0.007017696869643689,
        "sortino_ratio_2019_2020_1_5_bps": 2.4307976465049723,
        "max_drawdown_2019_2020_1_5_bps": 0.0070293348421964505,
        "calmar_ratio_2019_2020_1_5_bps": 2.4396773906555067,
        "perc_pos_return_2019_2020_1_5_bps": 0.5461538461538461,
        "profit_loss_ratio_2019_2020_1_5_bps": 1.0991211833972325,
        "sharpe_ratio_2019_1_5_bps": 1.1583530538597582,
        "annual_return_2019_2020_2_0_bps": 0.011006176069790374,
        "annual_volatility_2019_2020_2_0_bps": 0.010423244282937437,
        "sharpe_ratio_2019_2020_2_0_bps": 1.0553724922516188,
        "downside_risk_2019_2020_2_0_bps": 0.00720492307327183,
        "sortino_ratio_2019_2020_2_0_bps": 1.5267901106452373,
        "max_drawdown_2019_2020_2_0_bps": 0.007811444175628962,
        "calmar_ratio_2019_2020_2_0_bps": 1.4089809543962053,
        "perc_pos_return_2019_2020_2_0_bps": 0.5346153846153846,
        "profit_loss_ratio_2019_2020_2_0_bps": 1.0426857803726708,
        "sharpe_ratio_2019_2_0_bps": 0.6126985328476908,
        "annual_return_2019_2020_2_5_bps": 0.004899986416636359,
        "annual_volatility_2019_2020_2_5_bps": 0.010425315044699178,
        "sharpe_ratio_2019_2020_2_5_bps": 0.47405853316250207,
        "downside_risk_2019_2020_2_5_bps": 0.007397142458195157,
        "sortino_ratio_2019_2020_2_5_bps": 0.6681241554800225,
        "max_drawdown_2019_2020_2_5_bps": 0.008592960619460603,
        "calmar_ratio_2019_2020_2_5_bps": 0.5702326163975765,
        "perc_pos_return_2019_2020_2_5_bps": 0.5192307692307693,
        "profit_loss_ratio_2019_2020_2_5_bps": 1.0042306414476887,
        "sharpe_ratio_2019_2_5_bps": 0.06639250706713726,
        "annual_return_2019_2020_3_0_bps": -0.0011694808934750167,
        "annual_volatility_2019_2020_3_0_bps": 0.010428526117898542,
        "sharpe_ratio_2019_2020_3_0_bps": -0.1070128384318513,
        "downside_risk_2019_2020_3_0_bps": 0.0075943295592341056,
        "sortino_ratio_2019_2020_3_0_bps": -0.14694992781555907,
        "max_drawdown_2019_2020_3_0_bps": 0.009427686244890446,
        "calmar_ratio_2019_2020_3_0_bps": -0.12404749830414054,
        "perc_pos_return_2019_2020_3_0_bps": 0.5,
        "profit_loss_ratio_2019_2020_3_0_bps": 0.9818154927406549,
        "sharpe_ratio_2019_3_0_bps": -0.4804252941087853
    },
    "COMB": {
        "annual_return_2019_2020": 0.0358026024606839,
        "annual_volatility_2019_2020": 0.01042637232666263,
        "sharpe_ratio_2019_2020": 3.3792374898859157,
        "downside_risk_2019_2020": 0.006486128078250388,
        "sortino_ratio_2019_2020": 5.432083336114362,
        "max_drawdown_2019_2020": 0.005332405732623934,
        "calmar_ratio_2019_2020": 6.714155721805212,
        "perc_pos_return_2019_2020": 0.5923076923076923,
        "profit_loss_ratio_2019_2020": 1.2248677230995604,
        "sharpe_ratio_2019": 2.7900257599948155,
        "annual_return_2019_2020_0_5_bps": 0.029547297928413485,
        "annual_volatility_2019_2020_0_5_bps": 0.010423878791005158,
        "sharpe_ratio_2019_2020_0_5_bps": 2.7988614503613234,
        "downside_risk_2019_2020_0_5_bps": 0.006658287055009458,
        "sortino_ratio_2019_2020_0_5_bps": 4.381756489371107,
        "max_drawdown_2019_2020_0_5_bps": 0.005767007637880769,
        "calmar_ratio_2019_2020_0_5_bps": 5.123505946885025,
        "perc_pos_return_2019_2020_0_5_bps": 0.573076923076923,
        "profit_loss_ratio_2019_2020_0_5_bps": 1.201017275775209,
        "sharpe_ratio_2019_0_5_bps": 2.2471536469517663,
        "annual_return_2019_2020_1_0_bps": 0.02332960861155664,
        "annual_volatility_2019_2020_1_0_bps": 0.010422526038151983,
        "sharpe_ratio_2019_2020_1_0_bps": 2.2179648857080814,
        "downside_risk_2019_2020_1_0_bps": 0.00683548558381599,
        "sortino_ratio_2019_2020_1_0_bps": 3.3818807002872853,
        "max_drawdown_2019_2020_1_0_bps": 0.006246632186836546,
        "calmar_ratio_2019_2020_1_0_bps": 3.7347498482012194,
        "perc_pos_return_2019_2020_1_0_bps": 0.5576923076923077,
        "profit_loss_ratio_2019_2020_1_0_bps": 1.1582475524874876,
        "sharpe_ratio_2019_1_0_bps": 1.7032173026124195,
        "annual_return_2019_2020_1_5_bps": 0.017149309285853676,
        "annual_volatility_2019_2020_1_5_bps": 0.010422314512303061,
        "sharpe_ratio_2019_2020_1_5_bps": 1.6367382709932905,
        "downside_risk_2019_2020_1_5_bps": 0.007017696869643689,
        "sortino_ratio_2019_2020_1_5_bps": 2.4307976465049723,
        "max_drawdown_2019_2020_1_5_bps": 0.0070293348421964505,
        "calmar_ratio_2019_2020_1_5_bps": 2.4396773906555067,
        "perc_pos_return_2019_2020_1_5_bps": 0.5461538461538461,
        "profit_loss_ratio_2019_2020_1_5_bps": 1.0991211833972325,
        "sharpe_ratio_2019_1_5_bps": 1.1583530538597582,
        "annual_return_2019_2020_2_0_bps": 0.011006176069790374,
        "annual_volatility_2019_2020_2_0_bps": 0.010423244282937437,
        "sharpe_ratio_2019_2020_2_0_bps": 1.0553724922516188,
        "downside_risk_2019_2020_2_0_bps": 0.00720492307327183,
        "sortino_ratio_2019_2020_2_0_bps": 1.5267901106452373,
        "max_drawdown_2019_2020_2_0_bps": 0.007811444175628962,
        "calmar_ratio_2019_2020_2_0_bps": 1.4089809543962053,
        "perc_pos_return_2019_2020_2_0_bps": 0.5346153846153846,
        "profit_loss_ratio_2019_2020_2_0_bps": 1.0426857803726708,
        "sharpe_ratio_2019_2_0_bps": 0.6126985328476908,
        "annual_return_2019_2020_2_5_bps": 0.004899986416636359,
        "annual_volatility_2019_2020_2_5_bps": 0.010425315044699178,
        "sharpe_ratio_2019_2020_2_5_bps": 0.47405853316250207,
        "downside_risk_2019_2020_2_5_bps": 0.007397142458195157,
        "sortino_ratio_2019_2020_2_5_bps": 0.6681241554800225,