{
    "ALL": {
        "annual_return_2016_2017": -0.05749853486406242,
        "annual_volatility_2016_2017": 0.041382770992427674,
        "sharpe_ratio_2016_2017": -1.4102047559937292,
        "downside_risk_2016_2017": 0.031218913517863187,
        "sortino_ratio_2016_2017": -1.8693213149883896,
        "max_drawdown_2016_2017": 0.0813268954388402,
        "calmar_ratio_2016_2017": -0.7070051617463096,
        "perc_pos_return_2016_2017": 0.4864864864864865,
        "profit_loss_ratio_2016_2017": 0.8242766618365898,
        "sharpe_ratio_2016": -1.267288563792623,
        "annual_return_2016_2017_0_5_bps": -0.05895476424967383,
        "annual_volatility_2016_2017_0_5_bps": 0.04138456814011727,
        "sharpe_ratio_2016_2017_0_5_bps": -1.4474959718350406,
        "downside_risk_2016_2017_0_5_bps": 0.03127428312348427,
        "sortino_ratio_2016_2017_0_5_bps": -1.915439450440026,
        "max_drawdown_2016_2017_0_5_bps": 0.08259326272037248,
        "calmar_ratio_2016_2017_0_5_bps": -0.7137962868626575,
        "perc_pos_return_2016_2017_0_5_bps": 0.4864864864864865,
        "profit_loss_ratio_2016_2017_0_5_bps": 0.8188533492537045,
        "sharpe_ratio_2016_0_5_bps": -1.3044671907727385,
        "annual_return_2016_2017_1_0_bps": -0.06040875877194585,
        "annual_volatility_2016_2017_1_0_bps": 0.041386525026106825,
        "sharpe_ratio_2016_2017_1_0_bps": -1.4847782182587528,
        "downside_risk_2016_2017_1_0_bps": 0.03132981348180806,
        "sortino_ratio_2016_2017_1_0_bps": -1.9613845107589152,
        "max_drawdown_2016_2017_1_0_bps": 0.08385789800907811,
        "calmar_ratio_2016_2017_1_0_bps": -0.7203705340361172,
        "perc_pos_return_2016_2017_1_0_bps": 0.4826254826254826,
        "profit_loss_ratio_2016_2017_1_0_bps": 0.8261353864434516,
        "sharpe_ratio_2016_1_0_bps": -1.3416375846826485,
        "annual_return_2016_2017_1_5_bps": -0.0618605218376328,
        "annual_volatility_2016_2017_1_5_bps": 0.04138864162773872,
        "sharpe_ratio_2016_2017_1_5_bps": -1.5220510657009838,
        "downside_risk_2016_2017_1_5_bps": 0.031385508871841765,
        "sortino_ratio_2016_2017_1_5_bps": -2.007156434985631,
        "max_drawdown_2016_2017_1_5_bps": 0.08512080365519939,
        "calmar_ratio_2016_2017_1_5_bps": -0.7267379909641419,
        "perc_pos_return_2016_2017_1_5_bps": 0.4826254826254826,
        "profit_loss_ratio_2016_2017_1_5_bps": 0.8207084608257131,
        "sharpe_ratio_2016_1_5_bps": -1.3787993272902328,
        "annual_return_2016_2017_2_0_bps": -0.06331005684832924,
        "annual_volatility_2016_2017_2_0_bps": 0.04139091792051087,
        "sharpe_ratio_2016_2017_2_0_bps": -1.5593140850511216,
        "downside_risk_2016_2017_2_0_bps": 0.031441373005748376,
        "sortino_ratio_2016_2017_2_0_bps": -2.052755180088588,
        "max_drawdown_2016_2017_2_0_bps": 0.08638198200581063,
        "calmar_ratio_2016_2017_2_0_bps": -0.7329081294299382,
        "perc_pos_return_2016_2017_2_0_bps": 0.47876447876447875,
        "profit_loss_ratio_2016_2017_2_0_bps": 0.8280231923157252,
        "sharpe_ratio_2016_2_0_bps": -1.4159520007781075,
        "annual_return_2016_2017_2_5_bps": -0.06475736720047442,
        "annual_volatility_2016_2017_2_5_bps": 0.041393353878078194,
        "sharpe_ratio_2016_2017_2_5_bps": -1.5965668476764512,
        "downside_risk_2016_2017_2_5_bps": 0.03149740518965234,
        "sortino_ratio_2016_2017_2_5_bps": -2.098180980876176,
        "max_drawdown_2016_2017_2_5_bps": 0.0876414354048271,
        "calmar_ratio_2016_2017_2_5_bps": -0.7388898516021764,
        "perc_pos_return_2016_2017_2_5_bps": 0.47876447876447875,
        "profit_loss_ratio_2016_2017_2_5_bps": 0.8225805690645601,
        "sharpe_ratio_2016_2_5_bps": -1.453095187767047,
        "annual_return_2016_2017_3_0_bps": -0.06620245628537647,
        "annual_volatility_2016_2017_3_0_bps": 0.041395949472254126,
        "sharpe_ratio_2016_2017_3_0_bps": -1.6338089254467336,
        "downside_risk_2016_2017_3_0_bps": 0.0315536046395936,
        "sortino_ratio_2016_2017_3_0_bps": -2.143434086140654,
        "max_drawdown_2016_2017_3_0_bps": 0.08889916619301237,
        "calmar_ratio_2016_2017_3_0_bps": -0.7446915322202436,
        "perc_pos_return_2016_2017_3_0_bps": 0.47876447876447875,
        "profit_loss_ratio_2016_2017_3_0_bps": 0.8171705128100446,
        "sharpe_ratio_2016_3_0_bps": -1.490228471339358
    },
    "COMB": {
        "annual_return_2016_2017": -0.05749853486406242,
        "annual_volatility_2016_2017": 0.041382770992427674,
        "sharpe_ratio_2016_2017": -1.4102047559937292,
        "downside_risk_2016_2017": 0.031218913517863187,
        "sortino_ratio_2016_2017": -1.8693213149883896,
        "max_drawdown_2016_2017": 0.0813268954388402,
        "calmar_ratio_2016_2017": -0.7070051617463096,
        "perc_pos_return_2016_2017": 0.4864864864864865,
        "profit_loss_ratio_2016_2017": 0.8242766618365898,
        "sharpe_ratio_2016": -1.267288563792623,
        "annual_return_2016_2017_0_5_bps": -0.05895476424967383,
        "annual_volatility_2016_2017_0_5_bps": 0.04138456814011727,
        "sharpe_ratio_2016_2017_0_5_bps": -1.4474959718350406,
        "downside_risk_2016_2017_0_5_bps": 0.03127428312348427,
        "sortino_ratio_2016_2017_0_5_bps": -1.915439450440026,
        "max_drawdown_2016_2017_0_5_bps": 0.08259326272037248,
        "calmar_ratio_2016_2017_0_5_bps": -0.7137962868626575,
        "perc_pos_return_2016_2017_0_5_bps": 0.4864864864864865,
        "profit_loss_ratio_2016_2017_0_5_bps": 0.8188533492537045,
        "sharpe_ratio_2016_0_5_bps": -1.3044671907727385,
        "annual_return_2016_2017_1_0_bps": -0.06040875877194585,
        "annual_volatility_2016_2017_1_0_bps": 0.041386525026106825,
        "sharpe_ratio_2016_2017_1_0_bps": -1.4847782182587528,
        "downside_risk_2016_2017_1_0_bps": 0.03132981348180806,
        "sortino_ratio_2016_2017_1_0_bps": -1.9613845107589152,
        "max_drawdown_2016_2017_1_0_bps": 0.08385789800907811,
        "calmar_ratio_2016_2017_1_0_bps": -0.7203705340361172,
        "perc_pos_return_2016_2017_1_0_bps": 0.4826254826254826,
        "profit_loss_ratio_2016_2017_1_0_bps": 0.8261353864434516,
        "sharpe_ratio_2016_1_0_bps": -1.3416375846826485,
        "annual_return_2016_2017_1_5_bps": -0.0618605218376328,
        "annual_volatility_2016_2017_1_5_bps": 0.04138864162773872,
        "sharpe_ratio_2016_2017_1_5_bps": -1.5220510657009838,
        "downside_risk_2016_2017_1_5_bps": 0.031385508871841765,
        "sortino_ratio_2016_2017_1_5_bps": -2.007156434985631,
        "max_drawdown_2016_2017_1_5_bps": 0.08512080365519939,
        "calmar_ratio_2016_2017_1_5_bps": -0.7267379909641419,
        "perc_pos_return_2016_2017_1_5_bps": 0.4826254826254826,
        "profit_loss_ratio_2016_2017_1_5_bps": 0.8207084608257131,
        "sharpe_ratio_2016_1_5_bps": -1.3787993272902328,
        "annual_return_2016_2017_2_0_bps": -0.06331005684832924,
        "annual_volatility_2016_2017_2_0_bps": 0.04139091792051087,
        "sharpe_ratio_2016_2017_2_0_bps": -1.5593140850511216,
        "downside_risk_2016_2017_2_0_bps": 0.031441373005748376,
        "sortino_ratio_2016_2017_2_0_bps": -2.052755180088588,
        "max_drawdown_2016_2017_2_0_bps": 0.08638198200581063,
        "calmar_ratio_2016_2017_2_0_bps": -0.7329081294299382,
        "perc_pos_return_2016_2017_2_0_bps": 0.47876447876447875,
        "profit_loss_ratio_2016_2017_2_0_bps": 0.8280231923157252,
        "sharpe_ratio_2016_2_0_bps": -1.4159520007781075,
        "annual_return_2016_2017_2_5_bps": -0.06475736720047442,
        "annual_volatility_2016_2017_2_5_bps": 0.041393353878078194,
        "sharpe_ratio_2016_2017_2_5_bps": -1.5965668476764512,
        "downside_risk_2016_2017_2_5_bps": 0.03149740518965234,
        "sortino_ratio_2016_2017_2_5_bps": -2.098180980876176,
        "max_drawdown_2016_2017_2_5_bps": 0.0876414354048271,