{
    "ALL": {
        "performance_sw": 1.0861193054974145,
        "performance_fw": 0.9220044865269393,
        "val_loss": 3.6006887693330607,
        "annual_return_2018_2019": 0.012355862470653678,
        "annual_volatility_2018_2019": 0.011365983196506295,
        "sharpe_ratio_2018_2019": 1.0861193054974145,
        "downside_risk_2018_2019": 0.008129459511356017,
        "sortino_ratio_2018_2019": 1.5185282316050985,
        "max_drawdown_2018_2019": 0.011844246189652121,
        "calmar_ratio_2018_2019": 1.0431953433599293,
        "perc_pos_return_2018_2019": 0.5692307692307692,
        "profit_loss_ratio_2018_2019": 0.9170767078109199,
        "sharpe_ratio_2018": 0.660073128311471,
        "annual_return_2018_2019_0_5_bps": 0.0065019829023909015,
        "annual_volatility_2018_2019_0_5_bps": 0.011367396653967554,
        "sharpe_ratio_2018_2019_0_5_bps": 0.5758046488289993,
        "downside_risk_2018_2019_0_5_bps": 0.008299532258484796,
        "sortino_ratio_2018_2019_0_5_bps": 0.7886468338919004,
        "max_drawdown_2018_2019_0_5_bps": 0.012533638644019221,
        "calmar_ratio_2018_2019_0_5_bps": 0.5187625945713303,
        "perc_pos_return_2018_2019_0_5_bps": 0.5538461538461539,
        "profit_loss_ratio_2018_2019_0_5_bps": 0.8922723903759842,
        "sharpe_ratio_2018_0_5_bps": 0.19183232743426637,
        "annual_return_2018_2019_1_0_bps": 0.0006818124545031612,
        "annual_volatility_2018_2019_1_0_bps": 0.01136942696058308,
        "sharpe_ratio_2018_2019_1_0_bps": 0.06561332455690405,
        "downside_risk_2018_2019_1_0_bps": 0.008473575129105026,
        "sortino_ratio_2018_2019_1_0_bps": 0.08803673653974477,
        "max_drawdown_2018_2019_1_0_bps": 0.01322256778854062,
        "calmar_ratio_2018_2019_1_0_bps": 0.05156430017277402,
        "perc_pos_return_2018_2019_1_0_bps": 0.5192307692307693,
        "profit_loss_ratio_2018_2019_1_0_bps": 0.9368128024045594,
        "sharpe_ratio_2018_1_0_bps": -0.27642183490021444,
        "annual_return_2018_2019_1_5_bps": -0.005104842175310931,
        "annual_volatility_2018_2019_1_5_bps": 0.011372073785966453,
        "sharpe_ratio_2018_2019_1_5_bps": -0.44437172420498483,
        "downside_risk_2018_2019_1_5_bps": 0.00865179841875709,
        "sortino_ratio_2018_2019_1_5_bps": -0.5840898957031171,
        "max_drawdown_2018_2019_1_5_bps": 0.015120214945838263,
        "calmar_ratio_2018_2019_1_5_bps": -0.3376170374294847,
        "perc_pos_return_2018_2019_1_5_bps": 0.49230769230769234,
        "profit_loss_ratio_2018_2019_1_5_bps": 0.9526360851722948,
        "sharpe_ratio_2018_1_5_bps": -0.7446358661910262,
        "annual_return_2018_2019_2_0_bps": -0.010858173185507414,
        "annual_volatility_2018_2019_2_0_bps": 0.011375336699760971,
        "sharpe_ratio_2018_2019_2_0_bps": -0.954067757267461,
        "downside_risk_2018_2019_2_0_bps": 0.00883460303872162,
        "sortino_ratio_2018_2019_2_0_bps": -1.2284470423555796,
        "max_drawdown_2018_2019_2_0_bps": 0.01754195543329529,
        "calmar_ratio_2018_2019_2_0_bps": -0.6189830561818778,
        "perc_pos_return_2018_2019_2_0_bps": 0.4653846153846154,
        "profit_loss_ratio_2018_2019_2_0_bps": 0.9689946384569637,
        "sharpe_ratio_2018_2_0_bps": -1.2127562978327042,
        "annual_return_2018_2019_2_5_bps": -0.016578371676983172,
        "annual_volatility_2018_2019_2_5_bps": 0.011379215171988956,
        "sharpe_ratio_2018_2019_2_5_bps": -1.463392304202255,
        "downside_risk_2018_2019_2_5_bps": 0.009022155137108695,
        "sortino_ratio_2018_2019_2_5_bps": -1.8457071129334046,
        "max_drawdown_2018_2019_2_5_bps": 0.021511113252470605,
        "calmar_ratio_2018_2019_2_5_bps": -0.7706886892559642,
        "perc_pos_return_2018_2019_2_5_bps": 0.4576923076923077,
        "profit_loss_ratio_2018_2019_2_5_bps": 0.9127315634927298,
        "sharpe_ratio_2018_2_5_bps": -1.6807297156325256,
        "annual_return_2018_2019_3_0_bps": -0.022265627659325493,
        "annual_volatility_2018_2019_3_0_bps": 0.011383708573481217,
        "sharpe_ratio_2018_2019_3_0_bps": -1.9722632306398966,
        "downside_risk_2018_2019_3_0_bps": 0.009214413695133435,
        "sortino_ratio_2018_2019_3_0_bps": -2.4365814896779527,
        "max_drawdown_2018_2019_3_0_bps": 0.026033395119453167,
        "calmar_ratio_2018_2019_3_0_bps": -0.8552717598745985,
        "perc_pos_return_2018_2019_3_0_bps": 0.4269230769230769,
        "profit_loss_ratio_2018_2019_3_0_bps": 0.9446901329738122,
        "sharpe_ratio_2018_3_0_bps": -2.1485027902547613
    },
    "COMB": {
        "annual_return_2018_2019": 0.012355862470653678,
        "annual_volatility_2018_2019": 0.011365983196506295,
        "sharpe_ratio_2018_2019": 1.0861193054974145,
        "downside_risk_2018_2019": 0.008129459511356017,
        "sortino_ratio_2018_2019": 1.5185282316050985,
        "max_drawdown_2018_2019": 0.011844246189652121,
        "calmar_ratio_2018_2019": 1.0431953433599293,
        "perc_pos_return_2018_2019": 0.5692307692307692,
        "profit_loss_ratio_2018_2019": 0.9170767078109199,
        "sharpe_ratio_2018": 0.660073128311471,
        "annual_return_2018_2019_0_5_bps": 0.0065019829023909015,
        "annual_volatility_2018_2019_0_5_bps": 0.011367396653967554,
        "sharpe_ratio_2018_2019_0_5_bps": 0.5758046488289993,
        "downside_risk_2018_2019_0_5_bps": 0.008299532258484796,
        "sortino_ratio_2018_2019_0_5_bps": 0.7886468338919004,
        "max_drawdown_2018_2019_0_5_bps": 0.012533638644019221,
        "calmar_ratio_2018_2019_0_5_bps": 0.5187625945713303,
        "perc_pos_return_2018_2019_0_5_bps": 0.5538461538461539,
        "profit_loss_ratio_2018_2019_0_5_bps": 0.8922723903759842,
        "sharpe_ratio_2018_0_5_bps": 0.19183232743426637,
        "annual_return_2018_2019_1_0_bps": 0.0006818124545031612,
        "annual_volatility_2018_2019_1_0_bps": 0.01136942696058308,
        "sharpe_ratio_2018_2019_1_0_bps": 0.06561332455690405,
        "downside_risk_2018_2019_1_0_bps": 0.008473575129105026,
        "sortino_ratio_2018_2019_1_0_bps": 0.08803673653974477,
        "max_drawdown_2018_2019_1_0_bps": 0.01322256778854062,
        "calmar_ratio_2018_2019_1_0_bps": 0.05156430017277402,
        "perc_pos_return_2018_2019_1_0_bps": 0.5192307692307693,
        "profit_loss_ratio_2018_2019_1_0_bps": 0.9368128024045594,
        "sharpe_ratio_2018_1_0_bps": -0.27642183490021444,
        "annual_return_2018_2019_1_5_bps": -0.005104842175310931,
        "annual_volatility_2018_2019_1_5_bps": 0.011372073785966453,
        "sharpe_ratio_2018_2019_1_5_bps": -0.44437172420498483,
        "downside_risk_2018_2019_1_5_bps": 0.00865179841875709,
        "sortino_ratio_2018_2019_1_5_bps": -0.5840898957031171,
        "max_drawdown_2018_2019_1_5_bps": 0.015120214945838263,
        "calmar_ratio_2018_2019_1_5_bps": -0.3376170374294847,
        "perc_pos_return_2018_2019_1_5_bps": 0.49230769230769234,
        "profit_loss_ratio_2018_2019_1_5_bps": 0.9526360851722948,
        "sharpe_ratio_2018_1_5_bps": -0.7446358661910262,
        "annual_return_2018_2019_2_0_bps": -0.010858173185507414,
        "annual_volatility_2018_2019_2_0_bps": 0.011375336699760971,
        "sharpe_ratio_2018_2019_2_0_bps": -0.954067757267461,
        "downside_risk_2018_2019_2_0_bps": 0.00883460303872162,
        "sortino_ratio_2018_2019_2_0_bps": -1.2284470423555796,
        "max_drawdown_2018_2019_2_0_bps": 0.01754195543329529,
        "calmar_ratio_2018_2019_2_0_bps": -0.6189830561818778,
        "perc_pos_return_2018_2019_2_0_bps": 0.4653846153846154,
        "profit_loss_ratio_2018_2019_2_0_bps": 0.9689946384569637,
        "sharpe_ratio_2018_2_0_bps": -1.2127562978327042,
        "annual_return_2018_2019_2_5_bps": -0.016578371676983172,
        "annual_volatility_2018_2019_2_5_bps": 0.011379215171988956,
        "sharpe_ratio_2018_2019_2_5_bps": -1.463392304202255,
        "downside_risk_2018_2019_2_5_bps": 0.009022155137108695,