{
    "ALL": {
        "performance_sw": 1.5176698362728824,
        "performance_fw": 1.903888583396338,
        "val_loss": 4.262580869437569,
        "annual_return_2021_2022": 0.0367895842043795,
        "annual_volatility_2021_2022": 0.01988909698092291,
        "sharpe_ratio_2021_2022": 1.8265159306890935,
        "downside_risk_2021_2022": 0.011949887022832893,
        "sortino_ratio_2021_2022": 3.0400080279641037,
        "max_drawdown_2021_2022": 0.010747292672773197,
        "calmar_ratio_2021_2022": 3.423149003616595,
        "perc_pos_return_2021_2022": 0.5452054794520548,
        "profit_loss_ratio_2021_2022": 1.1651044350122095,
        "sharpe_ratio_2021": 1.5176698362728824,
        "annual_return_2021_2022_0_5_bps": 0.03640443589037079,
        "annual_volatility_2021_2022_0_5_bps": 0.019889174623692697,
        "sharpe_ratio_2021_2022_0_5_bps": 1.8078259999620245,
        "downside_risk_2021_2022_0_5_bps": 0.011958215033836601,
        "sortino_ratio_2021_2022_0_5_bps": 3.0068172298922624,
        "max_drawdown_2021_2022_0_5_bps": 0.010780383445355224,
        "calmar_ratio_2021_2022_0_5_bps": 3.376914752142309,
        "perc_pos_return_2021_2022_0_5_bps": 0.5452054794520548,
        "profit_loss_ratio_2021_2022_0_5_bps": 1.1611054149027018,
        "sharpe_ratio_2021_0_5_bps": 1.5021401912093428,
        "annual_return_2021_2022_1_0_bps": 0.036019430188407364,
        "annual_volatility_2021_2022_1_0_bps": 0.01988925575147159,
        "sharpe_ratio_2021_2022_1_0_bps": 1.7891359016630985,
        "downside_risk_2021_2022_1_0_bps": 0.011966555274911018,
        "sortino_ratio_2021_2022_1_0_bps": 2.9736695903560015,
        "max_drawdown_2021_2022_1_0_bps": 0.010813473143261294,
        "calmar_ratio_2021_2022_1_0_bps": 3.330976986876214,
        "perc_pos_return_2021_2022_1_0_bps": 0.5452054794520548,
        "profit_loss_ratio_2021_2022_1_0_bps": 1.157121359357298,
        "sharpe_ratio_2021_1_0_bps": 1.486610406908719,
        "annual_return_2021_2022_1_5_bps": 0.03563456704583756,
        "annual_volatility_2021_2022_1_5_bps": 0.01988934036421695,
        "sharpe_ratio_2021_2022_1_5_bps": 1.7704456456227957,
        "downside_risk_2021_2022_1_5_bps": 0.011974907720502274,
        "sortino_ratio_2021_2022_1_5_bps": 2.940565127015496,
        "max_drawdown_2021_2022_1_5_bps": 0.01084656176653075,
        "calmar_ratio_2021_2022_1_5_bps": 3.285332975818678,
        "perc_pos_return_2021_2022_1_5_bps": 0.5452054794520548,
        "profit_loss_ratio_2021_2022_1_5_bps": 1.1531521845354713,
        "sharpe_ratio_2021_1_5_bps": 1.471080491539252,
        "annual_return_2021_2022_2_0_bps": 0.03524984641006235,
        "annual_volatility_2021_2022_2_0_bps": 0.019889428461884292,
        "sharpe_ratio_2021_2022_2_0_bps": 1.7517552416716002,
        "downside_risk_2021_2022_2_0_bps": 0.011983272345090407,
        "sortino_ratio_2021_2022_2_0_bps": 2.907503856927093,
        "max_drawdown_2021_2022_2_0_bps": 0.010879649315189144,
        "calmar_ratio_2021_2022_2_0_bps": 3.239980020389979,
        "perc_pos_return_2021_2022_2_0_bps": 0.5452054794520548,
        "profit_loss_ratio_2021_2022_2_0_bps": 1.1491978072218292,
        "sharpe_ratio_2021_2_0_bps": 1.4555504532691872,
        "annual_return_2021_2022_2_5_bps": 0.03486526822847269,
        "annual_volatility_2021_2022_2_5_bps": 0.019889520044427317,
        "sharpe_ratio_2021_2022_2_5_bps": 1.733064699639973,
        "downside_risk_2021_2022_2_5_bps": 0.011991649318183152,
        "sortino_ratio_2021_2022_2_5_bps": 2.8744857498051952,
        "max_drawdown_2021_2022_2_5_bps": 0.01091273578927734,
        "calmar_ratio_2021_2022_2_5_bps": 3.19491545490643,
        "perc_pos_return_2021_2022_2_5_bps": 0.5424657534246575,
        "profit_loss_ratio_2021_2022_2_5_bps": 1.1579689074429964,
        "sharpe_ratio_2021_2_5_bps": 1.4400203002667495,
        "annual_return_2021_2022_3_0_bps": 0.03448083244849798,
        "annual_volatility_2021_2022_3_0_bps": 0.019889615111797876,
        "sharpe_ratio_2021_2022_3_0_bps": 1.7143740293583256,
        "downside_risk_2021_2022_3_0_bps": 0.012000039131332987,
        "sortino_ratio_2021_2022_3_0_bps": 2.84151070079148,
        "max_drawdown_2021_2022_3_0_bps": 0.010945821188825857,
        "calmar_ratio_2021_2022_3_0_bps": 3.1501366460926707,
        "perc_pos_return_2021_2022_3_0_bps": 0.5424657534246575,
        "profit_loss_ratio_2021_2022_3_0_bps": 1.1539904023969705,
        "sharpe_ratio_2021_3_0_bps": 1.4244900407001242
    },
    "COMB": {
        "annual_return_2021_2022": 0.0367895842043795,
        "annual_volatility_2021_2022": 0.01988909698092291,
        "sharpe_ratio_2021_2022": 1.8265159306890935,
        "downside_risk_2021_2022": 0.011949887022832893,
        "sortino_ratio_2021_2022": 3.0400080279641037,
        "max_drawdown_2021_2022": 0.010747292672773197,
        "calmar_ratio_2021_2022": 3.423149003616595,
        "perc_pos_return_2021_2022": 0.5452054794520548,
        "profit_loss_ratio_2021_2022": 1.1651044350122095,
        "sharpe_ratio_2021": 1.5176698362728824,
        "annual_return_2021_2022_0_5_bps": 0.03640443589037079,
        "annual_volatility_2021_2022_0_5_bps": 0.019889174623692697,
        "sharpe_ratio_2021_2022_0_5_bps": 1.8078259999620245,
        "downside_risk_2021_2022_0_5_bps": 0.011958215033836601,
        "sortino_ratio_2021_2022_0_5_bps": 3.0068172298922624,
        "max_drawdown_2021_2022_0_5_bps": 0.010780383445355224,
        "calmar_ratio_2021_2022_0_5_bps": 3.376914752142309,
        "perc_pos_return_2021_2022_0_5_bps": 0.5452054794520548,
        "profit_loss_ratio_2021_2022_0_5_bps": 1.1611054149027018,
        "sharpe_ratio_2021_0_5_bps": 1.5021401912093428,
        "annual_return_2021_2022_1_0_bps": 0.036019430188407364,
        "annual_volatility_2021_2022_1_0_bps": 0.01988925575147159,
        "sharpe_ratio_2021_2022_1_0_bps": 1.7891359016630985,
        "downside_risk_2021_2022_1_0_bps": 0.011966555274911018,
        "sortino_ratio_2021_2022_1_0_bps": 2.9736695903560015,
        "max_drawdown_2021_2022_1_0_bps": 0.010813473143261294,
        "calmar_ratio_2021_2022_1_0_bps": 3.330976986876214,
        "perc_pos_return_2021_2022_1_0_bps": 0.5452054794520548,
        "profit_loss_ratio_2021_2022_1_0_bps": 1.157121359357298,
        "sharpe_ratio_2021_1_0_bps": 1.486610406908719,
        "annual_return_2021_2022_1_5_bps": 0.03563456704583756,
        "annual_volatility_2021_2022_1_5_bps": 0.01988934036421695,
        "sharpe_ratio_2021_2022_1_5_bps": 1.7704456456227957,
        "downside_risk_2021_2022_1_5_bps": 0.011974907720502274,
        "sortino_ratio_2021_2022_1_5_bps": 2.940565127015496,
        "max_drawdown_2021_2022_1_5_bps": 0.01084656176653075,
        "calmar_ratio_2021_2022_1_5_bps": 3.285332975818678,
        "perc_pos_return_2021_2022_1_5_bps": 0.5452054794520548,
        "profit_loss_ratio_2021_2022_1_5_bps": 1.1531521845354713,
        "sharpe_ratio_2021_1_5_bps": 1.471080491539252,
        "annual_return_2021_2022_2_0_bps": 0.03524984641006235,
        "annual_volatility_2021_2022_2_0_bps": 0.019889428461884292,
        "sharpe_ratio_2021_2022_2_0_bps": 1.7517552416716002,
        "downside_risk_2021_2022_2_0_bps": 0.011983272345090407,
        "sortino_ratio_2021_2022_2_0_bps": 2.907503856927093,
        "max_drawdown_2021_2022_2_0_bps": 0.010879649315189144,
        "calmar_ratio_2021_2022_2_0_bps": 3.239980020389979,
        "perc_pos_return_2021_2022_2_0_bps": 0.5452054794520548,
        "profit_loss_ratio_2021_2022_2_0_bps": 1.1491978072218292,
        "sharpe_ratio_2021_2_0_bps": 1.4555504532691872,
        "annual_return_2021_2022_2_5_bps": 0.03486526822847269,
        "annual_volatility_2021_2022_2_5_bps": 0.019889520044427317,
        "sharpe_ratio_2021_2022_2_5_bps": 1.733064699639973,
        "downside_risk_2021_2022_2_5_bps": 0.011991649318183152,
        "sortino_ratio_2021_2022_2_5_bps": 2.8744857498051952,