{
    "ALL": {
        "annual_return_2016_2017": 0.03897280493332822,
        "annual_volatility_2016_2017": 0.043863690213511546,
        "sharpe_ratio_2016_2017": 0.8935362626652553,
        "downside_risk_2016_2017": 0.029813408333359086,
        "sortino_ratio_2016_2017": 1.3146366018216227,
        "max_drawdown_2016_2017": 0.030290991988204608,
        "calmar_ratio_2016_2017": 1.2866136886010313,
        "perc_pos_return_2016_2017": 0.525096525096525,
        "profit_loss_ratio_2016_2017": 1.0444938556089076,
        "sharpe_ratio_2016": 0.849410981921311,
        "annual_return_2016_2017_0_5_bps": 0.0386659785926573,
        "annual_volatility_2016_2017_0_5_bps": 0.043866415850359955,
        "sharpe_ratio_2016_2017_0_5_bps": 0.88674929441226,
        "downside_risk_2016_2017_0_5_bps": 0.029826552063803635,
        "sortino_ratio_2016_2017_0_5_bps": 1.3041572227487608,
        "max_drawdown_2016_2017_0_5_bps": 0.03030134887922287,
        "calmar_ratio_2016_2017_0_5_bps": 1.2760480976201662,
        "perc_pos_return_2016_2017_0_5_bps": 0.5212355212355212,
        "profit_loss_ratio_2016_2017_0_5_bps": 1.0596289514964445,
        "sharpe_ratio_2016_0_5_bps": 0.8425927129091543,
        "annual_return_2016_2017_1_0_bps": 0.038359242223432455,
        "annual_volatility_2016_2017_1_0_bps": 0.04386914744189579,
        "sharpe_ratio_2016_2017_1_0_bps": 0.8799630500785286,
        "downside_risk_2016_2017_1_0_bps": 0.02983970353506837,
        "sortino_ratio_2016_2017_1_0_bps": 1.2936867399485994,
        "max_drawdown_2016_2017_1_0_bps": 0.030311705670694238,
        "calmar_ratio_2016_2017_1_0_bps": 1.2654926990967283,
        "perc_pos_return_2016_2017_1_0_bps": 0.5212355212355212,
        "profit_loss_ratio_2016_2017_1_0_bps": 1.0584732758135298,
        "sharpe_ratio_2016_1_0_bps": 0.8357751814477832,
        "annual_return_2016_2017_1_5_bps": 0.038052595799455524,
        "annual_volatility_2016_2017_1_5_bps": 0.04387188498700679,
        "sharpe_ratio_2016_2017_1_5_bps": 0.8731775323142491,
        "downside_risk_2016_2017_1_5_bps": 0.029852862748139083,
        "sortino_ratio_2016_2017_1_5_bps": 1.2832251497661515,
        "max_drawdown_2016_2017_1_5_bps": 0.03032206236261928,
        "calmar_ratio_2016_2017_1_5_bps": 1.2549474816187427,
        "perc_pos_return_2016_2017_1_5_bps": 0.5212355212355212,
        "profit_loss_ratio_2016_2017_1_5_bps": 1.057318993716618,
        "sharpe_ratio_2016_1_5_bps": 0.8289583901318335,
        "annual_return_2016_2017_2_0_bps": 0.037746039294532574,
        "annual_volatility_2016_2017_2_0_bps": 0.04387462848457853,
        "sharpe_ratio_2016_2017_2_0_bps": 0.8663927437677112,
        "downside_risk_2016_2017_2_0_bps": 0.029866029692782466,
        "sortino_ratio_2016_2017_2_0_bps": 1.272772449018533,
        "max_drawdown_2016_2017_2_0_bps": 0.03033241895499856,
        "calmar_ratio_2016_2017_2_0_bps": 1.2444124337901612,
        "perc_pos_return_2016_2017_2_0_bps": 0.5212355212355212,
        "profit_loss_ratio_2016_2017_2_0_bps": 1.0561661026865183,
        "sharpe_ratio_2016_2_0_bps": 0.8221423415540662,
        "annual_return_2016_2017_2_5_bps": 0.03743957268247544,
        "annual_volatility_2016_2017_2_5_bps": 0.04387737793349445,
        "sharpe_ratio_2016_2017_2_5_bps": 0.8596086870853025,
        "downside_risk_2016_2017_2_5_bps": 0.02987920435877725,
        "sortino_ratio_2016_2017_2_5_bps": 1.2623286344998343,
        "max_drawdown_2016_2017_2_5_bps": 0.030342775447833217,
        "calmar_ratio_2016_2017_2_5_bps": 1.2338875442308626,
        "perc_pos_return_2016_2017_2_5_bps": 0.5212355212355212,
        "profit_loss_ratio_2016_2017_2_5_bps": 1.055014600210108,
        "sharpe_ratio_2016_2_5_bps": 0.8153270383053636,
        "annual_return_2016_2017_3_0_bps": 0.037133195937116836,
        "annual_volatility_2016_2017_3_0_bps": 0.043880133332635865,
        "sharpe_ratio_2016_2017_3_0_bps": 0.8528253649115037,
        "downside_risk_2016_2017_3_0_bps": 0.029892386735914187,
        "sortino_ratio_2016_2017_3_0_bps": 1.25189370298123,
        "max_drawdown_2016_2017_3_0_bps": 0.030353131841124252,
        "calmar_ratio_2016_2017_3_0_bps": 1.2233728015771521,
        "perc_pos_return_2016_2017_3_0_bps": 0.5212355212355212,
        "profit_loss_ratio_2016_2017_3_0_bps": 1.053864483780315,
        "sharpe_ratio_2016_3_0_bps": 0.8085124829747257
    },
    "COMB": {
        "annual_return_2016_2017": 0.03897280493332822,
        "annual_volatility_2016_2017": 0.043863690213511546,
        "sharpe_ratio_2016_2017": 0.8935362626652553,
        "downside_risk_2016_2017": 0.029813408333359086,
        "sortino_ratio_2016_2017": 1.3146366018216227,
        "max_drawdown_2016_2017": 0.030290991988204608,
        "calmar_ratio_2016_2017": 1.2866136886010313,
        "perc_pos_return_2016_2017": 0.525096525096525,
        "profit_loss_ratio_2016_2017": 1.0444938556089076,
        "sharpe_ratio_2016": 0.849410981921311,
        "annual_return_2016_2017_0_5_bps": 0.0386659785926573,
        "annual_volatility_2016_2017_0_5_bps": 0.043866415850359955,
        "sharpe_ratio_2016_2017_0_5_bps": 0.88674929441226,
        "downside_risk_2016_2017_0_5_bps": 0.029826552063803635,
        "sortino_ratio_2016_2017_0_5_bps": 1.3041572227487608,
        "max_drawdown_2016_2017_0_5_bps": 0.03030134887922287,
        "calmar_ratio_2016_2017_0_5_bps": 1.2760480976201662,
        "perc_pos_return_2016_2017_0_5_bps": 0.5212355212355212,
        "profit_loss_ratio_2016_2017_0_5_bps": 1.0596289514964445,
        "sharpe_ratio_2016_0_5_bps": 0.8425927129091543,
        "annual_return_2016_2017_1_0_bps": 0.038359242223432455,
        "annual_volatility_2016_2017_1_0_bps": 0.04386914744189579,
        "sharpe_ratio_2016_2017_1_0_bps": 0.8799630500785286,
        "downside_risk_2016_2017_1_0_bps": 0.02983970353506837,
        "sortino_ratio_2016_2017_1_0_bps": 1.2936867399485994,
        "max_drawdown_2016_2017_1_0_bps": 0.030311705670694238,
        "calmar_ratio_2016_2017_1_0_bps": 1.2654926990967283,
        "perc_pos_return_2016_2017_1_0_bps": 0.5212355212355212,
        "profit_loss_ratio_2016_2017_1_0_bps": 1.0584732758135298,
        "sharpe_ratio_2016_1_0_bps": 0.8357751814477832,
        "annual_return_2016_2017_1_5_bps": 0.038052595799455524,
        "annual_volatility_2016_2017_1_5_bps": 0.04387188498700679,
        "sharpe_ratio_2016_2017_1_5_bps": 0.8731775323142491,
        "downside_risk_2016_2017_1_5_bps": 0.029852862748139083,
        "sortino_ratio_2016_2017_1_5_bps": 1.2832251497661515,
        "max_drawdown_2016_2017_1_5_bps": 0.03032206236261928,
        "calmar_ratio_2016_2017_1_5_bps": 1.2549474816187427,
        "perc_pos_return_2016_2017_1_5_bps": 0.5212355212355212,
        "profit_loss_ratio_2016_2017_1_5_bps": 1.057318993716618,
        "sharpe_ratio_2016_1_5_bps": 0.8289583901318335,
        "annual_return_2016_2017_2_0_bps": 0.037746039294532574,
        "annual_volatility_2016_2017_2_0_bps": 0.04387462848457853,
        "sharpe_ratio_2016_2017_2_0_bps": 0.8663927437677112,
        "downside_risk_2016_2017_2_0_bps": 0.029866029692782466,
        "sortino_ratio_2016_2017_2_0_bps": 1.272772449018533,
        "max_drawdown_2016_2017_2_0_bps": 0.03033241895499856,
        "calmar_ratio_2016_2017_2_0_bps": 1.2444124337901612,
        "perc_pos_return_2016_2017_2_0_bps": 0.5212355212355212,
        "profit_loss_ratio_2016_2017_2_0_bps": 1.0561661026865183,
        "sharpe_ratio_2016_2_0_bps": 0.8221423415540662,
        "annual_return_2016_2017_2_5_bps": 0.03743957268247544,
        "annual_volatility_2016_2017_2_5_bps": 0.04387737793349445,
        "sharpe_ratio_2016_2017_2_5_bps": 0.8596086870853025,
        "downside_risk_2016_2017_2_5_bps": 0.02987920435877725,
        "sortino_ratio_2016_2017_2_5_bps": 1.2623286344998343,
        "max_drawdown_2016_2017_2_5_bps": 0.030342775447833217,
        "calmar_ratio_2016_2017_2_5_bps": 1.2338875442308626,