{
    "ALL": {
        "annual_return": 0.0178023807686698,
        "annual_volatility": 0.012104058655379802,
        "sharpe_ratio": 1.7044826719626105,
        "downside_risk": 0.0083187723214274,
        "sortino_ratio": 2.722135122920418,
        "max_drawdown": 0.011864659430401802,
        "calmar_ratio": 3.07466737456792,
        "perc_pos_return": 0.5697152480873408,
        "profit_loss_ratio": 1.0501193241856848,
        "annual_return_0_5_bps": 0.0121210463496028,
        "annual_volatility_0_5_bps": 0.012104489360422202,
        "sharpe_ratio_0_5_bps": 1.2012147111893061,
        "downside_risk_0_5_bps": 0.0084793688290524,
        "sortino_ratio_0_5_bps": 1.8838047368275492,
        "max_drawdown_0_5_bps": 0.0125454742402024,
        "calmar_ratio_0_5_bps": 2.0411839090018637,
        "perc_pos_return_0_5_bps": 0.5566234519722888,
        "profit_loss_ratio_0_5_bps": 1.0060600581574366,
        "annual_return_1_0_bps": 0.006471992285486401,
        "annual_volatility_1_0_bps": 0.012105714980494401,
        "sharpe_ratio_1_0_bps": 0.6979734084973568,
        "downside_risk_1_0_bps": 0.008643987542584601,
        "sortino_ratio_1_0_bps": 1.087092489048388,
        "max_drawdown_1_0_bps": 0.013542575644752402,
        "calmar_ratio_1_0_bps": 1.1198421245072245,
        "perc_pos_return_1_0_bps": 0.5365847268172844,
        "profit_loss_ratio_1_0_bps": 0.995577760376103,
        "annual_return_1_5_bps": 0.0008550324739832,
        "annual_volatility_1_5_bps": 0.012107735133813401,
        "sharpe_ratio_1_5_bps": 0.19487147394669863,
        "downside_risk_1_5_bps": 0.0088127160146086,
        "sortino_ratio_1_5_bps": 0.3301503554802384,
        "max_drawdown_1_5_bps": 0.0150978530344086,
        "calmar_ratio_1_5_bps": 0.3908153559067322,
        "perc_pos_return_1_5_bps": 0.5204070745931209,
        "profit_loss_ratio_1_5_bps": 0.9638671630857972,
        "annual_return_2_0_bps": -0.004730018101858401,
        "annual_volatility_2_0_bps": 0.012110549268438001,
        "sharpe_ratio_2_0_bps": -0.30797866848271005,
        "downside_risk_2_0_bps": 0.0089855576225054,
        "sortino_ratio_2_0_bps": -0.3887956711014306,
        "max_drawdown_2_0_bps": 0.0168770078217668,
        "calmar_ratio_2_0_bps": -0.1638443637937784,
        "perc_pos_return_2_0_bps": 0.5088537400165303,
        "profit_loss_ratio_2_0_bps": 0.9214616268574801,
        "annual_return_2_5_bps": -0.010283343379997801,
        "annual_volatility_2_5_bps": 0.012114156662964401,
        "sharpe_ratio_2_5_bps": -0.8104650137126785,
        "downside_risk_2_5_bps": 0.009162490165426801,
        "sortino_ratio_2_5_bps": -1.0715121153745095,
        "max_drawdown_2_5_bps": 0.0192199269665568,
        "calmar_ratio_2_5_bps": -0.548530268227664,
        "perc_pos_return_2_5_bps": 0.4888149918382473,
        "profit_loss_ratio_2_5_bps": 0.9077729034773883,
        "annual_return_3_0_bps": -0.0158051262257436,
        "annual_volatility_3_0_bps": 0.012118556427410002,
        "sharpe_ratio_3_0_bps": -1.3124761070169404,
        "downside_risk_3_0_bps": 0.009343566875050802,
        "sortino_ratio_3_0_bps": -1.7197140177860117,
        "max_drawdown_3_0_bps": 0.0228511677632946,
        "calmar_ratio_3_0_bps": -0.7294381834060469,
        "perc_pos_return_3_0_bps": 0.47262838355861564,
        "profit_loss_ratio_3_0_bps": 0.8829196105065839,
        "annual_return_rescaled": 0.23317357116497597,
        "annual_volatility_rescaled": 0.15000000000000668,
        "downside_risk_rescaled": 0.10309069740500539,
        "max_drawdown_rescaled": 0.1306763748542571,
        "annual_return_rescaled_0_5_bps": 0.15054702110219415,
        "annual_volatility_rescaled_0_5_bps": 0.15000000000000413,
        "downside_risk_rescaled_0_5_bps": 0.10507715662229047,
        "max_drawdown_rescaled_0_5_bps": 0.13783174074371743,
        "annual_return_rescaled_1_0_bps": 0.07354652648433105,
        "annual_volatility_rescaled_1_0_bps": 0.1500000000000067,
        "downside_risk_rescaled_1_0_bps": 0.10710628273314948,
        "max_drawdown_rescaled_1_0_bps": 0.14878112066648003,
        "annual_return_rescaled_1_5_bps": 0.001797474712746494,
        "annual_volatility_rescaled_1_5_bps": 0.15000000000000582,
        "downside_risk_rescaled_1_5_bps": 0.10917875123479315,
        "max_drawdown_rescaled_1_5_bps": 0.16527766317183393,
        "annual_return_rescaled_2_0_bps": -0.06505138513324518,
        "annual_volatility_rescaled_2_0_bps": 0.15000000000000388,
        "downside_risk_rescaled_2_0_bps": 0.11129417943813043,
        "max_drawdown_rescaled_2_0_bps": 0.18374284401648727,
        "annual_return_rescaled_2_5_bps": -0.12732921340573553,
        "annual_volatility_rescaled_2_5_bps": 0.15000000000000113,
        "downside_risk_rescaled_2_5_bps": 0.11345185331933605,
        "max_drawdown_rescaled_2_5_bps": 0.20946364567944512,
        "annual_return_rescaled_3_0_bps": -0.18534430073838054,
        "annual_volatility_rescaled_3_0_bps": 0.1500000000000052,
        "downside_risk_rescaled_3_0_bps": 0.11565197881883182,
        "max_drawdown_rescaled_3_0_bps": 0.24702869692425528,
        "sharpe_ratio_years": 1.7358788450320397,
        "sharpe_ratio_years_0_5_bps": 1.2423057930396832,
        "sharpe_ratio_years_1_0_bps": 0.7487278440237437,
        "sharpe_ratio_years_1_5_bps": 0.255236907926421,
        "sharpe_ratio_years_2_0_bps": -0.23807524137802144,
        "sharpe_ratio_years_2_5_bps": -0.7311170550125966,
        "sharpe_ratio_years_3_0_bps": -1.2237972974904063,
        "sharpe_ratio_years_std": 0.7694475318128242,
        "sharpe_ratio_years_std_0_5_bps": 0.6524409612702262,
        "sharpe_ratio_years_std_1_0_bps": 0.5417257198120206,
        "sharpe_ratio_years_std_1_5_bps": 0.4420245448989946,
        "sharpe_ratio_years_std_2_0_bps": 0.36245059642293675,
        "sharpe_ratio_years_std_2_5_bps": 0.31830234597315493,
        "sharpe_ratio_years_std_3_0_bps": 0.3241608441276725
    },
    "COMB": {
        "annual_return": 0.0178023807686698,
        "annual_volatility": 0.012104058655379802,
        "sharpe_ratio": 1.7044826719626105,
        "downside_risk": 0.0083187723214274,
        "sortino_ratio": 2.722135122920418,
        "max_drawdown": 0.011864659430401802,
        "calmar_ratio": 3.07466737456792,
        "perc_pos_return": 0.5697152480873408,
        "profit_loss_ratio": 1.0501193241856848,
        "annual_return_0_5_bps": 0.0121210463496028,
        "annual_volatility_0_5_bps": 0.012104489360422202,
        "sharpe_ratio_0_5_bps": 1.2012147111893061,
        "downside_risk_0_5_bps": 0.0084793688290524,
        "sortino_ratio_0_5_bps": 1.8838047368275492,
        "max_drawdown_0_5_bps": 0.0125454742402024,
        "calmar_ratio_0_5_bps": 2.0411839090018637,
        "perc_pos_return_0_5_bps": 0.5566234519722888,
        "profit_loss_ratio_0_5_bps": 1.0060600581574366,
        "annual_return_1_0_bps": 0.006471992285486401,
        "annual_volatility_1_0_bps": 0.012105714980494401,
        "sharpe_ratio_1_0_bps": 0.6979734084973568,
        "downside_risk_1_0_bps": 0.008643987542584601,
        "sortino_ratio_1_0_bps": 1.087092489048388,
        "max_drawdown_1_0_bps": 0.013542575644752402,
        "calmar_ratio_1_0_bps": 1.1198421245072245,
        "perc_pos_return_1_0_bps": 0.5365847268172844,
        "profit_loss_ratio_1_0_bps": 0.995577760376103,
        "annual_return_1_5_bps": 0.0008550324739832,
        "annual_volatility_1_5_bps": 0.012107735133813401,
        "sharpe_ratio_1_5_bps": 0.19487147394669863,
        "downside_risk_1_5_bps": 0.0088127160146086,
        "sortino_ratio_1_5_bps": 0.3301503554802384,
        "max_drawdown_1_5_bps": 0.0150978530344086,
        "calmar_ratio_1_5_bps": 0.3908153559067322,
        "perc_pos_return_1_5_bps": 0.5204070745931209,
        "profit_loss_ratio_1_5_bps": 0.9638671630857972,
        "annual_return_2_0_bps": -0.004730018101858401,
        "annual_volatility_2_0_bps": 0.012110549268438001,