{
    "ALL": {
        "annual_return": 0.029021443027888606,
        "annual_volatility": 0.0107582168100564,
        "sharpe_ratio": 2.661960896848488,
        "downside_risk": 0.0067878757911762014,
        "sortino_ratio": 4.298959605237966,
        "max_drawdown": 0.0065445762405824,
        "calmar_ratio": 4.938894322496263,
        "perc_pos_return": 0.5743513997002363,
        "profit_loss_ratio": 1.1754524573826155,
        "annual_return_0_5_bps": 0.0224396793470178,
        "annual_volatility_0_5_bps": 0.010762858779772802,
        "sharpe_ratio_0_5_bps": 2.0654113753228396,
        "downside_risk_0_5_bps": 0.006983763776780201,
        "sortino_ratio_0_5_bps": 3.241386608682499,
        "max_drawdown_0_5_bps": 0.007198779951532,
        "calmar_ratio_0_5_bps": 3.4223182545523736,
        "perc_pos_return_0_5_bps": 0.5604694907020484,
        "profit_loss_ratio_0_5_bps": 1.1243100705292712,
        "annual_return_1_0_bps": 0.0159023526500358,
        "annual_volatility_1_0_bps": 0.010768763193682201,
        "sharpe_ratio_1_0_bps": 1.4692355574551073,
        "downside_risk_1_0_bps": 0.0071854916553482,
        "sortino_ratio_1_0_bps": 2.244709583505039,
        "max_drawdown_1_0_bps": 0.0079494579352432,
        "calmar_ratio_1_0_bps": 2.1659508278006756,
        "perc_pos_return_1_0_bps": 0.5419602940533169,
        "profit_loss_ratio_1_0_bps": 1.0937455982622228,
        "annual_return_1_5_bps": 0.009409145159933402,
        "annual_volatility_1_5_bps": 0.0107759277294164,
        "sharpe_ratio_1_5_bps": 0.8736371567282246,
        "downside_risk_1_5_bps": 0.007393015685851201,
        "sortino_ratio_1_5_bps": 1.3056485106996853,
        "max_drawdown_1_5_bps": 0.009254636176545601,
        "calmar_ratio_1_5_bps": 1.1286917026636387,
        "perc_pos_return_1_5_bps": 0.5265279974582296,
        "profit_loss_ratio_1_5_bps": 1.052135481826055,
        "annual_return_2_0_bps": 0.0029597415008322005,
        "annual_volatility_2_0_bps": 0.010784349609999003,
        "sharpe_ratio_2_0_bps": 0.2788183760752322,
        "downside_risk_2_0_bps": 0.007606191014326601,
        "sortino_ratio_2_0_bps": 0.4210450549352414,
        "max_drawdown_2_0_bps": 0.011308416165278199,
        "calmar_ratio_2_0_bps": 0.3781078346453285,
        "perc_pos_return_2_0_bps": 0.5134361783198985,
        "profit_loss_ratio_2_0_bps": 1.0016233252567703,
        "annual_return_2_5_bps": -0.0034461713210375998,
        "annual_volatility_2_5_bps": 0.010794025609271401,
        "sharpe_ratio_2_5_bps": -0.3150204402876411,
        "downside_risk_2_5_bps": 0.007824965894869201,
        "sortino_ratio_2_5_bps": -0.412161137522837,
        "max_drawdown_2_5_bps": 0.013686563032474,
        "calmar_ratio_2_5_bps": -0.13973477361539616,
        "perc_pos_return_2_5_bps": 0.4964803622943152,
        "profit_loss_ratio_2_5_bps": 0.9680881655153779,
        "annual_return_3_0_bps": -0.0098089039362132,
        "annual_volatility_3_0_bps": 0.010804952058131801,
        "sharpe_ratio_3_0_bps": -0.9076811461512392,
        "downside_risk_3_0_bps": 0.008049361643194801,
        "sortino_ratio_3_0_bps": -1.1968734104415868,
        "max_drawdown_3_0_bps": 0.017042969538455,
        "calmar_ratio_3_0_bps": -0.4666614937199987,
        "perc_pos_return_3_0_bps": 0.47719300184416424,
        "profit_loss_ratio_3_0_bps": 0.9451578590049656,
        "annual_return_rescaled": 0.4799953344112735,
        "annual_volatility_rescaled": 0.15000000000000238,
        "downside_risk_rescaled": 0.09464220573475901,
        "max_drawdown_rescaled": 0.08870475384029915,
        "annual_return_rescaled_0_5_bps": 0.3525843979401212,
        "annual_volatility_rescaled_0_5_bps": 0.15000000000000457,
        "downside_risk_rescaled_0_5_bps": 0.09733144213374523,
        "max_drawdown_rescaled_0_5_bps": 0.09701582884642135,
        "annual_return_rescaled_1_0_bps": 0.23676886001478295,
        "annual_volatility_rescaled_1_0_bps": 0.15000000000000518,
        "downside_risk_rescaled_1_0_bps": 0.1000879793637424,
        "max_drawdown_rescaled_1_0_bps": 0.10655407240134948,
        "annual_return_rescaled_1_5_bps": 0.13146620966034456,
        "annual_volatility_rescaled_1_5_bps": 0.15000000000000688,
        "downside_risk_rescaled_1_5_bps": 0.1029101512856746,
        "max_drawdown_rescaled_1_5_bps": 0.12395617738118836,
        "annual_return_rescaled_2_0_bps": 0.035694964169500534,
        "annual_volatility_rescaled_2_0_bps": 0.15000000000000643,
        "downside_risk_rescaled_2_0_bps": 0.10579485026071685,
        "max_drawdown_rescaled_2_0_bps": 0.1484270127320637,
        "annual_return_rescaled_2_5_bps": -0.05143446198740638,
        "annual_volatility_rescaled_2_5_bps": 0.1500000000000083,
        "downside_risk_rescaled_2_5_bps": 0.10874023526702323,
        "max_drawdown_rescaled_2_5_bps": 0.17684431120415706,
        "annual_return_rescaled_3_0_bps": -0.13072812958095142,
        "annual_volatility_rescaled_3_0_bps": 0.1500000000000091,
        "downside_risk_rescaled_3_0_bps": 0.11174545152845745,
        "max_drawdown_rescaled_3_0_bps": 0.214600876251702,
        "sharpe_ratio_years": 2.6420604125951703,
        "sharpe_ratio_years_0_5_bps": 2.0495216479689464,
        "sharpe_ratio_years_1_0_bps": 1.457360951833683,
        "sharpe_ratio_years_1_5_bps": 0.8657572091416309,
        "sharpe_ratio_years_2_0_bps": 0.27488806839756363,
        "sharpe_ratio_years_2_5_bps": -0.3150703337029962,
        "sharpe_ratio_years_3_0_bps": -0.9039436412276409,
        "sharpe_ratio_years_std": 0.5589092097541664,
        "sharpe_ratio_years_std_0_5_bps": 0.5707163284848267,
        "sharpe_ratio_years_std_1_0_bps": 0.6012430218790428,
        "sharpe_ratio_years_std_1_5_bps": 0.6476063985788537,
        "sharpe_ratio_years_std_2_0_bps": 0.7064628886844814,
        "sharpe_ratio_years_std_2_5_bps": 0.7747485883857385,
        "sharpe_ratio_years_std_3_0_bps": 0.8499833567236559
    },
    "COMB": {
        "annual_return": 0.029021443027888606,
        "annual_volatility": 0.0107582168100564,
        "sharpe_ratio": 2.661960896848488,
        "downside_risk": 0.0067878757911762014,
        "sortino_ratio": 4.298959605237966,
        "max_drawdown": 0.0065445762405824,
        "calmar_ratio": 4.938894322496263,
        "perc_pos_return": 0.5743513997002363,
        "profit_loss_ratio": 1.1754524573826155,
        "annual_return_0_5_bps": 0.0224396793470178,
        "annual_volatility_0_5_bps": 0.010762858779772802,
        "sharpe_ratio_0_5_bps": 2.0654113753228396,
        "downside_risk_0_5_bps": 0.006983763776780201,
        "sortino_ratio_0_5_bps": 3.241386608682499,
        "max_drawdown_0_5_bps": 0.007198779951532,
        "calmar_ratio_0_5_bps": 3.4223182545523736,
        "perc_pos_return_0_5_bps": 0.5604694907020484,
        "profit_loss_ratio_0_5_bps": 1.1243100705292712,
        "annual_return_1_0_bps": 0.0159023526500358,
        "annual_volatility_1_0_bps": 0.010768763193682201,
        "sharpe_ratio_1_0_bps": 1.4692355574551073,
        "downside_risk_1_0_bps": 0.0071854916553482,
        "sortino_ratio_1_0_bps": 2.244709583505039,
        "max_drawdown_1_0_bps": 0.0079494579352432,
        "calmar_ratio_1_0_bps": 2.1659508278006756,
        "perc_pos_return_1_0_bps": 0.5419602940533169,
        "profit_loss_ratio_1_0_bps": 1.0937455982622228,
        "annual_return_1_5_bps": 0.009409145159933402,
        "annual_volatility_1_5_bps": 0.0107759277294164,
        "sharpe_ratio_1_5_bps": 0.8736371567282246,
        "downside_risk_1_5_bps": 0.007393015685851201,
        "sortino_ratio_1_5_bps": 1.3056485106996853,
        "max_drawdown_1_5_bps": 0.009254636176545601,
        "calmar_ratio_1_5_bps": 1.1286917026636387,
        "perc_pos_return_1_5_bps": 0.5265279974582296,
        "profit_loss_ratio_1_5_bps": 1.052135481826055,
        "annual_return_2_0_bps": 0.0029597415008322005,
        "annual_volatility_2_0_bps": 0.010784349609999003,