{
    "ALL": {
        "annual_return": 0.024532175447645,
        "annual_volatility": 0.011792256095631202,
        "sharpe_ratio": 2.1030939559734354,
        "downside_risk": 0.007726912700261801,
        "sortino_ratio": 3.268687662209276,
        "max_drawdown": 0.007013025275270801,
        "calmar_ratio": 4.064348754065095,
        "perc_pos_return": 0.5651205613996304,
        "profit_loss_ratio": 1.108154492952733,
        "annual_return_0_5_bps": 0.0182660647771608,
        "annual_volatility_0_5_bps": 0.011792721237168602,
        "sharpe_ratio_0_5_bps": 1.5562495348868843,
        "downside_risk_0_5_bps": 0.007910344081116401,
        "sortino_ratio_0_5_bps": 2.354052771962738,
        "max_drawdown_0_5_bps": 0.0076431541723168015,
        "calmar_ratio_0_5_bps": 2.676231404485418,
        "perc_pos_return_0_5_bps": 0.5520138461998924,
        "profit_loss_ratio_0_5_bps": 1.0642585541520693,
        "annual_return_1_0_bps": 0.0120388788219488,
        "annual_volatility_1_0_bps": 0.011794337634246602,
        "sharpe_ratio_1_0_bps": 1.0093618062860912,
        "downside_risk_1_0_bps": 0.0080987434468708,
        "sortino_ratio_1_0_bps": 1.4889523054390543,
        "max_drawdown_1_0_bps": 0.0083554094194114,
        "calmar_ratio_1_0_bps": 1.5432221795731407,
        "perc_pos_return_1_0_bps": 0.5304336664801779,
        "profit_loss_ratio_1_0_bps": 1.056988753203751,
        "annual_return_1_5_bps": 0.005850372442630401,
        "annual_volatility_1_5_bps": 0.011797104219668803,
        "sharpe_ratio_1_5_bps": 0.4626107348969196,
        "downside_risk_1_5_bps": 0.008292220019361602,
        "sortino_ratio_1_5_bps": 0.6706988649543255,
        "max_drawdown_1_5_bps": 0.0093436714944096,
        "calmar_ratio_1_5_bps": 0.632786044951674,
        "perc_pos_return_1_5_bps": 0.5188654128189005,
        "profit_loss_ratio_1_5_bps": 1.0078459472643235,
        "annual_return_2_0_bps": -0.0002996979379112,
        "annual_volatility_2_0_bps": 0.011801019502642802,
        "sharpe_ratio_2_0_bps": -0.0838243201832926,
        "downside_risk_2_0_bps": 0.008490760765242,
        "sortino_ratio_2_0_bps": -0.10322834345371619,
        "max_drawdown_2_0_bps": 0.0108172679344158,
        "calmar_ratio_2_0_bps": -0.012617375249645407,
        "perc_pos_return_2_0_bps": 0.4972733530873061,
        "profit_loss_ratio_2_0_bps": 1.0017912203605808,
        "annual_return_2_5_bps": -0.0064115743445898,
        "annual_volatility_2_5_bps": 0.0118060815722274,
        "sharpe_ratio_2_5_bps": -0.6297649463722994,
        "downside_risk_2_5_bps": 0.0086944640002404,
        "sortino_ratio_2_5_bps": -0.8352079243693135,
        "max_drawdown_2_5_bps": 0.013165522242403402,
        "calmar_ratio_2_5_bps": -0.4407185105669562,
        "perc_pos_return_2_5_bps": 0.48260731725847983,
        "profit_loss_ratio_2_5_bps": 0.9669920482357416,
        "annual_return_3_0_bps": -0.012485497260115401,
        "annual_volatility_3_0_bps": 0.0118122881016156,
        "sharpe_ratio_3_0_bps": -1.1750340132624335,
        "downside_risk_3_0_bps": 0.0089033178525248,
        "sortino_ratio_3_0_bps": -1.5274727807772137,
        "max_drawdown_3_0_bps": 0.017373254374708998,
        "calmar_ratio_3_0_bps": -0.6761792451287534,
        "perc_pos_return_3_0_bps": 0.4648852174433564,
        "profit_loss_ratio_3_0_bps": 0.9459088314834967,
        "annual_return_rescaled": 0.34753444720352755,
        "annual_volatility_rescaled": 0.15000000000000507,
        "downside_risk_rescaled": 0.0982879692944183,
        "max_drawdown_rescaled": 0.08649412824870004,
        "annual_return_rescaled_0_5_bps": 0.24633162666418093,
        "annual_volatility_rescaled_0_5_bps": 0.1500000000000044,
        "downside_risk_rescaled_0_5_bps": 0.10061728657061295,
        "max_drawdown_rescaled_0_5_bps": 0.09386282109868462,
        "annual_return_rescaled_1_0_bps": 0.15283572956185418,
        "annual_volatility_rescaled_1_0_bps": 0.15000000000000627,
        "downside_risk_rescaled_1_0_bps": 0.10299955408290817,
        "max_drawdown_rescaled_1_0_bps": 0.10232192081575434,
        "annual_return_rescaled_1_5_bps": 0.06647687988012685,
        "annual_volatility_rescaled_1_5_bps": 0.1500000000000044,
        "downside_risk_rescaled_1_5_bps": 0.10543545091604009,
        "max_drawdown_rescaled_1_5_bps": 0.11445606582119076,
        "annual_return_rescaled_2_0_bps": -0.013275944168507725,
        "annual_volatility_rescaled_2_0_bps": 0.15000000000000507,
        "downside_risk_rescaled_2_0_bps": 0.1079240750768321,
        "max_drawdown_rescaled_2_0_bps": 0.13123727405339491,
        "annual_return_rescaled_2_5_bps": -0.08691713287862393,
        "annual_volatility_rescaled_2_5_bps": 0.1500000000000083,
        "downside_risk_rescaled_2_5_bps": 0.1104659147116247,
        "max_drawdown_rescaled_2_5_bps": 0.15988505823621177,
        "annual_return_rescaled_3_0_bps": -0.1549065893358684,
        "annual_volatility_rescaled_3_0_bps": 0.15000000000000524,
        "downside_risk_rescaled_3_0_bps": 0.113060032602501,
        "max_drawdown_rescaled_3_0_bps": 0.2053164889323133,
        "sharpe_ratio_years": 2.1941389011382335,
        "sharpe_ratio_years_0_5_bps": 1.6507205142172166,
        "sharpe_ratio_years_1_0_bps": 1.1071877436629298,
        "sharpe_ratio_years_1_5_bps": 0.5637033093450938,
        "sharpe_ratio_years_2_0_bps": 0.020429658239793213,
        "sharpe_ratio_years_2_5_bps": -0.5224713251544248,
        "sharpe_ratio_years_3_0_bps": -1.0648386052625447,
        "sharpe_ratio_years_std": 0.3154912591372776,
        "sharpe_ratio_years_std_0_5_bps": 0.22108071130810017,
        "sharpe_ratio_years_std_1_0_bps": 0.20847859684047232,
        "sharpe_ratio_years_std_1_5_bps": 0.2887387961273318,
        "sharpe_ratio_years_std_2_0_bps": 0.4105758499778613,
        "sharpe_ratio_years_std_2_5_bps": 0.5467599208645675,
        "sharpe_ratio_years_std_3_0_bps": 0.688671417497246
    },
    "COMB": {
        "annual_return": 0.024532175447645,
        "annual_volatility": 0.011792256095631202,
        "sharpe_ratio": 2.1030939559734354,
        "downside_risk": 0.007726912700261801,
        "sortino_ratio": 3.268687662209276,
        "max_drawdown": 0.007013025275270801,
        "calmar_ratio": 4.064348754065095,
        "perc_pos_return": 0.5651205613996304,
        "profit_loss_ratio": 1.108154492952733,
        "annual_return_0_5_bps": 0.0182660647771608,
        "annual_volatility_0_5_bps": 0.011792721237168602,
        "sharpe_ratio_0_5_bps": 1.5562495348868843,
        "downside_risk_0_5_bps": 0.007910344081116401,
        "sortino_ratio_0_5_bps": 2.354052771962738,
        "max_drawdown_0_5_bps": 0.0076431541723168015,
        "calmar_ratio_0_5_bps": 2.676231404485418,
        "perc_pos_return_0_5_bps": 0.5520138461998924,
        "profit_loss_ratio_0_5_bps": 1.0642585541520693,
        "annual_return_1_0_bps": 0.0120388788219488,
        "annual_volatility_1_0_bps": 0.011794337634246602,
        "sharpe_ratio_1_0_bps": 1.0093618062860912,
        "downside_risk_1_0_bps": 0.0080987434468708,
        "sortino_ratio_1_0_bps": 1.4889523054390543,
        "max_drawdown_1_0_bps": 0.0083554094194114,
        "calmar_ratio_1_0_bps": 1.5432221795731407,
        "perc_pos_return_1_0_bps": 0.5304336664801779,
        "profit_loss_ratio_1_0_bps": 1.056988753203751,
        "annual_return_1_5_bps": 0.005850372442630401,
        "annual_volatility_1_5_bps": 0.011797104219668803,
        "sharpe_ratio_1_5_bps": 0.4626107348969196,
        "downside_risk_1_5_bps": 0.008292220019361602,
        "sortino_ratio_1_5_bps": 0.6706988649543255,
        "max_drawdown_1_5_bps": 0.0093436714944096,
        "calmar_ratio_1_5_bps": 0.632786044951674,
        "perc_pos_return_1_5_bps": 0.5188654128189005,
        "profit_loss_ratio_1_5_bps": 1.0078459472643235,
        "annual_return_2_0_bps": -0.0002996979379112,
        "annual_volatility_2_0_bps": 0.011801019502642802,