{
    "ALL": {
        "performance_sw": 4.46290673333406,
        "performance_fw": 4.078592730788368,
        "val_loss": 3.136752216071159,
        "annual_return_2019_2020": 0.041444735236707775,
        "annual_volatility_2019_2020": 0.009109200161071767,
        "sharpe_ratio_2019_2020": 4.4629067333340595,
        "downside_risk_2019_2020": 0.005137814197372613,
        "sortino_ratio_2019_2020": 7.912608197261077,
        "max_drawdown_2019_2020": 0.0050313012890193885,
        "calmar_ratio_2019_2020": 8.2373789316015,
        "perc_pos_return_2019_2020": 0.6307692307692307,
        "profit_loss_ratio_2019_2020": 1.2391991556297328,
        "sharpe_ratio_2019": 4.449818286219323,
        "annual_return_2019_2020_0_5_bps": 0.0349672857790706,
        "annual_volatility_2019_2020_0_5_bps": 0.009109169254328916,
        "sharpe_ratio_2019_2020_0_5_bps": 3.7778948954901828,
        "downside_risk_2019_2020_0_5_bps": 0.00532410402418454,
        "sortino_ratio_2019_2020_0_5_bps": 6.46371368248317,
        "max_drawdown_2019_2020_0_5_bps": 0.006053872636232873,
        "calmar_ratio_2019_2020_0_5_bps": 5.776019397862589,
        "perc_pos_return_2019_2020_0_5_bps": 0.6153846153846154,
        "profit_loss_ratio_2019_2020_0_5_bps": 1.1805642287377032,
        "sharpe_ratio_2019_0_5_bps": 3.768699625827239,
        "annual_return_2019_2020_1_0_bps": 0.02852995361862032,
        "annual_volatility_2019_2020_1_0_bps": 0.009110366237912075,
        "sharpe_ratio_2019_2020_1_0_bps": 3.092461552730352,
        "downside_risk_2019_2020_1_0_bps": 0.0055155070444445585,
        "sortino_ratio_2019_2020_1_0_bps": 5.108044844292818,
        "max_drawdown_2019_2020_1_0_bps": 0.007188259678195135,
        "calmar_ratio_2019_2020_1_0_bps": 3.968965354042936,
        "perc_pos_return_2019_2020_1_0_bps": 0.6,
        "profit_loss_ratio_2019_2020_1_0_bps": 1.123194038261539,
        "sharpe_ratio_2019_1_0_bps": 3.08726792100962,
        "annual_return_2019_2020_1_5_bps": 0.022132491348283878,
        "annual_volatility_2019_2020_1_5_bps": 0.009112790627963581,
        "sharpe_ratio_2019_2020_1_5_bps": 2.406884072227127,
        "downside_risk_2019_2020_1_5_bps": 0.005712013513980762,
        "sortino_ratio_2019_2020_1_5_bps": 3.839877227583894,
        "max_drawdown_2019_2020_1_5_bps": 0.008321385897701318,
        "calmar_ratio_2019_2020_1_5_bps": 2.6597121705890014,
        "perc_pos_return_2019_2020_1_5_bps": 0.5846153846153846,
        "profit_loss_ratio_2019_2020_1_5_bps": 1.0672683194027932,
        "sharpe_ratio_2019_1_5_bps": 2.4057606221600234,
        "annual_return_2019_2020_2_0_bps": 0.015774653080268042,
        "annual_volatility_2019_2020_2_0_bps": 0.009116441445248757,
        "sharpe_ratio_2019_2020_2_0_bps": 1.7214396652671522,
        "downside_risk_2019_2020_2_0_bps": 0.005913661238521829,
        "sortino_ratio_2019_2020_2_0_bps": 2.653754294836699,
        "max_drawdown_2019_2020_2_0_bps": 0.009453252658627925,
        "calmar_ratio_2019_2020_2_0_bps": 1.6687010968516338,
        "perc_pos_return_2019_2020_2_0_bps": 0.5653846153846154,
        "profit_loss_ratio_2019_2020_2_0_bps": 1.0290507096886337,
        "sharpe_ratio_2019_2_0_bps": 1.724414963406756,
        "annual_return_2019_2020_2_5_bps": 0.009456194436772147,
        "annual_volatility_2019_2020_2_5_bps": 0.009121317217131157,
        "sharpe_ratio_2019_2020_2_5_bps": 1.036404828255752,
        "downside_risk_2019_2020_2_5_bps": 0.006120597001571466,
        "sortino_ratio_2019_2020_2_5_bps": 1.544518811066942,
        "max_drawdown_2019_2020_2_5_bps": 0.010583861323421427,
        "calmar_ratio_2019_2020_2_5_bps": 0.8934541135611989,
        "perc_pos_return_2019_2020_2_5_bps": 0.5423076923076923,
        "profit_loss_ratio_2019_2020_2_5_bps": 1.0063467127923844,
        "sharpe_ratio_2019_2_5_bps": 1.0434675508801377,
        "annual_return_2019_2020_3_0_bps": 0.0031768725407523846,
        "annual_volatility_2019_2020_3_0_bps": 0.009127415980536496,
        "sharpe_ratio_2019_2020_3_0_bps": 0.35205478798048695,
        "downside_risk_2019_2020_3_0_bps": 0.00633282077059613,
        "sortino_ratio_2019_2020_3_0_bps": 0.5074121965929254,
        "max_drawdown_2019_2020_3_0_bps": 0.012246218141484997,
        "calmar_ratio_2019_2020_3_0_bps": 0.2594166218540961,
        "perc_pos_return_2019_2020_3_0_bps": 0.5153846153846153,
        "profit_loss_ratio_2019_2020_3_0_bps": 0.9983144137417653,
        "sharpe_ratio_2019_3_0_bps": 0.36315395412325263
    },
    "COMB": {
        "annual_return_2019_2020": 0.041444735236707775,
        "annual_volatility_2019_2020": 0.009109200161071767,
        "sharpe_ratio_2019_2020": 4.4629067333340595,
        "downside_risk_2019_2020": 0.005137814197372613,
        "sortino_ratio_2019_2020": 7.912608197261077,
        "max_drawdown_2019_2020": 0.0050313012890193885,
        "calmar_ratio_2019_2020": 8.2373789316015,
        "perc_pos_return_2019_2020": 0.6307692307692307,
        "profit_loss_ratio_2019_2020": 1.2391991556297328,
        "sharpe_ratio_2019": 4.449818286219323,
        "annual_return_2019_2020_0_5_bps": 0.0349672857790706,
        "annual_volatility_2019_2020_0_5_bps": 0.009109169254328916,
        "sharpe_ratio_2019_2020_0_5_bps": 3.7778948954901828,
        "downside_risk_2019_2020_0_5_bps": 0.00532410402418454,
        "sortino_ratio_2019_2020_0_5_bps": 6.46371368248317,
        "max_drawdown_2019_2020_0_5_bps": 0.006053872636232873,
        "calmar_ratio_2019_2020_0_5_bps": 5.776019397862589,
        "perc_pos_return_2019_2020_0_5_bps": 0.6153846153846154,
        "profit_loss_ratio_2019_2020_0_5_bps": 1.1805642287377032,
        "sharpe_ratio_2019_0_5_bps": 3.768699625827239,
        "annual_return_2019_2020_1_0_bps": 0.02852995361862032,
        "annual_volatility_2019_2020_1_0_bps": 0.009110366237912075,
        "sharpe_ratio_2019_2020_1_0_bps": 3.092461552730352,
        "downside_risk_2019_2020_1_0_bps": 0.0055155070444445585,
        "sortino_ratio_2019_2020_1_0_bps": 5.108044844292818,
        "max_drawdown_2019_2020_1_0_bps": 0.007188259678195135,
        "calmar_ratio_2019_2020_1_0_bps": 3.968965354042936,
        "perc_pos_return_2019_2020_1_0_bps": 0.6,
        "profit_loss_ratio_2019_2020_1_0_bps": 1.123194038261539,
        "sharpe_ratio_2019_1_0_bps": 3.08726792100962,
        "annual_return_2019_2020_1_5_bps": 0.022132491348283878,
        "annual_volatility_2019_2020_1_5_bps": 0.009112790627963581,
        "sharpe_ratio_2019_2020_1_5_bps": 2.406884072227127,
        "downside_risk_2019_2020_1_5_bps": 0.005712013513980762,
        "sortino_ratio_2019_2020_1_5_bps": 3.839877227583894,
        "max_drawdown_2019_2020_1_5_bps": 0.008321385897701318,
        "calmar_ratio_2019_2020_1_5_bps": 2.6597121705890014,
        "perc_pos_return_2019_2020_1_5_bps": 0.5846153846153846,
        "profit_loss_ratio_2019_2020_1_5_bps": 1.0672683194027932,
        "sharpe_ratio_2019_1_5_bps": 2.4057606221600234,
        "annual_return_2019_2020_2_0_bps": 0.015774653080268042,
        "annual_volatility_2019_2020_2_0_bps": 0.009116441445248757,
        "sharpe_ratio_2019_2020_2_0_bps": 1.7214396652671522,
        "downside_risk_2019_2020_2_0_bps": 0.005913661238521829,
        "sortino_ratio_2019_2020_2_0_bps": 2.653754294836699,
        "max_drawdown_2019_2020_2_0_bps": 0.009453252658627925,
        "calmar_ratio_2019_2020_2_0_bps": 1.6687010968516338,
        "perc_pos_return_2019_2020_2_0_bps": 0.5653846153846154,
        "profit_loss_ratio_2019_2020_2_0_bps": 1.0290507096886337,
        "sharpe_ratio_2019_2_0_bps": 1.724414963406756,
        "annual_return_2019_2020_2_5_bps": 0.009456194436772147,
        "annual_volatility_2019_2020_2_5_bps": 0.009121317217131157,
        "sharpe_ratio_2019_2020_2_5_bps": 1.036404828255752,
        "downside_risk_2019_2020_2_5_bps": 0.006120597001571466,
        "sortino_ratio_2019_2020_2_5_bps": 1.544518811066942,
        "max_drawdown_2019_2020_2_5_bps": 0.010583861323421427,