{
    "ALL": {
        "performance_sw": 3.9027585693987676,
        "performance_fw": 3.9666512066140864,
        "val_loss": 3.2133575183137593,
        "annual_return_2019_2020": 0.05383920945880272,
        "annual_volatility_2019_2020": 0.013461116217628686,
        "sharpe_ratio_2019_2020": 3.902758569398767,
        "downside_risk_2019_2020": 0.006094803035744739,
        "sortino_ratio_2019_2020": 8.61971853133128,
        "max_drawdown_2019_2020": 0.0050360230426386016,
        "calmar_ratio_2019_2020": 10.690818727984594,
        "perc_pos_return_2019_2020": 0.5423076923076923,
        "profit_loss_ratio_2019_2020": 1.6955200565344586,
        "sharpe_ratio_2019": 3.514988462142287,
        "annual_return_2019_2020_0_5_bps": 0.04707610247548488,
        "annual_volatility_2019_2020_0_5_bps": 0.013453185045665624,
        "sharpe_ratio_2019_2020_0_5_bps": 3.42638971859824,
        "downside_risk_2019_2020_0_5_bps": 0.006313236353010942,
        "sortino_ratio_2019_2020_0_5_bps": 7.301461935744572,
        "max_drawdown_2019_2020_0_5_bps": 0.005318834599118401,
        "calmar_ratio_2019_2020_0_5_bps": 8.850830308445342,
        "perc_pos_return_2019_2020_0_5_bps": 0.5346153846153846,
        "profit_loss_ratio_2019_2020_0_5_bps": 1.599428141410855,
        "sharpe_ratio_2019_0_5_bps": 3.0503368391415675,
        "annual_return_2019_2020_1_0_bps": 0.040356214364466014,
        "annual_volatility_2019_2020_1_0_bps": 0.01344617085175928,
        "sharpe_ratio_2019_2020_1_0_bps": 2.9492577188638736,
        "downside_risk_2019_2020_1_0_bps": 0.0065371627364476164,
        "sortino_ratio_2019_2020_1_0_bps": 6.066274433189834,
        "max_drawdown_2019_2020_1_0_bps": 0.0056015741962275835,
        "calmar_ratio_2019_2020_1_0_bps": 7.204441635646667,
        "perc_pos_return_2019_2020_1_0_bps": 0.5307692307692308,
        "profit_loss_ratio_2019_2020_1_0_bps": 1.4877807249126778,
        "sharpe_ratio_2019_1_0_bps": 2.584947740987915,
        "annual_return_2019_2020_1_5_bps": 0.03367927011560279,
        "annual_volatility_2019_2020_1_5_bps": 0.013440075071585171,
        "sharpe_ratio_2019_2020_1_5_bps": 2.471458771445761,
        "downside_risk_2019_2020_1_5_bps": 0.006766127786978724,
        "sortino_ratio_2019_2020_1_5_bps": 4.909246835166687,
        "max_drawdown_2019_2020_1_5_bps": 0.006279182653615298,
        "calmar_ratio_2019_2020_1_5_bps": 5.363639182595148,
        "perc_pos_return_2019_2020_1_5_bps": 0.5192307692307693,
        "profit_loss_ratio_2019_2020_1_5_bps": 1.4291540460952774,
        "sharpe_ratio_2019_1_5_bps": 2.1188970077355402,
        "annual_return_2019_2020_2_0_bps": 0.02704499646120606,
        "annual_volatility_2019_2020_2_0_bps": 0.013434898955271455,
        "sharpe_ratio_2019_2020_2_0_bps": 1.9930897704963686,
        "downside_risk_2019_2020_2_0_bps": 0.006999806448966708,
        "sortino_ratio_2019_2020_2_0_bps": 3.8253857261091304,
        "max_drawdown_2019_2020_2_0_bps": 0.007982737782453935,
        "calmar_ratio_2019_2020_2_0_bps": 3.387934966453613,
        "perc_pos_return_2019_2020_2_0_bps": 0.5153846153846153,
        "profit_loss_ratio_2019_2020_2_0_bps": 1.3323783493093615,
        "sharpe_ratio_2019_2_0_bps": 1.6522610647325862,
        "annual_return_2019_2020_2_5_bps": 0.02045312186507986,
        "annual_volatility_2019_2020_2_5_bps": 0.013430643566122492,
        "sharpe_ratio_2019_2020_2_5_bps": 1.514248206061253,
        "downside_risk_2019_2020_2_5_bps": 0.007237908721549464,
        "sortino_ratio_2019_2020_2_5_bps": 2.8098348167473652,
        "max_drawdown_2019_2020_2_5_bps": 0.00979307516942475,
        "calmar_ratio_2019_2020_2_5_bps": 2.0885290382470623,
        "perc_pos_return_2019_2020_2_5_bps": 0.5038461538461538,
        "profit_loss_ratio_2019_2020_2_5_bps": 1.2820293286666362,
        "sharpe_ratio_2019_2_5_bps": 1.1851168612783654,
        "annual_return_2019_2020_3_0_bps": 0.013903376511568588,
        "annual_volatility_2019_2020_3_0_bps": 0.013427309779530132,
        "sharpe_ratio_2019_2020_3_0_bps": 1.035032065639929,
        "downside_risk_2019_2020_3_0_bps": 0.0074803622914044795,
        "sortino_ratio_2019_2020_3_0_bps": 1.8578907859935916,
        "max_drawdown_2019_2020_3_0_bps": 0.011635673068596952,
        "calmar_ratio_2019_2020_3_0_bps": 1.194892330645818,
        "perc_pos_return_2019_2020_3_0_bps": 0.49230769230769234,
        "profit_loss_ratio_2019_2020_3_0_bps": 1.234150849739943,
        "sharpe_ratio_2019_3_0_bps": 0.7175418082410527
    },
    "COMB": {
        "annual_return_2019_2020": 0.05383920945880272,
        "annual_volatility_2019_2020": 0.013461116217628686,
        "sharpe_ratio_2019_2020": 3.902758569398767,
        "downside_risk_2019_2020": 0.006094803035744739,
        "sortino_ratio_2019_2020": 8.61971853133128,
        "max_drawdown_2019_2020": 0.0050360230426386016,
        "calmar_ratio_2019_2020": 10.690818727984594,
        "perc_pos_return_2019_2020": 0.5423076923076923,
        "profit_loss_ratio_2019_2020": 1.6955200565344586,
        "sharpe_ratio_2019": 3.514988462142287,
        "annual_return_2019_2020_0_5_bps": 0.04707610247548488,
        "annual_volatility_2019_2020_0_5_bps": 0.013453185045665624,
        "sharpe_ratio_2019_2020_0_5_bps": 3.42638971859824,
        "downside_risk_2019_2020_0_5_bps": 0.006313236353010942,
        "sortino_ratio_2019_2020_0_5_bps": 7.301461935744572,
        "max_drawdown_2019_2020_0_5_bps": 0.005318834599118401,
        "calmar_ratio_2019_2020_0_5_bps": 8.850830308445342,
        "perc_pos_return_2019_2020_0_5_bps": 0.5346153846153846,
        "profit_loss_ratio_2019_2020_0_5_bps": 1.599428141410855,
        "sharpe_ratio_2019_0_5_bps": 3.0503368391415675,
        "annual_return_2019_2020_1_0_bps": 0.040356214364466014,
        "annual_volatility_2019_2020_1_0_bps": 0.01344617085175928,
        "sharpe_ratio_2019_2020_1_0_bps": 2.9492577188638736,
        "downside_risk_2019_2020_1_0_bps": 0.0065371627364476164,
        "sortino_ratio_2019_2020_1_0_bps": 6.066274433189834,
        "max_drawdown_2019_2020_1_0_bps": 0.0056015741962275835,
        "calmar_ratio_2019_2020_1_0_bps": 7.204441635646667,
        "perc_pos_return_2019_2020_1_0_bps": 0.5307692307692308,
        "profit_loss_ratio_2019_2020_1_0_bps": 1.4877807249126778,
        "sharpe_ratio_2019_1_0_bps": 2.584947740987915,
        "annual_return_2019_2020_1_5_bps": 0.03367927011560279,
        "annual_volatility_2019_2020_1_5_bps": 0.013440075071585171,
        "sharpe_ratio_2019_2020_1_5_bps": 2.471458771445761,
        "downside_risk_2019_2020_1_5_bps": 0.006766127786978724,
        "sortino_ratio_2019_2020_1_5_bps": 4.909246835166687,
        "max_drawdown_2019_2020_1_5_bps": 0.006279182653615298,
        "calmar_ratio_2019_2020_1_5_bps": 5.363639182595148,
        "perc_pos_return_2019_2020_1_5_bps": 0.5192307692307693,
        "profit_loss_ratio_2019_2020_1_5_bps": 1.4291540460952774,
        "sharpe_ratio_2019_1_5_bps": 2.1188970077355402,
        "annual_return_2019_2020_2_0_bps": 0.02704499646120606,
        "annual_volatility_2019_2020_2_0_bps": 0.013434898955271455,
        "sharpe_ratio_2019_2020_2_0_bps": 1.9930897704963686,
        "downside_risk_2019_2020_2_0_bps": 0.006999806448966708,
        "sortino_ratio_2019_2020_2_0_bps": 3.8253857261091304,
        "max_drawdown_2019_2020_2_0_bps": 0.007982737782453935,
        "calmar_ratio_2019_2020_2_0_bps": 3.387934966453613,
        "perc_pos_return_2019_2020_2_0_bps": 0.5153846153846153,
        "profit_loss_ratio_2019_2020_2_0_bps": 1.3323783493093615,
        "sharpe_ratio_2019_2_0_bps": 1.6522610647325862,
        "annual_return_2019_2020_2_5_bps": 0.02045312186507986,
        "annual_volatility_2019_2020_2_5_bps": 0.013430643566122492,
        "sharpe_ratio_2019_2020_2_5_bps": 1.514248206061253,
        "downside_risk_2019_2020_2_5_bps": 0.007237908721549464,
        "sortino_ratio_2019_2020_2_5_bps": 2.8098348167473652,