{
    "ALL": {
        "performance_sw": 3.421203573723869,
        "performance_fw": 3.1113860432381224,
        "val_loss": 2.8332383585732432,
        "annual_return_2019_2020": 0.031033089921616686,
        "annual_volatility_2019_2020": 0.008945095717732453,
        "sharpe_ratio_2019_2020": 3.4212035737238686,
        "downside_risk_2019_2020": 0.005007321494989172,
        "sortino_ratio_2019_2020": 6.111649405262427,
        "max_drawdown_2019_2020": 0.006433477921894036,
        "calmar_ratio_2019_2020": 4.823687948940757,
        "perc_pos_return_2019_2020": 0.5923076923076923,
        "profit_loss_ratio_2019_2020": 1.2484981401772122,
        "sharpe_ratio_2019": 3.374236117051774,
        "annual_return_2019_2020_0_5_bps": 0.02507566011225193,
        "annual_volatility_2019_2020_0_5_bps": 0.008947424146698916,
        "sharpe_ratio_2019_2020_0_5_bps": 2.7725861348677876,
        "downside_risk_2019_2020_0_5_bps": 0.005191215658713051,
        "sortino_ratio_2019_2020_0_5_bps": 4.778746590941794,
        "max_drawdown_2019_2020_0_5_bps": 0.007236393579532381,
        "calmar_ratio_2019_2020_0_5_bps": 3.4652150738700325,
        "perc_pos_return_2019_2020_0_5_bps": 0.5807692307692308,
        "profit_loss_ratio_2019_2020_0_5_bps": 1.1694806136527942,
        "sharpe_ratio_2019_0_5_bps": 2.72844463119388,
        "annual_return_2019_2020_1_0_bps": 0.01915250791937262,
        "annual_volatility_2019_2020_1_0_bps": 0.008950775107335373,
        "sharpe_ratio_2019_2020_1_0_bps": 2.124063513946202,
        "downside_risk_2019_2020_1_0_bps": 0.005380153786541689,
        "sortino_ratio_2019_2020_1_0_bps": 3.5337307410407144,
        "max_drawdown_2019_2020_1_0_bps": 0.008302556947055468,
        "calmar_ratio_2019_2020_1_0_bps": 2.306820421890045,
        "perc_pos_return_2019_2020_1_0_bps": 0.5538461538461539,
        "profit_loss_ratio_2019_2020_1_0_bps": 1.1655398556141605,
        "sharpe_ratio_2019_1_0_bps": 2.082639440259511,
        "annual_return_2019_2020_1_5_bps": 0.013263436952441365,
        "annual_volatility_2019_2020_1_5_bps": 0.008955147451766876,
        "sharpe_ratio_2019_2020_1_5_bps": 1.4758579457596337,
        "downside_risk_2019_2020_1_5_bps": 0.0055741521979594455,
        "sortino_ratio_2019_2020_1_5_bps": 2.3710377924337105,
        "max_drawdown_2019_2020_1_5_bps": 0.009367606730264572,
        "calmar_ratio_2019_2020_1_5_bps": 1.4158831956075042,
        "perc_pos_return_2019_2020_1_5_bps": 0.5461538461538461,
        "profit_loss_ratio_2019_2020_1_5_bps": 1.074158085628117,
        "sharpe_ratio_2019_1_5_bps": 1.4370102181542974,
        "annual_return_2019_2020_2_0_bps": 0.007408251941335875,
        "annual_volatility_2019_2020_2_0_bps": 0.008960539684824093,
        "sharpe_ratio_2019_2020_2_0_bps": 0.8281907650962287,
        "downside_risk_2019_2020_2_0_bps": 0.005773092673975493,
        "sortino_ratio_2019_2020_2_0_bps": 1.285452466526798,
        "max_drawdown_2019_2020_2_0_bps": 0.010431544059562198,
        "calmar_ratio_2019_2020_2_0_bps": 0.71017788920184,
        "perc_pos_return_2019_2020_2_0_bps": 0.5307692307692308,
        "profit_loss_ratio_2019_2020_2_0_bps": 1.0211285206497518,
        "sharpe_ratio_2019_2_0_bps": 0.7917461497101772,
        "annual_return_2019_2020_2_5_bps": 0.0015867587299862596,
        "annual_volatility_2019_2020_2_5_bps": 0.00896694996659157,
        "sharpe_ratio_2019_2020_2_5_bps": 0.18128203217551614,
        "downside_risk_2019_2020_2_5_bps": 0.005976898449606703,
        "sortino_ratio_2019_2020_2_5_bps": 0.2719716465095474,
        "max_drawdown_2019_2020_2_5_bps": 0.011538525010692408,
        "calmar_ratio_2019_2020_2_5_bps": 0.13751833345387365,
        "perc_pos_return_2019_2020_2_5_bps": 0.5038461538461538,
        "profit_loss_ratio_2019_2020_2_5_bps": 1.0163197670322288,
        "sharpe_ratio_2019_2_5_bps": 0.14703565493964652,
        "annual_return_2019_2020_3_0_bps": -0.004201235729942576,
        "annual_volatility_2019_2020_3_0_bps": 0.008974376115532165,
        "sharpe_ratio_2019_2020_3_0_bps": -0.4646498362502077,
        "downside_risk_2019_2020_3_0_bps": 0.006185618824297859,
        "sortino_ratio_2019_2020_3_0_bps": -0.6741350398362339,
        "max_drawdown_2019_2020_3_0_bps": 0.012679417392052233,
        "calmar_ratio_2019_2020_3_0_bps": -0.3313429631692709,
        "perc_pos_return_2019_2020_3_0_bps": 0.49230769230769234,
        "profit_loss_ratio_2019_2020_3_0_bps": 0.9510460152878052,
        "sharpe_ratio_2019_3_0_bps": -0.49693388376842834
    },
    "COMB": {
        "annual_return_2019_2020": 0.031033089921616686,
        "annual_volatility_2019_2020": 0.008945095717732453,
        "sharpe_ratio_2019_2020": 3.4212035737238686,
        "downside_risk_2019_2020": 0.005007321494989172,
        "sortino_ratio_2019_2020": 6.111649405262427,
        "max_drawdown_2019_2020": 0.006433477921894036,
        "calmar_ratio_2019_2020": 4.823687948940757,
        "perc_pos_return_2019_2020": 0.5923076923076923,
        "profit_loss_ratio_2019_2020": 1.2484981401772122,
        "sharpe_ratio_2019": 3.374236117051774,
        "annual_return_2019_2020_0_5_bps": 0.02507566011225193,
        "annual_volatility_2019_2020_0_5_bps": 0.008947424146698916,
        "sharpe_ratio_2019_2020_0_5_bps": 2.7725861348677876,
        "downside_risk_2019_2020_0_5_bps": 0.005191215658713051,
        "sortino_ratio_2019_2020_0_5_bps": 4.778746590941794,
        "max_drawdown_2019_2020_0_5_bps": 0.007236393579532381,
        "calmar_ratio_2019_2020_0_5_bps": 3.4652150738700325,
        "perc_pos_return_2019_2020_0_5_bps": 0.5807692307692308,
        "profit_loss_ratio_2019_2020_0_5_bps": 1.1694806136527942,
        "sharpe_ratio_2019_0_5_bps": 2.72844463119388,
        "annual_return_2019_2020_1_0_bps": 0.01915250791937262,
        "annual_volatility_2019_2020_1_0_bps": 0.008950775107335373,
        "sharpe_ratio_2019_2020_1_0_bps": 2.124063513946202,
        "downside_risk_2019_2020_1_0_bps": 0.005380153786541689,
        "sortino_ratio_2019_2020_1_0_bps": 3.5337307410407144,
        "max_drawdown_2019_2020_1_0_bps": 0.008302556947055468,
        "calmar_ratio_2019_2020_1_0_bps": 2.306820421890045,
        "perc_pos_return_2019_2020_1_0_bps": 0.5538461538461539,
        "profit_loss_ratio_2019_2020_1_0_bps": 1.1655398556141605,
        "sharpe_ratio_2019_1_0_bps": 2.082639440259511,
        "annual_return_2019_2020_1_5_bps": 0.013263436952441365,
        "annual_volatility_2019_2020_1_5_bps": 0.008955147451766876,
        "sharpe_ratio_2019_2020_1_5_bps": 1.4758579457596337,
        "downside_risk_2019_2020_1_5_bps": 0.0055741521979594455,
        "sortino_ratio_2019_2020_1_5_bps": 2.3710377924337105,
        "max_drawdown_2019_2020_1_5_bps": 0.009367606730264572,
        "calmar_ratio_2019_2020_1_5_bps": 1.4158831956075042,
        "perc_pos_return_2019_2020_1_5_bps": 0.5461538461538461,
        "profit_loss_ratio_2019_2020_1_5_bps": 1.074158085628117,
        "sharpe_ratio_2019_1_5_bps": 1.4370102181542974,
        "annual_return_2019_2020_2_0_bps": 0.007408251941335875,
        "annual_volatility_2019_2020_2_0_bps": 0.008960539684824093,
        "sharpe_ratio_2019_2020_2_0_bps": 0.8281907650962287,
        "downside_risk_2019_2020_2_0_bps": 0.005773092673975493,
        "sortino_ratio_2019_2020_2_0_bps": 1.285452466526798,
        "max_drawdown_2019_2020_2_0_bps": 0.010431544059562198,
        "calmar_ratio_2019_2020_2_0_bps": 0.71017788920184,
        "perc_pos_return_2019_2020_2_0_bps": 0.5307692307692308,
        "profit_loss_ratio_2019_2020_2_0_bps": 1.0211285206497518,
        "sharpe_ratio_2019_2_0_bps": 0.7917461497101772,
        "annual_return_2019_2020_2_5_bps": 0.0015867587299862596,
        "annual_volatility_2019_2020_2_5_bps": 0.00896694996659157,
        "sharpe_ratio_2019_2020_2_5_bps": 0.18128203217551614,
        "downside_risk_2019_2020_2_5_bps": 0.005976898449606703,
        "sortino_ratio_2019_2020_2_5_bps": 0.2719716465095474,