{
    "ALL": {
        "performance_sw": 0.9661962292306043,
        "performance_fw": 1.3432013844390152,
        "val_loss": 3.0793874001184425,
        "annual_return_2017_2018": 0.006612825632584363,
        "annual_volatility_2017_2018": 0.006845901293209162,
        "sharpe_ratio_2017_2018": 0.9661962292306042,
        "downside_risk_2017_2018": 0.004565441377940807,
        "sortino_ratio_2017_2018": 1.4488158904291968,
        "max_drawdown_2017_2018": 0.005132279462867867,
        "calmar_ratio_2017_2018": 1.2884773092401287,
        "perc_pos_return_2017_2018": 0.5503875968992248,
        "profit_loss_ratio_2017_2018": 0.956290087733351,
        "sharpe_ratio_2017": 1.1125075321758582,
        "annual_return_2017_2018_0_5_bps": 0.00195887410819906,
        "annual_volatility_2017_2018_0_5_bps": 0.006848348778532866,
        "sharpe_ratio_2017_2018_0_5_bps": 0.2891680576525891,
        "downside_risk_2017_2018_0_5_bps": 0.0047226849827934686,
        "sortino_ratio_2017_2018_0_5_bps": 0.4193215769484732,
        "max_drawdown_2017_2018_0_5_bps": 0.006393791681625637,
        "calmar_ratio_2017_2018_0_5_bps": 0.30637127478338666,
        "perc_pos_return_2017_2018_0_5_bps": 0.5193798449612403,
        "profit_loss_ratio_2017_2018_0_5_bps": 0.9700958691701987,
        "sharpe_ratio_2017_0_5_bps": 0.43590338043288734,
        "annual_return_2017_2018_1_0_bps": -0.002673650700011132,
        "annual_volatility_2017_2018_1_0_bps": 0.006851569409275241,
        "sharpe_ratio_2017_2018_1_0_bps": -0.3873326573557506,
        "downside_risk_2017_2018_1_0_bps": 0.00488417116953531,
        "sortino_ratio_2017_2018_1_0_bps": -0.5433545414839425,
        "max_drawdown_2017_2018_1_0_bps": 0.007783133409442195,
        "calmar_ratio_2017_2018_1_0_bps": -0.3435185495815301,
        "perc_pos_return_2017_2018_1_0_bps": 0.5,
        "profit_loss_ratio_2017_2018_1_0_bps": 0.9387365279534193,
        "sharpe_ratio_2017_1_0_bps": -0.24066087749938284,
        "annual_return_2017_2018_1_5_bps": -0.007284847024909391,
        "annual_volatility_2017_2018_1_5_bps": 0.006855562095803224,
        "sharpe_ratio_2017_2018_1_5_bps": -1.0630779482810362,
        "downside_risk_2017_2018_1_5_bps": 0.005050078979284458,
        "sortino_ratio_2017_2018_1_5_bps": -1.4431451304059333,
        "max_drawdown_2017_2018_1_5_bps": 0.011152109629632447,
        "calmar_ratio_2017_2018_1_5_bps": -0.6532259157095003,
        "perc_pos_return_2017_2018_1_5_bps": 0.4728682170542636,
        "profit_loss_ratio_2017_2018_1_5_bps": 0.9373367050390059,
        "sharpe_ratio_2017_1_5_bps": -0.9169716006887856,
        "annual_return_2017_2018_2_0_bps": -0.01187481265091439,
        "annual_volatility_2017_2018_2_0_bps": 0.006860325490115278,
        "sharpe_ratio_2017_2018_2_0_bps": -1.7378413320279897,
        "downside_risk_2017_2018_2_0_bps": 0.005220379154158848,
        "sortino_ratio_2017_2018_2_0_bps": -2.283772277036553,
        "max_drawdown_2017_2018_2_0_bps": 0.01491597924092974,
        "calmar_ratio_2017_2018_2_0_bps": -0.7961135141787855,
        "perc_pos_return_2017_2018_2_0_bps": 0.4573643410852713,
        "profit_loss_ratio_2017_2018_2_0_bps": 0.8938419764190518,
        "sharpe_ratio_2017_2_0_bps": -1.5928156042893191,
        "annual_return_2017_2018_2_5_bps": -0.01644364491601369,
        "annual_volatility_2017_2018_2_5_bps": 0.00686585798810687,
        "sharpe_ratio_2017_2018_2_5_bps": -2.411398184660149,
        "downside_risk_2017_2018_2_5_bps": 0.0053949507707876515,
        "sortino_ratio_2017_2018_2_5_bps": -3.0688542290883776,
        "max_drawdown_2017_2018_2_5_bps": 0.01866559793293946,
        "calmar_ratio_2017_2018_2_5_bps": -0.8809599871963031,
        "perc_pos_return_2017_2018_2_5_bps": 0.43023255813953487,
        "profit_loss_ratio_2017_2018_2_5_bps": 0.8944394905261186,
        "sharpe_ratio_2017_2_5_bps": -2.2679804947831013,
        "annual_return_2017_2018_3_0_bps": -0.02099144071382253,
        "annual_volatility_2017_2018_3_0_bps": 0.0068721577322548655,
        "sharpe_ratio_2017_2018_3_0_bps": -3.0835261085414785,
        "downside_risk_2017_2018_3_0_bps": 0.005573811614823181,
        "sortino_ratio_2017_2018_3_0_bps": -3.801792965709212,
        "max_drawdown_2017_2018_3_0_bps": 0.0229084765331382,
        "calmar_ratio_2017_2018_3_0_bps": -0.9163176208359998,
        "perc_pos_return_2017_2018_3_0_bps": 0.41472868217054265,
        "profit_loss_ratio_2017_2018_3_0_bps": 0.8549320340661866,
        "sharpe_ratio_2017_3_0_bps": -2.9422550022292473
    },
    "COMB": {
        "annual_return_2017_2018": 0.006612825632584363,
        "annual_volatility_2017_2018": 0.006845901293209162,
        "sharpe_ratio_2017_2018": 0.9661962292306042,
        "downside_risk_2017_2018": 0.004565441377940807,
        "sortino_ratio_2017_2018": 1.4488158904291968,
        "max_drawdown_2017_2018": 0.005132279462867867,
        "calmar_ratio_2017_2018": 1.2884773092401287,
        "perc_pos_return_2017_2018": 0.5503875968992248,
        "profit_loss_ratio_2017_2018": 0.956290087733351,
        "sharpe_ratio_2017": 1.1125075321758582,
        "annual_return_2017_2018_0_5_bps": 0.00195887410819906,
        "annual_volatility_2017_2018_0_5_bps": 0.006848348778532866,
        "sharpe_ratio_2017_2018_0_5_bps": 0.2891680576525891,
        "downside_risk_2017_2018_0_5_bps": 0.0047226849827934686,
        "sortino_ratio_2017_2018_0_5_bps": 0.4193215769484732,
        "max_drawdown_2017_2018_0_5_bps": 0.006393791681625637,
        "calmar_ratio_2017_2018_0_5_bps": 0.30637127478338666,
        "perc_pos_return_2017_2018_0_5_bps": 0.5193798449612403,
        "profit_loss_ratio_2017_2018_0_5_bps": 0.9700958691701987,
        "sharpe_ratio_2017_0_5_bps": 0.43590338043288734,
        "annual_return_2017_2018_1_0_bps": -0.002673650700011132,
        "annual_volatility_2017_2018_1_0_bps": 0.006851569409275241,
        "sharpe_ratio_2017_2018_1_0_bps": -0.3873326573557506,
        "downside_risk_2017_2018_1_0_bps": 0.00488417116953531,
        "sortino_ratio_2017_2018_1_0_bps": -0.5433545414839425,
        "max_drawdown_2017_2018_1_0_bps": 0.007783133409442195,
        "calmar_ratio_2017_2018_1_0_bps": -0.3435185495815301,
        "perc_pos_return_2017_2018_1_0_bps": 0.5,
        "profit_loss_ratio_2017_2018_1_0_bps": 0.9387365279534193,
        "sharpe_ratio_2017_1_0_bps": -0.24066087749938284,
        "annual_return_2017_2018_1_5_bps": -0.007284847024909391,
        "annual_volatility_2017_2018_1_5_bps": 0.006855562095803224,
        "sharpe_ratio_2017_2018_1_5_bps": -1.0630779482810362,
        "downside_risk_2017_2018_1_5_bps": 0.005050078979284458,
        "sortino_ratio_2017_2018_1_5_bps": -1.4431451304059333,
        "max_drawdown_2017_2018_1_5_bps": 0.011152109629632447,
        "calmar_ratio_2017_2018_1_5_bps": -0.6532259157095003,
        "perc_pos_return_2017_2018_1_5_bps": 0.4728682170542636,
        "profit_loss_ratio_2017_2018_1_5_bps": 0.9373367050390059,
        "sharpe_ratio_2017_1_5_bps": -0.9169716006887856,
        "annual_return_2017_2018_2_0_bps": -0.01187481265091439,
        "annual_volatility_2017_2018_2_0_bps": 0.006860325490115278,
        "sharpe_ratio_2017_2018_2_0_bps": -1.7378413320279897,
        "downside_risk_2017_2018_2_0_bps": 0.005220379154158848,
        "sortino_ratio_2017_2018_2_0_bps": -2.283772277036553,
        "max_drawdown_2017_2018_2_0_bps": 0.01491597924092974,
        "calmar_ratio_2017_2018_2_0_bps": -0.7961135141787855,
        "perc_pos_return_2017_2018_2_0_bps": 0.4573643410852713,
        "profit_loss_ratio_2017_2018_2_0_bps": 0.8938419764190518,
        "sharpe_ratio_2017_2_0_bps": -1.5928156042893191,
        "annual_return_2017_2018_2_5_bps": -0.01644364491601369,
        "annual_volatility_2017_2018_2_5_bps": 0.00686585798810687,
        "sharpe_ratio_2017_2018_2_5_bps": -2.411398184660149,
        "downside_risk_2017_2018_2_5_bps": 0.0053949507707876515,