{
    "ALL": {
        "annual_return": 0.029768498952678003,
        "annual_volatility": 0.034991243740869,
        "sharpe_ratio": 0.6400600892069105,
        "downside_risk": 0.024411207363841503,
        "sortino_ratio": 0.889642067541529,
        "max_drawdown": 0.026847216743775004,
        "calmar_ratio": 0.9541055411040046,
        "perc_pos_return": 0.535616438356164,
        "profit_loss_ratio": 0.99437930817272,
        "annual_return_0_5_bps": 0.029094734107024,
        "annual_volatility_0_5_bps": 0.0349918836597055,
        "sharpe_ratio_0_5_bps": 0.621339201168808,
        "downside_risk_0_5_bps": 0.024424606109775503,
        "sortino_ratio_0_5_bps": 0.860698463215449,
        "max_drawdown_0_5_bps": 0.026869908110089,
        "calmar_ratio_0_5_bps": 0.9298008582039361,
        "perc_pos_return_0_5_bps": 0.534246575342465,
        "profit_loss_ratio_0_5_bps": 0.9975198129510221,
        "annual_return_1_0_bps": 0.0284214788995555,
        "annual_volatility_1_0_bps": 0.034992530762722004,
        "sharpe_ratio_1_0_bps": 0.602618992817703,
        "downside_risk_1_0_bps": 0.024438025377049505,
        "sortino_ratio_1_0_bps": 0.8317960954849994,
        "max_drawdown_1_0_bps": 0.02689259881048,
        "calmar_ratio_1_0_bps": 0.9055518272015661,
        "perc_pos_return_1_0_bps": 0.5301369863013695,
        "profit_loss_ratio_1_0_bps": 1.014042750354918,
        "annual_return_1_5_bps": 0.027748732908565,
        "annual_volatility_1_5_bps": 0.0349931850494585,
        "sharpe_ratio_1_5_bps": 0.5838994790638905,
        "downside_risk_1_5_bps": 0.024451465358486003,
        "sortino_ratio_1_5_bps": 0.8029349604253021,
        "max_drawdown_1_5_bps": 0.0269152888449675,
        "calmar_ratio_1_5_bps": 0.8813582558479135,
        "perc_pos_return_1_5_bps": 0.527397260273972,
        "profit_loss_ratio_1_5_bps": 1.022022322001802,
        "annual_return_2_0_bps": 0.027076495712699003,
        "annual_volatility_2_0_bps": 0.034993846519449506,
        "sharpe_ratio_2_0_bps": 0.5651806748135715,
        "downside_risk_2_0_bps": 0.024464926164542503,
        "sortino_ratio_2_0_bps": 0.7741150546071026,
        "max_drawdown_2_0_bps": 0.026937978213574503,
        "calmar_ratio_2_0_bps": 0.857219952966152,
        "perc_pos_return_2_0_bps": 0.5260273972602736,
        "profit_loss_ratio_2_0_bps": 1.023233818746214,
        "annual_return_2_5_bps": 0.0264047668909725,
        "annual_volatility_2_5_bps": 0.034994515172222504,
        "sharpe_ratio_2_5_bps": 0.546462594968778,
        "downside_risk_2_5_bps": 0.0244784079138185,
        "sortino_ratio_2_5_bps": 0.7453363732569975,
        "max_drawdown_2_5_bps": 0.026960666916323005,
        "calmar_ratio_2_5_bps": 0.8331367284435905,
        "perc_pos_return_2_5_bps": 0.5246575342465751,
        "profit_loss_ratio_2_5_bps": 1.026589065808952,
        "annual_return_3_0_bps": 0.0257335460227655,
        "annual_volatility_3_0_bps": 0.0349951910073,
        "sharpe_ratio_3_0_bps": 0.527745254427302,
        "downside_risk_3_0_bps": 0.024491910681863502,
        "sortino_ratio_3_0_bps": 0.7165989129058454,
        "max_drawdown_3_0_bps": 0.026983354953233,
        "calmar_ratio_3_0_bps": 0.809108393223502,
        "perc_pos_return_3_0_bps": 0.523287671232876,
        "profit_loss_ratio_3_0_bps": 1.027794772960982,
        "annual_return_rescaled": 0.08473501948058748,
        "annual_volatility_rescaled": 0.12463645764920864,
        "downside_risk_rescaled": 0.08695107939863904,
        "max_drawdown_rescaled": 0.11117902143879131,
        "annual_return_rescaled_0_5_bps": 0.08259626415071109,
        "annual_volatility_rescaled_0_5_bps": 0.12463645764920758,
        "downside_risk_rescaled_0_5_bps": 0.08699721382833638,
        "max_drawdown_rescaled_0_5_bps": 0.11126714510890379,
        "annual_return_rescaled_1_0_bps": 0.08046241235661089,
        "annual_volatility_rescaled_1_0_bps": 0.12463645764920746,
        "downside_risk_rescaled_1_0_bps": 0.08704340179309705,
        "max_drawdown_rescaled_1_0_bps": 0.11135523266253552,
        "annual_return_rescaled_1_5_bps": 0.07833345309796502,
        "annual_volatility_rescaled_1_5_bps": 0.1246364576492081,
        "downside_risk_rescaled_1_5_bps": 0.0870896439494349,
        "max_drawdown_rescaled_1_5_bps": 0.1114432840565014,
        "annual_return_rescaled_2_0_bps": 0.07620937539475103,
        "annual_volatility_rescaled_2_0_bps": 0.12463645764920761,
        "downside_risk_rescaled_2_0_bps": 0.08713594066040187,
        "max_drawdown_rescaled_2_0_bps": 0.11153129924769209,
        "annual_return_rescaled_2_5_bps": 0.0740901682872267,
        "annual_volatility_rescaled_2_5_bps": 0.12463645764920783,
        "downside_risk_rescaled_2_5_bps": 0.08718229231797857,
        "max_drawdown_rescaled_2_5_bps": 0.11161927819308383,
        "annual_return_rescaled_3_0_bps": 0.0719758208359223,
        "annual_volatility_rescaled_3_0_bps": 0.12463645764920729,
        "downside_risk_rescaled_3_0_bps": 0.087228699160737,
        "max_drawdown_rescaled_3_0_bps": 0.11170722084973059,
        "sharpe_ratio_years": 0.52936818302417,
        "sharpe_ratio_years_0_5_bps": 0.5138126787613551,
        "sharpe_ratio_years_1_0_bps": 0.49825774031474007,
        "sharpe_ratio_years_1_5_bps": 0.48270338006642455,
        "sharpe_ratio_years_2_0_bps": 0.46714961039510505,
        "sharpe_ratio_years_2_5_bps": 0.45159644367601504,
        "sharpe_ratio_years_3_0_bps": 0.43604389228086254,
        "sharpe_ratio_years_std": 0.406316827752833,
        "sharpe_ratio_years_std_0_5_bps": 0.40670155694241905,
        "sharpe_ratio_years_std_1_0_bps": 0.407086071578216,
        "sharpe_ratio_years_std_1_5_bps": 0.40747036505215856,
        "sharpe_ratio_years_std_2_0_bps": 0.40785443075863403,
        "sharpe_ratio_years_std_2_5_bps": 0.40823826209453207,
        "sharpe_ratio_years_std_3_0_bps": 0.40862185245930055
    },
    "COMB": {
        "annual_return": 0.029768498952678003,
        "annual_volatility": 0.034991243740869,
        "sharpe_ratio": 0.6400600892069105,
        "downside_risk": 0.024411207363841503,
        "sortino_ratio": 0.889642067541529,
        "max_drawdown": 0.026847216743775004,
        "calmar_ratio": 0.9541055411040046,
        "perc_pos_return": 0.535616438356164,
        "profit_loss_ratio": 0.99437930817272,
        "annual_return_0_5_bps": 0.029094734107024,
        "annual_volatility_0_5_bps": 0.0349918836597055,
        "sharpe_ratio_0_5_bps": 0.621339201168808,
        "downside_risk_0_5_bps": 0.024424606109775503,
        "sortino_ratio_0_5_bps": 0.860698463215449,
        "max_drawdown_0_5_bps": 0.026869908110089,
        "calmar_ratio_0_5_bps": 0.9298008582039361,
        "perc_pos_return_0_5_bps": 0.534246575342465,
        "profit_loss_ratio_0_5_bps": 0.9975198129510221,
        "annual_return_1_0_bps": 0.0284214788995555,
        "annual_volatility_1_0_bps": 0.034992530762722004,
        "sharpe_ratio_1_0_bps": 0.602618992817703,
        "downside_risk_1_0_bps": 0.024438025377049505,
        "sortino_ratio_1_0_bps": 0.8317960954849994,
        "max_drawdown_1_0_bps": 0.02689259881048,
        "calmar_ratio_1_0_bps": 0.9055518272015661,
        "perc_pos_return_1_0_bps": 0.5301369863013695,
        "profit_loss_ratio_1_0_bps": 1.014042750354918,
        "annual_return_1_5_bps": 0.027748732908565,
        "annual_volatility_1_5_bps": 0.0349931850494585,
        "sharpe_ratio_1_5_bps": 0.5838994790638905,
        "downside_risk_1_5_bps": 0.024451465358486003,
        "sortino_ratio_1_5_bps": 0.8029349604253021,
        "max_drawdown_1_5_bps": 0.0269152888449675,
        "calmar_ratio_1_5_bps": 0.8813582558479135,
        "perc_pos_return_1_5_bps": 0.527397260273972,
        "profit_loss_ratio_1_5_bps": 1.022022322001802,
        "annual_return_2_0_bps": 0.027076495712699003,
        "annual_volatility_2_0_bps": 0.034993846519449506,
        "sharpe_ratio_2_0_bps": 0.5651806748135715,