{
    "ALL": {
        "performance_sw": 0.9573601392573204,
        "performance_fw": 1.1034323141824605,
        "val_loss": 3.238916257909573,
        "annual_return_2021_2022": 0.04244450709361258,
        "annual_volatility_2021_2022": 0.03666229767615085,
        "sharpe_ratio_2021_2022": 1.1521831059478298,
        "downside_risk_2021_2022": 0.026158723848244195,
        "sortino_ratio_2021_2022": 1.6148218947051847,
        "max_drawdown_2021_2022": 0.031263665105945866,
        "calmar_ratio_2021_2022": 1.3576305577025993,
        "perc_pos_return_2021_2022": 0.5315068493150685,
        "profit_loss_ratio_2021_2022": 1.0613983242337985,
        "sharpe_ratio_2021": 0.9573601392573201,
        "annual_return_2021_2022_0_5_bps": 0.04216940037576866,
        "annual_volatility_2021_2022_0_5_bps": 0.0366628944010447,
        "sharpe_ratio_2021_2022_0_5_bps": 1.1449650321907514,
        "downside_risk_2021_2022_0_5_bps": 0.026164670216802483,
        "sortino_ratio_2021_2022_0_5_bps": 1.6043669467364783,
        "max_drawdown_2021_2022_0_5_bps": 0.031376074503898684,
        "calmar_ratio_2021_2022_0_5_bps": 1.3439986053873259,
        "perc_pos_return_2021_2022_0_5_bps": 0.5315068493150685,
        "profit_loss_ratio_2021_2022_0_5_bps": 1.060163731494332,
        "sharpe_ratio_2021_0_5_bps": 0.951362571629767,
        "annual_return_2021_2022_1_0_bps": 0.04189436599595209,
        "annual_volatility_2021_2022_1_0_bps": 0.036663492828506165,
        "sharpe_ratio_2021_2022_1_0_bps": 1.1377471405580952,
        "downside_risk_2021_2022_1_0_bps": 0.0261706200003586,
        "sortino_ratio_2021_2022_1_0_bps": 1.5939165418294847,
        "max_drawdown_2021_2022_1_0_bps": 0.031488470972913636,
        "calmar_ratio_2021_2022_1_0_bps": 1.3304668248893252,
        "perc_pos_return_2021_2022_1_0_bps": 0.5315068493150685,
        "profit_loss_ratio_2021_2022_1_0_bps": 1.0589306585707927,
        "sharpe_ratio_2021_1_0_bps": 0.9453651553311662,
        "annual_return_2021_2022_1_5_bps": 0.04161940393521735,
        "annual_volatility_2021_2022_1_5_bps": 0.036664092958451876,
        "sharpe_ratio_2021_2022_1_5_bps": 1.1305294320490444,
        "downside_risk_2021_2022_1_5_bps": 0.026176573196583917,
        "sortino_ratio_2021_2022_1_5_bps": 1.5834706811173145,
        "max_drawdown_2021_2022_1_5_bps": 0.03160085451446566,
        "calmar_ratio_2021_2022_1_5_bps": 1.317034130079159,
        "perc_pos_return_2021_2022_1_5_bps": 0.5315068493150685,
        "profit_loss_ratio_2021_2022_1_5_bps": 1.0576991026585068,
        "sharpe_ratio_2021_1_5_bps": 0.9393678911917487,
        "annual_return_2021_2022_2_0_bps": 0.0413445141746176,
        "annual_volatility_2021_2022_2_0_bps": 0.03666469479079824,
        "sharpe_ratio_2021_2022_2_0_bps": 1.1233119076626075,
        "downside_risk_2021_2022_2_0_bps": 0.02618252980315059,
        "sortino_ratio_2021_2022_2_0_bps": 1.573029365724731,
        "max_drawdown_2021_2022_2_0_bps": 0.03171322513002515,
        "calmar_ratio_2021_2022_2_0_bps": 1.3036994504691302,
        "perc_pos_return_2021_2022_2_0_bps": 0.5315068493150685,
        "profit_loss_ratio_2021_2022_2_0_bps": 1.056469060959698,
        "sharpe_ratio_2021_2_0_bps": 0.9333707800416003,
        "annual_return_2021_2022_2_5_bps": 0.041069696695207325,
        "annual_volatility_2021_2022_2_5_bps": 0.03666529832546141,
        "sharpe_ratio_2021_2022_2_5_bps": 1.1160945683976162,
        "downside_risk_2021_2022_2_5_bps": 0.026188489817731555,
        "sortino_ratio_2021_2022_2_5_bps": 1.562592596768161,
        "max_drawdown_2021_2022_2_5_bps": 0.03182558282106927,
        "calmar_ratio_2021_2022_2_5_bps": 1.2904617309323314,
        "perc_pos_return_2021_2022_2_5_bps": 0.5315068493150685,
        "profit_loss_ratio_2021_2022_2_5_bps": 1.0552405306834651,
        "sharpe_ratio_2021_2_5_bps": 0.92737382271066,
        "annual_return_2021_2022_3_0_bps": 0.040794951478054564,
        "annual_volatility_2021_2022_3_0_bps": 0.03666590356235734,
        "sharpe_ratio_2021_2022_3_0_bps": 1.1088774152527265,
        "downside_risk_2021_2022_3_0_bps": 0.026194453238000535,
        "sortino_ratio_2021_2022_3_0_bps": 1.5521603753557118,
        "max_drawdown_2021_2022_3_0_bps": 0.03193792758906775,
        "calmar_ratio_2021_2022_3_0_bps": 1.2773199314290682,
        "perc_pos_return_2021_2022_3_0_bps": 0.5315068493150685,
        "profit_loss_ratio_2021_2022_3_0_bps": 1.054013509045762,
        "sharpe_ratio_2021_3_0_bps": 0.9213770200287209
    },
    "COMB": {
        "annual_return_2021_2022": 0.04244450709361258,
        "annual_volatility_2021_2022": 0.03666229767615085,
        "sharpe_ratio_2021_2022": 1.1521831059478298,
        "downside_risk_2021_2022": 0.026158723848244195,
        "sortino_ratio_2021_2022": 1.6148218947051847,
        "max_drawdown_2021_2022": 0.031263665105945866,
        "calmar_ratio_2021_2022": 1.3576305577025993,
        "perc_pos_return_2021_2022": 0.5315068493150685,
        "profit_loss_ratio_2021_2022": 1.0613983242337985,
        "sharpe_ratio_2021": 0.9573601392573201,
        "annual_return_2021_2022_0_5_bps": 0.04216940037576866,
        "annual_volatility_2021_2022_0_5_bps": 0.0366628944010447,
        "sharpe_ratio_2021_2022_0_5_bps": 1.1449650321907514,
        "downside_risk_2021_2022_0_5_bps": 0.026164670216802483,
        "sortino_ratio_2021_2022_0_5_bps": 1.6043669467364783,
        "max_drawdown_2021_2022_0_5_bps": 0.031376074503898684,
        "calmar_ratio_2021_2022_0_5_bps": 1.3439986053873259,
        "perc_pos_return_2021_2022_0_5_bps": 0.5315068493150685,
        "profit_loss_ratio_2021_2022_0_5_bps": 1.060163731494332,
        "sharpe_ratio_2021_0_5_bps": 0.951362571629767,
        "annual_return_2021_2022_1_0_bps": 0.04189436599595209,
        "annual_volatility_2021_2022_1_0_bps": 0.036663492828506165,
        "sharpe_ratio_2021_2022_1_0_bps": 1.1377471405580952,
        "downside_risk_2021_2022_1_0_bps": 0.0261706200003586,
        "sortino_ratio_2021_2022_1_0_bps": 1.5939165418294847,
        "max_drawdown_2021_2022_1_0_bps": 0.031488470972913636,
        "calmar_ratio_2021_2022_1_0_bps": 1.3304668248893252,
        "perc_pos_return_2021_2022_1_0_bps": 0.5315068493150685,
        "profit_loss_ratio_2021_2022_1_0_bps": 1.0589306585707927,
        "sharpe_ratio_2021_1_0_bps": 0.9453651553311662,
        "annual_return_2021_2022_1_5_bps": 0.04161940393521735,
        "annual_volatility_2021_2022_1_5_bps": 0.036664092958451876,
        "sharpe_ratio_2021_2022_1_5_bps": 1.1305294320490444,
        "downside_risk_2021_2022_1_5_bps": 0.026176573196583917,
        "sortino_ratio_2021_2022_1_5_bps": 1.5834706811173145,
        "max_drawdown_2021_2022_1_5_bps": 0.03160085451446566,
        "calmar_ratio_2021_2022_1_5_bps": 1.317034130079159,
        "perc_pos_return_2021_2022_1_5_bps": 0.5315068493150685,
        "profit_loss_ratio_2021_2022_1_5_bps": 1.0576991026585068,
        "sharpe_ratio_2021_1_5_bps": 0.9393678911917487,
        "annual_return_2021_2022_2_0_bps": 0.0413445141746176,
        "annual_volatility_2021_2022_2_0_bps": 0.03666469479079824,
        "sharpe_ratio_2021_2022_2_0_bps": 1.1233119076626075,
        "downside_risk_2021_2022_2_0_bps": 0.02618252980315059,
        "sortino_ratio_2021_2022_2_0_bps": 1.573029365724731,
        "max_drawdown_2021_2022_2_0_bps": 0.03171322513002515,
        "calmar_ratio_2021_2022_2_0_bps": 1.3036994504691302,
        "perc_pos_return_2021_2022_2_0_bps": 0.5315068493150685,
        "profit_loss_ratio_2021_2022_2_0_bps": 1.056469060959698,
        "sharpe_ratio_2021_2_0_bps": 0.9333707800416003,
        "annual_return_2021_2022_2_5_bps": 0.041069696695207325,
        "annual_volatility_2021_2022_2_5_bps": 0.03666529832546141,
        "sharpe_ratio_2021_2022_2_5_bps": 1.1160945683976162,
        "downside_risk_2021_2022_2_5_bps": 0.026188489817731555,
        "sortino_ratio_2021_2022_2_5_bps": 1.562592596768161,