{
    "ALL": {
        "performance_sw": 1.6464577174726747,
        "performance_fw": 1.0466302256061368,
        "val_loss": 2.6864606459776406,
        "annual_return_2016_2017": 0.01628972982186072,
        "annual_volatility_2016_2017": 0.0098437031283805,
        "sharpe_ratio_2016_2017": 1.6464577174726742,
        "downside_risk_2016_2017": 0.006123058614766812,
        "sortino_ratio_2016_2017": 2.6469191304400415,
        "max_drawdown_2016_2017": 0.007173585983781523,
        "calmar_ratio_2016_2017": 2.2707931373081087,
        "perc_pos_return_2016_2017": 0.5521235521235521,
        "profit_loss_ratio_2016_2017": 1.0852064025729204,
        "sharpe_ratio_2016": 1.7108249404125533,
        "annual_return_2016_2017_0_5_bps": 0.011138295809567156,
        "annual_volatility_2016_2017_0_5_bps": 0.009840594078329103,
        "sharpe_ratio_2016_2017_0_5_bps": 1.1305397682383835,
        "downside_risk_2016_2017_0_5_bps": 0.006281453793204399,
        "sortino_ratio_2016_2017_0_5_bps": 1.7711159414525965,
        "max_drawdown_2016_2017_0_5_bps": 0.009253654282728617,
        "calmar_ratio_2016_2017_0_5_bps": 1.2036645706935591,
        "perc_pos_return_2016_2017_0_5_bps": 0.5328185328185329,
        "profit_loss_ratio_2016_2017_0_5_bps": 1.0706905216868874,
        "sharpe_ratio_2016_0_5_bps": 1.1924825521983964,
        "annual_return_2016_2017_1_0_bps": 0.00601286084170094,
        "annual_volatility_2016_2017_1_0_bps": 0.009838475846031742,
        "sharpe_ratio_2016_2017_1_0_bps": 0.6142338516275203,
        "downside_risk_2016_2017_1_0_bps": 0.0064440454522788045,
        "sortino_ratio_2016_2017_1_0_bps": 0.9377843402571557,
        "max_drawdown_2016_2017_1_0_bps": 0.011369862059964651,
        "calmar_ratio_2016_2017_1_0_bps": 0.5288420220042348,
        "perc_pos_return_2016_2017_1_0_bps": 0.5173745173745173,
        "profit_loss_ratio_2016_2017_1_0_bps": 1.0397644987690053,
        "sharpe_ratio_2016_1_0_bps": 0.6737150509776454,
        "annual_return_2016_2017_1_5_bps": 0.0009132942715901482,
        "annual_volatility_2016_2017_1_5_bps": 0.009837349071533472,
        "sharpe_ratio_2016_2017_1_5_bps": 0.09769571766480015,
        "downside_risk_2016_2017_1_5_bps": 0.006610745280584068,
        "sortino_ratio_2016_2017_1_5_bps": 0.14537950513466258,
        "max_drawdown_2016_2017_1_5_bps": 0.013543743968867775,
        "calmar_ratio_2016_2017_1_5_bps": 0.06743292502350054,
        "perc_pos_return_2016_2017_1_5_bps": 0.5057915057915058,
        "profit_loss_ratio_2016_2017_1_5_bps": 0.9941150872865016,
        "sharpe_ratio_2016_1_5_bps": 0.15467467804956384,
        "annual_return_2016_2017_2_0_bps": -0.0041605338938012215,
        "annual_volatility_2016_2017_2_0_bps": 0.009837214095525081,
        "sharpe_ratio_2016_2017_2_0_bps": -0.4189185188113167,
        "downside_risk_2016_2017_2_0_bps": 0.006781614044318755,
        "sortino_ratio_2016_2017_2_0_bps": -0.6076711430635753,
        "max_drawdown_2016_2017_2_0_bps": 0.015712898517235407,
        "calmar_ratio_2016_2017_2_0_bps": -0.26478462196122193,
        "perc_pos_return_2016_2017_2_0_bps": 0.4749034749034749,
        "profit_loss_ratio_2016_2017_2_0_bps": 1.0268951087797353,
        "sharpe_ratio_2016_2_0_bps": -0.36448590220257016,
        "annual_return_2016_2017_2_5_bps": -0.009208752997110548,
        "annual_volatility_2016_2017_2_5_bps": 0.009838070958828288,
        "sharpe_ratio_2016_2017_2_5_bps": -0.9354526138539907,
        "downside_risk_2016_2017_2_5_bps": 0.006956860186267617,
        "sortino_ratio_2016_2017_2_5_bps": -1.3228739614292049,
        "max_drawdown_2016_2017_2_5_bps": 0.01788910415172332,
        "calmar_ratio_2016_2017_2_5_bps": -0.5147688178797615,
        "perc_pos_return_2016_2017_2_5_bps": 0.4555984555984556,
        "profit_loss_ratio_2016_2017_2_5_bps": 1.0133537286194272,
        "sharpe_ratio_2016_2_5_bps": -0.8836138265386344,
        "annual_return_2016_2017_3_0_bps": -0.014231491733821211,
        "annual_volatility_2016_2017_3_0_bps": 0.009839919402334049,
        "sharpe_ratio_2016_2017_3_0_bps": -1.4517504305897355,
        "downside_risk_2016_2017_3_0_bps": 0.007136583399026329,
        "sortino_ratio_2016_2017_3_0_bps": -2.00167312992597,
        "max_drawdown_2016_2017_3_0_bps": 0.0201657461547833,
        "calmar_ratio_2016_2017_3_0_bps": -0.7057260180003562,
        "perc_pos_return_2016_2017_3_0_bps": 0.43243243243243246,
        "profit_loss_ratio_2016_2017_3_0_bps": 1.0169817787438258,
        "sharpe_ratio_2016_3_0_bps": -1.402556257803475
    },
    "COMB": {
        "annual_return_2016_2017": 0.01628972982186072,
        "annual_volatility_2016_2017": 0.0098437031283805,
        "sharpe_ratio_2016_2017": 1.6464577174726742,
        "downside_risk_2016_2017": 0.006123058614766812,
        "sortino_ratio_2016_2017": 2.6469191304400415,
        "max_drawdown_2016_2017": 0.007173585983781523,
        "calmar_ratio_2016_2017": 2.2707931373081087,
        "perc_pos_return_2016_2017": 0.5521235521235521,
        "profit_loss_ratio_2016_2017": 1.0852064025729204,
        "sharpe_ratio_2016": 1.7108249404125533,
        "annual_return_2016_2017_0_5_bps": 0.011138295809567156,
        "annual_volatility_2016_2017_0_5_bps": 0.009840594078329103,
        "sharpe_ratio_2016_2017_0_5_bps": 1.1305397682383835,
        "downside_risk_2016_2017_0_5_bps": 0.006281453793204399,
        "sortino_ratio_2016_2017_0_5_bps": 1.7711159414525965,
        "max_drawdown_2016_2017_0_5_bps": 0.009253654282728617,
        "calmar_ratio_2016_2017_0_5_bps": 1.2036645706935591,
        "perc_pos_return_2016_2017_0_5_bps": 0.5328185328185329,
        "profit_loss_ratio_2016_2017_0_5_bps": 1.0706905216868874,
        "sharpe_ratio_2016_0_5_bps": 1.1924825521983964,
        "annual_return_2016_2017_1_0_bps": 0.00601286084170094,
        "annual_volatility_2016_2017_1_0_bps": 0.009838475846031742,
        "sharpe_ratio_2016_2017_1_0_bps": 0.6142338516275203,
        "downside_risk_2016_2017_1_0_bps": 0.0064440454522788045,
        "sortino_ratio_2016_2017_1_0_bps": 0.9377843402571557,
        "max_drawdown_2016_2017_1_0_bps": 0.011369862059964651,
        "calmar_ratio_2016_2017_1_0_bps": 0.5288420220042348,
        "perc_pos_return_2016_2017_1_0_bps": 0.5173745173745173,
        "profit_loss_ratio_2016_2017_1_0_bps": 1.0397644987690053,
        "sharpe_ratio_2016_1_0_bps": 0.6737150509776454,
        "annual_return_2016_2017_1_5_bps": 0.0009132942715901482,
        "annual_volatility_2016_2017_1_5_bps": 0.009837349071533472,
        "sharpe_ratio_2016_2017_1_5_bps": 0.09769571766480015,
        "downside_risk_2016_2017_1_5_bps": 0.006610745280584068,
        "sortino_ratio_2016_2017_1_5_bps": 0.14537950513466258,
        "max_drawdown_2016_2017_1_5_bps": 0.013543743968867775,
        "calmar_ratio_2016_2017_1_5_bps": 0.06743292502350054,
        "perc_pos_return_2016_2017_1_5_bps": 0.5057915057915058,
        "profit_loss_ratio_2016_2017_1_5_bps": 0.9941150872865016,
        "sharpe_ratio_2016_1_5_bps": 0.15467467804956384,
        "annual_return_2016_2017_2_0_bps": -0.0041605338938012215,
        "annual_volatility_2016_2017_2_0_bps": 0.009837214095525081,
        "sharpe_ratio_2016_2017_2_0_bps": -0.4189185188113167,
        "downside_risk_2016_2017_2_0_bps": 0.006781614044318755,
        "sortino_ratio_2016_2017_2_0_bps": -0.6076711430635753,
        "max_drawdown_2016_2017_2_0_bps": 0.015712898517235407,
        "calmar_ratio_2016_2017_2_0_bps": -0.26478462196122193,
        "perc_pos_return_2016_2017_2_0_bps": 0.4749034749034749,
        "profit_loss_ratio_2016_2017_2_0_bps": 1.0268951087797353,
        "sharpe_ratio_2016_2_0_bps": -0.36448590220257016,
        "annual_return_2016_2017_2_5_bps": -0.009208752997110548,
        "annual_volatility_2016_2017_2_5_bps": 0.009838070958828288,
        "sharpe_ratio_2016_2017_2_5_bps": -0.9354526138539907,
        "downside_risk_2016_2017_2_5_bps": 0.006956860186267617,