{
    "ALL": {
        "performance_sw": 2.3028217357401153,
        "performance_fw": 2.68113490724613,
        "val_loss": 2.743308565008118,
        "annual_return_2019_2020": 0.023634958560766473,
        "annual_volatility_2019_2020": 0.010166886202881436,
        "sharpe_ratio_2019_2020": 2.3028217357401153,
        "downside_risk_2019_2020": 0.005870143322319202,
        "sortino_ratio_2019_2020": 3.988407990614738,
        "max_drawdown_2019_2020": 0.005521691004882854,
        "calmar_ratio_2019_2020": 4.2803841323004095,
        "perc_pos_return_2019_2020": 0.5423076923076923,
        "profit_loss_ratio_2019_2020": 1.268708440011897,
        "sharpe_ratio_2019": 2.0294572121648478,
        "annual_return_2019_2020_0_5_bps": 0.017955638904085802,
        "annual_volatility_2019_2020_0_5_bps": 0.01016254675968279,
        "sharpe_ratio_2019_2020_0_5_bps": 1.7562913252254684,
        "downside_risk_2019_2020_0_5_bps": 0.006052988875640774,
        "sortino_ratio_2019_2020_0_5_bps": 2.9486908175326247,
        "max_drawdown_2019_2020_0_5_bps": 0.005902760859857779,
        "calmar_ratio_2019_2020_0_5_bps": 3.0419051915510646,
        "perc_pos_return_2019_2020_0_5_bps": 0.5192307692307693,
        "profit_loss_ratio_2019_2020_0_5_bps": 1.2627337873492652,
        "sharpe_ratio_2019_0_5_bps": 1.4935161154472731,
        "annual_return_2019_2020_1_0_bps": 0.0123076949372527,
        "annual_volatility_2019_2020_1_0_bps": 0.010159172017282355,
        "sharpe_ratio_2019_2020_1_0_bps": 1.2091791416435358,
        "downside_risk_2019_2020_1_0_bps": 0.006240205412735523,
        "sortino_ratio_2019_2020_1_0_bps": 1.9685664312581415,
        "max_drawdown_2019_2020_1_0_bps": 0.006283692501777836,
        "calmar_ratio_2019_2020_1_0_bps": 1.9586723783460922,
        "perc_pos_return_2019_2020_1_0_bps": 0.5,
        "profit_loss_ratio_2019_2020_1_0_bps": 1.2374921343149068,
        "sharpe_ratio_2019_1_0_bps": 0.9567790344641699,
        "annual_return_2019_2020_1_5_bps": 0.00669095406497644,
        "annual_volatility_2019_2020_1_5_bps": 0.010156762937290696,
        "sharpe_ratio_2019_2020_1_5_bps": 0.6616404384541557,
        "downside_risk_2019_2020_1_5_bps": 0.006431794428982159,
        "sortino_ratio_2019_2020_1_5_bps": 1.0448289598346823,
        "max_drawdown_2019_2020_1_5_bps": 0.007826526334256272,
        "calmar_ratio_2019_2020_1_5_bps": 0.8549072448259075,
        "perc_pos_return_2019_2020_1_5_bps": 0.47692307692307695,
        "profit_loss_ratio_2019_2020_1_5_bps": 1.2320373527638904,
        "sharpe_ratio_2019_1_5_bps": 0.4193741791366332,
        "annual_return_2019_2020_2_0_bps": 0.0011052446373174263,
        "annual_volatility_2019_2020_2_0_bps": 0.010155320206941109,
        "sharpe_ratio_2019_2020_2_0_bps": 0.11383109965860481,
        "downside_risk_2019_2020_2_0_bps": 0.006627728501757133,
        "sortino_ratio_2019_2020_2_0_bps": 0.17441741408612046,
        "max_drawdown_2019_2020_2_0_bps": 0.010604892004144802,
        "calmar_ratio_2019_2020_2_0_bps": 0.10422026333558644,
        "perc_pos_return_2019_2020_2_0_bps": 0.46153846153846156,
        "profit_loss_ratio_2019_2020_2_0_bps": 1.1901871925444245,
        "sharpe_ratio_2019_2_0_bps": -0.11856933065099413,
        "annual_return_2019_2020_2_5_bps": -0.004449604055454137,
        "annual_volatility_2019_2020_2_5_bps": 0.010154844238110512,
        "sharpe_ratio_2019_2020_2_5_bps": -0.43409258149698915,
        "downside_risk_2019_2020_2_5_bps": 0.0068279686432814865,
        "sortino_ratio_2019_2020_2_5_bps": -0.6456008778480107,
        "max_drawdown_2019_2020_2_5_bps": 0.013447788695708453,
        "calmar_ratio_2019_2020_2_5_bps": -0.3308799800575484,
        "perc_pos_return_2019_2020_2_5_bps": 0.4461538461538462,
        "profit_loss_ratio_2019_2020_2_5_bps": 1.1506322403374445,
        "sharpe_ratio_2019_2_5_bps": -0.6569216180918431,
        "annual_return_2019_2020_3_0_bps": -0.00997376178800402,
        "annual_volatility_2019_2020_3_0_bps": 0.010155335166731894,
        "sharpe_ratio_2019_2020_3_0_bps": -0.981974125211762,
        "downside_risk_2019_2020_3_0_bps": 0.007032622273788389,
        "sortino_ratio_2019_2020_3_0_bps": -1.4180025569909995,
        "max_drawdown_2019_2020_3_0_bps": 0.016282581165568643,
        "calmar_ratio_2019_2020_3_0_bps": -0.6125418130323629,
        "perc_pos_return_2019_2020_3_0_bps": 0.4230769230769231,
        "profit_loss_ratio_2019_2020_3_0_bps": 1.1491498642200113,
        "sharpe_ratio_2019_3_0_bps": -1.1955522047511937
    },
    "COMB": {
        "annual_return_2019_2020": 0.023634958560766473,
        "annual_volatility_2019_2020": 0.010166886202881436,
        "sharpe_ratio_2019_2020": 2.3028217357401153,
        "downside_risk_2019_2020": 0.005870143322319202,
        "sortino_ratio_2019_2020": 3.988407990614738,
        "max_drawdown_2019_2020": 0.005521691004882854,
        "calmar_ratio_2019_2020": 4.2803841323004095,
        "perc_pos_return_2019_2020": 0.5423076923076923,
        "profit_loss_ratio_2019_2020": 1.268708440011897,
        "sharpe_ratio_2019": 2.0294572121648478,
        "annual_return_2019_2020_0_5_bps": 0.017955638904085802,
        "annual_volatility_2019_2020_0_5_bps": 0.01016254675968279,
        "sharpe_ratio_2019_2020_0_5_bps": 1.7562913252254684,
        "downside_risk_2019_2020_0_5_bps": 0.006052988875640774,
        "sortino_ratio_2019_2020_0_5_bps": 2.9486908175326247,
        "max_drawdown_2019_2020_0_5_bps": 0.005902760859857779,
        "calmar_ratio_2019_2020_0_5_bps": 3.0419051915510646,
        "perc_pos_return_2019_2020_0_5_bps": 0.5192307692307693,
        "profit_loss_ratio_2019_2020_0_5_bps": 1.2627337873492652,
        "sharpe_ratio_2019_0_5_bps": 1.4935161154472731,
        "annual_return_2019_2020_1_0_bps": 0.0123076949372527,
        "annual_volatility_2019_2020_1_0_bps": 0.010159172017282355,
        "sharpe_ratio_2019_2020_1_0_bps": 1.2091791416435358,
        "downside_risk_2019_2020_1_0_bps": 0.006240205412735523,
        "sortino_ratio_2019_2020_1_0_bps": 1.9685664312581415,
        "max_drawdown_2019_2020_1_0_bps": 0.006283692501777836,
        "calmar_ratio_2019_2020_1_0_bps": 1.9586723783460922,
        "perc_pos_return_2019_2020_1_0_bps": 0.5,
        "profit_loss_ratio_2019_2020_1_0_bps": 1.2374921343149068,
        "sharpe_ratio_2019_1_0_bps": 0.9567790344641699,
        "annual_return_2019_2020_1_5_bps": 0.00669095406497644,
        "annual_volatility_2019_2020_1_5_bps": 0.010156762937290696,
        "sharpe_ratio_2019_2020_1_5_bps": 0.6616404384541557,
        "downside_risk_2019_2020_1_5_bps": 0.006431794428982159,
        "sortino_ratio_2019_2020_1_5_bps": 1.0448289598346823,
        "max_drawdown_2019_2020_1_5_bps": 0.007826526334256272,
        "calmar_ratio_2019_2020_1_5_bps": 0.8549072448259075,
        "perc_pos_return_2019_2020_1_5_bps": 0.47692307692307695,
        "profit_loss_ratio_2019_2020_1_5_bps": 1.2320373527638904,
        "sharpe_ratio_2019_1_5_bps": 0.4193741791366332,
        "annual_return_2019_2020_2_0_bps": 0.0011052446373174263,
        "annual_volatility_2019_2020_2_0_bps": 0.010155320206941109,
        "sharpe_ratio_2019_2020_2_0_bps": 0.11383109965860481,
        "downside_risk_2019_2020_2_0_bps": 0.006627728501757133,
        "sortino_ratio_2019_2020_2_0_bps": 0.17441741408612046,
        "max_drawdown_2019_2020_2_0_bps": 0.010604892004144802,
        "calmar_ratio_2019_2020_2_0_bps": 0.10422026333558644,
        "perc_pos_return_2019_2020_2_0_bps": 0.46153846153846156,
        "profit_loss_ratio_2019_2020_2_0_bps": 1.1901871925444245,
        "sharpe_ratio_2019_2_0_bps": -0.11856933065099413,
        "annual_return_2019_2020_2_5_bps": -0.004449604055454137,
        "annual_volatility_2019_2020_2_5_bps": 0.010154844238110512,
        "sharpe_ratio_2019_2020_2_5_bps": -0.43409258149698915,
        "downside_risk_2019_2020_2_5_bps": 0.0068279686432814865,
        "sortino_ratio_2019_2020_2_5_bps": -0.6456008778480107,