{
    "ALL": {
        "performance_sw": 1.2890168166276426,
        "performance_fw": 0.989277165810801,
        "val_loss": 3.419897192474077,
        "annual_return_2016_2017": 0.02415966648869583,
        "annual_volatility_2016_2017": 0.018654988845372967,
        "sharpe_ratio_2016_2017": 1.2890168166276426,
        "downside_risk_2016_2017": 0.011063329090928395,
        "sortino_ratio_2016_2017": 2.173540544446458,
        "max_drawdown_2016_2017": 0.009982399643111243,
        "calmar_ratio_2016_2017": 2.4202263335918617,
        "perc_pos_return_2016_2017": 0.5521235521235521,
        "profit_loss_ratio_2016_2017": 1.035966919231186,
        "sharpe_ratio_2016": 1.4324962931050895,
        "annual_return_2016_2017_0_5_bps": 0.01678472195430869,
        "annual_volatility_2016_2017_0_5_bps": 0.01865519211717441,
        "sharpe_ratio_2016_2017_0_5_bps": 0.9015720301942195,
        "downside_risk_2016_2017_0_5_bps": 0.011294976033344901,
        "sortino_ratio_2016_2017_0_5_bps": 1.4890690676183174,
        "max_drawdown_2016_2017_0_5_bps": 0.011000776623991203,
        "calmar_ratio_2016_2017_0_5_bps": 1.525776090908299,
        "perc_pos_return_2016_2017_0_5_bps": 0.5173745173745173,
        "profit_loss_ratio_2016_2017_0_5_bps": 1.1068024127996607,
        "sharpe_ratio_2016_0_5_bps": 1.0452078139023486,
        "annual_return_2016_2017_1_0_bps": 0.009462661991898935,
        "annual_volatility_2016_2017_1_0_bps": 0.018656086396623642,
        "sharpe_ratio_2016_2017_1_0_bps": 0.5141166438603793,
        "downside_risk_2016_2017_1_0_bps": 0.011531449764796996,
        "sortino_ratio_2016_2017_1_0_bps": 0.8317605089935777,
        "max_drawdown_2016_2017_1_0_bps": 0.012018137919569542,
        "calmar_ratio_2016_2017_1_0_bps": 0.7873650689671785,
        "perc_pos_return_2016_2017_1_0_bps": 0.5096525096525096,
        "profit_loss_ratio_2016_2017_1_0_bps": 1.0605467047965842,
        "sharpe_ratio_2016_1_0_bps": 0.6578436141824349,
        "annual_return_2016_2017_1_5_bps": 0.0021931089672295734,
        "annual_volatility_2016_2017_1_5_bps": 0.018657671584358757,
        "sharpe_ratio_2016_2017_1_5_bps": 0.12669370935011828,
        "downside_risk_2016_2017_1_5_bps": 0.01177265117242612,
        "sortino_ratio_2016_2017_1_5_bps": 0.20078821552066528,
        "max_drawdown_2016_2017_1_5_bps": 0.013034484511131891,
        "calmar_ratio_2016_2017_1_5_bps": 0.16825436904363836,
        "perc_pos_return_2016_2017_1_5_bps": 0.4980694980694981,
        "profit_loss_ratio_2016_2017_1_5_bps": 1.0322172099835791,
        "sharpe_ratio_2016_1_5_bps": 0.2704467749009155,
        "annual_return_2016_2017_2_0_bps": -0.005024312068721892,
        "annual_volatility_2016_2017_2_0_bps": 0.018659947504298984,
        "sharpe_ratio_2016_2017_2_0_bps": -0.26065374958656545,
        "downside_risk_2016_2017_2_0_bps": 0.012018459933770702,
        "sortino_ratio_2016_2017_2_0_bps": -0.4046928900114099,
        "max_drawdown_2016_2017_2_0_bps": 0.014049817379049999,
        "calmar_ratio_2016_2017_2_0_bps": -0.3576069306220135,
        "perc_pos_return_2016_2017_2_0_bps": 0.47876447876447875,
        "profit_loss_ratio_2016_2017_2_0_bps": 1.0363326085785418,
        "sharpe_ratio_2016_2_0_bps": -0.11693960934362635,
        "annual_return_2016_2017_2_5_bps": -0.012189973398769594,
        "annual_volatility_2016_2017_2_5_bps": 0.018662913903742435,
        "sharpe_ratio_2016_2017_2_5_bps": -0.6478827610409784,
        "downside_risk_2016_2017_2_5_bps": 0.012268940725847732,
        "sortino_ratio_2016_2017_2_5_bps": -0.9855276391997768,
        "max_drawdown_2016_2017_2_5_bps": 0.016916128697770642,
        "calmar_ratio_2016_2017_2_5_bps": -0.7206124768000906,
        "perc_pos_return_2016_2017_2_5_bps": 0.4749034749034749,
        "profit_loss_ratio_2016_2017_2_5_bps": 0.9782786919504419,
        "sharpe_ratio_2016_2_5_bps": -0.5042724542757099,
        "annual_return_2016_2017_3_0_bps": -0.019304244658411407,
        "annual_volatility_2016_2017_3_0_bps": 0.018666570453506306,
        "sharpe_ratio_2016_2017_3_0_bps": -1.034950428740411,
        "downside_risk_2016_2017_3_0_bps": 0.01252396111540221,
        "sortino_ratio_2016_2017_3_0_bps": -1.5425610887765044,
        "max_drawdown_2016_2017_3_0_bps": 0.020617326129547496,
        "calmar_ratio_2016_2017_3_0_bps": -0.9363117475619566,
        "perc_pos_return_2016_2017_3_0_bps": 0.4671814671814672,
        "profit_loss_ratio_2016_2017_3_0_bps": 0.9379817694184971,
        "sharpe_ratio_2016_3_0_bps": -0.8915087098931702
    },
    "COMB": {
        "annual_return_2016_2017": 0.02415966648869583,
        "annual_volatility_2016_2017": 0.018654988845372967,
        "sharpe_ratio_2016_2017": 1.2890168166276426,
        "downside_risk_2016_2017": 0.011063329090928395,
        "sortino_ratio_2016_2017": 2.173540544446458,
        "max_drawdown_2016_2017": 0.009982399643111243,
        "calmar_ratio_2016_2017": 2.4202263335918617,
        "perc_pos_return_2016_2017": 0.5521235521235521,
        "profit_loss_ratio_2016_2017": 1.035966919231186,
        "sharpe_ratio_2016": 1.4324962931050895,
        "annual_return_2016_2017_0_5_bps": 0.01678472195430869,
        "annual_volatility_2016_2017_0_5_bps": 0.01865519211717441,
        "sharpe_ratio_2016_2017_0_5_bps": 0.9015720301942195,
        "downside_risk_2016_2017_0_5_bps": 0.011294976033344901,
        "sortino_ratio_2016_2017_0_5_bps": 1.4890690676183174,
        "max_drawdown_2016_2017_0_5_bps": 0.011000776623991203,
        "calmar_ratio_2016_2017_0_5_bps": 1.525776090908299,
        "perc_pos_return_2016_2017_0_5_bps": 0.5173745173745173,
        "profit_loss_ratio_2016_2017_0_5_bps": 1.1068024127996607,
        "sharpe_ratio_2016_0_5_bps": 1.0452078139023486,
        "annual_return_2016_2017_1_0_bps": 0.009462661991898935,
        "annual_volatility_2016_2017_1_0_bps": 0.018656086396623642,
        "sharpe_ratio_2016_2017_1_0_bps": 0.5141166438603793,
        "downside_risk_2016_2017_1_0_bps": 0.011531449764796996,
        "sortino_ratio_2016_2017_1_0_bps": 0.8317605089935777,
        "max_drawdown_2016_2017_1_0_bps": 0.012018137919569542,
        "calmar_ratio_2016_2017_1_0_bps": 0.7873650689671785,
        "perc_pos_return_2016_2017_1_0_bps": 0.5096525096525096,
        "profit_loss_ratio_2016_2017_1_0_bps": 1.0605467047965842,
        "sharpe_ratio_2016_1_0_bps": 0.6578436141824349,
        "annual_return_2016_2017_1_5_bps": 0.0021931089672295734,
        "annual_volatility_2016_2017_1_5_bps": 0.018657671584358757,
        "sharpe_ratio_2016_2017_1_5_bps": 0.12669370935011828,
        "downside_risk_2016_2017_1_5_bps": 0.01177265117242612,
        "sortino_ratio_2016_2017_1_5_bps": 0.20078821552066528,
        "max_drawdown_2016_2017_1_5_bps": 0.013034484511131891,
        "calmar_ratio_2016_2017_1_5_bps": 0.16825436904363836,
        "perc_pos_return_2016_2017_1_5_bps": 0.4980694980694981,
        "profit_loss_ratio_2016_2017_1_5_bps": 1.0322172099835791,
        "sharpe_ratio_2016_1_5_bps": 0.2704467749009155,
        "annual_return_2016_2017_2_0_bps": -0.005024312068721892,
        "annual_volatility_2016_2017_2_0_bps": 0.018659947504298984,
        "sharpe_ratio_2016_2017_2_0_bps": -0.26065374958656545,
        "downside_risk_2016_2017_2_0_bps": 0.012018459933770702,
        "sortino_ratio_2016_2017_2_0_bps": -0.4046928900114099,
        "max_drawdown_2016_2017_2_0_bps": 0.014049817379049999,
        "calmar_ratio_2016_2017_2_0_bps": -0.3576069306220135,
        "perc_pos_return_2016_2017_2_0_bps": 0.47876447876447875,
        "profit_loss_ratio_2016_2017_2_0_bps": 1.0363326085785418,
        "sharpe_ratio_2016_2_0_bps": -0.11693960934362635,
        "annual_return_2016_2017_2_5_bps": -0.012189973398769594,
        "annual_volatility_2016_2017_2_5_bps": 0.018662913903742435,
        "sharpe_ratio_2016_2017_2_5_bps": -0.6478827610409784,
        "downside_risk_2016_2017_2_5_bps": 0.012268940725847732,