{
    "ALL": {
        "annual_return": 0.019469003553513404,
        "annual_volatility": 0.012578169872229001,
        "sharpe_ratio": 2.0111214768313914,
        "downside_risk": 0.0085689625203122,
        "sortino_ratio": 3.5607963345038818,
        "max_drawdown": 0.0138622223216462,
        "calmar_ratio": 3.857883361181897,
        "perc_pos_return": 0.5673924294854525,
        "profit_loss_ratio": 1.0902991892803386,
        "annual_return_0_5_bps": 0.014321288031151801,
        "annual_volatility_0_5_bps": 0.012576331911236202,
        "sharpe_ratio_0_5_bps": 1.5493388507555554,
        "downside_risk_0_5_bps": 0.008719058590200602,
        "sortino_ratio_0_5_bps": 2.7216182480316378,
        "max_drawdown_0_5_bps": 0.0145558174878808,
        "calmar_ratio_0_5_bps": 2.8291436886228687,
        "perc_pos_return_0_5_bps": 0.5565874665874662,
        "profit_loss_ratio_0_5_bps": 1.046926757216154,
        "annual_return_1_0_bps": 0.009200538743421801,
        "annual_volatility_1_0_bps": 0.012575131412390403,
        "sharpe_ratio_1_0_bps": 1.087145814554874,
        "downside_risk_1_0_bps": 0.008872731646954601,
        "sortino_ratio_1_0_bps": 1.9249048273543807,
        "max_drawdown_1_0_bps": 0.0152489849167742,
        "calmar_ratio_1_0_bps": 1.9717837660669424,
        "perc_pos_return_1_0_bps": 0.5396226945064151,
        "profit_loss_ratio_1_0_bps": 1.0325402614528163,
        "annual_return_1_5_bps": 0.0041066103226242,
        "annual_volatility_1_5_bps": 0.0125745688259362,
        "sharpe_ratio_1_5_bps": 0.6246408512881991,
        "downside_risk_1_5_bps": 0.0090299361501256,
        "sortino_ratio_1_5_bps": 1.1686399940478072,
        "max_drawdown_1_5_bps": 0.0159606112077458,
        "calmar_ratio_1_5_bps": 1.2383917015538786,
        "perc_pos_return_1_5_bps": 0.5280514478188892,
        "profit_loss_ratio_1_5_bps": 0.9947569538015291,
        "annual_return_2_0_bps": -0.0009606417977138001,
        "annual_volatility_2_0_bps": 0.0125746444700652,
        "sharpe_ratio_2_0_bps": 0.16192279052004696,
        "downside_risk_2_0_bps": 0.009190638639888801,
        "sortino_ratio_2_0_bps": 0.45086282614974227,
        "max_drawdown_2_0_bps": 0.016926194111884202,
        "calmar_ratio_2_0_bps": 0.6181927975455034,
        "perc_pos_return_2_0_bps": 0.5126370863580164,
        "profit_loss_ratio_2_0_bps": 0.9714722885363045,
        "annual_return_2_5_bps": -0.006001361387329,
        "annual_volatility_2_5_bps": 0.0125753585305716,
        "sharpe_ratio_2_5_bps": -0.30090930908766095,
        "downside_risk_2_5_bps": 0.009354817190533802,
        "sortino_ratio_2_5_bps": -0.23034306443255073,
        "max_drawdown_2_5_bps": 0.018734593476391802,
        "calmar_ratio_2_5_bps": 0.11814420360834439,
        "perc_pos_return_2_5_bps": 0.4964326350372856,
        "profit_loss_ratio_2_5_bps": 0.9574127095726848,
        "annual_return_3_0_bps": -0.011015691423693602,
        "annual_volatility_3_0_bps": 0.012576711060667,
        "sharpe_ratio_3_0_bps": -0.7637562776204219,
        "downside_risk_3_0_bps": 0.009522485387353802,
        "sortino_ratio_3_0_bps": -0.876826429062527,
        "max_drawdown_3_0_bps": 0.0211680275815708,
        "calmar_ratio_3_0_bps": -0.29377004437219706,
        "perc_pos_return_3_0_bps": 0.48177555526392685,
        "profit_loss_ratio_3_0_bps": 0.9363739409982191,
        "annual_return_rescaled": 0.27523673924964476,
        "annual_volatility_rescaled": 0.15000000000000407,
        "downside_risk_rescaled": 0.10218850525184889,
        "max_drawdown_rescaled": 0.14458786264821694,
        "annual_return_rescaled_0_5_bps": 0.19893541439557097,
        "annual_volatility_rescaled_0_5_bps": 0.15000000000000568,
        "downside_risk_rescaled_0_5_bps": 0.10399366029467487,
        "max_drawdown_rescaled_0_5_bps": 0.15162938475297733,
        "annual_return_rescaled_1_0_bps": 0.12728473163705992,
        "annual_volatility_rescaled_1_0_bps": 0.15000000000000682,
        "downside_risk_rescaled_1_0_bps": 0.10583664722039307,
        "max_drawdown_rescaled_1_0_bps": 0.15859411884130506,
        "annual_return_rescaled_1_5_bps": 0.060007300723028845,
        "annual_volatility_rescaled_1_5_bps": 0.15000000000000605,
        "downside_risk_rescaled_1_5_bps": 0.10771664947470391,
        "max_drawdown_rescaled_1_5_bps": 0.16584530507388204,
        "annual_return_rescaled_2_0_bps": -0.003158746176739502,
        "annual_volatility_rescaled_2_0_bps": 0.15000000000000419,
        "downside_risk_rescaled_2_0_bps": 0.10963298399928637,
        "max_drawdown_rescaled_2_0_bps": 0.1760930027957587,
        "annual_return_rescaled_2_5_bps": -0.062460517998319795,
        "annual_volatility_rescaled_2_5_bps": 0.15000000000000774,
        "downside_risk_rescaled_2_5_bps": 0.11158509518188367,
        "max_drawdown_rescaled_2_5_bps": 0.19458304525905132,
        "annual_return_rescaled_3_0_bps": -0.11813109999060609,
        "annual_volatility_rescaled_3_0_bps": 0.1500000000000052,
        "downside_risk_rescaled_3_0_bps": 0.11357284119934272,
        "max_drawdown_rescaled_3_0_bps": 0.21905348531285068,
        "sharpe_ratio_years": 1.9780482495013487,
        "sharpe_ratio_years_0_5_bps": 1.5186378898256465,
        "sharpe_ratio_years_1_0_bps": 1.058820610935778,
        "sharpe_ratio_years_1_5_bps": 0.5986797647086035,
        "sharpe_ratio_years_2_0_bps": 0.13829901196774735,
        "sharpe_ratio_years_2_5_bps": -0.3222377609919412,
        "sharpe_ratio_years_3_0_bps": -0.7828465262513593,
        "sharpe_ratio_years_std": 1.5041821933662936,
        "sharpe_ratio_years_std_0_5_bps": 1.3848747940516724,
        "sharpe_ratio_years_std_1_0_bps": 1.2799321903087388,
        "sharpe_ratio_years_std_1_5_bps": 1.1932575781433337,
        "sharpe_ratio_years_std_2_0_bps": 1.1291439170049502,
        "sharpe_ratio_years_std_2_5_bps": 1.0916183105213975,
        "sharpe_ratio_years_std_3_0_bps": 1.0834553623853211
    },
    "COMB": {
        "annual_return": 0.019469003553513404,
        "annual_volatility": 0.012578169872229001,
        "sharpe_ratio": 2.0111214768313914,
        "downside_risk": 0.0085689625203122,
        "sortino_ratio": 3.5607963345038818,
        "max_drawdown": 0.0138622223216462,
        "calmar_ratio": 3.857883361181897,
        "perc_pos_return": 0.5673924294854525,
        "profit_loss_ratio": 1.0902991892803386,
        "annual_return_0_5_bps": 0.014321288031151801,
        "annual_volatility_0_5_bps": 0.012576331911236202,
        "sharpe_ratio_0_5_bps": 1.5493388507555554,
        "downside_risk_0_5_bps": 0.008719058590200602,
        "sortino_ratio_0_5_bps": 2.7216182480316378,
        "max_drawdown_0_5_bps": 0.0145558174878808,
        "calmar_ratio_0_5_bps": 2.8291436886228687,
        "perc_pos_return_0_5_bps": 0.5565874665874662,
        "profit_loss_ratio_0_5_bps": 1.046926757216154,
        "annual_return_1_0_bps": 0.009200538743421801,
        "annual_volatility_1_0_bps": 0.012575131412390403,
        "sharpe_ratio_1_0_bps": 1.087145814554874,
        "downside_risk_1_0_bps": 0.008872731646954601,
        "sortino_ratio_1_0_bps": 1.9249048273543807,
        "max_drawdown_1_0_bps": 0.0152489849167742,
        "calmar_ratio_1_0_bps": 1.9717837660669424,
        "perc_pos_return_1_0_bps": 0.5396226945064151,
        "profit_loss_ratio_1_0_bps": 1.0325402614528163,
        "annual_return_1_5_bps": 0.0041066103226242,
        "annual_volatility_1_5_bps": 0.0125745688259362,
        "sharpe_ratio_1_5_bps": 0.6246408512881991,
        "downside_risk_1_5_bps": 0.0090299361501256,
        "sortino_ratio_1_5_bps": 1.1686399940478072,
        "max_drawdown_1_5_bps": 0.0159606112077458,
        "calmar_ratio_1_5_bps": 1.2383917015538786,
        "perc_pos_return_1_5_bps": 0.5280514478188892,
        "profit_loss_ratio_1_5_bps": 0.9947569538015291,
        "annual_return_2_0_bps": -0.0009606417977138001,
        "annual_volatility_2_0_bps": 0.0125746444700652,