{
    "ALL": {
        "performance_sw": 2.5562847319706012,
        "performance_fw": 1.8369033818298812,
        "val_loss": 3.1725008723965096,
        "annual_return_2018_2019": 0.02832483077553416,
        "annual_volatility_2018_2019": 0.010950406416014687,
        "sharpe_ratio_2018_2019": 2.5562847319706012,
        "downside_risk_2018_2019": 0.006712535290643191,
        "sortino_ratio_2018_2019": 4.170161573548919,
        "max_drawdown_2018_2019": 0.005439268063440271,
        "calmar_ratio_2018_2019": 5.207471013594254,
        "perc_pos_return_2018_2019": 0.6,
        "profit_loss_ratio_2018_2019": 1.0474896837185816,
        "sharpe_ratio_2018": 2.022848831400793,
        "annual_return_2018_2019_0_5_bps": 0.023526817132389244,
        "annual_volatility_2018_2019_0_5_bps": 0.010947178240794343,
        "sharpe_ratio_2018_2019_0_5_bps": 2.1297793769233517,
        "downside_risk_2018_2019_0_5_bps": 0.006847386552840935,
        "sortino_ratio_2018_2019_0_5_bps": 3.404959581707065,
        "max_drawdown_2018_2019_0_5_bps": 0.0059085131526908485,
        "calmar_ratio_2018_2019_0_5_bps": 3.981850682971686,
        "perc_pos_return_2018_2019_0_5_bps": 0.5884615384615385,
        "profit_loss_ratio_2018_2019_0_5_bps": 1.0197458758785154,
        "sharpe_ratio_2018_0_5_bps": 1.6170039850217417,
        "annual_return_2018_2019_1_0_bps": 0.01875109648456319,
        "annual_volatility_2018_2019_1_0_bps": 0.01094443665457667,
        "sharpe_ratio_2018_2019_1_0_bps": 1.7029466900491965,
        "downside_risk_2018_2019_1_0_bps": 0.006985071463421748,
        "sortino_ratio_2018_2019_1_0_bps": 2.6682321394940205,
        "max_drawdown_2018_2019_1_0_bps": 0.006509524059149716,
        "calmar_ratio_2018_2019_1_0_bps": 2.8805633582699266,
        "perc_pos_return_2018_2019_1_0_bps": 0.5615384615384615,
        "profit_loss_ratio_2018_2019_1_0_bps": 1.0560615842119887,
        "sharpe_ratio_2018_1_0_bps": 1.2107078188244178,
        "annual_return_2018_2019_1_5_bps": 0.01399756568804067,
        "annual_volatility_2018_2019_1_5_bps": 0.010942182023109301,
        "sharpe_ratio_2018_2019_1_5_bps": 1.2758433252615604,
        "downside_risk_2018_2019_1_5_bps": 0.007125707245095245,
        "sortino_ratio_2018_2019_1_5_bps": 1.959175337660737,
        "max_drawdown_2018_2019_1_5_bps": 0.00711018374575427,
        "calmar_ratio_2018_2019_1_5_bps": 1.968664409889419,
        "perc_pos_return_2018_2019_1_5_bps": 0.5538461538461539,
        "profit_loss_ratio_2018_2019_1_5_bps": 1.0103107913409732,
        "sharpe_ratio_2018_1_5_bps": 0.8040013558942495,
        "annual_return_2018_2019_2_0_bps": 0.009266122074014227,
        "annual_volatility_2018_2019_2_0_bps": 0.010940414647451258,
        "sharpe_ratio_2018_2019_2_0_bps": 0.8485261226145854,
        "downside_risk_2018_2019_2_0_bps": 0.007269274594520562,
        "sortino_ratio_2018_2019_2_0_bps": 1.2770500687365898,
        "max_drawdown_2018_2019_2_0_bps": 0.0077104924106707684,
        "calmar_ratio_2018_2019_2_0_bps": 1.201754904938442,
        "perc_pos_return_2018_2019_2_0_bps": 0.5384615384615384,
        "profit_loss_ratio_2018_2019_2_0_bps": 0.9966407232613237,
        "sharpe_ratio_2018_2_0_bps": 0.39692585819304066,
        "annual_return_2018_2019_2_5_bps": 0.004556663446693143,
        "annual_volatility_2018_2019_2_5_bps": 0.010939134763772248,
        "sharpe_ratio_2018_2019_2_5_bps": 0.4210520706324964,
        "downside_risk_2018_2019_2_5_bps": 0.00741581807623768,
        "sortino_ratio_2018_2019_2_5_bps": 0.6210974023180186,
        "max_drawdown_2018_2019_2_5_bps": 0.008366186265817204,
        "calmar_ratio_2018_2019_2_5_bps": 0.5446524021716902,
        "perc_pos_return_2018_2019_2_5_bps": 0.5153846153846153,
        "profit_loss_ratio_2018_2019_2_5_bps": 1.013398519878636,
        "sharpe_ratio_2018_2_5_bps": -0.010477193889898906,
        "annual_return_2018_2019_3_0_bps": -0.00013091191885372666,
        "annual_volatility_2018_2019_3_0_bps": 0.010938342543195,
        "sharpe_ratio_2018_2019_3_0_bps": -0.006521731595757889,
        "downside_risk_2018_2019_3_0_bps": 0.00756545525300371,
        "sortino_ratio_2018_2019_3_0_bps": -0.009429298275322514,
        "max_drawdown_2018_2019_3_0_bps": 0.009213054100103368,
        "calmar_ratio_2018_2019_3_0_bps": -0.01420939434755494,
        "perc_pos_return_2018_2019_3_0_bps": 0.5038461538461538,
        "profit_loss_ratio_2018_2019_3_0_bps": 0.9835915767239709,
        "sharpe_ratio_2018_3_0_bps": -0.41816612226087563
    },
    "COMB": {
        "annual_return_2018_2019": 0.02832483077553416,
        "annual_volatility_2018_2019": 0.010950406416014687,
        "sharpe_ratio_2018_2019": 2.5562847319706012,
        "downside_risk_2018_2019": 0.006712535290643191,
        "sortino_ratio_2018_2019": 4.170161573548919,
        "max_drawdown_2018_2019": 0.005439268063440271,
        "calmar_ratio_2018_2019": 5.207471013594254,
        "perc_pos_return_2018_2019": 0.6,
        "profit_loss_ratio_2018_2019": 1.0474896837185816,
        "sharpe_ratio_2018": 2.022848831400793,
        "annual_return_2018_2019_0_5_bps": 0.023526817132389244,
        "annual_volatility_2018_2019_0_5_bps": 0.010947178240794343,
        "sharpe_ratio_2018_2019_0_5_bps": 2.1297793769233517,
        "downside_risk_2018_2019_0_5_bps": 0.006847386552840935,
        "sortino_ratio_2018_2019_0_5_bps": 3.404959581707065,
        "max_drawdown_2018_2019_0_5_bps": 0.0059085131526908485,
        "calmar_ratio_2018_2019_0_5_bps": 3.981850682971686,
        "perc_pos_return_2018_2019_0_5_bps": 0.5884615384615385,
        "profit_loss_ratio_2018_2019_0_5_bps": 1.0197458758785154,
        "sharpe_ratio_2018_0_5_bps": 1.6170039850217417,
        "annual_return_2018_2019_1_0_bps": 0.01875109648456319,
        "annual_volatility_2018_2019_1_0_bps": 0.01094443665457667,
        "sharpe_ratio_2018_2019_1_0_bps": 1.7029466900491965,
        "downside_risk_2018_2019_1_0_bps": 0.006985071463421748,
        "sortino_ratio_2018_2019_1_0_bps": 2.6682321394940205,
        "max_drawdown_2018_2019_1_0_bps": 0.006509524059149716,
        "calmar_ratio_2018_2019_1_0_bps": 2.8805633582699266,
        "perc_pos_return_2018_2019_1_0_bps": 0.5615384615384615,
        "profit_loss_ratio_2018_2019_1_0_bps": 1.0560615842119887,
        "sharpe_ratio_2018_1_0_bps": 1.2107078188244178,
        "annual_return_2018_2019_1_5_bps": 0.01399756568804067,
        "annual_volatility_2018_2019_1_5_bps": 0.010942182023109301,
        "sharpe_ratio_2018_2019_1_5_bps": 1.2758433252615604,
        "downside_risk_2018_2019_1_5_bps": 0.007125707245095245,
        "sortino_ratio_2018_2019_1_5_bps": 1.959175337660737,
        "max_drawdown_2018_2019_1_5_bps": 0.00711018374575427,
        "calmar_ratio_2018_2019_1_5_bps": 1.968664409889419,
        "perc_pos_return_2018_2019_1_5_bps": 0.5538461538461539,
        "profit_loss_ratio_2018_2019_1_5_bps": 1.0103107913409732,
        "sharpe_ratio_2018_1_5_bps": 0.8040013558942495,
        "annual_return_2018_2019_2_0_bps": 0.009266122074014227,
        "annual_volatility_2018_2019_2_0_bps": 0.010940414647451258,
        "sharpe_ratio_2018_2019_2_0_bps": 0.8485261226145854,
        "downside_risk_2018_2019_2_0_bps": 0.007269274594520562,
        "sortino_ratio_2018_2019_2_0_bps": 1.2770500687365898,
        "max_drawdown_2018_2019_2_0_bps": 0.0077104924106707684,
        "calmar_ratio_2018_2019_2_0_bps": 1.201754904938442,
        "perc_pos_return_2018_2019_2_0_bps": 0.5384615384615384,
        "profit_loss_ratio_2018_2019_2_0_bps": 0.9966407232613237,
        "sharpe_ratio_2018_2_0_bps": 0.39692585819304066,
        "annual_return_2018_2019_2_5_bps": 0.004556663446693143,
        "annual_volatility_2018_2019_2_5_bps": 0.010939134763772248,
        "sharpe_ratio_2018_2019_2_5_bps": 0.4210520706324964,
        "downside_risk_2018_2019_2_5_bps": 0.00741581807623768,
        "sortino_ratio_2018_2019_2_5_bps": 0.6210974023180186,