{
    "ALL": {
        "performance_sw": 1.3646279007007722,
        "performance_fw": 1.4062647109649289,
        "val_loss": 5.108868366136964,
        "annual_return_2022_2023": 0.06917041456211037,
        "annual_volatility_2022_2023": 0.04124547966271628,
        "sharpe_ratio_2022_2023": 1.642329932717073,
        "downside_risk_2022_2023": 0.030223660499925264,
        "sortino_ratio_2022_2023": 2.2412469144668874,
        "max_drawdown_2022_2023": 0.022505212494348704,
        "calmar_ratio_2022_2023": 3.073528613848005,
        "perc_pos_return_2022_2023": 0.6219178082191781,
        "profit_loss_ratio_2022_2023": 0.8496969607884354,
        "sharpe_ratio_2022": 1.3591242575988813,
        "annual_return_2022_2023_0_5_bps": 0.06821881025069287,
        "annual_volatility_2022_2023_0_5_bps": 0.04124610704005522,
        "sharpe_ratio_2022_2023_0_5_bps": 1.6207133350317127,
        "downside_risk_2022_2023_0_5_bps": 0.030238581158912377,
        "sortino_ratio_2022_2023_0_5_bps": 2.210689560685965,
        "max_drawdown_2022_2023_0_5_bps": 0.022528180174064338,
        "calmar_ratio_2022_2023_0_5_bps": 3.0281545035417494,
        "perc_pos_return_2022_2023_0_5_bps": 0.6191780821917808,
        "profit_loss_ratio_2022_2023_0_5_bps": 0.8559426438316619,
        "sharpe_ratio_2022_0_5_bps": 1.3411669073068129,
        "annual_return_2022_2023_1_0_bps": 0.06726805018012527,
        "annual_volatility_2022_2023_1_0_bps": 0.04124674366767702,
        "sharpe_ratio_2022_2023_1_0_bps": 1.5990970363137083,
        "downside_risk_2022_2023_1_0_bps": 0.030253527181773897,
        "sortino_ratio_2022_2023_1_0_bps": 2.180160520136289,
        "max_drawdown_2022_2023_1_0_bps": 0.022551147410046303,
        "calmar_ratio_2022_2023_1_0_bps": 2.982910313031702,
        "perc_pos_return_2022_2023_1_0_bps": 0.6164383561643836,
        "profit_loss_ratio_2022_2023_1_0_bps": 0.8622010886360048,
        "sharpe_ratio_2022_1_0_bps": 1.3232098122943594,
        "annual_return_2022_2023_1_5_bps": 0.06631813360382166,
        "annual_volatility_2022_2023_1_5_bps": 0.041247389545153355,
        "sharpe_ratio_2022_2023_1_5_bps": 1.5774810511088375,
        "downside_risk_2022_2023_1_5_bps": 0.030268498731494835,
        "sortino_ratio_2022_2023_1_5_bps": 2.1496598160476657,
        "max_drawdown_2022_2023_1_5_bps": 0.022574114202301526,
        "calmar_ratio_2022_2023_1_5_bps": 2.9377956100293074,
        "perc_pos_return_2022_2023_1_5_bps": 0.6109589041095891,
        "profit_loss_ratio_2022_2023_1_5_bps": 0.8785531463392312,
        "sharpe_ratio_2022_1_5_bps": 1.305252984601981,
        "annual_return_2022_2023_2_0_bps": 0.0653690597758676,
        "annual_volatility_2022_2023_2_0_bps": 0.04124804467204971,
        "sharpe_ratio_2022_2023_2_0_bps": 1.5558653939608855,
        "downside_risk_2022_2023_2_0_bps": 0.03028349617488126,
        "sortino_ratio_2022_2023_2_0_bps": 2.119187457854558,
        "max_drawdown_2022_2023_2_0_bps": 0.022597080550836916,
        "calmar_ratio_2022_2023_2_0_bps": 2.8928099640485,
        "perc_pos_return_2022_2023_2_0_bps": 0.6109589041095891,
        "profit_loss_ratio_2022_2023_2_0_bps": 0.8747575922110599,
        "sharpe_ratio_2022_2_0_bps": 1.2872964362684651,
        "annual_return_2022_2023_2_5_bps": 0.06442082795100634,
        "annual_volatility_2022_2023_2_5_bps": 0.04124870904792538,
        "sharpe_ratio_2022_2023_2_5_bps": 1.5342500794115996,
        "downside_risk_2022_2023_2_5_bps": 0.03029851952695628,
        "sortino_ratio_2022_2023_2_5_bps": 2.0887434805552374,
        "max_drawdown_2022_2023_2_5_bps": 0.022620046455659612,
        "calmar_ratio_2022_2023_2_5_bps": 2.84795294639583,
        "perc_pos_return_2022_2023_2_5_bps": 0.6082191780821918,
        "profit_loss_ratio_2022_2023_2_5_bps": 0.8810612879852247,
        "sharpe_ratio_2022_2_5_bps": 1.2693401793308887,
        "annual_return_2022_2023_3_0_bps": 0.06347343738463351,
        "annual_volatility_2022_2023_3_0_bps": 0.04124938267233346,
        "sharpe_ratio_2022_2023_3_0_bps": 1.5126351220006375,
        "downside_risk_2022_2023_3_0_bps": 0.03031356931461062,
        "sortino_ratio_2022_2023_3_0_bps": 2.058327884237066,
        "max_drawdown_2022_2023_3_0_bps": 0.022643011916775785,
        "calmar_ratio_2022_2023_3_0_bps": 2.803224130161201,
        "perc_pos_return_2022_2023_3_0_bps": 0.6082191780821918,
        "profit_loss_ratio_2022_2023_3_0_bps": 0.8772457098494049,
        "sharpe_ratio_2022_3_0_bps": 1.2513842258245784
    },
    "COMB": {
        "annual_return_2022_2023": 0.06917041456211037,
        "annual_volatility_2022_2023": 0.04124547966271628,
        "sharpe_ratio_2022_2023": 1.642329932717073,
        "downside_risk_2022_2023": 0.030223660499925264,
        "sortino_ratio_2022_2023": 2.2412469144668874,
        "max_drawdown_2022_2023": 0.022505212494348704,
        "calmar_ratio_2022_2023": 3.073528613848005,
        "perc_pos_return_2022_2023": 0.6219178082191781,
        "profit_loss_ratio_2022_2023": 0.8496969607884354,
        "sharpe_ratio_2022": 1.3591242575988813,
        "annual_return_2022_2023_0_5_bps": 0.06821881025069287,
        "annual_volatility_2022_2023_0_5_bps": 0.04124610704005522,
        "sharpe_ratio_2022_2023_0_5_bps": 1.6207133350317127,
        "downside_risk_2022_2023_0_5_bps": 0.030238581158912377,
        "sortino_ratio_2022_2023_0_5_bps": 2.210689560685965,
        "max_drawdown_2022_2023_0_5_bps": 0.022528180174064338,
        "calmar_ratio_2022_2023_0_5_bps": 3.0281545035417494,
        "perc_pos_return_2022_2023_0_5_bps": 0.6191780821917808,
        "profit_loss_ratio_2022_2023_0_5_bps": 0.8559426438316619,
        "sharpe_ratio_2022_0_5_bps": 1.3411669073068129,
        "annual_return_2022_2023_1_0_bps": 0.06726805018012527,
        "annual_volatility_2022_2023_1_0_bps": 0.04124674366767702,
        "sharpe_ratio_2022_2023_1_0_bps": 1.5990970363137083,
        "downside_risk_2022_2023_1_0_bps": 0.030253527181773897,
        "sortino_ratio_2022_2023_1_0_bps": 2.180160520136289,
        "max_drawdown_2022_2023_1_0_bps": 0.022551147410046303,
        "calmar_ratio_2022_2023_1_0_bps": 2.982910313031702,
        "perc_pos_return_2022_2023_1_0_bps": 0.6164383561643836,
        "profit_loss_ratio_2022_2023_1_0_bps": 0.8622010886360048,
        "sharpe_ratio_2022_1_0_bps": 1.3232098122943594,
        "annual_return_2022_2023_1_5_bps": 0.06631813360382166,
        "annual_volatility_2022_2023_1_5_bps": 0.041247389545153355,
        "sharpe_ratio_2022_2023_1_5_bps": 1.5774810511088375,
        "downside_risk_2022_2023_1_5_bps": 0.030268498731494835,
        "sortino_ratio_2022_2023_1_5_bps": 2.1496598160476657,
        "max_drawdown_2022_2023_1_5_bps": 0.022574114202301526,
        "calmar_ratio_2022_2023_1_5_bps": 2.9377956100293074,
        "perc_pos_return_2022_2023_1_5_bps": 0.6109589041095891,
        "profit_loss_ratio_2022_2023_1_5_bps": 0.8785531463392312,
        "sharpe_ratio_2022_1_5_bps": 1.305252984601981,
        "annual_return_2022_2023_2_0_bps": 0.0653690597758676,
        "annual_volatility_2022_2023_2_0_bps": 0.04124804467204971,
        "sharpe_ratio_2022_2023_2_0_bps": 1.5558653939608855,
        "downside_risk_2022_2023_2_0_bps": 0.03028349617488126,
        "sortino_ratio_2022_2023_2_0_bps": 2.119187457854558,
        "max_drawdown_2022_2023_2_0_bps": 0.022597080550836916,
        "calmar_ratio_2022_2023_2_0_bps": 2.8928099640485,
        "perc_pos_return_2022_2023_2_0_bps": 0.6109589041095891,
        "profit_loss_ratio_2022_2023_2_0_bps": 0.8747575922110599,
        "sharpe_ratio_2022_2_0_bps": 1.2872964362684651,
        "annual_return_2022_2023_2_5_bps": 0.06442082795100634,
        "annual_volatility_2022_2023_2_5_bps": 0.04124870904792538,
        "sharpe_ratio_2022_2023_2_5_bps": 1.5342500794115996,
        "downside_risk_2022_2023_2_5_bps": 0.03029851952695628,
        "sortino_ratio_2022_2023_2_5_bps": 2.0887434805552374,