{
    "ALL": {
        "performance_sw": 0.6696209458529012,
        "performance_fw": 0.8968604304622444,
        "val_loss": 5.0451279537210745,
        "annual_return_2022_2023": 0.046430786015731584,
        "annual_volatility_2022_2023": 0.05844100298430138,
        "sharpe_ratio_2022_2023": 0.8058889330811673,
        "downside_risk_2022_2023": 0.044709177763072504,
        "sortino_ratio_2022_2023": 1.0534069267118493,
        "max_drawdown_2022_2023": 0.045536605864779596,
        "calmar_ratio_2022_2023": 1.019636512954155,
        "perc_pos_return_2022_2023": 0.5972602739726027,
        "profit_loss_ratio_2022_2023": 0.789623302015203,
        "sharpe_ratio_2022": 0.6695198219198057,
        "annual_return_2022_2023_0_5_bps": 0.045645038513436154,
        "annual_volatility_2022_2023_0_5_bps": 0.05844202259479509,
        "sharpe_ratio_2022_2023_0_5_bps": 0.7930212031396219,
        "downside_risk_2022_2023_0_5_bps": 0.04472230005951965,
        "sortino_ratio_2022_2023_0_5_bps": 1.0363009731243051,
        "max_drawdown_2022_2023_0_5_bps": 0.04555379180665477,
        "calmar_ratio_2022_2023_0_5_bps": 1.0020030540414433,
        "perc_pos_return_2022_2023_0_5_bps": 0.5972602739726027,
        "profit_loss_ratio_2022_2023_0_5_bps": 0.7876626045950055,
        "sharpe_ratio_2022_0_5_bps": 0.6588170811228866,
        "annual_return_2022_2023_1_0_bps": 0.04485987912275191,
        "annual_volatility_2022_2023_1_0_bps": 0.05844304674355199,
        "sharpe_ratio_2022_2023_1_0_bps": 0.7801538616036172,
        "downside_risk_2022_2023_1_0_bps": 0.044735433574357414,
        "sortino_ratio_2022_2023_1_0_bps": 1.0192047993695503,
        "max_drawdown_2022_2023_1_0_bps": 0.04557097748840283,
        "calmar_ratio_2022_2023_1_0_bps": 0.9843958061722095,
        "perc_pos_return_2022_2023_1_0_bps": 0.5945205479452055,
        "profit_loss_ratio_2022_2023_1_0_bps": 0.7946963562977772,
        "sharpe_ratio_2022_1_0_bps": 0.6481146594774917,
        "annual_return_2022_2023_1_5_bps": 0.044075307404912945,
        "annual_volatility_2022_2023_1_5_bps": 0.0584440754303335,
        "sharpe_ratio_2022_2023_1_5_bps": 0.7672869114533674,
        "downside_risk_2022_2023_1_5_bps": 0.04474857833538115,
        "sortino_ratio_2022_2023_1_5_bps": 1.0021184090720516,
        "max_drawdown_2022_2023_1_5_bps": 0.045588162910026125,
        "calmar_ratio_2022_2023_1_5_bps": 0.9668147297775743,
        "perc_pos_return_2022_2023_1_5_bps": 0.5945205479452055,
        "profit_loss_ratio_2022_2023_1_5_bps": 0.7927210262988714,
        "sharpe_ratio_2022_1_5_bps": 0.6374125594608381,
        "annual_return_2022_2023_2_0_bps": 0.04329132292147375,
        "annual_volatility_2022_2023_2_0_bps": 0.05844510865490001,
        "sharpe_ratio_2022_2023_2_0_bps": 0.7544203556684973,
        "downside_risk_2022_2023_2_0_bps": 0.0447617343569044,
        "sortino_ratio_2022_2023_2_0_bps": 0.9850418061764068,
        "max_drawdown_2022_2023_2_0_bps": 0.04560534807152892,
        "calmar_ratio_2022_2023_2_0_bps": 0.9492597853561873,
        "perc_pos_return_2022_2023_2_0_bps": 0.5945205479452055,
        "profit_loss_ratio_2022_2023_2_0_bps": 0.7907499362265723,
        "sharpe_ratio_2022_2_0_bps": 0.6267107835496588,
        "annual_return_2022_2023_2_5_bps": 0.04250792523431346,
        "annual_volatility_2022_2023_2_5_bps": 0.05844614641701084,
        "sharpe_ratio_2022_2023_2_5_bps": 0.741554197228042,
        "downside_risk_2022_2023_2_5_bps": 0.0447749016290013,
        "sortino_ratio_2022_2023_2_5_bps": 0.9679749951536809,
        "max_drawdown_2022_2023_2_5_bps": 0.04562253297291401,
        "calmar_ratio_2022_2023_2_5_bps": 0.9317309334742618,
        "perc_pos_return_2022_2023_2_5_bps": 0.5945205479452055,
        "profit_loss_ratio_2022_2023_2_5_bps": 0.788783072444395,
        "sharpe_ratio_2022_2_5_bps": 0.6160093342202017,
        "annual_return_2022_2023_3_0_bps": 0.041725113905643596,
        "annual_volatility_2022_2023_3_0_bps": 0.058447188716424306,
        "sharpe_ratio_2022_2023_3_0_bps": 0.728688439110439,
        "downside_risk_2022_2023_3_0_bps": 0.044788080141749176,
        "sortino_ratio_2022_2023_3_0_bps": 0.950917980439721,
        "max_drawdown_2022_2023_3_0_bps": 0.04563971761418435,
        "calmar_ratio_2022_2023_3_0_bps": 0.9142281347655811,
        "perc_pos_return_2022_2023_3_0_bps": 0.5945205479452055,
        "profit_loss_ratio_2022_2023_3_0_bps": 0.7868204213742694,
        "sharpe_ratio_2022_3_0_bps": 0.6053082139482233
    },
    "COMB": {
        "annual_return_2022_2023": 0.046430786015731584,
        "annual_volatility_2022_2023": 0.05844100298430138,
        "sharpe_ratio_2022_2023": 0.8058889330811673,
        "downside_risk_2022_2023": 0.044709177763072504,
        "sortino_ratio_2022_2023": 1.0534069267118493,
        "max_drawdown_2022_2023": 0.045536605864779596,
        "calmar_ratio_2022_2023": 1.019636512954155,
        "perc_pos_return_2022_2023": 0.5972602739726027,
        "profit_loss_ratio_2022_2023": 0.789623302015203,
        "sharpe_ratio_2022": 0.6695198219198057,
        "annual_return_2022_2023_0_5_bps": 0.045645038513436154,
        "annual_volatility_2022_2023_0_5_bps": 0.05844202259479509,
        "sharpe_ratio_2022_2023_0_5_bps": 0.7930212031396219,
        "downside_risk_2022_2023_0_5_bps": 0.04472230005951965,
        "sortino_ratio_2022_2023_0_5_bps": 1.0363009731243051,
        "max_drawdown_2022_2023_0_5_bps": 0.04555379180665477,
        "calmar_ratio_2022_2023_0_5_bps": 1.0020030540414433,
        "perc_pos_return_2022_2023_0_5_bps": 0.5972602739726027,
        "profit_loss_ratio_2022_2023_0_5_bps": 0.7876626045950055,
        "sharpe_ratio_2022_0_5_bps": 0.6588170811228866,
        "annual_return_2022_2023_1_0_bps": 0.04485987912275191,
        "annual_volatility_2022_2023_1_0_bps": 0.05844304674355199,
        "sharpe_ratio_2022_2023_1_0_bps": 0.7801538616036172,
        "downside_risk_2022_2023_1_0_bps": 0.044735433574357414,
        "sortino_ratio_2022_2023_1_0_bps": 1.0192047993695503,
        "max_drawdown_2022_2023_1_0_bps": 0.04557097748840283,
        "calmar_ratio_2022_2023_1_0_bps": 0.9843958061722095,
        "perc_pos_return_2022_2023_1_0_bps": 0.5945205479452055,
        "profit_loss_ratio_2022_2023_1_0_bps": 0.7946963562977772,
        "sharpe_ratio_2022_1_0_bps": 0.6481146594774917,
        "annual_return_2022_2023_1_5_bps": 0.044075307404912945,
        "annual_volatility_2022_2023_1_5_bps": 0.0584440754303335,
        "sharpe_ratio_2022_2023_1_5_bps": 0.7672869114533674,
        "downside_risk_2022_2023_1_5_bps": 0.04474857833538115,
        "sortino_ratio_2022_2023_1_5_bps": 1.0021184090720516,
        "max_drawdown_2022_2023_1_5_bps": 0.045588162910026125,
        "calmar_ratio_2022_2023_1_5_bps": 0.9668147297775743,
        "perc_pos_return_2022_2023_1_5_bps": 0.5945205479452055,
        "profit_loss_ratio_2022_2023_1_5_bps": 0.7927210262988714,
        "sharpe_ratio_2022_1_5_bps": 0.6374125594608381,
        "annual_return_2022_2023_2_0_bps": 0.04329132292147375,
        "annual_volatility_2022_2023_2_0_bps": 0.05844510865490001,
        "sharpe_ratio_2022_2023_2_0_bps": 0.7544203556684973,
        "downside_risk_2022_2023_2_0_bps": 0.0447617343569044,
        "sortino_ratio_2022_2023_2_0_bps": 0.9850418061764068,
        "max_drawdown_2022_2023_2_0_bps": 0.04560534807152892,
        "calmar_ratio_2022_2023_2_0_bps": 0.9492597853561873,
        "perc_pos_return_2022_2023_2_0_bps": 0.5945205479452055,
        "profit_loss_ratio_2022_2023_2_0_bps": 0.7907499362265723,
        "sharpe_ratio_2022_2_0_bps": 0.6267107835496588,
        "annual_return_2022_2023_2_5_bps": 0.04250792523431346,
        "annual_volatility_2022_2023_2_5_bps": 0.05844614641701084,
        "sharpe_ratio_2022_2023_2_5_bps": 0.741554197228042,
        "downside_risk_2022_2023_2_5_bps": 0.0447749016290013,
        "sortino_ratio_2022_2023_2_5_bps": 0.9679749951536809,