{
    "ALL": {
        "performance_sw": 0.36174614746569633,
        "performance_fw": 0.06294040772847591,
        "val_loss": 4.494103341477328,
        "annual_return_2022_2023": 0.014365553304773071,
        "annual_volatility_2022_2023": 0.03410000647718296,
        "sharpe_ratio_2022_2023": 0.43536155586655373,
        "downside_risk_2022_2023": 0.02660196833913589,
        "sortino_ratio_2022_2023": 0.5580726841601892,
        "max_drawdown_2022_2023": 0.027582281929618153,
        "calmar_ratio_2022_2023": 0.5208254103641506,
        "perc_pos_return_2022_2023": 0.5494505494505495,
        "profit_loss_ratio_2022_2023": 0.8974270465290295,
        "sharpe_ratio_2022": 0.36146190017017193,
        "annual_return_2022_2023_0_5_bps": 0.013512481729227366,
        "annual_volatility_2022_2023_0_5_bps": 0.03410006566257365,
        "sharpe_ratio_2022_2023_0_5_bps": 0.41068716598106236,
        "downside_risk_2022_2023_0_5_bps": 0.026616280369193553,
        "sortino_ratio_2022_2023_0_5_bps": 0.5261613994320435,
        "max_drawdown_2022_2023_0_5_bps": 0.027693482403903263,
        "calmar_ratio_2022_2023_0_5_bps": 0.48793003105029675,
        "perc_pos_return_2022_2023_0_5_bps": 0.5467032967032966,
        "profit_loss_ratio_2022_2023_0_5_bps": 0.9028189432850267,
        "sharpe_ratio_2022_0_5_bps": 0.3409385577338738,
        "annual_return_2022_2023_1_0_bps": 0.01266012542113959,
        "annual_volatility_2022_2023_1_0_bps": 0.03410013046994375,
        "sharpe_ratio_2022_2023_1_0_bps": 0.38601279810636435,
        "downside_risk_2022_2023_1_0_bps": 0.02663062157623919,
        "sortino_ratio_2022_2023_1_0_bps": 0.4942838732025568,
        "max_drawdown_2022_2023_1_0_bps": 0.02780467046548332,
        "calmar_ratio_2022_2023_1_0_bps": 0.4553236995509748,
        "perc_pos_return_2022_2023_1_0_bps": 0.5467032967032966,
        "profit_loss_ratio_2022_2023_1_0_bps": 0.8982232634612443,
        "sharpe_ratio_2022_1_0_bps": 0.32041523834279906,
        "annual_return_2022_2023_1_5_bps": 0.011808483782583368,
        "annual_volatility_2022_2023_1_5_bps": 0.03410020089926124,
        "sharpe_ratio_2022_2023_1_5_bps": 0.3613384644466008,
        "downside_risk_2022_2023_1_5_bps": 0.026644992087180935,
        "sortino_ratio_2022_2023_1_5_bps": 0.4624401534796365,
        "max_drawdown_2022_2023_1_5_bps": 0.02791584611570923,
        "calmar_ratio_2022_2023_1_5_bps": 0.42300289712294686,
        "perc_pos_return_2022_2023_1_5_bps": 0.5439560439560439,
        "profit_loss_ratio_2022_2023_1_5_bps": 0.9036058011219315,
        "sharpe_ratio_2022_1_5_bps": 0.2998919521691482,
        "annual_return_2022_2023_2_0_bps": 0.0109575562161488,
        "annual_volatility_2022_2023_2_0_bps": 0.034100276950491254,
        "sharpe_ratio_2022_2023_2_0_bps": 0.3366641772057171,
        "downside_risk_2022_2023_2_0_bps": 0.02665939212918434,
        "sortino_ratio_2022_2023_2_0_bps": 0.4306302869320324,
        "max_drawdown_2022_2023_2_0_bps": 0.028027009355931883,
        "calmar_ratio_2022_2023_2_0_bps": 0.39096416164108666,
        "perc_pos_return_2022_2023_2_0_bps": 0.5439560439560439,
        "profit_loss_ratio_2022_2023_2_0_bps": 0.8990029551979777,
        "sharpe_ratio_2022_2_0_bps": 0.27936870938494596,
        "annual_return_2022_2023_2_5_bps": 0.010107342124918262,
        "annual_volatility_2022_2023_2_5_bps": 0.03410035862359621,
        "sharpe_ratio_2022_2023_2_5_bps": 0.31198994858743284,
        "downside_risk_2022_2023_2_5_bps": 0.026673821760191285,
        "sortino_ratio_2022_2023_2_5_bps": 0.3988543235175502,
        "max_drawdown_2022_2023_2_5_bps": 0.028138160187502734,
        "calmar_ratio_2022_2023_2_5_bps": 0.35920408646359653,
        "perc_pos_return_2022_2023_2_5_bps": 0.5412087912087912,
        "profit_loss_ratio_2022_2023_2_5_bps": 0.9043775207947189,
        "sharpe_ratio_2022_2_5_bps": 0.25884552016201345,
        "annual_return_2022_2023_3_0_bps": 0.009257840912461512,
        "annual_volatility_2022_2023_3_0_bps": 0.03410044591853569,
        "sharpe_ratio_2022_2023_3_0_bps": 0.2873157907952097,
        "downside_risk_2022_2023_3_0_bps": 0.026688281147266242,
        "sortino_ratio_2022_2023_3_0_bps": 0.3671123116355869,
        "max_drawdown_2022_2023_3_0_bps": 0.028249298611775987,
        "calmar_ratio_2022_2023_3_0_bps": 0.3277193193250573,
        "perc_pos_return_2022_2023_3_0_bps": 0.5357142857142857,
        "profit_loss_ratio_2022_2023_3_0_bps": 0.9198817093801337,
        "sharpe_ratio_2022_3_0_bps": 0.23832239467194294
    },
    "COMB": {
        "annual_return_2022_2023": 0.014365553304773071,
        "annual_volatility_2022_2023": 0.03410000647718296,
        "sharpe_ratio_2022_2023": 0.43536155586655373,
        "downside_risk_2022_2023": 0.02660196833913589,
        "sortino_ratio_2022_2023": 0.5580726841601892,
        "max_drawdown_2022_2023": 0.027582281929618153,
        "calmar_ratio_2022_2023": 0.5208254103641506,
        "perc_pos_return_2022_2023": 0.5494505494505495,
        "profit_loss_ratio_2022_2023": 0.8974270465290295,
        "sharpe_ratio_2022": 0.36146190017017193,
        "annual_return_2022_2023_0_5_bps": 0.013512481729227366,
        "annual_volatility_2022_2023_0_5_bps": 0.03410006566257365,
        "sharpe_ratio_2022_2023_0_5_bps": 0.41068716598106236,
        "downside_risk_2022_2023_0_5_bps": 0.026616280369193553,
        "sortino_ratio_2022_2023_0_5_bps": 0.5261613994320435,
        "max_drawdown_2022_2023_0_5_bps": 0.027693482403903263,
        "calmar_ratio_2022_2023_0_5_bps": 0.48793003105029675,
        "perc_pos_return_2022_2023_0_5_bps": 0.5467032967032966,
        "profit_loss_ratio_2022_2023_0_5_bps": 0.9028189432850267,
        "sharpe_ratio_2022_0_5_bps": 0.3409385577338738,
        "annual_return_2022_2023_1_0_bps": 0.01266012542113959,
        "annual_volatility_2022_2023_1_0_bps": 0.03410013046994375,
        "sharpe_ratio_2022_2023_1_0_bps": 0.38601279810636435,
        "downside_risk_2022_2023_1_0_bps": 0.02663062157623919,
        "sortino_ratio_2022_2023_1_0_bps": 0.4942838732025568,
        "max_drawdown_2022_2023_1_0_bps": 0.02780467046548332,
        "calmar_ratio_2022_2023_1_0_bps": 0.4553236995509748,
        "perc_pos_return_2022_2023_1_0_bps": 0.5467032967032966,
        "profit_loss_ratio_2022_2023_1_0_bps": 0.8982232634612443,
        "sharpe_ratio_2022_1_0_bps": 0.32041523834279906,
        "annual_return_2022_2023_1_5_bps": 0.011808483782583368,
        "annual_volatility_2022_2023_1_5_bps": 0.03410020089926124,
        "sharpe_ratio_2022_2023_1_5_bps": 0.3613384644466008,
        "downside_risk_2022_2023_1_5_bps": 0.026644992087180935,
        "sortino_ratio_2022_2023_1_5_bps": 0.4624401534796365,
        "max_drawdown_2022_2023_1_5_bps": 0.02791584611570923,
        "calmar_ratio_2022_2023_1_5_bps": 0.42300289712294686,
        "perc_pos_return_2022_2023_1_5_bps": 0.5439560439560439,
        "profit_loss_ratio_2022_2023_1_5_bps": 0.9036058011219315,
        "sharpe_ratio_2022_1_5_bps": 0.2998919521691482,
        "annual_return_2022_2023_2_0_bps": 0.0109575562161488,
        "annual_volatility_2022_2023_2_0_bps": 0.034100276950491254,
        "sharpe_ratio_2022_2023_2_0_bps": 0.3366641772057171,
        "downside_risk_2022_2023_2_0_bps": 0.02665939212918434,
        "sortino_ratio_2022_2023_2_0_bps": 0.4306302869320324,
        "max_drawdown_2022_2023_2_0_bps": 0.028027009355931883,
        "calmar_ratio_2022_2023_2_0_bps": 0.39096416164108666,
        "perc_pos_return_2022_2023_2_0_bps": 0.5439560439560439,
        "profit_loss_ratio_2022_2023_2_0_bps": 0.8990029551979777,
        "sharpe_ratio_2022_2_0_bps": 0.27936870938494596,
        "annual_return_2022_2023_2_5_bps": 0.010107342124918262,
        "annual_volatility_2022_2023_2_5_bps": 0.03410035862359621,
        "sharpe_ratio_2022_2023_2_5_bps": 0.31198994858743284,
        "downside_risk_2022_2023_2_5_bps": 0.026673821760191285,
        "sortino_ratio_2022_2023_2_5_bps": 0.3988543235175502,