{
    "ALL": {
        "performance_sw": 1.6238589418350688,
        "performance_fw": 1.9307609200867948,
        "val_loss": 3.0980432247806386,
        "annual_return_2017_2018": 0.01015969415794804,
        "annual_volatility_2017_2018": 0.006236999387154069,
        "sharpe_ratio_2017_2018": 1.6238589418350686,
        "downside_risk_2017_2018": 0.003945965727956822,
        "sortino_ratio_2017_2018": 2.5666738951364767,
        "max_drawdown_2017_2018": 0.005272960527492437,
        "calmar_ratio_2017_2018": 1.92675331153664,
        "perc_pos_return_2017_2018": 0.5232558139534884,
        "profit_loss_ratio_2017_2018": 1.1947617186622945,
        "sharpe_ratio_2017": 1.7606772005322195,
        "annual_return_2017_2018_0_5_bps": 0.0061720950268733255,
        "annual_volatility_2017_2018_0_5_bps": 0.006240612659602274,
        "sharpe_ratio_2017_2018_0_5_bps": 0.9891010750216424,
        "downside_risk_2017_2018_0_5_bps": 0.004084987492761614,
        "sortino_ratio_2017_2018_0_5_bps": 1.5110442079305755,
        "max_drawdown_2017_2018_0_5_bps": 0.006312961226361996,
        "calmar_ratio_2017_2018_0_5_bps": 0.9776861928281083,
        "perc_pos_return_2017_2018_0_5_bps": 0.5116279069767442,
        "profit_loss_ratio_2017_2018_0_5_bps": 1.1255414607034955,
        "sharpe_ratio_2017_0_5_bps": 1.1272500082863939,
        "annual_return_2017_2018_1_0_bps": 0.0022001703692076102,
        "annual_volatility_2017_2018_1_0_bps": 0.006244918383239986,
        "sharpe_ratio_2017_2018_1_0_bps": 0.35503845201772866,
        "downside_risk_2017_2018_1_0_bps": 0.0042273042826121866,
        "sortino_ratio_2017_2018_1_0_bps": 0.524491734574761,
        "max_drawdown_2017_2018_1_0_bps": 0.007351891861218015,
        "calmar_ratio_2017_2018_1_0_bps": 0.2992658775102141,
        "perc_pos_return_2017_2018_1_0_bps": 0.49612403100775193,
        "profit_loss_ratio_2017_2018_1_0_bps": 1.077412362014129,
        "sharpe_ratio_2017_1_0_bps": 0.494232305216017,
        "annual_return_2017_2018_1_5_bps": -0.0017561411668779447,
        "annual_volatility_2017_2018_1_5_bps": 0.006249915126926277,
        "sharpe_ratio_2017_2018_1_5_bps": -0.2781196774004799,
        "downside_risk_2017_2018_1_5_bps": 0.004372756108534073,
        "sortino_ratio_2017_2018_1_5_bps": -0.3975123093393469,
        "max_drawdown_2017_2018_1_5_bps": 0.008390101815605691,
        "calmar_ratio_2017_2018_1_5_bps": -0.2093110674308506,
        "perc_pos_return_2017_2018_1_5_bps": 0.4883720930232558,
        "profit_loss_ratio_2017_2018_1_5_bps": 1.0002718447842203,
        "sharpe_ratio_2017_1_5_bps": -0.13819042103441737,
        "annual_return_2017_2018_2_0_bps": -0.005696900694092233,
        "annual_volatility_2017_2018_2_0_bps": 0.0062556012347773325,
        "sharpe_ratio_2017_2018_2_0_bps": -0.9101658977032732,
        "downside_risk_2017_2018_2_0_bps": 0.004521213951917796,
        "sortino_ratio_2017_2018_2_0_bps": -1.2593155232367856,
        "max_drawdown_2017_2018_2_0_bps": 0.00945382465403074,
        "calmar_ratio_2017_2018_2_0_bps": -0.6026027457218912,
        "perc_pos_return_2017_2018_2_0_bps": 0.4728682170542636,
        "profit_loss_ratio_2017_2018_2_0_bps": 0.9581890598655185,
        "sharpe_ratio_2017_2_0_bps": -0.7698337718930842,
        "annual_return_2017_2018_2_5_bps": -0.00962216908695357,
        "annual_volatility_2017_2018_2_5_bps": 0.006261974828887935,
        "sharpe_ratio_2017_2018_2_5_bps": -1.5408949591517418,
        "downside_risk_2017_2018_2_5_bps": 0.004672643347455361,
        "sortino_ratio_2017_2018_2_5_bps": -2.0650079046634726,
        "max_drawdown_2017_2018_2_5_bps": 0.012082925627359234,
        "calmar_ratio_2017_2018_2_5_bps": -0.7963443112789008,
        "perc_pos_return_2017_2018_2_5_bps": 0.4418604651162791,
        "profit_loss_ratio_2017_2018_2_5_bps": 0.9776995447831904,
        "sharpe_ratio_2017_2_5_bps": -1.4005147031407528,
        "annual_return_2017_2018_3_0_bps": -0.013532006982722389,
        "annual_volatility_2017_2018_3_0_bps": 0.006269033812400211,
        "sharpe_ratio_2017_2018_3_0_bps": -2.1701041005557284,
        "downside_risk_2017_2018_3_0_bps": 0.004827016519093019,
        "sortino_ratio_2017_2018_3_0_bps": -2.8183984722240893,
        "max_drawdown_2017_2018_3_0_bps": 0.015738825224436405,
        "calmar_ratio_2017_2018_3_0_bps": -0.8597850722500134,
        "perc_pos_return_2017_2018_3_0_bps": 0.4263565891472868,
        "profit_loss_ratio_2017_2018_3_0_bps": 0.9381116869979523,
        "sharpe_ratio_2017_3_0_bps": -2.030051785286405
    },
    "COMB": {
        "annual_return_2017_2018": 0.01015969415794804,
        "annual_volatility_2017_2018": 0.006236999387154069,
        "sharpe_ratio_2017_2018": 1.6238589418350686,
        "downside_risk_2017_2018": 0.003945965727956822,
        "sortino_ratio_2017_2018": 2.5666738951364767,
        "max_drawdown_2017_2018": 0.005272960527492437,
        "calmar_ratio_2017_2018": 1.92675331153664,
        "perc_pos_return_2017_2018": 0.5232558139534884,
        "profit_loss_ratio_2017_2018": 1.1947617186622945,
        "sharpe_ratio_2017": 1.7606772005322195,
        "annual_return_2017_2018_0_5_bps": 0.0061720950268733255,
        "annual_volatility_2017_2018_0_5_bps": 0.006240612659602274,
        "sharpe_ratio_2017_2018_0_5_bps": 0.9891010750216424,
        "downside_risk_2017_2018_0_5_bps": 0.004084987492761614,
        "sortino_ratio_2017_2018_0_5_bps": 1.5110442079305755,
        "max_drawdown_2017_2018_0_5_bps": 0.006312961226361996,
        "calmar_ratio_2017_2018_0_5_bps": 0.9776861928281083,
        "perc_pos_return_2017_2018_0_5_bps": 0.5116279069767442,
        "profit_loss_ratio_2017_2018_0_5_bps": 1.1255414607034955,
        "sharpe_ratio_2017_0_5_bps": 1.1272500082863939,
        "annual_return_2017_2018_1_0_bps": 0.0022001703692076102,
        "annual_volatility_2017_2018_1_0_bps": 0.006244918383239986,
        "sharpe_ratio_2017_2018_1_0_bps": 0.35503845201772866,
        "downside_risk_2017_2018_1_0_bps": 0.0042273042826121866,
        "sortino_ratio_2017_2018_1_0_bps": 0.524491734574761,
        "max_drawdown_2017_2018_1_0_bps": 0.007351891861218015,
        "calmar_ratio_2017_2018_1_0_bps": 0.2992658775102141,
        "perc_pos_return_2017_2018_1_0_bps": 0.49612403100775193,
        "profit_loss_ratio_2017_2018_1_0_bps": 1.077412362014129,
        "sharpe_ratio_2017_1_0_bps": 0.494232305216017,
        "annual_return_2017_2018_1_5_bps": -0.0017561411668779447,
        "annual_volatility_2017_2018_1_5_bps": 0.006249915126926277,
        "sharpe_ratio_2017_2018_1_5_bps": -0.2781196774004799,
        "downside_risk_2017_2018_1_5_bps": 0.004372756108534073,
        "sortino_ratio_2017_2018_1_5_bps": -0.3975123093393469,
        "max_drawdown_2017_2018_1_5_bps": 0.008390101815605691,
        "calmar_ratio_2017_2018_1_5_bps": -0.2093110674308506,
        "perc_pos_return_2017_2018_1_5_bps": 0.4883720930232558,
        "profit_loss_ratio_2017_2018_1_5_bps": 1.0002718447842203,
        "sharpe_ratio_2017_1_5_bps": -0.13819042103441737,
        "annual_return_2017_2018_2_0_bps": -0.005696900694092233,
        "annual_volatility_2017_2018_2_0_bps": 0.0062556012347773325,
        "sharpe_ratio_2017_2018_2_0_bps": -0.9101658977032732,
        "downside_risk_2017_2018_2_0_bps": 0.004521213951917796,
        "sortino_ratio_2017_2018_2_0_bps": -1.2593155232367856,
        "max_drawdown_2017_2018_2_0_bps": 0.00945382465403074,
        "calmar_ratio_2017_2018_2_0_bps": -0.6026027457218912,
        "perc_pos_return_2017_2018_2_0_bps": 0.4728682170542636,
        "profit_loss_ratio_2017_2018_2_0_bps": 0.9581890598655185,
        "sharpe_ratio_2017_2_0_bps": -0.7698337718930842,
        "annual_return_2017_2018_2_5_bps": -0.00962216908695357,
        "annual_volatility_2017_2018_2_5_bps": 0.006261974828887935,
        "sharpe_ratio_2017_2018_2_5_bps": -1.5408949591517418,
        "downside_risk_2017_2018_2_5_bps": 0.004672643347455361,