{
    "ALL": {
        "performance_sw": 1.5193637427514322,
        "performance_fw": 0.7728847665839687,
        "val_loss": 2.611314572526852,
        "annual_return_2016_2017": 0.012710557867801064,
        "annual_volatility_2016_2017": 0.008335962153762476,
        "sharpe_ratio_2016_2017": 1.5193637427514324,
        "downside_risk_2016_2017": 0.004658588649129937,
        "sortino_ratio_2016_2017": 2.7187115264491735,
        "max_drawdown_2016_2017": 0.004714474774249149,
        "calmar_ratio_2016_2017": 2.6960708194319296,
        "perc_pos_return_2016_2017": 0.5444015444015444,
        "profit_loss_ratio_2016_2017": 1.110207148014617,
        "sharpe_ratio_2016": 1.6997161994827406,
        "annual_return_2016_2017_0_5_bps": 0.009632086168341436,
        "annual_volatility_2016_2017_0_5_bps": 0.008331884509941902,
        "sharpe_ratio_2016_2017_0_5_bps": 1.1546880740998176,
        "downside_risk_2016_2017_0_5_bps": 0.004760509497525078,
        "sortino_ratio_2016_2017_0_5_bps": 2.020944960493955,
        "max_drawdown_2016_2017_0_5_bps": 0.005587910707353894,
        "calmar_ratio_2016_2017_0_5_bps": 1.723736593654809,
        "perc_pos_return_2016_2017_0_5_bps": 0.5328185328185329,
        "profit_loss_ratio_2016_2017_0_5_bps": 1.0867098172577354,
        "sharpe_ratio_2016_0_5_bps": 1.3343341668723554,
        "annual_return_2016_2017_1_0_bps": 0.0065629317493571815,
        "annual_volatility_2016_2017_1_0_bps": 0.008328252968172698,
        "sharpe_ratio_2016_2017_1_0_bps": 0.7896129866095852,
        "downside_risk_2016_2017_1_0_bps": 0.004864186115087506,
        "sortino_ratio_2016_2017_1_0_bps": 1.3519418344297223,
        "max_drawdown_2016_2017_1_0_bps": 0.006663948435794034,
        "calmar_ratio_2016_2017_1_0_bps": 0.9848413163141746,
        "perc_pos_return_2016_2017_1_0_bps": 0.5096525096525096,
        "profit_loss_ratio_2016_2017_1_0_bps": 1.1140000776011563,
        "sharpe_ratio_2016_1_0_bps": 0.9684897222109768,
        "annual_return_2016_2017_1_5_bps": 0.0035030665345094913,
        "annual_volatility_2016_2017_1_5_bps": 0.008325068112247674,
        "sharpe_ratio_2016_2017_1_5_bps": 0.4241966159142453,
        "downside_risk_2016_2017_1_5_bps": 0.004969713050172655,
        "sortino_ratio_2016_2017_1_5_bps": 0.7105975103227277,
        "max_drawdown_2016_2017_1_5_bps": 0.007738838020584151,
        "calmar_ratio_2016_2017_1_5_bps": 0.45266053187724803,
        "perc_pos_return_2016_2017_1_5_bps": 0.5019305019305019,
        "profit_loss_ratio_2016_2017_1_5_bps": 1.0734589164916424,
        "sharpe_ratio_2016_1_5_bps": 0.6022389181142781,
        "annual_return_2016_2017_2_0_bps": 0.0004524625316704167,
        "annual_volatility_2016_2017_2_0_bps": 0.00832233045499077,
        "sharpe_ratio_2016_2017_2_0_bps": 0.058497405761049115,
        "downside_risk_2016_2017_2_0_bps": 0.005077068168488719,
        "sortino_ratio_2016_2017_2_0_bps": 0.0958889511322135,
        "max_drawdown_2016_2017_2_0_bps": 0.008812580669554527,
        "calmar_ratio_2016_2017_2_0_bps": 0.05134279601360955,
        "perc_pos_return_2016_2017_2_0_bps": 0.4826254826254826,
        "profit_loss_ratio_2016_2017_2_0_bps": 1.0836649797212876,
        "sharpe_ratio_2016_2_0_bps": 0.23563816130133133,
        "annual_return_2016_2017_2_5_bps": -0.00258890816729207,
        "annual_volatility_2016_2017_2_5_bps": 0.008320040437845769,
        "sharpe_ratio_2016_2017_2_5_bps": -0.3074259381997747,
        "downside_risk_2016_2017_2_5_bps": 0.005186243987285603,
        "sortino_ratio_2016_2017_2_5_bps": -0.49318856647226683,
        "max_drawdown_2016_2017_2_5_bps": 0.010035999110116678,
        "calmar_ratio_2016_2017_2_5_bps": -0.25796217585176445,
        "perc_pos_return_2016_2017_2_5_bps": 0.47104247104247104,
        "profit_loss_ratio_2016_2017_2_5_bps": 1.0609779318459294,
        "sharpe_ratio_2016_2_5_bps": -0.13125583010672345,
        "annual_return_2016_2017_3_0_bps": -0.005621073386788078,
        "annual_volatility_2016_2017_3_0_bps": 0.008318198430521409,
        "sharpe_ratio_2016_2017_3_0_bps": -0.6735144951430975,
        "downside_risk_2016_2017_3_0_bps": 0.005297208902118968,
        "sortino_ratio_2016_2017_3_0_bps": -1.0576187044825949,
        "max_drawdown_2016_2017_3_0_bps": 0.011597643403872147,
        "calmar_ratio_2016_2017_3_0_bps": -0.48467375578312316,
        "perc_pos_return_2016_2017_3_0_bps": 0.46332046332046334,
        "profit_loss_ratio_2016_2017_3_0_bps": 1.0230683625453725,
        "sharpe_ratio_2016_3_0_bps": -0.4983860698798453
    },
    "COMB": {
        "annual_return_2016_2017": 0.012710557867801064,
        "annual_volatility_2016_2017": 0.008335962153762476,
        "sharpe_ratio_2016_2017": 1.5193637427514324,
        "downside_risk_2016_2017": 0.004658588649129937,
        "sortino_ratio_2016_2017": 2.7187115264491735,
        "max_drawdown_2016_2017": 0.004714474774249149,
        "calmar_ratio_2016_2017": 2.6960708194319296,
        "perc_pos_return_2016_2017": 0.5444015444015444,
        "profit_loss_ratio_2016_2017": 1.110207148014617,
        "sharpe_ratio_2016": 1.6997161994827406,
        "annual_return_2016_2017_0_5_bps": 0.009632086168341436,
        "annual_volatility_2016_2017_0_5_bps": 0.008331884509941902,
        "sharpe_ratio_2016_2017_0_5_bps": 1.1546880740998176,
        "downside_risk_2016_2017_0_5_bps": 0.004760509497525078,
        "sortino_ratio_2016_2017_0_5_bps": 2.020944960493955,
        "max_drawdown_2016_2017_0_5_bps": 0.005587910707353894,
        "calmar_ratio_2016_2017_0_5_bps": 1.723736593654809,
        "perc_pos_return_2016_2017_0_5_bps": 0.5328185328185329,
        "profit_loss_ratio_2016_2017_0_5_bps": 1.0867098172577354,
        "sharpe_ratio_2016_0_5_bps": 1.3343341668723554,
        "annual_return_2016_2017_1_0_bps": 0.0065629317493571815,
        "annual_volatility_2016_2017_1_0_bps": 0.008328252968172698,
        "sharpe_ratio_2016_2017_1_0_bps": 0.7896129866095852,
        "downside_risk_2016_2017_1_0_bps": 0.004864186115087506,
        "sortino_ratio_2016_2017_1_0_bps": 1.3519418344297223,
        "max_drawdown_2016_2017_1_0_bps": 0.006663948435794034,
        "calmar_ratio_2016_2017_1_0_bps": 0.9848413163141746,
        "perc_pos_return_2016_2017_1_0_bps": 0.5096525096525096,
        "profit_loss_ratio_2016_2017_1_0_bps": 1.1140000776011563,
        "sharpe_ratio_2016_1_0_bps": 0.9684897222109768,
        "annual_return_2016_2017_1_5_bps": 0.0035030665345094913,
        "annual_volatility_2016_2017_1_5_bps": 0.008325068112247674,
        "sharpe_ratio_2016_2017_1_5_bps": 0.4241966159142453,
        "downside_risk_2016_2017_1_5_bps": 0.004969713050172655,
        "sortino_ratio_2016_2017_1_5_bps": 0.7105975103227277,
        "max_drawdown_2016_2017_1_5_bps": 0.007738838020584151,
        "calmar_ratio_2016_2017_1_5_bps": 0.45266053187724803,
        "perc_pos_return_2016_2017_1_5_bps": 0.5019305019305019,
        "profit_loss_ratio_2016_2017_1_5_bps": 1.0734589164916424,
        "sharpe_ratio_2016_1_5_bps": 0.6022389181142781,
        "annual_return_2016_2017_2_0_bps": 0.0004524625316704167,
        "annual_volatility_2016_2017_2_0_bps": 0.00832233045499077,
        "sharpe_ratio_2016_2017_2_0_bps": 0.058497405761049115,
        "downside_risk_2016_2017_2_0_bps": 0.005077068168488719,
        "sortino_ratio_2016_2017_2_0_bps": 0.0958889511322135,
        "max_drawdown_2016_2017_2_0_bps": 0.008812580669554527,
        "calmar_ratio_2016_2017_2_0_bps": 0.05134279601360955,
        "perc_pos_return_2016_2017_2_0_bps": 0.4826254826254826,
        "profit_loss_ratio_2016_2017_2_0_bps": 1.0836649797212876,
        "sharpe_ratio_2016_2_0_bps": 0.23563816130133133,
        "annual_return_2016_2017_2_5_bps": -0.00258890816729207,
        "annual_volatility_2016_2017_2_5_bps": 0.008320040437845769,
        "sharpe_ratio_2016_2017_2_5_bps": -0.3074259381997747,
        "downside_risk_2016_2017_2_5_bps": 0.005186243987285603,