{
    "ALL": {
        "performance_sw": -0.2023941941586039,
        "performance_fw": -0.3100915271977109,
        "val_loss": 3.952127798290617,
        "annual_return_2021_2022": -0.015778800540514615,
        "annual_volatility_2021_2022": 0.058337907602807194,
        "sharpe_ratio_2021_2022": -0.24358145037495674,
        "downside_risk_2021_2022": 0.03854792045567165,
        "sortino_ratio_2021_2022": -0.3686329113933106,
        "max_drawdown_2021_2022": 0.11084972175270692,
        "calmar_ratio_2021_2022": -0.14234406989054352,
        "perc_pos_return_2021_2022": 0.4986301369863014,
        "profit_loss_ratio_2021_2022": 0.9696263504569745,
        "sharpe_ratio_2021": -0.2023941941586041,
        "annual_return_2021_2022_0_5_bps": -0.016218238907466764,
        "annual_volatility_2021_2022_0_5_bps": 0.05833777265669447,
        "sharpe_ratio_2021_2022_0_5_bps": -0.25123691085424965,
        "downside_risk_2021_2022_0_5_bps": 0.03855943952669489,
        "sortino_ratio_2021_2022_0_5_bps": -0.3801041189470245,
        "max_drawdown_2021_2022_0_5_bps": 0.11096579137952191,
        "calmar_ratio_2021_2022_0_5_bps": -0.14615530341236088,
        "perc_pos_return_2021_2022_0_5_bps": 0.4986301369863014,
        "profit_loss_ratio_2021_2022_0_5_bps": 0.9685195427491173,
        "sharpe_ratio_2021_0_5_bps": -0.20875519066402118,
        "annual_return_2021_2022_1_0_bps": -0.01665748172791348,
        "annual_volatility_2021_2022_1_0_bps": 0.05833763977443351,
        "sharpe_ratio_2021_2022_1_0_bps": -0.2588923975916123,
        "downside_risk_2021_2022_1_0_bps": 0.03857096338308354,
        "sortino_ratio_2021_2022_1_0_bps": -0.39156842625462784,
        "max_drawdown_2021_2022_1_0_bps": 0.11108184598943964,
        "calmar_ratio_2021_2022_1_0_bps": -0.14995683209565205,
        "perc_pos_return_2021_2022_1_0_bps": 0.4986301369863014,
        "profit_loss_ratio_2021_2022_1_0_bps": 0.9674139548812142,
        "sharpe_ratio_2021_1_0_bps": -0.2151162089875236,
        "annual_return_2021_2022_1_5_bps": -0.01709652908858239,
        "annual_volatility_2021_2022_1_5_bps": 0.05833750895603841,
        "sharpe_ratio_2021_2022_1_5_bps": -0.26654790977465637,
        "downside_risk_2021_2022_1_5_bps": 0.038582492020549745,
        "sortino_ratio_2021_2022_1_5_bps": -0.4030258352780909,
        "max_drawdown_2021_2022_1_5_bps": 0.11119788558438842,
        "calmar_ratio_2021_2022_1_5_bps": -0.1537486886439741,
        "perc_pos_return_2021_2022_1_5_bps": 0.4986301369863014,
        "profit_loss_ratio_2021_2022_1_5_bps": 0.9663095848377523,
        "sharpe_ratio_2021_1_5_bps": -0.22147724845409,
        "annual_return_2021_2022_2_0_bps": -0.017535381076159928,
        "annual_volatility_2021_2022_2_0_bps": 0.05833738020152307,
        "sharpe_ratio_2021_2022_2_0_bps": -0.2742034465909752,
        "downside_risk_2021_2022_2_0_bps": 0.03859402543480894,
        "sortino_ratio_2021_2022_2_0_bps": -0.4144763479872266,
        "max_drawdown_2021_2022_2_0_bps": 0.11131391016629096,
        "calmar_ratio_2021_2022_2_0_bps": -0.15753090561605432,
        "perc_pos_return_2021_2022_2_0_bps": 0.4986301369863014,
        "profit_loss_ratio_2021_2022_2_0_bps": 0.9652064306076577,
        "sharpe_ratio_2021_2_0_bps": -0.22783830838868374,
        "annual_return_2021_2022_2_5_bps": -0.017974037777294116,
        "annual_volatility_2021_2022_2_5_bps": 0.05833725351090114,
        "sharpe_ratio_2021_2022_2_5_bps": -0.281859007228145,
        "downside_risk_2021_2022_2_5_bps": 0.03860556362157993,
        "sortino_ratio_2021_2022_2_5_bps": -0.42591996635966456,
        "max_drawdown_2021_2022_2_5_bps": 0.11142991973707239,
        "calmar_ratio_2021_2022_2_5_bps": -0.16130351542660412,
        "perc_pos_return_2021_2022_2_5_bps": 0.4986301369863014,
        "profit_loss_ratio_2021_2022_2_5_bps": 0.9641044901842805,
        "sharpe_ratio_2021_2_5_bps": -0.23419938811625404,
        "annual_return_2021_2022_3_0_bps": -0.018412499278596672,
        "annual_volatility_2021_2022_3_0_bps": 0.058337128884186094,
        "sharpe_ratio_2021_2022_3_0_bps": -0.2895145908737211,
        "downside_risk_2021_2022_3_0_bps": 0.038617106576584855,
        "sortino_ratio_2021_2022_3_0_bps": -0.4373566923808178,
        "max_drawdown_2021_2022_3_0_bps": 0.11154591429865918,
        "calmar_ratio_2021_2022_3_0_bps": -0.16506655034713358,
        "perc_pos_return_2021_2022_3_0_bps": 0.4986301369863014,
        "profit_loss_ratio_2021_2022_3_0_bps": 0.9630037615653845,
        "sharpe_ratio_2021_3_0_bps": -0.2405604869617328
    },
    "COMB": {
        "annual_return_2021_2022": -0.015778800540514615,
        "annual_volatility_2021_2022": 0.058337907602807194,
        "sharpe_ratio_2021_2022": -0.24358145037495674,
        "downside_risk_2021_2022": 0.03854792045567165,
        "sortino_ratio_2021_2022": -0.3686329113933106,
        "max_drawdown_2021_2022": 0.11084972175270692,
        "calmar_ratio_2021_2022": -0.14234406989054352,
        "perc_pos_return_2021_2022": 0.4986301369863014,
        "profit_loss_ratio_2021_2022": 0.9696263504569745,
        "sharpe_ratio_2021": -0.2023941941586041,
        "annual_return_2021_2022_0_5_bps": -0.016218238907466764,
        "annual_volatility_2021_2022_0_5_bps": 0.05833777265669447,
        "sharpe_ratio_2021_2022_0_5_bps": -0.25123691085424965,
        "downside_risk_2021_2022_0_5_bps": 0.03855943952669489,
        "sortino_ratio_2021_2022_0_5_bps": -0.3801041189470245,
        "max_drawdown_2021_2022_0_5_bps": 0.11096579137952191,
        "calmar_ratio_2021_2022_0_5_bps": -0.14615530341236088,
        "perc_pos_return_2021_2022_0_5_bps": 0.4986301369863014,
        "profit_loss_ratio_2021_2022_0_5_bps": 0.9685195427491173,
        "sharpe_ratio_2021_0_5_bps": -0.20875519066402118,
        "annual_return_2021_2022_1_0_bps": -0.01665748172791348,
        "annual_volatility_2021_2022_1_0_bps": 0.05833763977443351,
        "sharpe_ratio_2021_2022_1_0_bps": -0.2588923975916123,
        "downside_risk_2021_2022_1_0_bps": 0.03857096338308354,
        "sortino_ratio_2021_2022_1_0_bps": -0.39156842625462784,
        "max_drawdown_2021_2022_1_0_bps": 0.11108184598943964,
        "calmar_ratio_2021_2022_1_0_bps": -0.14995683209565205,
        "perc_pos_return_2021_2022_1_0_bps": 0.4986301369863014,
        "profit_loss_ratio_2021_2022_1_0_bps": 0.9674139548812142,
        "sharpe_ratio_2021_1_0_bps": -0.2151162089875236,
        "annual_return_2021_2022_1_5_bps": -0.01709652908858239,
        "annual_volatility_2021_2022_1_5_bps": 0.05833750895603841,
        "sharpe_ratio_2021_2022_1_5_bps": -0.26654790977465637,
        "downside_risk_2021_2022_1_5_bps": 0.038582492020549745,
        "sortino_ratio_2021_2022_1_5_bps": -0.4030258352780909,
        "max_drawdown_2021_2022_1_5_bps": 0.11119788558438842,
        "calmar_ratio_2021_2022_1_5_bps": -0.1537486886439741,
        "perc_pos_return_2021_2022_1_5_bps": 0.4986301369863014,
        "profit_loss_ratio_2021_2022_1_5_bps": 0.9663095848377523,
        "sharpe_ratio_2021_1_5_bps": -0.22147724845409,
        "annual_return_2021_2022_2_0_bps": -0.017535381076159928,
        "annual_volatility_2021_2022_2_0_bps": 0.05833738020152307,
        "sharpe_ratio_2021_2022_2_0_bps": -0.2742034465909752,
        "downside_risk_2021_2022_2_0_bps": 0.03859402543480894,
        "sortino_ratio_2021_2022_2_0_bps": -0.4144763479872266,
        "max_drawdown_2021_2022_2_0_bps": 0.11131391016629096,
        "calmar_ratio_2021_2022_2_0_bps": -0.15753090561605432,
        "perc_pos_return_2021_2022_2_0_bps": 0.4986301369863014,
        "profit_loss_ratio_2021_2022_2_0_bps": 0.9652064306076577,
        "sharpe_ratio_2021_2_0_bps": -0.22783830838868374,
        "annual_return_2021_2022_2_5_bps": -0.017974037777294116,
        "annual_volatility_2021_2022_2_5_bps": 0.05833725351090114,
        "sharpe_ratio_2021_2022_2_5_bps": -0.281859007228145,
        "downside_risk_2021_2022_2_5_bps": 0.03860556362157993,