{
    "ALL": {
        "annual_return": 0.041953030771047506,
        "annual_volatility": 0.04678428685113101,
        "sharpe_ratio": 0.9148247256937845,
        "downside_risk": 0.032484332203284505,
        "sortino_ratio": 1.3833393647376686,
        "max_drawdown": 0.039978047555508,
        "calmar_ratio": 1.055160104012442,
        "perc_pos_return": 0.53972602739726,
        "profit_loss_ratio": 1.0169137121764031,
        "annual_return_0_5_bps": 0.041263153690832,
        "annual_volatility_0_5_bps": 0.04678506232478401,
        "sharpe_ratio_0_5_bps": 0.9009282939043061,
        "downside_risk_0_5_bps": 0.032497884467419504,
        "sortino_ratio_0_5_bps": 1.3624121227803183,
        "max_drawdown_0_5_bps": 0.04011208263433701,
        "calmar_ratio_0_5_bps": 1.0341217118726775,
        "perc_pos_return_0_5_bps": 0.53972602739726,
        "profit_loss_ratio_0_5_bps": 1.0145642776836796,
        "annual_return_1_0_bps": 0.040573766611008505,
        "annual_volatility_1_0_bps": 0.046785842757530505,
        "sharpe_ratio_1_0_bps": 0.8870322275732685,
        "downside_risk_1_0_bps": 0.032511450832564,
        "sortino_ratio_1_0_bps": 1.3415026037749744,
        "max_drawdown_1_0_bps": 0.040246098824815,
        "calmar_ratio_1_0_bps": 1.013232236951296,
        "perc_pos_return_1_0_bps": 0.538356164383561,
        "profit_loss_ratio_1_0_bps": 1.016808272724369,
        "annual_return_1_5_bps": 0.039884869163574505,
        "annual_volatility_1_5_bps": 0.046786628149145006,
        "sharpe_ratio_1_5_bps": 0.8731365310992135,
        "downside_risk_1_5_bps": 0.0325250312934615,
        "sortino_ratio_1_5_bps": 1.3206108118067226,
        "max_drawdown_1_5_bps": 0.040380096129629006,
        "calmar_ratio_1_5_bps": 0.9924901978674106,
        "perc_pos_return_1_5_bps": 0.538356164383561,
        "profit_loss_ratio_1_5_bps": 1.014456351558243,
        "annual_return_2_0_bps": 0.039196460980814,
        "annual_volatility_2_0_bps": 0.046787418499401004,
        "sharpe_ratio_2_0_bps": 0.8592412088799736,
        "downside_risk_2_0_bps": 0.032538625832308,
        "sortino_ratio_2_0_bps": 1.2997367511838465,
        "max_drawdown_2_0_bps": 0.0405140745514665,
        "calmar_ratio_2_0_bps": 0.9718941328867216,
        "perc_pos_return_2_0_bps": 0.538356164383561,
        "profit_loss_ratio_2_0_bps": 1.012109992104714,
        "annual_return_2_5_bps": 0.0385085416953055,
        "annual_volatility_2_5_bps": 0.04678821380807,
        "sharpe_ratio_2_5_bps": 0.8453462653126615,
        "downside_risk_2_5_bps": 0.0325522344312735,
        "sortino_ratio_2_5_bps": 1.2788804261133184,
        "max_drawdown_2_5_bps": 0.040648034093016504,
        "calmar_ratio_2_5_bps": 0.9514425995945375,
        "perc_pos_return_2_5_bps": 0.538356164383561,
        "profit_loss_ratio_2_5_bps": 1.0097691745366655,
        "annual_return_3_0_bps": 0.03782111093990351,
        "annual_volatility_3_0_bps": 0.046789014074922,
        "sharpe_ratio_3_0_bps": 0.831451704793667,
        "downside_risk_3_0_bps": 0.032565857072539506,
        "sortino_ratio_3_0_bps": 1.2580418407001828,
        "max_drawdown_3_0_bps": 0.040781974756967,
        "calmar_ratio_3_0_bps": 0.9311341745745216,
        "perc_pos_return_3_0_bps": 0.538356164383561,
        "profit_loss_ratio_3_0_bps": 1.0074338791216861,
        "annual_return_rescaled": 0.08927085680074587,
        "annual_volatility_rescaled": 0.12463645764920742,
        "downside_risk_rescaled": 0.08654042558777589,
        "max_drawdown_rescaled": 0.12397717278174761,
        "annual_return_rescaled_0_5_bps": 0.08767392663333384,
        "annual_volatility_rescaled_0_5_bps": 0.12463645764920714,
        "downside_risk_rescaled_0_5_bps": 0.08657509469569982,
        "max_drawdown_rescaled_0_5_bps": 0.12436743070196556,
        "annual_return_rescaled_1_0_bps": 0.08607954801524687,
        "annual_volatility_rescaled_1_0_bps": 0.12463645764920689,
        "downside_risk_rescaled_1_0_bps": 0.08660979103886973,
        "max_drawdown_rescaled_1_0_bps": 0.12475748763593478,
        "annual_return_rescaled_1_5_bps": 0.08448771708300662,
        "annual_volatility_rescaled_1_5_bps": 0.12463645764920728,
        "downside_risk_rescaled_1_5_bps": 0.08664451459130719,
        "max_drawdown_rescaled_1_5_bps": 0.12514734357545967,
        "annual_return_rescaled_2_0_bps": 0.08289842997774621,
        "annual_volatility_rescaled_2_0_bps": 0.12463645764920736,
        "downside_risk_rescaled_2_0_bps": 0.08667926529359174,
        "max_drawdown_rescaled_2_0_bps": 0.12553699851253172,
        "annual_return_rescaled_2_5_bps": 0.08131168284521262,
        "annual_volatility_rescaled_2_5_bps": 0.12463645764920733,
        "downside_risk_rescaled_2_5_bps": 0.08671404308622482,
        "max_drawdown_rescaled_2_5_bps": 0.1259264524393274,
        "annual_return_rescaled_3_0_bps": 0.07972747183576023,
        "annual_volatility_rescaled_3_0_bps": 0.12463645764920722,
        "downside_risk_rescaled_3_0_bps": 0.08674884790973247,
        "max_drawdown_rescaled_3_0_bps": 0.12631570534821032,
        "sharpe_ratio_years": 0.7584490572134851,
        "sharpe_ratio_years_0_5_bps": 0.7469010956088871,
        "sharpe_ratio_years_1_0_bps": 0.7353534373797026,
        "sharpe_ratio_years_1_5_bps": 0.7238060861754976,
        "sharpe_ratio_years_2_0_bps": 0.712259045645252,
        "sharpe_ratio_years_2_5_bps": 0.700712319437346,
        "sharpe_ratio_years_3_0_bps": 0.6891659111995616,
        "sharpe_ratio_years_std": 0.079251983923737,
        "sharpe_ratio_years_std_0_5_bps": 0.080938124775364,
        "sharpe_ratio_years_std_1_0_bps": 0.08262450200843546,
        "sharpe_ratio_years_std_1_5_bps": 0.0843111146309215,
        "sharpe_ratio_years_std_2_0_bps": 0.085997961650433,
        "sharpe_ratio_years_std_2_5_bps": 0.08768504207422301,
        "sharpe_ratio_years_std_3_0_bps": 0.08937235490919355
    },
    "COMB": {
        "annual_return": 0.041953030771047506,
        "annual_volatility": 0.04678428685113101,
        "sharpe_ratio": 0.9148247256937845,
        "downside_risk": 0.032484332203284505,
        "sortino_ratio": 1.3833393647376686,
        "max_drawdown": 0.039978047555508,
        "calmar_ratio": 1.055160104012442,
        "perc_pos_return": 0.53972602739726,
        "profit_loss_ratio": 1.0169137121764031,
        "annual_return_0_5_bps": 0.041263153690832,
        "annual_volatility_0_5_bps": 0.04678506232478401,
        "sharpe_ratio_0_5_bps": 0.9009282939043061,
        "downside_risk_0_5_bps": 0.032497884467419504,
        "sortino_ratio_0_5_bps": 1.3624121227803183,
        "max_drawdown_0_5_bps": 0.04011208263433701,
        "calmar_ratio_0_5_bps": 1.0341217118726775,
        "perc_pos_return_0_5_bps": 0.53972602739726,
        "profit_loss_ratio_0_5_bps": 1.0145642776836796,
        "annual_return_1_0_bps": 0.040573766611008505,
        "annual_volatility_1_0_bps": 0.046785842757530505,
        "sharpe_ratio_1_0_bps": 0.8870322275732685,
        "downside_risk_1_0_bps": 0.032511450832564,
        "sortino_ratio_1_0_bps": 1.3415026037749744,
        "max_drawdown_1_0_bps": 0.040246098824815,
        "calmar_ratio_1_0_bps": 1.013232236951296,
        "perc_pos_return_1_0_bps": 0.538356164383561,
        "profit_loss_ratio_1_0_bps": 1.016808272724369,
        "annual_return_1_5_bps": 0.039884869163574505,
        "annual_volatility_1_5_bps": 0.046786628149145006,
        "sharpe_ratio_1_5_bps": 0.8731365310992135,
        "downside_risk_1_5_bps": 0.0325250312934615,
        "sortino_ratio_1_5_bps": 1.3206108118067226,
        "max_drawdown_1_5_bps": 0.040380096129629006,
        "calmar_ratio_1_5_bps": 0.9924901978674106,
        "perc_pos_return_1_5_bps": 0.538356164383561,
        "profit_loss_ratio_1_5_bps": 1.014456351558243,
        "annual_return_2_0_bps": 0.039196460980814,
        "annual_volatility_2_0_bps": 0.046787418499401004,
        "sharpe_ratio_2_0_bps": 0.8592412088799736,