{
    "ALL": {
        "performance_sw": 1.026920378774024,
        "performance_fw": 1.5482638669791473,
        "val_loss": 5.45899761447447,
        "annual_return_2021_2022": 0.026308042223306405,
        "annual_volatility_2021_2022": 0.02119300966475579,
        "sharpe_ratio_2021_2022": 1.235898867164925,
        "downside_risk_2021_2022": 0.012165751811042031,
        "sortino_ratio_2021_2022": 2.1529632564683676,
        "max_drawdown_2021_2022": 0.021249080811510907,
        "calmar_ratio_2021_2022": 1.2380790706511404,
        "perc_pos_return_2021_2022": 0.4958904109589041,
        "profit_loss_ratio_2021_2022": 1.2748170533748964,
        "sharpe_ratio_2021": 1.0269203787740238,
        "annual_return_2021_2022_0_5_bps": 0.025885326991306856,
        "annual_volatility_2021_2022_0_5_bps": 0.021193102354530854,
        "sharpe_ratio_2021_2022_0_5_bps": 1.216453591810564,
        "downside_risk_2021_2022_0_5_bps": 0.012176185242258478,
        "sortino_ratio_2021_2022_0_5_bps": 2.117282627345783,
        "max_drawdown_2021_2022_0_5_bps": 0.021352739344444132,
        "calmar_ratio_2021_2022_0_5_bps": 1.2122719513289089,
        "perc_pos_return_2021_2022_0_5_bps": 0.4904109589041096,
        "profit_loss_ratio_2021_2022_0_5_bps": 1.298384935070891,
        "sharpe_ratio_2021_0_5_bps": 1.010763110519484,
        "annual_return_2021_2022_1_0_bps": 0.02546278522710632,
        "annual_volatility_2021_2022_1_0_bps": 0.021193202567275114,
        "sharpe_ratio_2021_2022_1_0_bps": 1.1970080616433558,
        "downside_risk_2021_2022_1_0_bps": 0.012186637387752691,
        "sortino_ratio_2021_2022_1_0_bps": 2.0816598966474302,
        "max_drawdown_2021_2022_1_0_bps": 0.02145638699723534,
        "calmar_ratio_2021_2022_1_0_bps": 1.186722873258541,
        "perc_pos_return_2021_2022_1_0_bps": 0.4876712328767123,
        "profit_loss_ratio_2021_2022_1_0_bps": 1.3079763963652724,
        "sharpe_ratio_2021_1_0_bps": 0.9946056305384733,
        "annual_return_2021_2022_1_5_bps": 0.025040416859781534,
        "annual_volatility_2021_2022_1_5_bps": 0.021193310302881845,
        "sharpe_ratio_2021_2022_1_5_bps": 1.1775622973805278,
        "downside_risk_2021_2022_1_5_bps": 0.012197108279103577,
        "sortino_ratio_2021_2022_1_5_bps": 2.0460950742001716,
        "max_drawdown_2021_2022_1_5_bps": 0.0215600237710197,
        "calmar_ratio_2021_2022_1_5_bps": 1.161428072887381,
        "perc_pos_return_2021_2022_1_5_bps": 0.4876712328767123,
        "profit_loss_ratio_2021_2022_1_5_bps": 1.3032722565021637,
        "sharpe_ratio_2021_1_5_bps": 0.9784479560451372,
        "annual_return_2021_2022_2_0_bps": 0.024618221818428543,
        "annual_volatility_2021_2022_2_0_bps": 0.021193425561236334,
        "sharpe_ratio_2021_2022_2_0_bps": 1.158116319739447,
        "downside_risk_2021_2022_2_0_bps": 0.012207597875204045,
        "sortino_ratio_2021_2022_2_0_bps": 2.0105881816033113,
        "max_drawdown_2021_2022_2_0_bps": 0.021663649666929956,
        "calmar_ratio_2021_2022_2_0_bps": 1.1363838594569229,
        "perc_pos_return_2021_2022_2_0_bps": 0.4876712328767123,
        "profit_loss_ratio_2021_2022_2_0_bps": 1.29858753131716,
        "sharpe_ratio_2021_2_0_bps": 0.9622901042537374,
        "annual_return_2021_2022_2_5_bps": 0.02419620003219336,
        "annual_volatility_2021_2022_2_5_bps": 0.02119354834221584,
        "sharpe_ratio_2021_2022_2_5_bps": 1.1386701494375067,
        "downside_risk_2021_2022_2_5_bps": 0.012218106152520598,
        "sortino_ratio_2021_2022_2_5_bps": 1.9751392365308102,
        "max_drawdown_2021_2022_2_5_bps": 0.02176726468609516,
        "calmar_ratio_2021_2022_2_5_bps": 1.11158661325278,
        "perc_pos_return_2021_2022_2_5_bps": 0.4849315068493151,
        "profit_loss_ratio_2021_2022_2_5_bps": 1.3081890245230259,
        "sharpe_ratio_2021_2_5_bps": 0.946132092378557,
        "annual_return_2021_2022_3_0_bps": 0.02377435143023865,
        "annual_volatility_2021_2022_3_0_bps": 0.021193678645689613,
        "sharpe_ratio_2021_2022_3_0_bps": 1.1192238071920189,
        "downside_risk_2021_2022_3_0_bps": 0.012228633368268692,
        "sortino_ratio_2021_2022_3_0_bps": 1.9397482112583135,
        "max_drawdown_2021_2022_3_0_bps": 0.021870868829644365,
        "calmar_ratio_2021_2022_3_0_bps": 1.0870327839017648,
        "perc_pos_return_2021_2022_3_0_bps": 0.4849315068493151,
        "profit_loss_ratio_2021_2022_3_0_bps": 1.3034863250881183,
        "sharpe_ratio_2021_3_0_bps": 0.9299739376338121
    },
    "COMB": {
        "annual_return_2021_2022": 0.026308042223306405,
        "annual_volatility_2021_2022": 0.02119300966475579,
        "sharpe_ratio_2021_2022": 1.235898867164925,
        "downside_risk_2021_2022": 0.012165751811042031,
        "sortino_ratio_2021_2022": 2.1529632564683676,
        "max_drawdown_2021_2022": 0.021249080811510907,
        "calmar_ratio_2021_2022": 1.2380790706511404,
        "perc_pos_return_2021_2022": 0.4958904109589041,
        "profit_loss_ratio_2021_2022": 1.2748170533748964,
        "sharpe_ratio_2021": 1.0269203787740238,
        "annual_return_2021_2022_0_5_bps": 0.025885326991306856,
        "annual_volatility_2021_2022_0_5_bps": 0.021193102354530854,
        "sharpe_ratio_2021_2022_0_5_bps": 1.216453591810564,
        "downside_risk_2021_2022_0_5_bps": 0.012176185242258478,
        "sortino_ratio_2021_2022_0_5_bps": 2.117282627345783,
        "max_drawdown_2021_2022_0_5_bps": 0.021352739344444132,
        "calmar_ratio_2021_2022_0_5_bps": 1.2122719513289089,
        "perc_pos_return_2021_2022_0_5_bps": 0.4904109589041096,
        "profit_loss_ratio_2021_2022_0_5_bps": 1.298384935070891,
        "sharpe_ratio_2021_0_5_bps": 1.010763110519484,
        "annual_return_2021_2022_1_0_bps": 0.02546278522710632,
        "annual_volatility_2021_2022_1_0_bps": 0.021193202567275114,
        "sharpe_ratio_2021_2022_1_0_bps": 1.1970080616433558,
        "downside_risk_2021_2022_1_0_bps": 0.012186637387752691,
        "sortino_ratio_2021_2022_1_0_bps": 2.0816598966474302,
        "max_drawdown_2021_2022_1_0_bps": 0.02145638699723534,
        "calmar_ratio_2021_2022_1_0_bps": 1.186722873258541,
        "perc_pos_return_2021_2022_1_0_bps": 0.4876712328767123,
        "profit_loss_ratio_2021_2022_1_0_bps": 1.3079763963652724,
        "sharpe_ratio_2021_1_0_bps": 0.9946056305384733,
        "annual_return_2021_2022_1_5_bps": 0.025040416859781534,
        "annual_volatility_2021_2022_1_5_bps": 0.021193310302881845,
        "sharpe_ratio_2021_2022_1_5_bps": 1.1775622973805278,
        "downside_risk_2021_2022_1_5_bps": 0.012197108279103577,
        "sortino_ratio_2021_2022_1_5_bps": 2.0460950742001716,
        "max_drawdown_2021_2022_1_5_bps": 0.0215600237710197,
        "calmar_ratio_2021_2022_1_5_bps": 1.161428072887381,
        "perc_pos_return_2021_2022_1_5_bps": 0.4876712328767123,
        "profit_loss_ratio_2021_2022_1_5_bps": 1.3032722565021637,
        "sharpe_ratio_2021_1_5_bps": 0.9784479560451372,
        "annual_return_2021_2022_2_0_bps": 0.024618221818428543,
        "annual_volatility_2021_2022_2_0_bps": 0.021193425561236334,
        "sharpe_ratio_2021_2022_2_0_bps": 1.158116319739447,
        "downside_risk_2021_2022_2_0_bps": 0.012207597875204045,
        "sortino_ratio_2021_2022_2_0_bps": 2.0105881816033113,
        "max_drawdown_2021_2022_2_0_bps": 0.021663649666929956,
        "calmar_ratio_2021_2022_2_0_bps": 1.1363838594569229,
        "perc_pos_return_2021_2022_2_0_bps": 0.4876712328767123,
        "profit_loss_ratio_2021_2022_2_0_bps": 1.29858753131716,
        "sharpe_ratio_2021_2_0_bps": 0.9622901042537374,
        "annual_return_2021_2022_2_5_bps": 0.02419620003219336,
        "annual_volatility_2021_2022_2_5_bps": 0.02119354834221584,
        "sharpe_ratio_2021_2022_2_5_bps": 1.1386701494375067,
        "downside_risk_2021_2022_2_5_bps": 0.012218106152520598,
        "sortino_ratio_2021_2022_2_5_bps": 1.9751392365308102,