{
    "ALL": {
        "performance_sw": 1.4898081506911653,
        "performance_fw": 1.0823491646413275,
        "val_loss": 4.034138767029112,
        "annual_return_2016_2017": 0.019362898772351533,
        "annual_volatility_2016_2017": 0.012928930249856693,
        "sharpe_ratio_2016_2017": 1.4898081506911653,
        "downside_risk_2016_2017": 0.00667200224978446,
        "sortino_ratio_2016_2017": 2.886933328983262,
        "max_drawdown_2016_2017": 0.006259101855193079,
        "calmar_ratio_2016_2017": 3.0935586638978303,
        "perc_pos_return_2016_2017": 0.5328185328185329,
        "profit_loss_ratio_2016_2017": 1.1946970931248433,
        "sharpe_ratio_2016": 1.549942948199112,
        "annual_return_2016_2017_0_5_bps": 0.014866413093854947,
        "annual_volatility_2016_2017_0_5_bps": 0.012928625315266694,
        "sharpe_ratio_2016_2017_0_5_bps": 1.1478786953925235,
        "downside_risk_2016_2017_0_5_bps": 0.00681362208339035,
        "sortino_ratio_2016_2017_0_5_bps": 2.178062325511703,
        "max_drawdown_2016_2017_0_5_bps": 0.006602643121863826,
        "calmar_ratio_2016_2017_0_5_bps": 2.2515851333273913,
        "perc_pos_return_2016_2017_0_5_bps": 0.5135135135135135,
        "profit_loss_ratio_2016_2017_0_5_bps": 1.201779892334591,
        "sharpe_ratio_2016_0_5_bps": 1.2049943851550775,
        "annual_return_2016_2017_1_0_bps": 0.010389676877584408,
        "annual_volatility_2016_2017_1_0_bps": 0.012928820688052052,
        "sharpe_ratio_2016_2017_1_0_bps": 0.8059019229719057,
        "downside_risk_2016_2017_1_0_bps": 0.006958334006473603,
        "sortino_ratio_2016_2017_1_0_bps": 1.4973931180317839,
        "max_drawdown_2016_2017_1_0_bps": 0.007434222687808268,
        "calmar_ratio_2016_2017_1_0_bps": 1.397547169877347,
        "perc_pos_return_2016_2017_1_0_bps": 0.49034749034749037,
        "profit_loss_ratio_2016_2017_1_0_bps": 1.227737444545759,
        "sharpe_ratio_2016_1_0_bps": 0.8600090041417897,
        "annual_return_2016_2017_1_5_bps": 0.0059326037525222475,
        "annual_volatility_2016_2017_1_5_bps": 0.012929516345532927,
        "sharpe_ratio_2016_2017_1_5_bps": 0.4639175347410022,
        "downside_risk_2016_2017_1_5_bps": 0.007106153202474313,
        "sortino_ratio_2016_2017_1_5_bps": 0.844089506306251,
        "max_drawdown_2016_2017_1_5_bps": 0.008756908198129758,
        "calmar_ratio_2016_2017_1_5_bps": 0.6774769836903501,
        "perc_pos_return_2016_2017_1_5_bps": 0.4864864864864865,
        "profit_loss_ratio_2016_2017_1_5_bps": 1.1614851453306978,
        "sharpe_ratio_2016_1_5_bps": 0.5150241531715019,
        "annual_return_2016_2017_2_0_bps": 0.0014951077237417287,
        "annual_volatility_2016_2017_2_0_bps": 0.012930712206965091,
        "sharpe_ratio_2016_2017_2_0_bps": 0.12196522645648586,
        "downside_risk_2016_2017_2_0_bps": 0.007257003925491209,
        "sortino_ratio_2016_2017_2_0_bps": 0.21732070958737884,
        "max_drawdown_2016_2017_2_0_bps": 0.01050678177832292,
        "calmar_ratio_2016_2017_2_0_bps": 0.14229930299174598,
        "perc_pos_return_2016_2017_2_0_bps": 0.47104247104247104,
        "profit_loss_ratio_2016_2017_2_0_bps": 1.1514660737729754,
        "sharpe_ratio_2016_2_0_bps": 0.1700771698364652,
        "annual_return_2016_2017_2_5_bps": -0.002922896829216648,
        "annual_volatility_2016_2017_2_5_bps": 0.012932408133586776,
        "sharpe_ratio_2016_2017_2_5_bps": -0.21991533470820396,
        "downside_risk_2016_2017_2_5_bps": 0.0074108413537143335,
        "sortino_ratio_2016_2017_2_5_bps": -0.38376679887438114,
        "max_drawdown_2016_2017_2_5_bps": 0.012495362626650573,
        "calmar_ratio_2016_2017_2_5_bps": -0.2339185277410505,
        "perc_pos_return_2016_2017_2_5_bps": 0.4594594594594595,
        "profit_loss_ratio_2016_2017_2_5_bps": 1.124584201705691,
        "sharpe_ratio_2016_2_5_bps": -0.17479463888446306,
        "annual_return_2016_2017_3_0_bps": -0.007321495153950641,
        "annual_volatility_2016_2017_3_0_bps": 0.012934603928699143,
        "sharpe_ratio_2016_2017_3_0_bps": -0.56168453314662,
        "downside_risk_2016_2017_3_0_bps": 0.007567579891822878,
        "sortino_ratio_2016_2017_3_0_bps": -0.9600383574381773,
        "max_drawdown_2016_2017_3_0_bps": 0.01447998649701924,
        "calmar_ratio_2016_2017_3_0_bps": -0.5056285898787128,
        "perc_pos_return_2016_2017_3_0_bps": 0.44015444015444016,
        "profit_loss_ratio_2016_2017_3_0_bps": 1.133855716338237,
        "sharpe_ratio_2016_3_0_bps": -0.519554016775113
    },
    "COMB": {
        "annual_return_2016_2017": 0.019362898772351533,
        "annual_volatility_2016_2017": 0.012928930249856693,
        "sharpe_ratio_2016_2017": 1.4898081506911653,
        "downside_risk_2016_2017": 0.00667200224978446,
        "sortino_ratio_2016_2017": 2.886933328983262,
        "max_drawdown_2016_2017": 0.006259101855193079,
        "calmar_ratio_2016_2017": 3.0935586638978303,
        "perc_pos_return_2016_2017": 0.5328185328185329,
        "profit_loss_ratio_2016_2017": 1.1946970931248433,
        "sharpe_ratio_2016": 1.549942948199112,
        "annual_return_2016_2017_0_5_bps": 0.014866413093854947,
        "annual_volatility_2016_2017_0_5_bps": 0.012928625315266694,
        "sharpe_ratio_2016_2017_0_5_bps": 1.1478786953925235,
        "downside_risk_2016_2017_0_5_bps": 0.00681362208339035,
        "sortino_ratio_2016_2017_0_5_bps": 2.178062325511703,
        "max_drawdown_2016_2017_0_5_bps": 0.006602643121863826,
        "calmar_ratio_2016_2017_0_5_bps": 2.2515851333273913,
        "perc_pos_return_2016_2017_0_5_bps": 0.5135135135135135,
        "profit_loss_ratio_2016_2017_0_5_bps": 1.201779892334591,
        "sharpe_ratio_2016_0_5_bps": 1.2049943851550775,
        "annual_return_2016_2017_1_0_bps": 0.010389676877584408,
        "annual_volatility_2016_2017_1_0_bps": 0.012928820688052052,
        "sharpe_ratio_2016_2017_1_0_bps": 0.8059019229719057,
        "downside_risk_2016_2017_1_0_bps": 0.006958334006473603,
        "sortino_ratio_2016_2017_1_0_bps": 1.4973931180317839,
        "max_drawdown_2016_2017_1_0_bps": 0.007434222687808268,
        "calmar_ratio_2016_2017_1_0_bps": 1.397547169877347,
        "perc_pos_return_2016_2017_1_0_bps": 0.49034749034749037,
        "profit_loss_ratio_2016_2017_1_0_bps": 1.227737444545759,
        "sharpe_ratio_2016_1_0_bps": 0.8600090041417897,
        "annual_return_2016_2017_1_5_bps": 0.0059326037525222475,
        "annual_volatility_2016_2017_1_5_bps": 0.012929516345532927,
        "sharpe_ratio_2016_2017_1_5_bps": 0.4639175347410022,
        "downside_risk_2016_2017_1_5_bps": 0.007106153202474313,
        "sortino_ratio_2016_2017_1_5_bps": 0.844089506306251,
        "max_drawdown_2016_2017_1_5_bps": 0.008756908198129758,
        "calmar_ratio_2016_2017_1_5_bps": 0.6774769836903501,
        "perc_pos_return_2016_2017_1_5_bps": 0.4864864864864865,
        "profit_loss_ratio_2016_2017_1_5_bps": 1.1614851453306978,
        "sharpe_ratio_2016_1_5_bps": 0.5150241531715019,
        "annual_return_2016_2017_2_0_bps": 0.0014951077237417287,
        "annual_volatility_2016_2017_2_0_bps": 0.012930712206965091,
        "sharpe_ratio_2016_2017_2_0_bps": 0.12196522645648586,
        "downside_risk_2016_2017_2_0_bps": 0.007257003925491209,
        "sortino_ratio_2016_2017_2_0_bps": 0.21732070958737884,
        "max_drawdown_2016_2017_2_0_bps": 0.01050678177832292,
        "calmar_ratio_2016_2017_2_0_bps": 0.14229930299174598,
        "perc_pos_return_2016_2017_2_0_bps": 0.47104247104247104,
        "profit_loss_ratio_2016_2017_2_0_bps": 1.1514660737729754,
        "sharpe_ratio_2016_2_0_bps": 0.1700771698364652,
        "annual_return_2016_2017_2_5_bps": -0.002922896829216648,
        "annual_volatility_2016_2017_2_5_bps": 0.012932408133586776,
        "sharpe_ratio_2016_2017_2_5_bps": -0.21991533470820396,
        "downside_risk_2016_2017_2_5_bps": 0.0074108413537143335,