{
    "ALL": {
        "performance_sw": 3.665430453965805,
        "performance_fw": 4.127728791789802,
        "val_loss": 3.3293607572983808,
        "annual_return_2019_2020": 0.0291647155478032,
        "annual_volatility_2019_2020": 0.007851695816087204,
        "sharpe_ratio_2019_2020": 3.6654304539658056,
        "downside_risk_2019_2020": 0.0039975113563375415,
        "sortino_ratio_2019_2020": 7.199440450352988,
        "max_drawdown_2019_2020": 0.002921765247153303,
        "calmar_ratio_2019_2020": 9.981881869605573,
        "perc_pos_return_2019_2020": 0.5884615384615385,
        "profit_loss_ratio_2019_2020": 1.3620575273212336,
        "sharpe_ratio_2019": 3.4590078162570146,
        "annual_return_2019_2020_0_5_bps": 0.02386973885989563,
        "annual_volatility_2019_2020_0_5_bps": 0.00784832881847685,
        "sharpe_ratio_2019_2020_0_5_bps": 3.0096950716696864,
        "downside_risk_2019_2020_0_5_bps": 0.004156615894565785,
        "sortino_ratio_2019_2020_0_5_bps": 5.6827662610573,
        "max_drawdown_2019_2020_0_5_bps": 0.003309590963959721,
        "calmar_ratio_2019_2020_0_5_bps": 7.212292733400795,
        "perc_pos_return_2019_2020_0_5_bps": 0.5615384615384615,
        "profit_loss_ratio_2019_2020_0_5_bps": 1.3475538378889,
        "sharpe_ratio_2019_0_5_bps": 2.8051703635174836,
        "annual_return_2019_2020_1_0_bps": 0.01860188939758145,
        "annual_volatility_2019_2020_1_0_bps": 0.007845901310793992,
        "sharpe_ratio_2019_2020_1_0_bps": 2.3531150139072574,
        "downside_risk_2019_2020_1_0_bps": 0.0043211956292242846,
        "sortino_ratio_2019_2020_1_0_bps": 4.272499964408743,
        "max_drawdown_2019_2020_1_0_bps": 0.0036972733419084135,
        "calmar_ratio_2019_2020_1_0_bps": 5.0312453739164855,
        "perc_pos_return_2019_2020_1_0_bps": 0.55,
        "profit_loss_ratio_2019_2020_1_0_bps": 1.252181579702033,
        "sharpe_ratio_2019_1_0_bps": 2.150296676529915,
        "annual_return_2019_2020_1_5_bps": 0.013361028771814665,
        "annual_volatility_2019_2020_1_5_bps": 0.007844414165233446,
        "sharpe_ratio_2019_2020_1_5_bps": 1.6959252148205626,
        "downside_risk_2019_2020_1_5_bps": 0.0044911164379516,
        "sortino_ratio_2019_2020_1_5_bps": 2.9621899058094217,
        "max_drawdown_2019_2020_1_5_bps": 0.004220604044841991,
        "calmar_ratio_2019_2020_1_5_bps": 3.1656674328744967,
        "perc_pos_return_2019_2020_1_5_bps": 0.5307692307692308,
        "profit_loss_ratio_2019_2020_1_5_bps": 1.200575064584778,
        "sharpe_ratio_2019_1_5_bps": 1.4945878488532744,
        "annual_return_2019_2020_2_0_bps": 0.008147019296536717,
        "annual_volatility_2019_2020_2_0_bps": 0.007843867916654578,
        "sharpe_ratio_2019_2020_2_0_bps": 1.038361618414373,
        "downside_risk_2019_2020_2_0_bps": 0.004666433100231777,
        "sortino_ratio_2019_2020_2_0_bps": 1.7453955107942036,
        "max_drawdown_2019_2020_2_0_bps": 0.0050203613003399995,
        "calmar_ratio_2019_2020_2_0_bps": 1.6227954143429812,
        "perc_pos_return_2019_2020_2_0_bps": 0.5230769230769231,
        "profit_loss_ratio_2019_2020_2_0_bps": 1.0991771897191227,
        "sharpe_ratio_2019_2_0_bps": 0.838246317778943,
        "annual_return_2019_2020_2_5_bps": 0.002959723985116014,
        "annual_volatility_2019_2020_2_5_bps": 0.007844262761620277,
        "sharpe_ratio_2019_2020_2_5_bps": 0.3806607557088349,
        "downside_risk_2019_2020_2_5_bps": 0.004846923538436023,
        "sortino_ratio_2019_2020_2_5_bps": 0.6160615011023162,
        "max_drawdown_2019_2020_2_5_bps": 0.006082388801463452,
        "calmar_ratio_2019_2020_2_5_bps": 0.48660552321217776,
        "perc_pos_return_2019_2020_2_5_bps": 0.49230769230769234,
        "profit_loss_ratio_2019_2020_2_5_bps": 1.1042768052515284,
        "sharpe_ratio_2019_2_5_bps": 0.1814755540703358,
        "annual_return_2019_2020_3_0_bps": -0.0022009934531809217,
        "annual_volatility_2019_2020_3_0_bps": 0.007845598558043466,
        "sharpe_ratio_2019_2020_3_0_bps": -0.2769406804155653,
        "downside_risk_2019_2020_3_0_bps": 0.005032524914997005,
        "sortino_ratio_2019_2020_3_0_bps": -0.4317445893724361,
        "max_drawdown_2019_2020_3_0_bps": 0.008026579418944522,
        "calmar_ratio_2019_2020_3_0_bps": -0.2742131284449868,
        "perc_pos_return_2019_2020_3_0_bps": 0.46923076923076923,
        "profit_loss_ratio_2019_2020_3_0_bps": 1.076346153588716,
        "sharpe_ratio_2019_3_0_bps": -0.4755202521098785
    },
    "COMB": {
        "annual_return_2019_2020": 0.0291647155478032,
        "annual_volatility_2019_2020": 0.007851695816087204,
        "sharpe_ratio_2019_2020": 3.6654304539658056,
        "downside_risk_2019_2020": 0.0039975113563375415,
        "sortino_ratio_2019_2020": 7.199440450352988,
        "max_drawdown_2019_2020": 0.002921765247153303,
        "calmar_ratio_2019_2020": 9.981881869605573,
        "perc_pos_return_2019_2020": 0.5884615384615385,
        "profit_loss_ratio_2019_2020": 1.3620575273212336,
        "sharpe_ratio_2019": 3.4590078162570146,
        "annual_return_2019_2020_0_5_bps": 0.02386973885989563,
        "annual_volatility_2019_2020_0_5_bps": 0.00784832881847685,
        "sharpe_ratio_2019_2020_0_5_bps": 3.0096950716696864,
        "downside_risk_2019_2020_0_5_bps": 0.004156615894565785,
        "sortino_ratio_2019_2020_0_5_bps": 5.6827662610573,
        "max_drawdown_2019_2020_0_5_bps": 0.003309590963959721,
        "calmar_ratio_2019_2020_0_5_bps": 7.212292733400795,
        "perc_pos_return_2019_2020_0_5_bps": 0.5615384615384615,
        "profit_loss_ratio_2019_2020_0_5_bps": 1.3475538378889,
        "sharpe_ratio_2019_0_5_bps": 2.8051703635174836,
        "annual_return_2019_2020_1_0_bps": 0.01860188939758145,
        "annual_volatility_2019_2020_1_0_bps": 0.007845901310793992,
        "sharpe_ratio_2019_2020_1_0_bps": 2.3531150139072574,
        "downside_risk_2019_2020_1_0_bps": 0.0043211956292242846,
        "sortino_ratio_2019_2020_1_0_bps": 4.272499964408743,
        "max_drawdown_2019_2020_1_0_bps": 0.0036972733419084135,
        "calmar_ratio_2019_2020_1_0_bps": 5.0312453739164855,
        "perc_pos_return_2019_2020_1_0_bps": 0.55,
        "profit_loss_ratio_2019_2020_1_0_bps": 1.252181579702033,
        "sharpe_ratio_2019_1_0_bps": 2.150296676529915,
        "annual_return_2019_2020_1_5_bps": 0.013361028771814665,
        "annual_volatility_2019_2020_1_5_bps": 0.007844414165233446,
        "sharpe_ratio_2019_2020_1_5_bps": 1.6959252148205626,
        "downside_risk_2019_2020_1_5_bps": 0.0044911164379516,
        "sortino_ratio_2019_2020_1_5_bps": 2.9621899058094217,
        "max_drawdown_2019_2020_1_5_bps": 0.004220604044841991,
        "calmar_ratio_2019_2020_1_5_bps": 3.1656674328744967,
        "perc_pos_return_2019_2020_1_5_bps": 0.5307692307692308,
        "profit_loss_ratio_2019_2020_1_5_bps": 1.200575064584778,
        "sharpe_ratio_2019_1_5_bps": 1.4945878488532744,
        "annual_return_2019_2020_2_0_bps": 0.008147019296536717,
        "annual_volatility_2019_2020_2_0_bps": 0.007843867916654578,
        "sharpe_ratio_2019_2020_2_0_bps": 1.038361618414373,
        "downside_risk_2019_2020_2_0_bps": 0.004666433100231777,
        "sortino_ratio_2019_2020_2_0_bps": 1.7453955107942036,
        "max_drawdown_2019_2020_2_0_bps": 0.0050203613003399995,
        "calmar_ratio_2019_2020_2_0_bps": 1.6227954143429812,
        "perc_pos_return_2019_2020_2_0_bps": 0.5230769230769231,
        "profit_loss_ratio_2019_2020_2_0_bps": 1.0991771897191227,
        "sharpe_ratio_2019_2_0_bps": 0.838246317778943,
        "annual_return_2019_2020_2_5_bps": 0.002959723985116014,
        "annual_volatility_2019_2020_2_5_bps": 0.007844262761620277,
        "sharpe_ratio_2019_2020_2_5_bps": 0.3806607557088349,
        "downside_risk_2019_2020_2_5_bps": 0.004846923538436023,
        "sortino_ratio_2019_2020_2_5_bps": 0.6160615011023162,