{
    "ALL": {
        "performance_sw": 2.0537033055279994,
        "performance_fw": 2.457242660844515,
        "val_loss": 5.007915440925598,
        "annual_return_2021_2022": 0.06963357196327324,
        "annual_volatility_2021_2022": 0.02738921082569655,
        "sharpe_ratio_2021_2022": 2.4716323107981144,
        "downside_risk_2021_2022": 0.01653440733865341,
        "sortino_ratio_2021_2022": 4.094253701237676,
        "max_drawdown_2021_2022": 0.018510005002365073,
        "calmar_ratio_2021_2022": 3.7619423632989824,
        "perc_pos_return_2021_2022": 0.5753424657534246,
        "profit_loss_ratio_2021_2022": 1.1243833054321557,
        "sharpe_ratio_2021": 2.0537033055279985,
        "annual_return_2021_2022_0_5_bps": 0.0691624898809069,
        "annual_volatility_2021_2022_0_5_bps": 0.027389729614465796,
        "sharpe_ratio_2021_2022_0_5_bps": 2.455499986635425,
        "downside_risk_2021_2022_0_5_bps": 0.016544883521000947,
        "sortino_ratio_2021_2022_0_5_bps": 4.0650319850785985,
        "max_drawdown_2021_2022_0_5_bps": 0.01854161573271472,
        "calmar_ratio_2021_2022_0_5_bps": 3.7301220604457357,
        "perc_pos_return_2021_2022_0_5_bps": 0.5753424657534246,
        "profit_loss_ratio_2021_2022_0_5_bps": 1.1212675576539783,
        "sharpe_ratio_2021_0_5_bps": 2.040298800612757,
        "annual_return_2021_2022_1_0_bps": 0.0686916145511336,
        "annual_volatility_2021_2022_1_0_bps": 0.027390253549521612,
        "sharpe_ratio_2021_2022_1_0_bps": 2.439367815258913,
        "downside_risk_2021_2022_1_0_bps": 0.016555373973020752,
        "sortino_ratio_2021_2022_1_0_bps": 4.035843773107648,
        "max_drawdown_2021_2022_1_0_bps": 0.018573225478103163,
        "calmar_ratio_2021_2022_1_0_bps": 3.6984213987019823,
        "perc_pos_return_2021_2022_1_0_bps": 0.5753424657534246,
        "profit_loss_ratio_2021_2022_1_0_bps": 1.1181615649172534,
        "sharpe_ratio_2021_1_0_bps": 2.026894422649034,
        "annual_return_2021_2022_1_5_bps": 0.06822094588352967,
        "annual_volatility_2021_2022_1_5_bps": 0.027390782630568686,
        "sharpe_ratio_2021_2022_1_5_bps": 2.4232358057788623,
        "downside_risk_2021_2022_1_5_bps": 0.016565878667603732,
        "sortino_ratio_2021_2022_1_5_bps": 4.006689083658542,
        "max_drawdown_2021_2022_1_5_bps": 0.018604834238561175,
        "calmar_ratio_2021_2022_1_5_bps": 3.6668397583533436,
        "perc_pos_return_2021_2022_1_5_bps": 0.5753424657534246,
        "profit_loss_ratio_2021_2022_1_5_bps": 1.1150652814807476,
        "sharpe_ratio_2021_1_5_bps": 2.013490179206655,
        "annual_return_2021_2022_2_0_bps": 0.06775048378770188,
        "annual_volatility_2021_2022_2_0_bps": 0.027391316857308834,
        "sharpe_ratio_2021_2022_2_0_bps": 2.40710396730423,
        "downside_risk_2021_2022_2_0_bps": 0.01657639757767275,
        "sortino_ratio_2021_2022_2_0_bps": 3.977567934647242,
        "max_drawdown_2021_2022_2_0_bps": 0.018636442014116884,
        "calmar_ratio_2021_2022_2_0_bps": 3.6353765239299265,
        "perc_pos_return_2021_2022_2_0_bps": 0.5753424657534246,
        "profit_loss_ratio_2021_2022_2_0_bps": 1.1119786618887546,
        "sharpe_ratio_2021_2_0_bps": 2.000086077854339,
        "annual_return_2021_2022_2_5_bps": 0.06728022817330404,
        "annual_volatility_2021_2022_2_5_bps": 0.02739185622944097,
        "sharpe_ratio_2021_2022_2_5_bps": 2.3909723089426245,
        "downside_risk_2021_2022_2_5_bps": 0.01658693069464198,
        "sortino_ratio_2021_2022_2_5_bps": 3.948480339179745,
        "max_drawdown_2021_2022_2_5_bps": 0.01866804880480181,
        "calmar_ratio_2021_2022_2_5_bps": 3.604031084169769,
        "perc_pos_return_2021_2022_2_5_bps": 0.5726027397260274,
        "profit_loss_ratio_2021_2022_2_5_bps": 1.1213935945611575,
        "sharpe_ratio_2021_2_5_bps": 1.9866821261596874,
        "annual_return_2021_2022_3_0_bps": 0.06681017895002883,
        "annual_volatility_2021_2022_3_0_bps": 0.02739240074666115,
        "sharpe_ratio_2021_2022_3_0_bps": 2.374840839800275,
        "downside_risk_2021_2022_3_0_bps": 0.016597478078863658,
        "sortino_ratio_2021_2022_3_0_bps": 3.919426293816817,
        "max_drawdown_2021_2022_3_0_bps": 0.018699654610645135,
        "calmar_ratio_2021_2022_3_0_bps": 3.572802831983638,
        "perc_pos_return_2021_2022_3_0_bps": 0.5726027397260274,
        "profit_loss_ratio_2021_2022_3_0_bps": 1.1182876573368923,
        "sharpe_ratio_2021_3_0_bps": 1.9732783316891547
    },
    "COMB": {
        "annual_return_2021_2022": 0.06963357196327324,
        "annual_volatility_2021_2022": 0.02738921082569655,
        "sharpe_ratio_2021_2022": 2.4716323107981144,
        "downside_risk_2021_2022": 0.01653440733865341,
        "sortino_ratio_2021_2022": 4.094253701237676,
        "max_drawdown_2021_2022": 0.018510005002365073,
        "calmar_ratio_2021_2022": 3.7619423632989824,
        "perc_pos_return_2021_2022": 0.5753424657534246,
        "profit_loss_ratio_2021_2022": 1.1243833054321557,
        "sharpe_ratio_2021": 2.0537033055279985,
        "annual_return_2021_2022_0_5_bps": 0.0691624898809069,
        "annual_volatility_2021_2022_0_5_bps": 0.027389729614465796,
        "sharpe_ratio_2021_2022_0_5_bps": 2.455499986635425,
        "downside_risk_2021_2022_0_5_bps": 0.016544883521000947,
        "sortino_ratio_2021_2022_0_5_bps": 4.0650319850785985,
        "max_drawdown_2021_2022_0_5_bps": 0.01854161573271472,
        "calmar_ratio_2021_2022_0_5_bps": 3.7301220604457357,
        "perc_pos_return_2021_2022_0_5_bps": 0.5753424657534246,
        "profit_loss_ratio_2021_2022_0_5_bps": 1.1212675576539783,
        "sharpe_ratio_2021_0_5_bps": 2.040298800612757,
        "annual_return_2021_2022_1_0_bps": 0.0686916145511336,
        "annual_volatility_2021_2022_1_0_bps": 0.027390253549521612,
        "sharpe_ratio_2021_2022_1_0_bps": 2.439367815258913,
        "downside_risk_2021_2022_1_0_bps": 0.016555373973020752,
        "sortino_ratio_2021_2022_1_0_bps": 4.035843773107648,
        "max_drawdown_2021_2022_1_0_bps": 0.018573225478103163,
        "calmar_ratio_2021_2022_1_0_bps": 3.6984213987019823,
        "perc_pos_return_2021_2022_1_0_bps": 0.5753424657534246,
        "profit_loss_ratio_2021_2022_1_0_bps": 1.1181615649172534,
        "sharpe_ratio_2021_1_0_bps": 2.026894422649034,
        "annual_return_2021_2022_1_5_bps": 0.06822094588352967,
        "annual_volatility_2021_2022_1_5_bps": 0.027390782630568686,
        "sharpe_ratio_2021_2022_1_5_bps": 2.4232358057788623,
        "downside_risk_2021_2022_1_5_bps": 0.016565878667603732,
        "sortino_ratio_2021_2022_1_5_bps": 4.006689083658542,
        "max_drawdown_2021_2022_1_5_bps": 0.018604834238561175,
        "calmar_ratio_2021_2022_1_5_bps": 3.6668397583533436,
        "perc_pos_return_2021_2022_1_5_bps": 0.5753424657534246,
        "profit_loss_ratio_2021_2022_1_5_bps": 1.1150652814807476,
        "sharpe_ratio_2021_1_5_bps": 2.013490179206655,
        "annual_return_2021_2022_2_0_bps": 0.06775048378770188,
        "annual_volatility_2021_2022_2_0_bps": 0.027391316857308834,
        "sharpe_ratio_2021_2022_2_0_bps": 2.40710396730423,
        "downside_risk_2021_2022_2_0_bps": 0.01657639757767275,
        "sortino_ratio_2021_2022_2_0_bps": 3.977567934647242,
        "max_drawdown_2021_2022_2_0_bps": 0.018636442014116884,
        "calmar_ratio_2021_2022_2_0_bps": 3.6353765239299265,
        "perc_pos_return_2021_2022_2_0_bps": 0.5753424657534246,
        "profit_loss_ratio_2021_2022_2_0_bps": 1.1119786618887546,
        "sharpe_ratio_2021_2_0_bps": 2.000086077854339,
        "annual_return_2021_2022_2_5_bps": 0.06728022817330404,
        "annual_volatility_2021_2022_2_5_bps": 0.02739185622944097,
        "sharpe_ratio_2021_2022_2_5_bps": 2.3909723089426245,
        "downside_risk_2021_2022_2_5_bps": 0.01658693069464198,
        "sortino_ratio_2021_2022_2_5_bps": 3.948480339179745,
        "max_drawdown_2021_2022_2_5_bps": 0.01866804880480181,