{
    "ALL": {
        "performance_sw": 1.3100047072326604,
        "performance_fw": 1.4767969070821996,
        "val_loss": 3.089427152788934,
        "annual_return_2016_2017": 0.013695328540161311,
        "annual_volatility_2016_2017": 0.010425059527667063,
        "sharpe_ratio_2016_2017": 1.3100047072326602,
        "downside_risk_2016_2017": 0.006453971455734645,
        "sortino_ratio_2016_2017": 2.1160423698945547,
        "max_drawdown_2016_2017": 0.006396548473702781,
        "calmar_ratio_2016_2017": 2.1410497546395475,
        "perc_pos_return_2016_2017": 0.5212355212355212,
        "profit_loss_ratio_2016_2017": 1.1610864375004026,
        "sharpe_ratio_2016": 1.5031059118132573,
        "annual_return_2016_2017_0_5_bps": 0.008585901173505217,
        "annual_volatility_2016_2017_0_5_bps": 0.010420069743660538,
        "sharpe_ratio_2016_2017_0_5_bps": 0.8256625307167117,
        "downside_risk_2016_2017_0_5_bps": 0.006613690583744123,
        "sortino_ratio_2016_2017_0_5_bps": 1.300856314013534,
        "max_drawdown_2016_2017_0_5_bps": 0.006895334066735575,
        "calmar_ratio_2016_2017_0_5_bps": 1.245175518750464,
        "perc_pos_return_2016_2017_0_5_bps": 0.5057915057915058,
        "profit_loss_ratio_2016_2017_0_5_bps": 1.1323000018181757,
        "sharpe_ratio_2016_0_5_bps": 1.0225635424586337,
        "annual_return_2016_2017_1_0_bps": 0.0035021165657000974,
        "annual_volatility_2016_2017_1_0_bps": 0.01041595222843696,
        "sharpe_ratio_2016_2017_1_0_bps": 0.3408277205298765,
        "downside_risk_2016_2017_1_0_bps": 0.006777787325987354,
        "sortino_ratio_2016_2017_1_0_bps": 0.5237764309238049,
        "max_drawdown_2016_2017_1_0_bps": 0.007393879082796863,
        "calmar_ratio_2016_2017_1_0_bps": 0.47365077606535066,
        "perc_pos_return_2016_2017_1_0_bps": 0.4864864864864865,
        "profit_loss_ratio_2016_2017_1_0_bps": 1.1215600252105684,
        "sharpe_ratio_2016_1_0_bps": 0.5413657083220311,
        "annual_return_2016_2017_1_5_bps": -0.001556153421312323,
        "annual_volatility_2016_2017_1_5_bps": 0.010412708016764648,
        "sharpe_ratio_2016_2017_1_5_bps": -0.14437845006721042,
        "downside_risk_2016_2017_1_5_bps": 0.006946386030470339,
        "sortino_ratio_2016_2017_1_5_bps": -0.2164248629241677,
        "max_drawdown_2016_2017_1_5_bps": 0.009529468615443104,
        "calmar_ratio_2016_2017_1_5_bps": -0.16329907617204156,
        "perc_pos_return_2016_2017_1_5_bps": 0.47876447876447875,
        "profit_loss_ratio_2016_2017_1_5_bps": 1.06116806310564,
        "sharpe_ratio_2016_1_5_bps": 0.05962137075692782,
        "annual_return_2016_2017_2_0_bps": -0.006589036288048855,
        "annual_volatility_2016_2017_2_0_bps": 0.010410337925095985,
        "sharpe_ratio_2016_2017_2_0_bps": -0.6298341697713511,
        "downside_risk_2016_2017_2_0_bps": 0.007119302083058985,
        "sortino_ratio_2016_2017_2_0_bps": -0.9209872635822685,
        "max_drawdown_2016_2017_2_0_bps": 0.01215122321813544,
        "calmar_ratio_2016_2017_2_0_bps": -0.5422529213532067,
        "perc_pos_return_2016_2017_2_0_bps": 0.46332046332046334,
        "profit_loss_ratio_2016_2017_2_0_bps": 1.036122183883352,
        "sharpe_ratio_2016_2_0_bps": -0.4225597886068835,
        "annual_return_2016_2017_2_5_bps": -0.011596658900649981,
        "annual_volatility_2016_2017_2_5_bps": 0.010408842550541905,
        "sharpe_ratio_2016_2017_2_5_bps": -1.1154172413835517,
        "downside_risk_2016_2017_2_5_bps": 0.0072964398936867444,
        "sortino_ratio_2016_2017_2_5_bps": -1.591214703730641,
        "max_drawdown_2016_2017_2_5_bps": 0.016690760652260325,
        "calmar_ratio_2016_2017_2_5_bps": -0.6947951110352493,
        "perc_pos_return_2016_2017_2_5_bps": 0.444015444015444,
        "profit_loss_ratio_2016_2017_2_5_bps": 1.02835011979124,
        "sharpe_ratio_2016_2_5_bps": -0.9050674911190573,
        "annual_return_2016_2017_3_0_bps": -0.016579147494021562,
        "annual_volatility_2016_2017_3_0_bps": 0.01040822227012061,
        "sharpe_ratio_2016_2017_3_0_bps": -1.6010052351771342,
        "downside_risk_2016_2017_3_0_bps": 0.007477828797163049,
        "sortino_ratio_2016_2017_3_0_bps": -2.228403296645706,
        "max_drawdown_2016_2017_3_0_bps": 0.021384810011244048,
        "calmar_ratio_2016_2017_3_0_bps": -0.7752768196352604,
        "perc_pos_return_2016_2017_3_0_bps": 0.42084942084942084,
        "profit_loss_ratio_2016_2017_3_0_bps": 1.0382895856542649,
        "sharpe_ratio_2016_3_0_bps": -1.3877909860636477
    },
    "COMB": {
        "annual_return_2016_2017": 0.013695328540161311,
        "annual_volatility_2016_2017": 0.010425059527667063,
        "sharpe_ratio_2016_2017": 1.3100047072326602,
        "downside_risk_2016_2017": 0.006453971455734645,
        "sortino_ratio_2016_2017": 2.1160423698945547,
        "max_drawdown_2016_2017": 0.006396548473702781,
        "calmar_ratio_2016_2017": 2.1410497546395475,
        "perc_pos_return_2016_2017": 0.5212355212355212,
        "profit_loss_ratio_2016_2017": 1.1610864375004026,
        "sharpe_ratio_2016": 1.5031059118132573,
        "annual_return_2016_2017_0_5_bps": 0.008585901173505217,
        "annual_volatility_2016_2017_0_5_bps": 0.010420069743660538,
        "sharpe_ratio_2016_2017_0_5_bps": 0.8256625307167117,
        "downside_risk_2016_2017_0_5_bps": 0.006613690583744123,
        "sortino_ratio_2016_2017_0_5_bps": 1.300856314013534,
        "max_drawdown_2016_2017_0_5_bps": 0.006895334066735575,
        "calmar_ratio_2016_2017_0_5_bps": 1.245175518750464,
        "perc_pos_return_2016_2017_0_5_bps": 0.5057915057915058,
        "profit_loss_ratio_2016_2017_0_5_bps": 1.1323000018181757,
        "sharpe_ratio_2016_0_5_bps": 1.0225635424586337,
        "annual_return_2016_2017_1_0_bps": 0.0035021165657000974,
        "annual_volatility_2016_2017_1_0_bps": 0.01041595222843696,
        "sharpe_ratio_2016_2017_1_0_bps": 0.3408277205298765,
        "downside_risk_2016_2017_1_0_bps": 0.006777787325987354,
        "sortino_ratio_2016_2017_1_0_bps": 0.5237764309238049,
        "max_drawdown_2016_2017_1_0_bps": 0.007393879082796863,
        "calmar_ratio_2016_2017_1_0_bps": 0.47365077606535066,
        "perc_pos_return_2016_2017_1_0_bps": 0.4864864864864865,
        "profit_loss_ratio_2016_2017_1_0_bps": 1.1215600252105684,
        "sharpe_ratio_2016_1_0_bps": 0.5413657083220311,
        "annual_return_2016_2017_1_5_bps": -0.001556153421312323,
        "annual_volatility_2016_2017_1_5_bps": 0.010412708016764648,
        "sharpe_ratio_2016_2017_1_5_bps": -0.14437845006721042,
        "downside_risk_2016_2017_1_5_bps": 0.006946386030470339,
        "sortino_ratio_2016_2017_1_5_bps": -0.2164248629241677,
        "max_drawdown_2016_2017_1_5_bps": 0.009529468615443104,
        "calmar_ratio_2016_2017_1_5_bps": -0.16329907617204156,
        "perc_pos_return_2016_2017_1_5_bps": 0.47876447876447875,
        "profit_loss_ratio_2016_2017_1_5_bps": 1.06116806310564,
        "sharpe_ratio_2016_1_5_bps": 0.05962137075692782,
        "annual_return_2016_2017_2_0_bps": -0.006589036288048855,
        "annual_volatility_2016_2017_2_0_bps": 0.010410337925095985,
        "sharpe_ratio_2016_2017_2_0_bps": -0.6298341697713511,
        "downside_risk_2016_2017_2_0_bps": 0.007119302083058985,
        "sortino_ratio_2016_2017_2_0_bps": -0.9209872635822685,
        "max_drawdown_2016_2017_2_0_bps": 0.01215122321813544,
        "calmar_ratio_2016_2017_2_0_bps": -0.5422529213532067,
        "perc_pos_return_2016_2017_2_0_bps": 0.46332046332046334,
        "profit_loss_ratio_2016_2017_2_0_bps": 1.036122183883352,
        "sharpe_ratio_2016_2_0_bps": -0.4225597886068835,
        "annual_return_2016_2017_2_5_bps": -0.011596658900649981,
        "annual_volatility_2016_2017_2_5_bps": 0.010408842550541905,
        "sharpe_ratio_2016_2017_2_5_bps": -1.1154172413835517,
        "downside_risk_2016_2017_2_5_bps": 0.0072964398936867444,