{
    "ALL": {
        "performance_sw": 1.6055216004485513,
        "performance_fw": 1.1237413170005413,
        "val_loss": 4.774893786159575,
        "annual_return_2022_2023": 0.0730722140168949,
        "annual_volatility_2022_2023": 0.036853119901894986,
        "sharpe_ratio_2022_2023": 1.932245545240877,
        "downside_risk_2022_2023": 0.024541103479848895,
        "sortino_ratio_2022_2023": 2.9016330425865164,
        "max_drawdown_2022_2023": 0.023449766566838927,
        "calmar_ratio_2022_2023": 3.1161169049856845,
        "perc_pos_return_2022_2023": 0.6356164383561644,
        "profit_loss_ratio_2022_2023": 0.8348437876153758,
        "sharpe_ratio_2022": 1.6033764552058591,
        "annual_return_2022_2023_0_5_bps": 0.0721036583719803,
        "annual_volatility_2022_2023_0_5_bps": 0.03685368200300834,
        "sharpe_ratio_2022_2023_0_5_bps": 1.9077094597654727,
        "downside_risk_2022_2023_0_5_bps": 0.024558439393073714,
        "sortino_ratio_2022_2023_0_5_bps": 2.862808856012089,
        "max_drawdown_2022_2023_0_5_bps": 0.02347133011457271,
        "calmar_ratio_2022_2023_0_5_bps": 3.071988592892445,
        "perc_pos_return_2022_2023_0_5_bps": 0.6356164383561644,
        "profit_loss_ratio_2022_2023_0_5_bps": 0.8309766762004039,
        "sharpe_ratio_2022_0_5_bps": 1.5829775003687394,
        "annual_return_2022_2023_1_0_bps": 0.07113597423091167,
        "annual_volatility_2022_2023_1_0_bps": 0.03685425227919654,
        "sharpe_ratio_2022_2023_1_0_bps": 1.8831737050100779,
        "downside_risk_2022_2023_1_0_bps": 0.024575801155665742,
        "sortino_ratio_2022_2023_1_0_bps": 2.8240364727231038,
        "max_drawdown_2022_2023_1_0_bps": 0.023492893261910685,
        "calmar_ratio_2022_2023_1_0_bps": 3.0279784374726333,
        "perc_pos_return_2022_2023_1_0_bps": 0.6301369863013698,
        "profit_loss_ratio_2022_2023_1_0_bps": 0.8468624055151776,
        "sharpe_ratio_2022_1_0_bps": 1.5625788209163844,
        "annual_return_2022_2023_1_5_bps": 0.07016916081195745,
        "annual_volatility_2022_2023_1_5_bps": 0.03685483073008008,
        "sharpe_ratio_2022_2023_1_5_bps": 1.8586382973059137,
        "downside_risk_2022_2023_1_5_bps": 0.02459318896149833,
        "sortino_ratio_2022_2023_1_5_bps": 2.7853158833078955,
        "max_drawdown_2022_2023_1_5_bps": 0.023514456008859118,
        "calmar_ratio_2022_2023_1_5_bps": 2.9840860781776573,
        "perc_pos_return_2022_2023_1_5_bps": 0.6301369863013698,
        "profit_loss_ratio_2022_2023_1_5_bps": 0.8429298280292938,
        "sharpe_ratio_2022_1_5_bps": 1.5421804303838893,
        "annual_return_2022_2023_2_0_bps": 0.0692032173340924,
        "annual_volatility_2022_2023_2_0_bps": 0.036855417355274055,
        "sharpe_ratio_2022_2023_2_0_bps": 1.8341032529819832,
        "downside_risk_2022_2023_2_0_bps": 0.024610602909869248,
        "sortino_ratio_2022_2023_2_0_bps": 2.7466470898284836,
        "max_drawdown_2022_2023_2_0_bps": 0.023536018355423807,
        "calmar_ratio_2022_2023_2_0_bps": 2.940311155822358,
        "perc_pos_return_2022_2023_2_0_bps": 0.6273972602739726,
        "profit_loss_ratio_2022_2023_2_0_bps": 0.8489170893756646,
        "sharpe_ratio_2022_2_0_bps": 1.5217823423045085,
        "annual_return_2022_2023_2_5_bps": 0.0682381430169563,
        "annual_volatility_2022_2023_2_5_bps": 0.036856012154388135,
        "sharpe_ratio_2022_2023_2_5_bps": 1.8095685883650119,
        "downside_risk_2022_2023_2_5_bps": 0.02462804330075374,
        "sortino_ratio_2022_2023_2_5_bps": 2.708030072569294,
        "max_drawdown_2022_2023_2_5_bps": 0.023557580301610512,
        "calmar_ratio_2022_2023_2_5_bps": 2.8966533125768947,
        "perc_pos_return_2022_2023_2_5_bps": 0.6246575342465753,
        "profit_loss_ratio_2022_2023_2_5_bps": 0.8549094459357517,
        "sharpe_ratio_2022_2_5_bps": 1.5013845702096156,
        "annual_return_2022_2023_3_0_bps": 0.06727393708092344,
        "annual_volatility_2022_2023_3_0_bps": 0.036856615127026586,
        "sharpe_ratio_2022_2023_3_0_bps": 1.785034319779396,
        "downside_risk_2022_2023_3_0_bps": 0.024645510428933905,
        "sortino_ratio_2022_2023_3_0_bps": 2.6694648139810844,
        "max_drawdown_2022_2023_3_0_bps": 0.02357914184742585,
        "calmar_ratio_2022_2023_3_0_bps": 2.8531121919633295,
        "perc_pos_return_2022_2023_3_0_bps": 0.6219178082191781,
        "profit_loss_ratio_2022_2023_3_0_bps": 0.8609101897465318,
        "sharpe_ratio_2022_3_0_bps": 1.4809871276286528
    },
    "COMB": {
        "annual_return_2022_2023": 0.0730722140168949,
        "annual_volatility_2022_2023": 0.036853119901894986,
        "sharpe_ratio_2022_2023": 1.932245545240877,
        "downside_risk_2022_2023": 0.024541103479848895,
        "sortino_ratio_2022_2023": 2.9016330425865164,
        "max_drawdown_2022_2023": 0.023449766566838927,
        "calmar_ratio_2022_2023": 3.1161169049856845,
        "perc_pos_return_2022_2023": 0.6356164383561644,
        "profit_loss_ratio_2022_2023": 0.8348437876153758,
        "sharpe_ratio_2022": 1.6033764552058591,
        "annual_return_2022_2023_0_5_bps": 0.0721036583719803,
        "annual_volatility_2022_2023_0_5_bps": 0.03685368200300834,
        "sharpe_ratio_2022_2023_0_5_bps": 1.9077094597654727,
        "downside_risk_2022_2023_0_5_bps": 0.024558439393073714,
        "sortino_ratio_2022_2023_0_5_bps": 2.862808856012089,
        "max_drawdown_2022_2023_0_5_bps": 0.02347133011457271,
        "calmar_ratio_2022_2023_0_5_bps": 3.071988592892445,
        "perc_pos_return_2022_2023_0_5_bps": 0.6356164383561644,
        "profit_loss_ratio_2022_2023_0_5_bps": 0.8309766762004039,
        "sharpe_ratio_2022_0_5_bps": 1.5829775003687394,
        "annual_return_2022_2023_1_0_bps": 0.07113597423091167,
        "annual_volatility_2022_2023_1_0_bps": 0.03685425227919654,
        "sharpe_ratio_2022_2023_1_0_bps": 1.8831737050100779,
        "downside_risk_2022_2023_1_0_bps": 0.024575801155665742,
        "sortino_ratio_2022_2023_1_0_bps": 2.8240364727231038,
        "max_drawdown_2022_2023_1_0_bps": 0.023492893261910685,
        "calmar_ratio_2022_2023_1_0_bps": 3.0279784374726333,
        "perc_pos_return_2022_2023_1_0_bps": 0.6301369863013698,
        "profit_loss_ratio_2022_2023_1_0_bps": 0.8468624055151776,
        "sharpe_ratio_2022_1_0_bps": 1.5625788209163844,
        "annual_return_2022_2023_1_5_bps": 0.07016916081195745,
        "annual_volatility_2022_2023_1_5_bps": 0.03685483073008008,
        "sharpe_ratio_2022_2023_1_5_bps": 1.8586382973059137,
        "downside_risk_2022_2023_1_5_bps": 0.02459318896149833,
        "sortino_ratio_2022_2023_1_5_bps": 2.7853158833078955,
        "max_drawdown_2022_2023_1_5_bps": 0.023514456008859118,
        "calmar_ratio_2022_2023_1_5_bps": 2.9840860781776573,
        "perc_pos_return_2022_2023_1_5_bps": 0.6301369863013698,
        "profit_loss_ratio_2022_2023_1_5_bps": 0.8429298280292938,
        "sharpe_ratio_2022_1_5_bps": 1.5421804303838893,
        "annual_return_2022_2023_2_0_bps": 0.0692032173340924,
        "annual_volatility_2022_2023_2_0_bps": 0.036855417355274055,
        "sharpe_ratio_2022_2023_2_0_bps": 1.8341032529819832,
        "downside_risk_2022_2023_2_0_bps": 0.024610602909869248,
        "sortino_ratio_2022_2023_2_0_bps": 2.7466470898284836,
        "max_drawdown_2022_2023_2_0_bps": 0.023536018355423807,
        "calmar_ratio_2022_2023_2_0_bps": 2.940311155822358,
        "perc_pos_return_2022_2023_2_0_bps": 0.6273972602739726,
        "profit_loss_ratio_2022_2023_2_0_bps": 0.8489170893756646,
        "sharpe_ratio_2022_2_0_bps": 1.5217823423045085,
        "annual_return_2022_2023_2_5_bps": 0.0682381430169563,
        "annual_volatility_2022_2023_2_5_bps": 0.036856012154388135,
        "sharpe_ratio_2022_2023_2_5_bps": 1.8095685883650119,
        "downside_risk_2022_2023_2_5_bps": 0.02462804330075374,
        "sortino_ratio_2022_2023_2_5_bps": 2.708030072569294,