{
    "ALL": {
        "performance_sw": 2.249892995921788,
        "performance_fw": 1.7038869683150464,
        "val_loss": 2.6110609126767543,
        "annual_return_2016_2017": 0.018828312897774646,
        "annual_volatility_2016_2017": 0.008306306433551854,
        "sharpe_ratio_2016_2017": 2.249892995921788,
        "downside_risk_2016_2017": 0.004987396261476829,
        "sortino_ratio_2016_2017": 3.7471056413100348,
        "max_drawdown_2016_2017": 0.0033371617934987636,
        "calmar_ratio_2016_2017": 5.642013801804489,
        "perc_pos_return_2016_2017": 0.5752895752895753,
        "profit_loss_ratio_2016_2017": 1.066181167827674,
        "sharpe_ratio_2016": 2.2406455422381937,
        "annual_return_2016_2017_0_5_bps": 0.01388597432434624,
        "annual_volatility_2016_2017_0_5_bps": 0.008300344135734642,
        "sharpe_ratio_2016_2017_0_5_bps": 1.6656095458090232,
        "downside_risk_2016_2017_0_5_bps": 0.005155141767084524,
        "sortino_ratio_2016_2017_0_5_bps": 2.681814206207239,
        "max_drawdown_2016_2017_0_5_bps": 0.00359075700627759,
        "calmar_ratio_2016_2017_0_5_bps": 3.86714397550987,
        "perc_pos_return_2016_2017_0_5_bps": 0.5598455598455598,
        "profit_loss_ratio_2016_2017_0_5_bps": 1.032335064936438,
        "sharpe_ratio_2016_0_5_bps": 1.6543944660878747,
        "annual_return_2016_2017_1_0_bps": 0.008967509535312113,
        "annual_volatility_2016_2017_1_0_bps": 0.008295197531677472,
        "sharpe_ratio_2016_2017_1_0_bps": 1.0803798403723395,
        "downside_risk_2016_2017_1_0_bps": 0.005325697125910718,
        "sortino_ratio_2016_2017_1_0_bps": 1.6827776670830101,
        "max_drawdown_2016_2017_1_0_bps": 0.004039108619444361,
        "calmar_ratio_2016_2017_1_0_bps": 2.2201704336799257,
        "perc_pos_return_2016_2017_1_0_bps": 0.5366795366795367,
        "profit_loss_ratio_2016_2017_1_0_bps": 1.0302214473037197,
        "sharpe_ratio_2016_1_0_bps": 1.0674193697280272,
        "annual_return_2016_2017_1_5_bps": 0.004072803699346039,
        "annual_volatility_2016_2017_1_5_bps": 0.008290868140420257,
        "sharpe_ratio_2016_2017_1_5_bps": 0.4943747596586584,
        "downside_risk_2016_2017_1_5_bps": 0.005499234437393791,
        "sortino_ratio_2016_2017_1_5_bps": 0.7453393724062439,
        "max_drawdown_2016_2017_1_5_bps": 0.0047771861555703865,
        "calmar_ratio_2016_2017_1_5_bps": 0.8525528557427033,
        "perc_pos_return_2016_2017_1_5_bps": 0.528957528957529,
        "profit_loss_ratio_2016_2017_1_5_bps": 0.9655754358816252,
        "sharpe_ratio_2016_1_5_bps": 0.47989001606024795,
        "annual_return_2016_2017_2_0_bps": -0.00079825746488138,
        "annual_volatility_2016_2017_2_0_bps": 0.00828735724272143,
        "sharpe_ratio_2016_2017_2_0_bps": -0.09223354009968272,
        "downside_risk_2016_2017_2_0_bps": 0.00567569091041611,
        "sortino_ratio_2016_2017_2_0_bps": -0.13467475742277576,
        "max_drawdown_2016_2017_2_0_bps": 0.005865001517529,
        "calmar_ratio_2016_2017_2_0_bps": -0.13610524438835886,
        "perc_pos_return_2016_2017_2_0_bps": 0.5212355212355212,
        "profit_loss_ratio_2016_2017_2_0_bps": 0.9047362870387816,
        "sharpe_ratio_2016_2_0_bps": -0.10802295584292496,
        "annual_return_2016_2017_2_5_bps": -0.005645787691360704,
        "annual_volatility_2016_2017_2_5_bps": 0.008284665879171173,
        "sharpe_ratio_2016_2017_2_5_bps": -0.6792718764391228,
        "downside_risk_2016_2017_2_5_bps": 0.00585500487744469,
        "sortino_ratio_2016_2017_2_5_bps": -0.9611504439722713,
        "max_drawdown_2016_2017_2_5_bps": 0.009084768391340746,
        "calmar_ratio_2016_2017_2_5_bps": -0.6214564255421253,
        "perc_pos_return_2016_2017_2_5_bps": 0.4942084942084942,
        "profit_loss_ratio_2016_2017_2_5_bps": 0.9154626811432062,
        "sharpe_ratio_2016_2_5_bps": -0.6961482772943252,
        "annual_return_2016_2017_3_0_bps": -0.01046990016934024,
        "annual_volatility_2016_2017_3_0_bps": 0.008282794848653616,
        "sharpe_ratio_2016_2017_3_0_bps": -1.2665662943432558,
        "downside_risk_2016_2017_3_0_bps": 0.006037257813309847,
        "sortino_ratio_2016_2017_3_0_bps": -1.737661220154722,
        "max_drawdown_2016_2017_3_0_bps": 0.013600439698531289,
        "calmar_ratio_2016_2017_3_0_bps": -0.7698207117870524,
        "perc_pos_return_2016_2017_3_0_bps": 0.4942084942084942,
        "profit_loss_ratio_2016_2017_3_0_bps": 0.8310453026049862,
        "sharpe_ratio_2016_3_0_bps": -1.2843142987875367
    },
    "COMB": {
        "annual_return_2016_2017": 0.018828312897774646,
        "annual_volatility_2016_2017": 0.008306306433551854,
        "sharpe_ratio_2016_2017": 2.249892995921788,
        "downside_risk_2016_2017": 0.004987396261476829,
        "sortino_ratio_2016_2017": 3.7471056413100348,
        "max_drawdown_2016_2017": 0.0033371617934987636,
        "calmar_ratio_2016_2017": 5.642013801804489,
        "perc_pos_return_2016_2017": 0.5752895752895753,
        "profit_loss_ratio_2016_2017": 1.066181167827674,
        "sharpe_ratio_2016": 2.2406455422381937,
        "annual_return_2016_2017_0_5_bps": 0.01388597432434624,
        "annual_volatility_2016_2017_0_5_bps": 0.008300344135734642,
        "sharpe_ratio_2016_2017_0_5_bps": 1.6656095458090232,
        "downside_risk_2016_2017_0_5_bps": 0.005155141767084524,
        "sortino_ratio_2016_2017_0_5_bps": 2.681814206207239,
        "max_drawdown_2016_2017_0_5_bps": 0.00359075700627759,
        "calmar_ratio_2016_2017_0_5_bps": 3.86714397550987,
        "perc_pos_return_2016_2017_0_5_bps": 0.5598455598455598,
        "profit_loss_ratio_2016_2017_0_5_bps": 1.032335064936438,
        "sharpe_ratio_2016_0_5_bps": 1.6543944660878747,
        "annual_return_2016_2017_1_0_bps": 0.008967509535312113,
        "annual_volatility_2016_2017_1_0_bps": 0.008295197531677472,
        "sharpe_ratio_2016_2017_1_0_bps": 1.0803798403723395,
        "downside_risk_2016_2017_1_0_bps": 0.005325697125910718,
        "sortino_ratio_2016_2017_1_0_bps": 1.6827776670830101,
        "max_drawdown_2016_2017_1_0_bps": 0.004039108619444361,
        "calmar_ratio_2016_2017_1_0_bps": 2.2201704336799257,
        "perc_pos_return_2016_2017_1_0_bps": 0.5366795366795367,
        "profit_loss_ratio_2016_2017_1_0_bps": 1.0302214473037197,
        "sharpe_ratio_2016_1_0_bps": 1.0674193697280272,
        "annual_return_2016_2017_1_5_bps": 0.004072803699346039,
        "annual_volatility_2016_2017_1_5_bps": 0.008290868140420257,
        "sharpe_ratio_2016_2017_1_5_bps": 0.4943747596586584,
        "downside_risk_2016_2017_1_5_bps": 0.005499234437393791,
        "sortino_ratio_2016_2017_1_5_bps": 0.7453393724062439,
        "max_drawdown_2016_2017_1_5_bps": 0.0047771861555703865,
        "calmar_ratio_2016_2017_1_5_bps": 0.8525528557427033,
        "perc_pos_return_2016_2017_1_5_bps": 0.528957528957529,
        "profit_loss_ratio_2016_2017_1_5_bps": 0.9655754358816252,
        "sharpe_ratio_2016_1_5_bps": 0.47989001606024795,
        "annual_return_2016_2017_2_0_bps": -0.00079825746488138,
        "annual_volatility_2016_2017_2_0_bps": 0.00828735724272143,
        "sharpe_ratio_2016_2017_2_0_bps": -0.09223354009968272,
        "downside_risk_2016_2017_2_0_bps": 0.00567569091041611,
        "sortino_ratio_2016_2017_2_0_bps": -0.13467475742277576,
        "max_drawdown_2016_2017_2_0_bps": 0.005865001517529,
        "calmar_ratio_2016_2017_2_0_bps": -0.13610524438835886,
        "perc_pos_return_2016_2017_2_0_bps": 0.5212355212355212,
        "profit_loss_ratio_2016_2017_2_0_bps": 0.9047362870387816,
        "sharpe_ratio_2016_2_0_bps": -0.10802295584292496,
        "annual_return_2016_2017_2_5_bps": -0.005645787691360704,
        "annual_volatility_2016_2017_2_5_bps": 0.008284665879171173,
        "sharpe_ratio_2016_2017_2_5_bps": -0.6792718764391228,
        "downside_risk_2016_2017_2_5_bps": 0.00585500487744469,
        "sortino_ratio_2016_2017_2_5_bps": -0.9611504439722713,