{
    "ALL": {
        "performance_sw": 0.04413686207601714,
        "performance_fw": -0.10577917024618855,
        "val_loss": 3.640896060645456,
        "annual_return_2022_2023": 0.0012868812385582462,
        "annual_volatility_2022_2023": 0.06849874083469915,
        "sharpe_ratio_2022_2023": 0.053118721730974386,
        "downside_risk_2022_2023": 0.054554585553960956,
        "sortino_ratio_2022_2023": 0.06669587013398798,
        "max_drawdown_2022_2023": 0.050559561517715707,
        "calmar_ratio_2022_2023": 0.02545277688192237,
        "perc_pos_return_2022_2023": 0.554945054945055,
        "profit_loss_ratio_2022_2023": 0.810380577032642,
        "sharpe_ratio_2022": 0.04458531735911421,
        "annual_return_2022_2023_0_5_bps": 0.0005040279417518612,
        "annual_volatility_2022_2023_0_5_bps": 0.06849956841193071,
        "sharpe_ratio_2022_2023_0_5_bps": 0.04170058850110767,
        "downside_risk_2022_2023_0_5_bps": 0.05456807190088382,
        "sortino_ratio_2022_2023_0_5_bps": 0.05234695336199209,
        "max_drawdown_2022_2023_0_5_bps": 0.050917537370177776,
        "calmar_ratio_2022_2023_0_5_bps": 0.009898906502243145,
        "perc_pos_return_2022_2023_0_5_bps": 0.554945054945055,
        "profit_loss_ratio_2022_2023_0_5_bps": 0.8085683313596355,
        "sharpe_ratio_2022_0_5_bps": 0.035091190801625136,
        "annual_return_2022_2023_1_0_bps": -0.0002782153431559742,
        "annual_volatility_2022_2023_1_0_bps": 0.06850040159690109,
        "sharpe_ratio_2022_2023_1_0_bps": 0.030282728685084633,
        "downside_risk_2022_2023_1_0_bps": 0.054581572106647186,
        "sortino_ratio_2022_2023_1_0_bps": 0.03800511777720794,
        "max_drawdown_2022_2023_1_0_bps": 0.051275379176416475,
        "calmar_ratio_2022_2023_1_0_bps": -0.005425905134679845,
        "perc_pos_return_2022_2023_1_0_bps": 0.554945054945055,
        "profit_loss_ratio_2022_2023_1_0_bps": 0.8067597215719924,
        "sharpe_ratio_2022_1_0_bps": 0.025597288631803432,
        "annual_return_2022_2023_1_5_bps": -0.0010598490898863222,
        "annual_volatility_2022_2023_1_5_bps": 0.06850124038940571,
        "sharpe_ratio_2022_2023_1_5_bps": 0.018865145077096312,
        "downside_risk_2022_2023_1_5_bps": 0.05459508616097004,
        "sortino_ratio_2022_2023_1_5_bps": 0.023670369052939455,
        "max_drawdown_2022_2023_1_5_bps": 0.05163308698627668,
        "calmar_ratio_2022_2023_1_5_bps": -0.02052654899692545,
        "perc_pos_return_2022_2023_1_5_bps": 0.554945054945055,
        "profit_loss_ratio_2022_2023_1_5_bps": 0.804954736738732,
        "sharpe_ratio_2022_1_5_bps": 0.016103613175730138,
        "annual_return_2022_2023_2_0_bps": -0.001840873771805862,
        "annual_volatility_2022_2023_2_0_bps": 0.06850208478923851,
        "sharpe_ratio_2022_2023_2_0_bps": 0.007447840470925458,
        "downside_risk_2022_2023_2_0_bps": 0.05460861405932395,
        "sortino_ratio_2022_2023_2_0_bps": 0.00934271283431239,
        "max_drawdown_2022_2023_2_0_bps": 0.05199066084959392,
        "calmar_ratio_2022_2023_2_0_bps": -0.03540777789171419,
        "perc_pos_return_2022_2023_2_0_bps": 0.5521978021978022,
        "profit_loss_ratio_2022_2023_2_0_bps": 0.8121315533475811,
        "sharpe_ratio_2022_2_0_bps": 0.006610166759151246,
        "annual_return_2022_2023_2_5_bps": -0.0026212898619095704,
        "annual_volatility_2022_2023_2_5_bps": 0.06850293479619218,
        "sharpe_ratio_2022_2023_2_5_bps": -0.003969182340056222,
        "downside_risk_2022_2023_2_5_bps": 0.05462215588057656,
        "sortino_ratio_2022_2023_2_5_bps": -0.004977845247074106,
        "max_drawdown_2022_2023_2_5_bps": 0.05234810081618263,
        "calmar_ratio_2022_2023_2_5_bps": -0.050074211309290476,
        "perc_pos_return_2022_2023_2_5_bps": 0.5521978021978022,
        "profit_loss_ratio_2022_2023_2_5_bps": 0.8103136980230055,
        "sharpe_ratio_2022_2_5_bps": -0.0028830482925256656,
        "annual_return_2022_2023_3_0_bps": -0.00340109783282605,
        "annual_volatility_2022_2023_3_0_bps": 0.06850379041005801,
        "sharpe_ratio_2022_2023_3_0_bps": -0.015385920562892435,
        "downside_risk_2022_2023_3_0_bps": 0.05463571164482681,
        "sortino_ratio_2022_2023_3_0_bps": -0.019291299514096895,
        "max_drawdown_2022_2023_3_0_bps": 0.0527054069358338,
        "calmar_ratio_2022_2023_3_0_bps": -0.06453034006485742,
        "perc_pos_return_2022_2023_3_0_bps": 0.5521978021978022,
        "profit_loss_ratio_2022_2023_3_0_bps": 0.8084995024607498,
        "sharpe_ratio_2022_3_0_bps": -0.012376029654234419
    },
    "COMB": {
        "annual_return_2022_2023": 0.0012868812385582462,
        "annual_volatility_2022_2023": 0.06849874083469915,
        "sharpe_ratio_2022_2023": 0.053118721730974386,
        "downside_risk_2022_2023": 0.054554585553960956,
        "sortino_ratio_2022_2023": 0.06669587013398798,
        "max_drawdown_2022_2023": 0.050559561517715707,
        "calmar_ratio_2022_2023": 0.02545277688192237,
        "perc_pos_return_2022_2023": 0.554945054945055,
        "profit_loss_ratio_2022_2023": 0.810380577032642,
        "sharpe_ratio_2022": 0.04458531735911421,
        "annual_return_2022_2023_0_5_bps": 0.0005040279417518612,
        "annual_volatility_2022_2023_0_5_bps": 0.06849956841193071,
        "sharpe_ratio_2022_2023_0_5_bps": 0.04170058850110767,
        "downside_risk_2022_2023_0_5_bps": 0.05456807190088382,
        "sortino_ratio_2022_2023_0_5_bps": 0.05234695336199209,
        "max_drawdown_2022_2023_0_5_bps": 0.050917537370177776,
        "calmar_ratio_2022_2023_0_5_bps": 0.009898906502243145,
        "perc_pos_return_2022_2023_0_5_bps": 0.554945054945055,
        "profit_loss_ratio_2022_2023_0_5_bps": 0.8085683313596355,
        "sharpe_ratio_2022_0_5_bps": 0.035091190801625136,
        "annual_return_2022_2023_1_0_bps": -0.0002782153431559742,
        "annual_volatility_2022_2023_1_0_bps": 0.06850040159690109,
        "sharpe_ratio_2022_2023_1_0_bps": 0.030282728685084633,
        "downside_risk_2022_2023_1_0_bps": 0.054581572106647186,
        "sortino_ratio_2022_2023_1_0_bps": 0.03800511777720794,
        "max_drawdown_2022_2023_1_0_bps": 0.051275379176416475,
        "calmar_ratio_2022_2023_1_0_bps": -0.005425905134679845,
        "perc_pos_return_2022_2023_1_0_bps": 0.554945054945055,
        "profit_loss_ratio_2022_2023_1_0_bps": 0.8067597215719924,
        "sharpe_ratio_2022_1_0_bps": 0.025597288631803432,
        "annual_return_2022_2023_1_5_bps": -0.0010598490898863222,
        "annual_volatility_2022_2023_1_5_bps": 0.06850124038940571,
        "sharpe_ratio_2022_2023_1_5_bps": 0.018865145077096312,
        "downside_risk_2022_2023_1_5_bps": 0.05459508616097004,
        "sortino_ratio_2022_2023_1_5_bps": 0.023670369052939455,
        "max_drawdown_2022_2023_1_5_bps": 0.05163308698627668,
        "calmar_ratio_2022_2023_1_5_bps": -0.02052654899692545,
        "perc_pos_return_2022_2023_1_5_bps": 0.554945054945055,
        "profit_loss_ratio_2022_2023_1_5_bps": 0.804954736738732,
        "sharpe_ratio_2022_1_5_bps": 0.016103613175730138,
        "annual_return_2022_2023_2_0_bps": -0.001840873771805862,
        "annual_volatility_2022_2023_2_0_bps": 0.06850208478923851,
        "sharpe_ratio_2022_2023_2_0_bps": 0.007447840470925458,
        "downside_risk_2022_2023_2_0_bps": 0.05460861405932395,
        "sortino_ratio_2022_2023_2_0_bps": 0.00934271283431239,
        "max_drawdown_2022_2023_2_0_bps": 0.05199066084959392,
        "calmar_ratio_2022_2023_2_0_bps": -0.03540777789171419,
        "perc_pos_return_2022_2023_2_0_bps": 0.5521978021978022,
        "profit_loss_ratio_2022_2023_2_0_bps": 0.8121315533475811,
        "sharpe_ratio_2022_2_0_bps": 0.006610166759151246,
        "annual_return_2022_2023_2_5_bps": -0.0026212898619095704,
        "annual_volatility_2022_2023_2_5_bps": 0.06850293479619218,
        "sharpe_ratio_2022_2023_2_5_bps": -0.003969182340056222,