{
    "ALL": {
        "performance_sw": 4.12971735139643,
        "performance_fw": 4.518355148740147,
        "val_loss": 2.82180062369435,
        "annual_return_2019_2020": 0.04226743660722443,
        "annual_volatility_2019_2020": 0.010037520836383741,
        "sharpe_ratio_2019_2020": 4.129717351396428,
        "downside_risk_2019_2020": 0.005172335826590187,
        "sortino_ratio_2019_2020": 8.014198101739275,
        "max_drawdown_2019_2020": 0.003933546884395266,
        "calmar_ratio_2019_2020": 10.745375064653011,
        "perc_pos_return_2019_2020": 0.6153846153846154,
        "profit_loss_ratio_2019_2020": 1.2800816330082678,
        "sharpe_ratio_2019": 4.1524196711075945,
        "annual_return_2019_2020_0_5_bps": 0.03665711435202268,
        "annual_volatility_2019_2020_0_5_bps": 0.010036071036088078,
        "sharpe_ratio_2019_2020_0_5_bps": 3.592435436291883,
        "downside_risk_2019_2020_0_5_bps": 0.005340442242402828,
        "sortino_ratio_2019_2020_0_5_bps": 6.75111453222339,
        "max_drawdown_2019_2020_0_5_bps": 0.004128042410191157,
        "calmar_ratio_2019_2020_0_5_bps": 8.880023679389767,
        "perc_pos_return_2019_2020_0_5_bps": 0.6076923076923076,
        "profit_loss_ratio_2019_2020_0_5_bps": 1.2045217565762756,
        "sharpe_ratio_2019_0_5_bps": 3.6139154481286146,
        "annual_return_2019_2020_1_0_bps": 0.03107686621884098,
        "annual_volatility_2019_2020_1_0_bps": 0.010035198716570947,
        "sharpe_ratio_2019_2020_1_0_bps": 3.054822466916613,
        "downside_risk_2019_2020_1_0_bps": 0.005512188903226696,
        "sortino_ratio_2019_2020_1_0_bps": 5.561447736562255,
        "max_drawdown_2019_2020_1_0_bps": 0.004322504723498417,
        "calmar_ratio_2019_2020_1_0_bps": 7.189550551535068,
        "perc_pos_return_2019_2020_1_0_bps": 0.5884615384615385,
        "profit_loss_ratio_2019_2020_1_0_bps": 1.1888136456084195,
        "sharpe_ratio_2019_1_0_bps": 3.0751037424655845,
        "annual_return_2019_2020_1_5_bps": 0.025526531666107077,
        "annual_volatility_2019_2020_1_5_bps": 0.010034904028431027,
        "sharpe_ratio_2019_2020_1_5_bps": 2.5169711335516407,
        "downside_risk_2019_2020_1_5_bps": 0.00568751366187419,
        "sortino_ratio_2019_2020_1_5_bps": 4.440879665368385,
        "max_drawdown_2019_2020_1_5_bps": 0.0045465177385465546,
        "calmar_ratio_2019_2020_1_5_bps": 5.614523715521119,
        "perc_pos_return_2019_2020_1_5_bps": 0.5807692307692308,
        "profit_loss_ratio_2019_2020_1_5_bps": 1.1179524609300164,
        "sharpe_ratio_2019_1_5_bps": 2.536062521654171,
        "annual_return_2019_2020_2_0_bps": 0.020005951005662492,
        "annual_volatility_2019_2020_2_0_bps": 0.010035187022555594,
        "sharpe_ratio_2019_2020_2_0_bps": 1.9789742822982088,
        "downside_risk_2019_2020_2_0_bps": 0.005866317555325454,
        "sortino_ratio_2019_2020_2_0_bps": 3.385322538099199,
        "max_drawdown_2019_2020_2_0_bps": 0.004789912171340348,
        "calmar_ratio_2019_2020_2_0_bps": 4.176684308611088,
        "perc_pos_return_2019_2020_2_0_bps": 0.5538461538461539,
        "profit_loss_ratio_2019_2020_2_0_bps": 1.136501744323275,
        "sharpe_ratio_2019_2_0_bps": 1.9968698881833449,
        "annual_return_2019_2020_2_5_bps": 0.014514965398264357,
        "annual_volatility_2019_2020_2_5_bps": 0.0100360476500766,
        "sharpe_ratio_2019_2020_2_5_bps": 1.440924834962114,
        "downside_risk_2019_2020_2_5_bps": 0.006048696071873736,
        "sortino_ratio_2019_2020_2_5_bps": 2.3907946658293273,
        "max_drawdown_2019_2020_2_5_bps": 0.005436002058881258,
        "calmar_ratio_2019_2020_2_5_bps": 2.6701545071253285,
        "perc_pos_return_2019_2020_2_5_bps": 0.5423076923076923,
        "profit_loss_ratio_2019_2020_2_5_bps": 1.0844079931458064,
        "sharpe_ratio_2019_2_5_bps": 1.4576040229356177,
        "annual_return_2019_2020_3_0_bps": 0.00905341684907146,
        "annual_volatility_2019_2020_3_0_bps": 0.010037485762412854,
        "sharpe_ratio_2019_2020_3_0_bps": 0.902915708828683,
        "downside_risk_2019_2020_3_0_bps": 0.006234700555794774,
        "sortino_ratio_2019_2020_3_0_bps": 1.4536389504068974,
        "max_drawdown_2019_2020_3_0_bps": 0.0063942296018238975,
        "calmar_ratio_2019_2020_3_0_bps": 1.4158729687293452,
        "perc_pos_return_2019_2020_3_0_bps": 0.5346153846153846,
        "profit_loss_ratio_2019_2020_3_0_bps": 1.0186736166518584,
        "sharpe_ratio_2019_3_0_bps": 0.9183431285174717
    },
    "COMB": {
        "annual_return_2019_2020": 0.04226743660722443,
        "annual_volatility_2019_2020": 0.010037520836383741,
        "sharpe_ratio_2019_2020": 4.129717351396428,
        "downside_risk_2019_2020": 0.005172335826590187,
        "sortino_ratio_2019_2020": 8.014198101739275,
        "max_drawdown_2019_2020": 0.003933546884395266,
        "calmar_ratio_2019_2020": 10.745375064653011,
        "perc_pos_return_2019_2020": 0.6153846153846154,
        "profit_loss_ratio_2019_2020": 1.2800816330082678,
        "sharpe_ratio_2019": 4.1524196711075945,
        "annual_return_2019_2020_0_5_bps": 0.03665711435202268,
        "annual_volatility_2019_2020_0_5_bps": 0.010036071036088078,
        "sharpe_ratio_2019_2020_0_5_bps": 3.592435436291883,
        "downside_risk_2019_2020_0_5_bps": 0.005340442242402828,
        "sortino_ratio_2019_2020_0_5_bps": 6.75111453222339,
        "max_drawdown_2019_2020_0_5_bps": 0.004128042410191157,
        "calmar_ratio_2019_2020_0_5_bps": 8.880023679389767,
        "perc_pos_return_2019_2020_0_5_bps": 0.6076923076923076,
        "profit_loss_ratio_2019_2020_0_5_bps": 1.2045217565762756,
        "sharpe_ratio_2019_0_5_bps": 3.6139154481286146,
        "annual_return_2019_2020_1_0_bps": 0.03107686621884098,
        "annual_volatility_2019_2020_1_0_bps": 0.010035198716570947,
        "sharpe_ratio_2019_2020_1_0_bps": 3.054822466916613,
        "downside_risk_2019_2020_1_0_bps": 0.005512188903226696,
        "sortino_ratio_2019_2020_1_0_bps": 5.561447736562255,
        "max_drawdown_2019_2020_1_0_bps": 0.004322504723498417,
        "calmar_ratio_2019_2020_1_0_bps": 7.189550551535068,
        "perc_pos_return_2019_2020_1_0_bps": 0.5884615384615385,
        "profit_loss_ratio_2019_2020_1_0_bps": 1.1888136456084195,
        "sharpe_ratio_2019_1_0_bps": 3.0751037424655845,
        "annual_return_2019_2020_1_5_bps": 0.025526531666107077,
        "annual_volatility_2019_2020_1_5_bps": 0.010034904028431027,
        "sharpe_ratio_2019_2020_1_5_bps": 2.5169711335516407,
        "downside_risk_2019_2020_1_5_bps": 0.00568751366187419,
        "sortino_ratio_2019_2020_1_5_bps": 4.440879665368385,
        "max_drawdown_2019_2020_1_5_bps": 0.0045465177385465546,
        "calmar_ratio_2019_2020_1_5_bps": 5.614523715521119,
        "perc_pos_return_2019_2020_1_5_bps": 0.5807692307692308,
        "profit_loss_ratio_2019_2020_1_5_bps": 1.1179524609300164,
        "sharpe_ratio_2019_1_5_bps": 2.536062521654171,
        "annual_return_2019_2020_2_0_bps": 0.020005951005662492,
        "annual_volatility_2019_2020_2_0_bps": 0.010035187022555594,
        "sharpe_ratio_2019_2020_2_0_bps": 1.9789742822982088,
        "downside_risk_2019_2020_2_0_bps": 0.005866317555325454,
        "sortino_ratio_2019_2020_2_0_bps": 3.385322538099199,
        "max_drawdown_2019_2020_2_0_bps": 0.004789912171340348,
        "calmar_ratio_2019_2020_2_0_bps": 4.176684308611088,
        "perc_pos_return_2019_2020_2_0_bps": 0.5538461538461539,
        "profit_loss_ratio_2019_2020_2_0_bps": 1.136501744323275,
        "sharpe_ratio_2019_2_0_bps": 1.9968698881833449,
        "annual_return_2019_2020_2_5_bps": 0.014514965398264357,
        "annual_volatility_2019_2020_2_5_bps": 0.0100360476500766,
        "sharpe_ratio_2019_2020_2_5_bps": 1.440924834962114,
        "downside_risk_2019_2020_2_5_bps": 0.006048696071873736,
        "sortino_ratio_2019_2020_2_5_bps": 2.3907946658293273,