{
    "ALL": {
        "annual_return": 0.013792407138082802,
        "annual_volatility": 0.011501498494533802,
        "sharpe_ratio": 1.834215142567404,
        "downside_risk": 0.0082749497646216,
        "sortino_ratio": 3.1214286666588302,
        "max_drawdown": 0.014080798599938802,
        "calmar_ratio": 3.6956806084010787,
        "perc_pos_return": 0.5643633027353954,
        "profit_loss_ratio": 1.082818928901346,
        "annual_return_0_5_bps": 0.0080128500036462,
        "annual_volatility_0_5_bps": 0.011504037104627602,
        "sharpe_ratio_0_5_bps": 1.2559802665856443,
        "downside_risk_0_5_bps": 0.008446356184818201,
        "sortino_ratio_0_5_bps": 2.1176462184464264,
        "max_drawdown_0_5_bps": 0.014951701169110602,
        "calmar_ratio_0_5_bps": 2.2464409433275865,
        "perc_pos_return_0_5_bps": 0.5411791142023699,
        "profit_loss_ratio_0_5_bps": 1.0754905649150865,
        "annual_return_1_0_bps": 0.002268292220373,
        "annual_volatility_1_0_bps": 0.011507676346632401,
        "sharpe_ratio_1_0_bps": 0.6778994600690476,
        "downside_risk_1_0_bps": 0.0086228151954592,
        "sortino_ratio_1_0_bps": 1.17778706747222,
        "max_drawdown_1_0_bps": 0.0160091212723622,
        "calmar_ratio_1_0_bps": 1.1640523651099846,
        "perc_pos_return_1_0_bps": 0.5249805798643005,
        "profit_loss_ratio_1_0_bps": 1.0383801247674747,
        "annual_return_1_5_bps": -0.0034414882062916,
        "annual_volatility_1_5_bps": 0.011512414772978201,
        "sharpe_ratio_1_5_bps": 0.10018540104443359,
        "downside_risk_1_5_bps": 0.0088042676738808,
        "sortino_ratio_1_5_bps": 0.29782091772031766,
        "max_drawdown_1_5_bps": 0.017226697236457603,
        "calmar_ratio_1_5_bps": 0.3671552651114219,
        "perc_pos_return_1_5_bps": 0.50878800855545,
        "profit_loss_ratio_1_5_bps": 0.9942485664364075,
        "annual_return_2_0_bps": -0.009116711816712999,
        "annual_volatility_2_0_bps": 0.011518250563863401,
        "sharpe_ratio_2_0_bps": -0.4769507259970142,
        "downside_risk_2_0_bps": 0.0089906031641308,
        "sortino_ratio_2_0_bps": -0.5261391123119974,
        "max_drawdown_2_0_bps": 0.019203612546511,
        "calmar_ratio_2_0_bps": -0.1863523450360176,
        "perc_pos_return_2_0_bps": 0.4879681265727772,
        "profit_loss_ratio_2_0_bps": 0.9748442804473166,
        "annual_return_2_5_bps": -0.0147575977067986,
        "annual_volatility_2_5_bps": 0.011525181531654601,
        "sharpe_ratio_2_5_bps": -1.0532996569904072,
        "downside_risk_2_5_bps": 0.0091817537724668,
        "sortino_ratio_2_5_bps": -1.2978505209770141,
        "max_drawdown_2_5_bps": 0.0221980354964778,
        "calmar_ratio_2_5_bps": -0.5308455759577961,
        "perc_pos_return_2_5_bps": 0.47177260828423584,
        "profit_loss_ratio_2_5_bps": 0.9392031020682456,
        "annual_return_3_0_bps": -0.0203643635376562,
        "annual_volatility_3_0_bps": 0.0115332051259878,
        "sharpe_ratio_3_0_bps": -1.6286544617731327,
        "downside_risk_3_0_bps": 0.009377666981265801,
        "sortino_ratio_3_0_bps": -2.020852105788895,
        "max_drawdown_3_0_bps": 0.025988113635888,
        "calmar_ratio_3_0_bps": -0.7018081443499605,
        "perc_pos_return_3_0_bps": 0.4571214915400956,
        "profit_loss_ratio_3_0_bps": 0.8970459970628868,
        "annual_return_rescaled": 0.1892076467407765,
        "annual_volatility_rescaled": 0.15000000000000643,
        "downside_risk_rescaled": 0.10792006496225168,
        "max_drawdown_rescaled": 0.15168731515533454,
        "annual_return_rescaled_0_5_bps": 0.10557447757252995,
        "annual_volatility_rescaled_0_5_bps": 0.15000000000000827,
        "downside_risk_rescaled_0_5_bps": 0.11013120143824524,
        "max_drawdown_rescaled_0_5_bps": 0.1609078645173525,
        "annual_return_rescaled_1_0_bps": 0.028204271770207325,
        "annual_volatility_rescaled_1_0_bps": 0.15000000000000352,
        "downside_risk_rescaled_1_0_bps": 0.11239647695665897,
        "max_drawdown_rescaled_1_0_bps": 0.17187664337640657,
        "annual_return_rescaled_1_5_bps": -0.043377246515927934,
        "annual_volatility_rescaled_1_5_bps": 0.15000000000000496,
        "downside_risk_rescaled_1_5_bps": 0.11471443455824674,
        "max_drawdown_rescaled_1_5_bps": 0.18477179962065912,
        "annual_return_rescaled_2_0_bps": -0.10960971094610003,
        "annual_volatility_rescaled_2_0_bps": 0.15000000000000718,
        "downside_risk_rescaled_2_0_bps": 0.11708292567021132,
        "max_drawdown_rescaled_2_0_bps": 0.20549263425422887,
        "annual_return_rescaled_2_5_bps": -0.17090039519632239,
        "annual_volatility_rescaled_2_5_bps": 0.15000000000000688,
        "downside_risk_rescaled_2_5_bps": 0.11950033603265471,
        "max_drawdown_rescaled_2_5_bps": 0.2380389671491566,
        "annual_return_rescaled_3_0_bps": -0.22762637840758204,
        "annual_volatility_rescaled_3_0_bps": 0.15000000000000718,
        "downside_risk_rescaled_3_0_bps": 0.12196523271925011,
        "max_drawdown_rescaled_3_0_bps": 0.27573894634352236,
        "sharpe_ratio_years": 1.8525078023055788,
        "sharpe_ratio_years_0_5_bps": 1.2769857804508715,
        "sharpe_ratio_years_1_0_bps": 0.7016693847448395,
        "sharpe_ratio_years_1_5_bps": 0.12674623219989462,
        "sharpe_ratio_years_2_0_bps": -0.44759726537715333,
        "sharpe_ratio_years_2_5_bps": -1.0211762263628212,
        "sharpe_ratio_years_3_0_bps": -1.593807615358563,
        "sharpe_ratio_years_std": 1.1862113650504387,
        "sharpe_ratio_years_std_0_5_bps": 1.0720668868601035,
        "sharpe_ratio_years_std_1_0_bps": 0.9762205146915485,
        "sharpe_ratio_years_std_1_5_bps": 0.904219840410092,
        "sharpe_ratio_years_std_2_0_bps": 0.8616680864789111,
        "sharpe_ratio_years_std_2_5_bps": 0.852499541007416,
        "sharpe_ratio_years_std_3_0_bps": 0.8772087860430549
    },
    "COMB": {
        "annual_return": 0.013792407138082802,
        "annual_volatility": 0.011501498494533802,
        "sharpe_ratio": 1.834215142567404,
        "downside_risk": 0.0082749497646216,
        "sortino_ratio": 3.1214286666588302,
        "max_drawdown": 0.014080798599938802,
        "calmar_ratio": 3.6956806084010787,
        "perc_pos_return": 0.5643633027353954,
        "profit_loss_ratio": 1.082818928901346,
        "annual_return_0_5_bps": 0.0080128500036462,
        "annual_volatility_0_5_bps": 0.011504037104627602,
        "sharpe_ratio_0_5_bps": 1.2559802665856443,
        "downside_risk_0_5_bps": 0.008446356184818201,
        "sortino_ratio_0_5_bps": 2.1176462184464264,
        "max_drawdown_0_5_bps": 0.014951701169110602,
        "calmar_ratio_0_5_bps": 2.2464409433275865,
        "perc_pos_return_0_5_bps": 0.5411791142023699,
        "profit_loss_ratio_0_5_bps": 1.0754905649150865,
        "annual_return_1_0_bps": 0.002268292220373,
        "annual_volatility_1_0_bps": 0.011507676346632401,
        "sharpe_ratio_1_0_bps": 0.6778994600690476,
        "downside_risk_1_0_bps": 0.0086228151954592,
        "sortino_ratio_1_0_bps": 1.17778706747222,
        "max_drawdown_1_0_bps": 0.0160091212723622,
        "calmar_ratio_1_0_bps": 1.1640523651099846,
        "perc_pos_return_1_0_bps": 0.5249805798643005,
        "profit_loss_ratio_1_0_bps": 1.0383801247674747,
        "annual_return_1_5_bps": -0.0034414882062916,
        "annual_volatility_1_5_bps": 0.011512414772978201,
        "sharpe_ratio_1_5_bps": 0.10018540104443359,
        "downside_risk_1_5_bps": 0.0088042676738808,
        "sortino_ratio_1_5_bps": 0.29782091772031766,
        "max_drawdown_1_5_bps": 0.017226697236457603,
        "calmar_ratio_1_5_bps": 0.3671552651114219,
        "perc_pos_return_1_5_bps": 0.50878800855545,
        "profit_loss_ratio_1_5_bps": 0.9942485664364075,
        "annual_return_2_0_bps": -0.009116711816712999,
        "annual_volatility_2_0_bps": 0.011518250563863401,