{
    "ALL": {
        "performance_sw": 2.3562835933725896,
        "performance_fw": 1.9055854487212862,
        "val_loss": 2.5150850097632524,
        "annual_return_2016_2017": 0.02222535745923193,
        "annual_volatility_2016_2017": 0.00934796301693916,
        "sharpe_ratio_2016_2017": 2.3562835933725896,
        "downside_risk_2016_2017": 0.005888892620891794,
        "sortino_ratio_2016_2017": 3.7403385162984786,
        "max_drawdown_2016_2017": 0.00458888454350967,
        "calmar_ratio_2016_2017": 4.843302821960636,
        "perc_pos_return_2016_2017": 0.5598455598455598,
        "profit_loss_ratio_2016_2017": 1.1951959229066693,
        "sharpe_ratio_2016": 2.4384903099449113,
        "annual_return_2016_2017_0_5_bps": 0.016796135166872617,
        "annual_volatility_2016_2017_0_5_bps": 0.009340760148341041,
        "sharpe_ratio_2016_2017_0_5_bps": 1.7879319822023378,
        "downside_risk_2016_2017_0_5_bps": 0.006046078315021533,
        "sortino_ratio_2016_2017_0_5_bps": 2.762227503042279,
        "max_drawdown_2016_2017_0_5_bps": 0.005311660384606455,
        "calmar_ratio_2016_2017_0_5_bps": 3.1621252020458486,
        "perc_pos_return_2016_2017_0_5_bps": 0.5444015444015444,
        "profit_loss_ratio_2016_2017_0_5_bps": 1.1497115121026964,
        "sharpe_ratio_2016_0_5_bps": 1.8709956025417025,
        "annual_return_2016_2017_1_0_bps": 0.011395627038244038,
        "annual_volatility_2016_2017_1_0_bps": 0.00933435932330309,
        "sharpe_ratio_2016_2017_1_0_bps": 1.2185984417736553,
        "downside_risk_2016_2017_1_0_bps": 0.006207832188551036,
        "sortino_ratio_2016_2017_1_0_bps": 1.8323362134870342,
        "max_drawdown_2016_2017_1_0_bps": 0.0075018961434674,
        "calmar_ratio_2016_2017_1_0_bps": 1.5190328978583998,
        "perc_pos_return_2016_2017_1_0_bps": 0.5096525096525096,
        "profit_loss_ratio_2016_2017_1_0_bps": 1.1940699203668281,
        "sharpe_ratio_2016_1_0_bps": 1.3023345992451953,
        "annual_return_2016_2017_1_5_bps": 0.006023681851256235,
        "annual_volatility_2016_2017_1_5_bps": 0.0093287621927649,
        "sharpe_ratio_2016_2017_1_5_bps": 0.64842768208375,
        "downside_risk_2016_2017_1_5_bps": 0.006374402246297291,
        "sortino_ratio_2016_2017_1_5_bps": 0.9489560607629951,
        "max_drawdown_2016_2017_1_5_bps": 0.00968736229543054,
        "calmar_ratio_2016_2017_1_5_bps": 0.6218082557000643,
        "perc_pos_return_2016_2017_1_5_bps": 0.4942084942084942,
        "profit_loss_ratio_2016_2017_1_5_bps": 1.1476602887453065,
        "sharpe_ratio_2016_1_5_bps": 0.7326460096849711,
        "annual_return_2016_2017_2_0_bps": 0.0006801491768324563,
        "annual_volatility_2016_2017_2_0_bps": 0.009323970204087399,
        "sharpe_ratio_2016_2017_2_0_bps": 0.07756562371687503,
        "downside_risk_2016_2017_2_0_bps": 0.006545814305447248,
        "sortino_ratio_2016_2017_2_0_bps": 0.11048580522605933,
        "max_drawdown_2016_2017_2_0_bps": 0.011978895956227404,
        "calmar_ratio_2016_2017_2_0_bps": 0.056778953529425295,
        "perc_pos_return_2016_2017_2_0_bps": 0.49034749034749037,
        "profit_loss_ratio_2016_2017_2_0_bps": 1.0536816199918246,
        "sharpe_ratio_2016_2_0_bps": 0.16206999249391257,
        "annual_return_2016_2017_2_5_bps": -0.004635120625204769,
        "annual_volatility_2016_2017_2_5_bps": 0.009319984599192461,
        "sharpe_ratio_2016_2017_2_5_bps": -0.4938407856348459,
        "downside_risk_2016_2017_2_5_bps": 0.006721827326363683,
        "sortino_ratio_2016_2017_2_5_bps": -0.6847228131728488,
        "max_drawdown_2016_2017_2_5_bps": 0.014687535943242003,
        "calmar_ratio_2016_2017_2_5_bps": -0.31558190857313073,
        "perc_pos_return_2016_2017_2_5_bps": 0.47104247104247104,
        "profit_loss_ratio_2016_2017_2_5_bps": 1.0294422345026093,
        "sharpe_ratio_2016_2_5_bps": -0.4092520120227752,
        "annual_return_2016_2017_3_0_bps": -0.009922276410273767,
        "annual_volatility_2016_2017_3_0_bps": 0.009316806412960671,
        "sharpe_ratio_2016_2017_3_0_bps": -1.0656437579003344,
        "downside_risk_2016_2017_3_0_bps": 0.006902439384337828,
        "sortino_ratio_2016_2017_3_0_bps": -1.4383895380618115,
        "max_drawdown_2016_2017_3_0_bps": 0.017420367914316073,
        "calmar_ratio_2016_2017_3_0_bps": -0.5695790386906601,
        "perc_pos_return_2016_2017_3_0_bps": 0.46332046332046334,
        "profit_loss_ratio_2016_2017_3_0_bps": 0.9604635585545145,
        "sharpe_ratio_2016_3_0_bps": -0.9811774531303644
    },
    "COMB": {
        "annual_return_2016_2017": 0.02222535745923193,
        "annual_volatility_2016_2017": 0.00934796301693916,
        "sharpe_ratio_2016_2017": 2.3562835933725896,
        "downside_risk_2016_2017": 0.005888892620891794,
        "sortino_ratio_2016_2017": 3.7403385162984786,
        "max_drawdown_2016_2017": 0.00458888454350967,
        "calmar_ratio_2016_2017": 4.843302821960636,
        "perc_pos_return_2016_2017": 0.5598455598455598,
        "profit_loss_ratio_2016_2017": 1.1951959229066693,
        "sharpe_ratio_2016": 2.4384903099449113,
        "annual_return_2016_2017_0_5_bps": 0.016796135166872617,
        "annual_volatility_2016_2017_0_5_bps": 0.009340760148341041,
        "sharpe_ratio_2016_2017_0_5_bps": 1.7879319822023378,
        "downside_risk_2016_2017_0_5_bps": 0.006046078315021533,
        "sortino_ratio_2016_2017_0_5_bps": 2.762227503042279,
        "max_drawdown_2016_2017_0_5_bps": 0.005311660384606455,
        "calmar_ratio_2016_2017_0_5_bps": 3.1621252020458486,
        "perc_pos_return_2016_2017_0_5_bps": 0.5444015444015444,
        "profit_loss_ratio_2016_2017_0_5_bps": 1.1497115121026964,
        "sharpe_ratio_2016_0_5_bps": 1.8709956025417025,
        "annual_return_2016_2017_1_0_bps": 0.011395627038244038,
        "annual_volatility_2016_2017_1_0_bps": 0.00933435932330309,
        "sharpe_ratio_2016_2017_1_0_bps": 1.2185984417736553,
        "downside_risk_2016_2017_1_0_bps": 0.006207832188551036,
        "sortino_ratio_2016_2017_1_0_bps": 1.8323362134870342,
        "max_drawdown_2016_2017_1_0_bps": 0.0075018961434674,
        "calmar_ratio_2016_2017_1_0_bps": 1.5190328978583998,
        "perc_pos_return_2016_2017_1_0_bps": 0.5096525096525096,
        "profit_loss_ratio_2016_2017_1_0_bps": 1.1940699203668281,
        "sharpe_ratio_2016_1_0_bps": 1.3023345992451953,
        "annual_return_2016_2017_1_5_bps": 0.006023681851256235,
        "annual_volatility_2016_2017_1_5_bps": 0.0093287621927649,
        "sharpe_ratio_2016_2017_1_5_bps": 0.64842768208375,
        "downside_risk_2016_2017_1_5_bps": 0.006374402246297291,
        "sortino_ratio_2016_2017_1_5_bps": 0.9489560607629951,
        "max_drawdown_2016_2017_1_5_bps": 0.00968736229543054,
        "calmar_ratio_2016_2017_1_5_bps": 0.6218082557000643,
        "perc_pos_return_2016_2017_1_5_bps": 0.4942084942084942,
        "profit_loss_ratio_2016_2017_1_5_bps": 1.1476602887453065,
        "sharpe_ratio_2016_1_5_bps": 0.7326460096849711,
        "annual_return_2016_2017_2_0_bps": 0.0006801491768324563,
        "annual_volatility_2016_2017_2_0_bps": 0.009323970204087399,
        "sharpe_ratio_2016_2017_2_0_bps": 0.07756562371687503,
        "downside_risk_2016_2017_2_0_bps": 0.006545814305447248,
        "sortino_ratio_2016_2017_2_0_bps": 0.11048580522605933,
        "max_drawdown_2016_2017_2_0_bps": 0.011978895956227404,
        "calmar_ratio_2016_2017_2_0_bps": 0.056778953529425295,
        "perc_pos_return_2016_2017_2_0_bps": 0.49034749034749037,
        "profit_loss_ratio_2016_2017_2_0_bps": 1.0536816199918246,
        "sharpe_ratio_2016_2_0_bps": 0.16206999249391257,
        "annual_return_2016_2017_2_5_bps": -0.004635120625204769,
        "annual_volatility_2016_2017_2_5_bps": 0.009319984599192461,
        "sharpe_ratio_2016_2017_2_5_bps": -0.4938407856348459,
        "downside_risk_2016_2017_2_5_bps": 0.006721827326363683,