{
    "ALL": {
        "performance_sw": 2.622093782162594,
        "performance_fw": 2.7072353019547943,
        "val_loss": 2.6540487592336177,
        "annual_return_2017_2018": 0.01573686075107905,
        "annual_volatility_2017_2018": 0.005961839943259987,
        "sharpe_ratio_2017_2018": 2.6220937821625947,
        "downside_risk_2017_2018": 0.003403244010378246,
        "sortino_ratio_2017_2018": 4.593412461110353,
        "max_drawdown_2017_2018": 0.0032282427025255318,
        "calmar_ratio_2017_2018": 4.874745241046384,
        "perc_pos_return_2017_2018": 0.5581395348837209,
        "profit_loss_ratio_2017_2018": 1.2295827585193118,
        "sharpe_ratio_2017": 2.7690127875875534,
        "annual_return_2017_2018_0_5_bps": 0.011012534622715897,
        "annual_volatility_2017_2018_0_5_bps": 0.005961231842759212,
        "sharpe_ratio_2017_2018_0_5_bps": 1.8402693673524224,
        "downside_risk_2017_2018_0_5_bps": 0.0035622203541890197,
        "sortino_ratio_2017_2018_0_5_bps": 3.0796164361407445,
        "max_drawdown_2017_2018_0_5_bps": 0.0037279108533274153,
        "calmar_ratio_2017_2018_0_5_bps": 2.954076708375807,
        "perc_pos_return_2017_2018_0_5_bps": 0.5387596899224806,
        "profit_loss_ratio_2017_2018_0_5_bps": 1.1649718956752884,
        "sharpe_ratio_2017_0_5_bps": 1.9990200301140477,
        "annual_return_2017_2018_1_0_bps": 0.006310090798582246,
        "annual_volatility_2017_2018_1_0_bps": 0.0059613547020711515,
        "sharpe_ratio_2017_2018_1_0_bps": 1.0581556665583096,
        "downside_risk_2017_2018_1_0_bps": 0.0037258833554053203,
        "sortino_ratio_2017_2018_1_0_bps": 1.693032405109846,
        "max_drawdown_2017_2018_1_0_bps": 0.0043547219149048955,
        "calmar_ratio_2017_2018_1_0_bps": 1.4490226751298894,
        "perc_pos_return_2017_2018_1_0_bps": 0.5116279069767442,
        "profit_loss_ratio_2017_2018_1_0_bps": 1.1390228612631148,
        "sharpe_ratio_2017_1_0_bps": 1.2281951957074029,
        "annual_return_2017_2018_1_5_bps": 0.0016294283455566827,
        "annual_volatility_2017_2018_1_5_bps": 0.00596220847600858,
        "sharpe_ratio_2017_2018_1_5_bps": 0.27604035843902797,
        "downside_risk_2017_2018_1_5_bps": 0.003894115481821441,
        "sortino_ratio_2017_2018_1_5_bps": 0.4226403075328944,
        "max_drawdown_2017_2018_1_5_bps": 0.005818167298582917,
        "calmar_ratio_2017_2018_1_5_bps": 0.2800586957947306,
        "perc_pos_return_2017_2018_1_5_bps": 0.5,
        "profit_loss_ratio_2017_2018_1_5_bps": 1.0470680938413166,
        "sharpe_ratio_2017_1_5_bps": 0.456775386911228,
        "annual_return_2017_2018_2_0_bps": -0.003029553205882607,
        "annual_volatility_2017_2018_2_0_bps": 0.005963792850659267,
        "sharpe_ratio_2017_2018_2_0_bps": -0.5057890178757507,
        "downside_risk_2017_2018_2_0_bps": 0.00406667662988453,
        "sortino_ratio_2017_2018_2_0_bps": -0.7417410340873409,
        "max_drawdown_2017_2018_2_0_bps": 0.00808177232036437,
        "calmar_ratio_2017_2018_2_0_bps": -0.37486247889572055,
        "perc_pos_return_2017_2018_2_0_bps": 0.49224806201550386,
        "profit_loss_ratio_2017_2018_2_0_bps": 0.9481650348968148,
        "sharpe_ratio_2017_2_0_bps": -0.3150013091131084,
        "annual_return_2017_2018_2_5_bps": -0.007666953863757819,
        "annual_volatility_2017_2018_2_5_bps": 0.005966107243962675,
        "sharpe_ratio_2017_2018_2_5_bps": -1.2870455907534488,
        "downside_risk_2017_2018_2_5_bps": 0.00424329974648233,
        "sortino_ratio_2017_2018_2_5_bps": -1.8095945328090308,
        "max_drawdown_2017_2018_2_5_bps": 0.01034026657699796,
        "calmar_ratio_2017_2018_2_5_bps": -0.7414657839492306,
        "perc_pos_return_2017_2018_2_5_bps": 0.46511627906976744,
        "profit_loss_ratio_2017_2018_2_5_bps": 0.9280788813494123,
        "sharpe_ratio_2017_2_5_bps": -1.0868961869482794,
        "annual_return_2017_2018_3_0_bps": -0.01228287317672061,
        "annual_volatility_2017_2018_3_0_bps": 0.005969150806777837,
        "sharpe_ratio_2017_2018_3_0_bps": -2.0674436809079397,
        "downside_risk_2017_2018_3_0_bps": 0.004424063344682464,
        "sortino_ratio_2017_2018_3_0_bps": -2.78949060046633,
        "max_drawdown_2017_2018_3_0_bps": 0.013760929716811511,
        "calmar_ratio_2017_2018_3_0_bps": -0.8925903575915236,
        "perc_pos_return_2017_2018_3_0_bps": 0.437984496124031,
        "profit_loss_ratio_2017_2018_3_0_bps": 0.9095757545233901,
        "sharpe_ratio_2017_3_0_bps": -1.858670291613039
    },
    "COMB": {
        "annual_return_2017_2018": 0.01573686075107905,
        "annual_volatility_2017_2018": 0.005961839943259987,
        "sharpe_ratio_2017_2018": 2.6220937821625947,
        "downside_risk_2017_2018": 0.003403244010378246,
        "sortino_ratio_2017_2018": 4.593412461110353,
        "max_drawdown_2017_2018": 0.0032282427025255318,
        "calmar_ratio_2017_2018": 4.874745241046384,
        "perc_pos_return_2017_2018": 0.5581395348837209,
        "profit_loss_ratio_2017_2018": 1.2295827585193118,
        "sharpe_ratio_2017": 2.7690127875875534,
        "annual_return_2017_2018_0_5_bps": 0.011012534622715897,
        "annual_volatility_2017_2018_0_5_bps": 0.005961231842759212,
        "sharpe_ratio_2017_2018_0_5_bps": 1.8402693673524224,
        "downside_risk_2017_2018_0_5_bps": 0.0035622203541890197,
        "sortino_ratio_2017_2018_0_5_bps": 3.0796164361407445,
        "max_drawdown_2017_2018_0_5_bps": 0.0037279108533274153,
        "calmar_ratio_2017_2018_0_5_bps": 2.954076708375807,
        "perc_pos_return_2017_2018_0_5_bps": 0.5387596899224806,
        "profit_loss_ratio_2017_2018_0_5_bps": 1.1649718956752884,
        "sharpe_ratio_2017_0_5_bps": 1.9990200301140477,
        "annual_return_2017_2018_1_0_bps": 0.006310090798582246,
        "annual_volatility_2017_2018_1_0_bps": 0.0059613547020711515,
        "sharpe_ratio_2017_2018_1_0_bps": 1.0581556665583096,
        "downside_risk_2017_2018_1_0_bps": 0.0037258833554053203,
        "sortino_ratio_2017_2018_1_0_bps": 1.693032405109846,
        "max_drawdown_2017_2018_1_0_bps": 0.0043547219149048955,
        "calmar_ratio_2017_2018_1_0_bps": 1.4490226751298894,
        "perc_pos_return_2017_2018_1_0_bps": 0.5116279069767442,
        "profit_loss_ratio_2017_2018_1_0_bps": 1.1390228612631148,
        "sharpe_ratio_2017_1_0_bps": 1.2281951957074029,
        "annual_return_2017_2018_1_5_bps": 0.0016294283455566827,
        "annual_volatility_2017_2018_1_5_bps": 0.00596220847600858,
        "sharpe_ratio_2017_2018_1_5_bps": 0.27604035843902797,
        "downside_risk_2017_2018_1_5_bps": 0.003894115481821441,
        "sortino_ratio_2017_2018_1_5_bps": 0.4226403075328944,
        "max_drawdown_2017_2018_1_5_bps": 0.005818167298582917,
        "calmar_ratio_2017_2018_1_5_bps": 0.2800586957947306,
        "perc_pos_return_2017_2018_1_5_bps": 0.5,
        "profit_loss_ratio_2017_2018_1_5_bps": 1.0470680938413166,
        "sharpe_ratio_2017_1_5_bps": 0.456775386911228,
        "annual_return_2017_2018_2_0_bps": -0.003029553205882607,
        "annual_volatility_2017_2018_2_0_bps": 0.005963792850659267,
        "sharpe_ratio_2017_2018_2_0_bps": -0.5057890178757507,
        "downside_risk_2017_2018_2_0_bps": 0.00406667662988453,
        "sortino_ratio_2017_2018_2_0_bps": -0.7417410340873409,
        "max_drawdown_2017_2018_2_0_bps": 0.00808177232036437,
        "calmar_ratio_2017_2018_2_0_bps": -0.37486247889572055,
        "perc_pos_return_2017_2018_2_0_bps": 0.49224806201550386,
        "profit_loss_ratio_2017_2018_2_0_bps": 0.9481650348968148,
        "sharpe_ratio_2017_2_0_bps": -0.3150013091131084,
        "annual_return_2017_2018_2_5_bps": -0.007666953863757819,
        "annual_volatility_2017_2018_2_5_bps": 0.005966107243962675,
        "sharpe_ratio_2017_2018_2_5_bps": -1.2870455907534488,
        "downside_risk_2017_2018_2_5_bps": 0.00424329974648233,
        "sortino_ratio_2017_2018_2_5_bps": -1.8095945328090308,