{
    "ALL": {
        "annual_return": 0.018918496410356804,
        "annual_volatility": 0.009041406995021801,
        "sharpe_ratio": 2.188300779107662,
        "downside_risk": 0.0058540306984768,
        "sortino_ratio": 3.5762963312727516,
        "max_drawdown": 0.0064687774292578005,
        "calmar_ratio": 4.6980829602558085,
        "perc_pos_return": 0.5743452294615081,
        "profit_loss_ratio": 1.095776189362121,
        "annual_return_0_5_bps": 0.014095413730301602,
        "annual_volatility_0_5_bps": 0.009041536015166,
        "sharpe_ratio_0_5_bps": 1.6148137667824547,
        "downside_risk_0_5_bps": 0.005996032610589,
        "sortino_ratio_0_5_bps": 2.570816741595079,
        "max_drawdown_0_5_bps": 0.006975683922612599,
        "calmar_ratio_0_5_bps": 3.15771495150396,
        "perc_pos_return_0_5_bps": 0.5535104514174277,
        "profit_loss_ratio_0_5_bps": 1.077795926242221,
        "annual_return_1_0_bps": 0.0092955089458636,
        "annual_volatility_1_0_bps": 0.0090425116605868,
        "sharpe_ratio_1_0_bps": 1.041167643555534,
        "downside_risk_1_0_bps": 0.0061421861648806005,
        "sortino_ratio_1_0_bps": 1.6241758584496715,
        "max_drawdown_1_0_bps": 0.0075355636990432,
        "calmar_ratio_1_0_bps": 1.9404578260522363,
        "perc_pos_return_1_0_bps": 0.5350102338474427,
        "profit_loss_ratio_1_0_bps": 1.0510195693339768,
        "annual_return_1_5_bps": 0.004518668998443801,
        "annual_volatility_1_5_bps": 0.009044333781723802,
        "sharpe_ratio_1_5_bps": 0.4675474555166696,
        "downside_risk_1_5_bps": 0.006292534794452601,
        "sortino_ratio_1_5_bps": 0.7331807124778905,
        "max_drawdown_1_5_bps": 0.008529795552756,
        "calmar_ratio_1_5_bps": 0.9739266351336322,
        "perc_pos_return_1_5_bps": 0.5088087985762402,
        "profit_loss_ratio_1_5_bps": 1.0577765715144352,
        "annual_return_2_0_bps": -0.00023521861116920055,
        "annual_volatility_2_0_bps": 0.009047001975192,
        "sharpe_ratio_2_0_bps": -0.10586187457887557,
        "downside_risk_2_0_bps": 0.006447234286511801,
        "sortino_ratio_2_0_bps": -0.1052253911346304,
        "max_drawdown_2_0_bps": 0.0105845334051534,
        "calmar_ratio_2_0_bps": 0.16378176820936163,
        "perc_pos_return_2_0_bps": 0.4826133033109774,
        "profit_loss_ratio_2_0_bps": 1.065143460640933,
        "annual_return_2_5_bps": -0.004966265825605801,
        "annual_volatility_2_5_bps": 0.009050515584304602,
        "sharpe_ratio_2_5_bps": -0.6788758512152678,
        "downside_risk_2_5_bps": 0.006606374172005202,
        "sortino_ratio_2_5_bps": -0.8938749098639963,
        "max_drawdown_2_5_bps": 0.013186517624851402,
        "calmar_ratio_2_5_bps": -0.29954567633516344,
        "perc_pos_return_2_5_bps": 0.4648554713670986,
        "profit_loss_ratio_2_5_bps": 1.0341351692053804,
        "annual_return_3_0_bps": -0.0096745840337082,
        "annual_volatility_3_0_bps": 0.009054873699981801,
        "sharpe_ratio_3_0_bps": -1.251310708255116,
        "downside_risk_3_0_bps": 0.0067699016355246,
        "sortino_ratio_3_0_bps": -1.6354500680152515,
        "max_drawdown_3_0_bps": 0.016125641253876798,
        "calmar_ratio_3_0_bps": -0.5789768159050495,
        "perc_pos_return_3_0_bps": 0.44711555153415583,
        "profit_loss_ratio_3_0_bps": 1.007723233985352,
        "annual_return_rescaled": 0.35885350131423605,
        "annual_volatility_rescaled": 0.15000000000000413,
        "downside_risk_rescaled": 0.09712034921722115,
        "max_drawdown_rescaled": 0.10271189975556587,
        "annual_return_rescaled_0_5_bps": 0.2558068787472999,
        "annual_volatility_rescaled_0_5_bps": 0.15000000000000605,
        "downside_risk_rescaled_0_5_bps": 0.09947478946937484,
        "max_drawdown_rescaled_0_5_bps": 0.1100631781358445,
        "annual_return_rescaled_1_0_bps": 0.16068213866353792,
        "annual_volatility_rescaled_1_0_bps": 0.15000000000000738,
        "downside_risk_rescaled_1_0_bps": 0.10188849727978781,
        "max_drawdown_rescaled_1_0_bps": 0.11834102123893601,
        "annual_return_rescaled_1_5_bps": 0.07288564239630835,
        "annual_volatility_rescaled_1_5_bps": 0.15000000000000377,
        "downside_risk_rescaled_1_5_bps": 0.10436149770094465,
        "max_drawdown_rescaled_1_5_bps": 0.1337543415999648,
        "annual_return_rescaled_2_0_bps": -0.008134819510410974,
        "annual_volatility_rescaled_2_0_bps": 0.15000000000000915,
        "downside_risk_rescaled_2_0_bps": 0.10689564848429407,
        "max_drawdown_rescaled_2_0_bps": 0.16290120977739306,
        "annual_return_rescaled_2_5_bps": -0.08289251583630249,
        "annual_volatility_rescaled_2_5_bps": 0.15000000000000446,
        "downside_risk_rescaled_2_5_bps": 0.10949167664208326,
        "max_drawdown_rescaled_2_5_bps": 0.19827331322495884,
        "annual_return_rescaled_3_0_bps": -0.1518641603658431,
        "annual_volatility_rescaled_3_0_bps": 0.1500000000000054,
        "downside_risk_rescaled_3_0_bps": 0.11214791933882198,
        "max_drawdown_rescaled_3_0_bps": 0.23669900800412913,
        "sharpe_ratio_years": 2.2356112589360784,
        "sharpe_ratio_years_0_5_bps": 1.6725511737276655,
        "sharpe_ratio_years_1_0_bps": 1.1092860616453601,
        "sharpe_ratio_years_1_5_bps": 0.5459690013262748,
        "sharpe_ratio_years_2_0_bps": -0.017246862699009602,
        "sharpe_ratio_years_2_5_bps": -0.5802085264795646,
        "sharpe_ratio_years_3_0_bps": -1.1427633327965045,
        "sharpe_ratio_years_std": 0.8746072637722682,
        "sharpe_ratio_years_std_0_5_bps": 0.8358754420118947,
        "sharpe_ratio_years_std_1_0_bps": 0.8212720327685672,
        "sharpe_ratio_years_std_1_5_bps": 0.832031246785596,
        "sharpe_ratio_years_std_2_0_bps": 0.8671406580175023,
        "sharpe_ratio_years_std_2_5_bps": 0.9237324620997682,
        "sharpe_ratio_years_std_3_0_bps": 0.998042391306469
    },
    "COMB": {
        "annual_return": 0.018918496410356804,
        "annual_volatility": 0.009041406995021801,
        "sharpe_ratio": 2.188300779107662,
        "downside_risk": 0.0058540306984768,
        "sortino_ratio": 3.5762963312727516,
        "max_drawdown": 0.0064687774292578005,
        "calmar_ratio": 4.6980829602558085,
        "perc_pos_return": 0.5743452294615081,
        "profit_loss_ratio": 1.095776189362121,
        "annual_return_0_5_bps": 0.014095413730301602,
        "annual_volatility_0_5_bps": 0.009041536015166,
        "sharpe_ratio_0_5_bps": 1.6148137667824547,
        "downside_risk_0_5_bps": 0.005996032610589,
        "sortino_ratio_0_5_bps": 2.570816741595079,
        "max_drawdown_0_5_bps": 0.006975683922612599,
        "calmar_ratio_0_5_bps": 3.15771495150396,
        "perc_pos_return_0_5_bps": 0.5535104514174277,
        "profit_loss_ratio_0_5_bps": 1.077795926242221,
        "annual_return_1_0_bps": 0.0092955089458636,
        "annual_volatility_1_0_bps": 0.0090425116605868,
        "sharpe_ratio_1_0_bps": 1.041167643555534,
        "downside_risk_1_0_bps": 0.0061421861648806005,
        "sortino_ratio_1_0_bps": 1.6241758584496715,
        "max_drawdown_1_0_bps": 0.0075355636990432,
        "calmar_ratio_1_0_bps": 1.9404578260522363,
        "perc_pos_return_1_0_bps": 0.5350102338474427,
        "profit_loss_ratio_1_0_bps": 1.0510195693339768,
        "annual_return_1_5_bps": 0.004518668998443801,
        "annual_volatility_1_5_bps": 0.009044333781723802,
        "sharpe_ratio_1_5_bps": 0.4675474555166696,
        "downside_risk_1_5_bps": 0.006292534794452601,
        "sortino_ratio_1_5_bps": 0.7331807124778905,
        "max_drawdown_1_5_bps": 0.008529795552756,
        "calmar_ratio_1_5_bps": 0.9739266351336322,
        "perc_pos_return_1_5_bps": 0.5088087985762402,
        "profit_loss_ratio_1_5_bps": 1.0577765715144352,
        "annual_return_2_0_bps": -0.00023521861116920055,
        "annual_volatility_2_0_bps": 0.009047001975192,