{
    "ALL": {
        "annual_return": 0.009709127608895002,
        "annual_volatility": 0.012075001457529202,
        "sharpe_ratio": 1.3240448149631134,
        "downside_risk": 0.0087054920196268,
        "sortino_ratio": 2.1776662122296053,
        "max_drawdown": 0.0138439561307542,
        "calmar_ratio": 2.116430892414443,
        "perc_pos_return": 0.5489458791784371,
        "profit_loss_ratio": 1.0572240693254398,
        "annual_return_0_5_bps": 0.0040072233746096,
        "annual_volatility_0_5_bps": 0.012076604125355401,
        "sharpe_ratio_0_5_bps": 0.7468536047276796,
        "downside_risk_0_5_bps": 0.008870081480272601,
        "sortino_ratio_0_5_bps": 1.241309502499607,
        "max_drawdown_0_5_bps": 0.014535363344965002,
        "calmar_ratio_0_5_bps": 1.175754959591468,
        "perc_pos_return_0_5_bps": 0.5281081771779442,
        "profit_loss_ratio_0_5_bps": 1.0326462464334134,
        "annual_return_1_0_bps": -0.0016599819814860002,
        "annual_volatility_1_0_bps": 0.0120791338116332,
        "sharpe_ratio_1_0_bps": 0.1697953800366047,
        "downside_risk_1_0_bps": 0.009039840285032802,
        "sortino_ratio_1_0_bps": 0.36482779941553084,
        "max_drawdown_1_0_bps": 0.0153025093586336,
        "calmar_ratio_1_0_bps": 0.41593868279863944,
        "perc_pos_return_1_0_bps": 0.5080604959674722,
        "profit_loss_ratio_1_0_bps": 1.000818394460498,
        "annual_return_1_5_bps": -0.007292710314953201,
        "annual_volatility_1_5_bps": 0.012082589593777199,
        "sharpe_ratio_1_5_bps": -0.4068963114684962,
        "downside_risk_1_5_bps": 0.0092147058685556,
        "sortino_ratio_1_5_bps": -0.45548192927102155,
        "max_drawdown_1_5_bps": 0.016219758981617198,
        "calmar_ratio_1_5_bps": -0.17495422920511264,
        "perc_pos_return_1_5_bps": 0.49341234922630245,
        "profit_loss_ratio_1_5_bps": 0.955215251860136,
        "annual_return_2_0_bps": -0.012891182018349,
        "annual_volatility_2_0_bps": 0.012086970189606203,
        "sharpe_ratio_2_0_bps": -0.9829892957667354,
        "downside_risk_2_0_bps": 0.0093945426713852,
        "sortino_ratio_2_0_bps": -1.2232539638232838,
        "max_drawdown_2_0_bps": 0.018730373825013004,
        "calmar_ratio_2_0_bps": -0.5721196278959619,
        "perc_pos_return_2_0_bps": 0.4795096041607666,
        "profit_loss_ratio_2_0_bps": 0.9076207667723475,
        "annual_return_2_5_bps": -0.0184556160310552,
        "annual_volatility_2_5_bps": 0.012092273960928402,
        "sharpe_ratio_2_5_bps": -1.5582533901034137,
        "downside_risk_2_5_bps": 0.0095792944284698,
        "sortino_ratio_2_5_bps": -1.9419884419640145,
        "max_drawdown_2_5_bps": 0.022179315342499402,
        "calmar_ratio_2_5_bps": -0.8317783573599554,
        "perc_pos_return_2_5_bps": 0.4571214224702592,
        "profit_loss_ratio_2_5_bps": 0.8933810274335393,
        "annual_return_3_0_bps": -0.0239862298490388,
        "annual_volatility_3_0_bps": 0.012098498918078201,
        "sharpe_ratio_3_0_bps": -2.132461004883732,
        "downside_risk_3_0_bps": 0.0097690170956614,
        "sortino_ratio_3_0_bps": -2.6149314806022934,
        "max_drawdown_3_0_bps": 0.0268468460164172,
        "calmar_ratio_3_0_bps": -0.9054768017463116,
        "perc_pos_return_3_0_bps": 0.440168553424367,
        "profit_loss_ratio_3_0_bps": 0.8661291301150431,
        "annual_return_rescaled": 0.12716298934984804,
        "annual_volatility_rescaled": 0.15000000000000316,
        "downside_risk_rescaled": 0.1081427449542764,
        "max_drawdown_rescaled": 0.15095830230609994,
        "annual_return_rescaled_0_5_bps": 0.05037941597312221,
        "annual_volatility_rescaled_0_5_bps": 0.15000000000000563,
        "downside_risk_rescaled_0_5_bps": 0.11017271148662282,
        "max_drawdown_rescaled_0_5_bps": 0.15847761463695323,
        "annual_return_rescaled_1_0_bps": -0.020753958890572476,
        "annual_volatility_rescaled_1_0_bps": 0.15000000000000693,
        "downside_risk_rescaled_1_0_bps": 0.11225772177878271,
        "max_drawdown_rescaled_1_0_bps": 0.16677660987704374,
        "annual_return_rescaled_1_5_bps": -0.08666046655254975,
        "annual_volatility_rescaled_1_5_bps": 0.15000000000000696,
        "downside_risk_rescaled_1_5_bps": 0.11439649336390947,
        "max_drawdown_rescaled_1_5_bps": 0.1763051591278447,
        "annual_return_rescaled_2_0_bps": -0.14773263543817744,
        "annual_volatility_rescaled_2_0_bps": 0.15000000000000657,
        "downside_risk_rescaled_2_0_bps": 0.11658681858251381,
        "max_drawdown_rescaled_2_0_bps": 0.20060748638710507,
        "annual_return_rescaled_2_5_bps": -0.2043342460987791,
        "annual_volatility_rescaled_2_5_bps": 0.15000000000000524,
        "downside_risk_rescaled_2_5_bps": 0.11882745701208206,
        "max_drawdown_rescaled_2_5_bps": 0.23350344737674672,
        "annual_return_rescaled_3_0_bps": -0.25680227316641596,
        "annual_volatility_rescaled_3_0_bps": 0.1500000000000019,
        "downside_risk_rescaled_3_0_bps": 0.1211185432400761,
        "max_drawdown_rescaled_3_0_bps": 0.2787880721274284,
        "sharpe_ratio_years": 1.3413001133055817,
        "sharpe_ratio_years_0_5_bps": 0.7699516745650372,
        "sharpe_ratio_years_1_0_bps": 0.1986770259284485,
        "sharpe_ratio_years_1_5_bps": -0.3723226367093046,
        "sharpe_ratio_years_2_0_bps": -0.9428469785476778,
        "sharpe_ratio_years_2_5_bps": -1.5126969888540462,
        "sharpe_ratio_years_3_0_bps": -2.0816754350803834,
        "sharpe_ratio_years_std": 1.04193856291517,
        "sharpe_ratio_years_std_0_5_bps": 0.873806431702842,
        "sharpe_ratio_years_std_1_0_bps": 0.7486319324780231,
        "sharpe_ratio_years_std_1_5_bps": 0.6900471258105705,
        "sharpe_ratio_years_std_2_0_bps": 0.7142029234982722,
        "sharpe_ratio_years_std_2_5_bps": 0.8131603563137232,
        "sharpe_ratio_years_std_3_0_bps": 0.9634511913115243
    },
    "COMB": {
        "annual_return": 0.009709127608895002,
        "annual_volatility": 0.012075001457529202,
        "sharpe_ratio": 1.3240448149631134,
        "downside_risk": 0.0087054920196268,
        "sortino_ratio": 2.1776662122296053,
        "max_drawdown": 0.0138439561307542,
        "calmar_ratio": 2.116430892414443,
        "perc_pos_return": 0.5489458791784371,
        "profit_loss_ratio": 1.0572240693254398,
        "annual_return_0_5_bps": 0.0040072233746096,
        "annual_volatility_0_5_bps": 0.012076604125355401,
        "sharpe_ratio_0_5_bps": 0.7468536047276796,
        "downside_risk_0_5_bps": 0.008870081480272601,
        "sortino_ratio_0_5_bps": 1.241309502499607,
        "max_drawdown_0_5_bps": 0.014535363344965002,
        "calmar_ratio_0_5_bps": 1.175754959591468,
        "perc_pos_return_0_5_bps": 0.5281081771779442,
        "profit_loss_ratio_0_5_bps": 1.0326462464334134,
        "annual_return_1_0_bps": -0.0016599819814860002,
        "annual_volatility_1_0_bps": 0.0120791338116332,
        "sharpe_ratio_1_0_bps": 0.1697953800366047,
        "downside_risk_1_0_bps": 0.009039840285032802,
        "sortino_ratio_1_0_bps": 0.36482779941553084,
        "max_drawdown_1_0_bps": 0.0153025093586336,
        "calmar_ratio_1_0_bps": 0.41593868279863944,
        "perc_pos_return_1_0_bps": 0.5080604959674722,
        "profit_loss_ratio_1_0_bps": 1.000818394460498,
        "annual_return_1_5_bps": -0.007292710314953201,
        "annual_volatility_1_5_bps": 0.012082589593777199,
        "sharpe_ratio_1_5_bps": -0.4068963114684962,
        "downside_risk_1_5_bps": 0.0092147058685556,
        "sortino_ratio_1_5_bps": -0.45548192927102155,
        "max_drawdown_1_5_bps": 0.016219758981617198,
        "calmar_ratio_1_5_bps": -0.17495422920511264,
        "perc_pos_return_1_5_bps": 0.49341234922630245,
        "profit_loss_ratio_1_5_bps": 0.955215251860136,
        "annual_return_2_0_bps": -0.012891182018349,
        "annual_volatility_2_0_bps": 0.012086970189606203,