{
    "ALL": {
        "performance_sw": 1.7877582434758594,
        "performance_fw": 2.1410544184065277,
        "val_loss": 2.513790880803893,
        "annual_return_2018_2019": 0.02497063402913602,
        "annual_volatility_2018_2019": 0.013850159563183924,
        "sharpe_ratio_2018_2019": 1.7877582434758592,
        "downside_risk_2018_2019": 0.009564913973539578,
        "sortino_ratio_2018_2019": 2.588704613657402,
        "max_drawdown_2018_2019": 0.012413266887415203,
        "calmar_ratio_2018_2019": 2.011608568124134,
        "perc_pos_return_2018_2019": 0.5807692307692308,
        "profit_loss_ratio_2018_2019": 0.9874098262848594,
        "sharpe_ratio_2018": 1.8325639174502593,
        "annual_return_2018_2019_0_5_bps": 0.018727018519870908,
        "annual_volatility_2018_2019_0_5_bps": 0.01384976315929277,
        "sharpe_ratio_2018_2019_0_5_bps": 1.3465987709838028,
        "downside_risk_2018_2019_0_5_bps": 0.00973644446124159,
        "sortino_ratio_2018_2019_0_5_bps": 1.9154912373774415,
        "max_drawdown_2018_2019_0_5_bps": 0.01297360885855233,
        "calmar_ratio_2018_2019_0_5_bps": 1.4434702575086404,
        "perc_pos_return_2018_2019_0_5_bps": 0.573076923076923,
        "profit_loss_ratio_2018_2019_0_5_bps": 0.9436280394115281,
        "sharpe_ratio_2018_0_5_bps": 1.4062569361277573,
        "annual_return_2018_2019_1_0_bps": 0.012521278270691605,
        "annual_volatility_2018_2019_1_0_bps": 0.013849922238573968,
        "sharpe_ratio_2018_2019_1_0_bps": 0.9053777305679532,
        "downside_risk_2018_2019_1_0_bps": 0.009911902535915259,
        "sortino_ratio_2018_2019_1_0_bps": 1.2650862051424363,
        "max_drawdown_2018_2019_1_0_bps": 0.013533646573438756,
        "calmar_ratio_2018_2019_1_0_bps": 0.9251961917836665,
        "perc_pos_return_2018_2019_1_0_bps": 0.5538461538461539,
        "profit_loss_ratio_2018_2019_1_0_bps": 0.9445724958992644,
        "sharpe_ratio_2018_1_0_bps": 0.980313186341972,
        "annual_return_2018_2019_1_5_bps": 0.0063531844780617686,
        "annual_volatility_2018_2019_1_5_bps": 0.01385063678188778,
        "sharpe_ratio_2018_2019_1_5_bps": 0.4641482108239108,
        "downside_risk_2018_2019_1_5_bps": 0.010091322935513373,
        "sortino_ratio_2018_2019_1_5_bps": 0.6370570362445759,
        "max_drawdown_2018_2019_1_5_bps": 0.014093380189872709,
        "calmar_ratio_2018_2019_1_5_bps": 0.4507921018569464,
        "perc_pos_return_2018_2019_1_5_bps": 0.5461538461538461,
        "profit_loss_ratio_2018_2019_1_5_bps": 0.9017749728074069,
        "sharpe_ratio_2018_1_5_bps": 0.5547714484607122,
        "annual_return_2018_2019_2_0_bps": 0.00022250971486870164,
        "annual_volatility_2018_2019_2_0_bps": 0.013851906703274249,
        "sharpe_ratio_2018_2019_2_0_bps": 0.022963293363230868,
        "downside_risk_2018_2019_2_0_bps": 0.01027458763478191,
        "sortino_ratio_2018_2019_2_0_bps": 0.03095845873080068,
        "max_drawdown_2018_2019_2_0_bps": 0.01465352490272511,
        "calmar_ratio_2018_2019_2_0_bps": 0.01518472288038502,
        "perc_pos_return_2018_2019_2_0_bps": 0.5384615384615384,
        "profit_loss_ratio_2018_2019_2_0_bps": 0.8606255118647546,
        "sharpe_ratio_2018_2_0_bps": 0.12967027332455183,
        "annual_return_2018_2019_2_5_bps": -0.005870972077828052,
        "annual_volatility_2018_2019_2_5_bps": 0.013853731850004885,
        "sharpe_ratio_2018_2019_2_5_bps": -0.41812397910301946,
        "downside_risk_2018_2019_2_5_bps": 0.010461614337247566,
        "sortino_ratio_2018_2019_2_5_bps": -0.5536982438672361,
        "max_drawdown_2018_2019_2_5_bps": 0.015253463783928958,
        "calmar_ratio_2018_2019_2_5_bps": -0.3848943532428159,
        "perc_pos_return_2018_2019_2_5_bps": 0.5230769230769231,
        "profit_loss_ratio_2018_2019_2_5_bps": 0.8467296345029631,
        "sharpe_ratio_2018_2_5_bps": -0.2949520345697891,
        "annual_return_2018_2019_3_0_bps": -0.0119274855989977,
        "annual_volatility_2018_2019_3_0_bps": 0.01385611200267448,
        "sharpe_ratio_2018_2019_3_0_bps": -0.8590606346188896,
        "downside_risk_2018_2019_3_0_bps": 0.010652375164057227,
        "sortino_ratio_2018_2019_3_0_bps": -1.1174259437023342,
        "max_drawdown_2018_2019_3_0_bps": 0.018633980083031364,
        "calmar_ratio_2018_2019_3_0_bps": -0.6400932890262778,
        "perc_pos_return_2018_2019_3_0_bps": 0.5076923076923077,
        "profit_loss_ratio_2018_2019_3_0_bps": 0.8325899528863832,
        "sharpe_ratio_2018_3_0_bps": -0.7190574336064245
    },
    "COMB": {
        "annual_return_2018_2019": 0.02497063402913602,
        "annual_volatility_2018_2019": 0.013850159563183924,
        "sharpe_ratio_2018_2019": 1.7877582434758592,
        "downside_risk_2018_2019": 0.009564913973539578,
        "sortino_ratio_2018_2019": 2.588704613657402,
        "max_drawdown_2018_2019": 0.012413266887415203,
        "calmar_ratio_2018_2019": 2.011608568124134,
        "perc_pos_return_2018_2019": 0.5807692307692308,
        "profit_loss_ratio_2018_2019": 0.9874098262848594,
        "sharpe_ratio_2018": 1.8325639174502593,
        "annual_return_2018_2019_0_5_bps": 0.018727018519870908,
        "annual_volatility_2018_2019_0_5_bps": 0.01384976315929277,
        "sharpe_ratio_2018_2019_0_5_bps": 1.3465987709838028,
        "downside_risk_2018_2019_0_5_bps": 0.00973644446124159,
        "sortino_ratio_2018_2019_0_5_bps": 1.9154912373774415,
        "max_drawdown_2018_2019_0_5_bps": 0.01297360885855233,
        "calmar_ratio_2018_2019_0_5_bps": 1.4434702575086404,
        "perc_pos_return_2018_2019_0_5_bps": 0.573076923076923,
        "profit_loss_ratio_2018_2019_0_5_bps": 0.9436280394115281,
        "sharpe_ratio_2018_0_5_bps": 1.4062569361277573,
        "annual_return_2018_2019_1_0_bps": 0.012521278270691605,
        "annual_volatility_2018_2019_1_0_bps": 0.013849922238573968,
        "sharpe_ratio_2018_2019_1_0_bps": 0.9053777305679532,
        "downside_risk_2018_2019_1_0_bps": 0.009911902535915259,
        "sortino_ratio_2018_2019_1_0_bps": 1.2650862051424363,
        "max_drawdown_2018_2019_1_0_bps": 0.013533646573438756,
        "calmar_ratio_2018_2019_1_0_bps": 0.9251961917836665,
        "perc_pos_return_2018_2019_1_0_bps": 0.5538461538461539,
        "profit_loss_ratio_2018_2019_1_0_bps": 0.9445724958992644,
        "sharpe_ratio_2018_1_0_bps": 0.980313186341972,
        "annual_return_2018_2019_1_5_bps": 0.0063531844780617686,
        "annual_volatility_2018_2019_1_5_bps": 0.01385063678188778,
        "sharpe_ratio_2018_2019_1_5_bps": 0.4641482108239108,
        "downside_risk_2018_2019_1_5_bps": 0.010091322935513373,
        "sortino_ratio_2018_2019_1_5_bps": 0.6370570362445759,
        "max_drawdown_2018_2019_1_5_bps": 0.014093380189872709,
        "calmar_ratio_2018_2019_1_5_bps": 0.4507921018569464,
        "perc_pos_return_2018_2019_1_5_bps": 0.5461538461538461,
        "profit_loss_ratio_2018_2019_1_5_bps": 0.9017749728074069,
        "sharpe_ratio_2018_1_5_bps": 0.5547714484607122,
        "annual_return_2018_2019_2_0_bps": 0.00022250971486870164,
        "annual_volatility_2018_2019_2_0_bps": 0.013851906703274249,
        "sharpe_ratio_2018_2019_2_0_bps": 0.022963293363230868,
        "downside_risk_2018_2019_2_0_bps": 0.01027458763478191,
        "sortino_ratio_2018_2019_2_0_bps": 0.03095845873080068,
        "max_drawdown_2018_2019_2_0_bps": 0.01465352490272511,
        "calmar_ratio_2018_2019_2_0_bps": 0.01518472288038502,
        "perc_pos_return_2018_2019_2_0_bps": 0.5384615384615384,
        "profit_loss_ratio_2018_2019_2_0_bps": 0.8606255118647546,
        "sharpe_ratio_2018_2_0_bps": 0.12967027332455183,
        "annual_return_2018_2019_2_5_bps": -0.005870972077828052,
        "annual_volatility_2018_2019_2_5_bps": 0.013853731850004885,
        "sharpe_ratio_2018_2019_2_5_bps": -0.41812397910301946,
        "downside_risk_2018_2019_2_5_bps": 0.010461614337247566,