{
    "ALL": {
        "performance_sw": 2.17519027121648,
        "performance_fw": 1.8773567162328144,
        "val_loss": 3.5915189787017363,
        "annual_return_2016_2017": 0.012952643613441284,
        "annual_volatility_2016_2017": 0.00592467051301241,
        "sharpe_ratio_2016_2017": 2.17519027121648,
        "downside_risk_2016_2017": 0.003729771878753148,
        "sortino_ratio_2016_2017": 3.4552476877958362,
        "max_drawdown_2016_2017": 0.002293078128124498,
        "calmar_ratio_2016_2017": 5.648583645963783,
        "perc_pos_return_2016_2017": 0.5598455598455598,
        "profit_loss_ratio_2016_2017": 1.150495061910169,
        "sharpe_ratio_2016": 2.166961420077498,
        "annual_return_2016_2017_0_5_bps": 0.009989336409369498,
        "annual_volatility_2016_2017_0_5_bps": 0.005920800359127754,
        "sharpe_ratio_2016_2017_0_5_bps": 1.6817705676998376,
        "downside_risk_2016_2017_0_5_bps": 0.0038210441645214342,
        "sortino_ratio_2016_2017_0_5_bps": 2.6059441745433998,
        "max_drawdown_2016_2017_0_5_bps": 0.0024668732008723214,
        "calmar_ratio_2016_2017_0_5_bps": 4.049391920848273,
        "perc_pos_return_2016_2017_0_5_bps": 0.5444015444015444,
        "profit_loss_ratio_2016_2017_0_5_bps": 1.1230241136397423,
        "sharpe_ratio_2016_0_5_bps": 1.6710800407837612,
        "annual_return_2016_2017_1_0_bps": 0.007034660135000648,
        "annual_volatility_2016_2017_1_0_bps": 0.005917546943018074,
        "sharpe_ratio_2016_2017_1_0_bps": 1.1875816060300501,
        "downside_risk_2016_2017_1_0_bps": 0.003914663170011947,
        "sortino_ratio_2016_2017_1_0_bps": 1.7951914627500816,
        "max_drawdown_2016_2017_1_0_bps": 0.0027426089335476924,
        "calmar_ratio_2016_2017_1_0_bps": 2.564951951024599,
        "perc_pos_return_2016_2017_1_0_bps": 0.5173745173745173,
        "profit_loss_ratio_2016_2017_1_0_bps": 1.1476413835782904,
        "sharpe_ratio_2016_1_0_bps": 1.1744033228963835,
        "annual_return_2016_2017_1_5_bps": 0.004088589762415218,
        "annual_volatility_2016_2017_1_5_bps": 0.0059149112823680145,
        "sharpe_ratio_2016_2017_1_5_bps": 0.6927765824151214,
        "downside_risk_2016_2017_1_5_bps": 0.004010653421868392,
        "sortino_ratio_2016_2017_1_5_bps": 1.0217068373807794,
        "max_drawdown_2016_2017_1_5_bps": 0.003300085403214987,
        "calmar_ratio_2016_2017_1_5_bps": 1.2389345313403282,
        "perc_pos_return_2016_2017_1_5_bps": 0.5135135135135135,
        "profit_loss_ratio_2016_2017_1_5_bps": 1.0689017798550178,
        "sharpe_ratio_2016_1_5_bps": 0.6770829191949302,
        "annual_return_2016_2017_2_0_bps": 0.0011511003359410132,
        "annual_volatility_2016_2017_2_0_bps": 0.005912894203267373,
        "sharpe_ratio_2016_2017_2_0_bps": 0.19750973118750415,
        "downside_risk_2016_2017_2_0_bps": 0.0041089310337364205,
        "sortino_ratio_2016_2017_2_0_bps": 0.28422335031637463,
        "max_drawdown_2016_2017_2_0_bps": 0.00391432800273632,
        "calmar_ratio_2016_2017_2_0_bps": 0.29407355110157707,
        "perc_pos_return_2016_2017_2_0_bps": 0.4942084942084942,
        "profit_loss_ratio_2016_2017_2_0_bps": 1.0592108171299988,
        "sharpe_ratio_2016_2_0_bps": 0.17927155949305856,
        "annual_return_2016_2017_2_5_bps": -0.0017778330280410204,
        "annual_volatility_2016_2017_2_5_bps": 0.00591149633892029,
        "sharpe_ratio_2016_2017_2_5_bps": -0.2980639136375409,
        "downside_risk_2016_2017_2_5_bps": 0.004209471764017136,
        "sortino_ratio_2016_2017_2_5_bps": -0.4185807229530103,
        "max_drawdown_2016_2017_2_5_bps": 0.004986455308596775,
        "calmar_ratio_2016_2017_2_5_bps": -0.3565324299560033,
        "perc_pos_return_2016_2017_2_5_bps": 0.4826254826254826,
        "profit_loss_ratio_2016_2017_2_5_bps": 1.0179041142961853,
        "sharpe_ratio_2016_2_5_bps": -0.3188771817167136,
        "annual_return_2016_2017_3_0_bps": -0.00469823514131229,
        "annual_volatility_2016_2017_3_0_bps": 0.005910718128653211,
        "sharpe_ratio_2016_2017_3_0_bps": -0.7937887598374971,
        "downside_risk_2016_2017_3_0_bps": 0.004312223257974332,
        "sortino_ratio_2016_2017_3_0_bps": -1.088037731909235,
        "max_drawdown_2016_2017_3_0_bps": 0.006966571818616075,
        "calmar_ratio_2016_2017_3_0_bps": -0.6743970009406443,
        "perc_pos_return_2016_2017_3_0_bps": 0.47104247104247104,
        "profit_loss_ratio_2016_2017_3_0_bps": 0.978425510627893,
        "sharpe_ratio_2016_3_0_bps": -0.817209120785417
    },
    "COMB": {
        "annual_return_2016_2017": 0.012952643613441284,
        "annual_volatility_2016_2017": 0.00592467051301241,
        "sharpe_ratio_2016_2017": 2.17519027121648,
        "downside_risk_2016_2017": 0.003729771878753148,
        "sortino_ratio_2016_2017": 3.4552476877958362,
        "max_drawdown_2016_2017": 0.002293078128124498,
        "calmar_ratio_2016_2017": 5.648583645963783,
        "perc_pos_return_2016_2017": 0.5598455598455598,
        "profit_loss_ratio_2016_2017": 1.150495061910169,
        "sharpe_ratio_2016": 2.166961420077498,
        "annual_return_2016_2017_0_5_bps": 0.009989336409369498,
        "annual_volatility_2016_2017_0_5_bps": 0.005920800359127754,
        "sharpe_ratio_2016_2017_0_5_bps": 1.6817705676998376,
        "downside_risk_2016_2017_0_5_bps": 0.0038210441645214342,
        "sortino_ratio_2016_2017_0_5_bps": 2.6059441745433998,
        "max_drawdown_2016_2017_0_5_bps": 0.0024668732008723214,
        "calmar_ratio_2016_2017_0_5_bps": 4.049391920848273,
        "perc_pos_return_2016_2017_0_5_bps": 0.5444015444015444,
        "profit_loss_ratio_2016_2017_0_5_bps": 1.1230241136397423,
        "sharpe_ratio_2016_0_5_bps": 1.6710800407837612,
        "annual_return_2016_2017_1_0_bps": 0.007034660135000648,
        "annual_volatility_2016_2017_1_0_bps": 0.005917546943018074,
        "sharpe_ratio_2016_2017_1_0_bps": 1.1875816060300501,
        "downside_risk_2016_2017_1_0_bps": 0.003914663170011947,
        "sortino_ratio_2016_2017_1_0_bps": 1.7951914627500816,
        "max_drawdown_2016_2017_1_0_bps": 0.0027426089335476924,
        "calmar_ratio_2016_2017_1_0_bps": 2.564951951024599,
        "perc_pos_return_2016_2017_1_0_bps": 0.5173745173745173,
        "profit_loss_ratio_2016_2017_1_0_bps": 1.1476413835782904,
        "sharpe_ratio_2016_1_0_bps": 1.1744033228963835,
        "annual_return_2016_2017_1_5_bps": 0.004088589762415218,
        "annual_volatility_2016_2017_1_5_bps": 0.0059149112823680145,
        "sharpe_ratio_2016_2017_1_5_bps": 0.6927765824151214,
        "downside_risk_2016_2017_1_5_bps": 0.004010653421868392,
        "sortino_ratio_2016_2017_1_5_bps": 1.0217068373807794,
        "max_drawdown_2016_2017_1_5_bps": 0.003300085403214987,
        "calmar_ratio_2016_2017_1_5_bps": 1.2389345313403282,
        "perc_pos_return_2016_2017_1_5_bps": 0.5135135135135135,
        "profit_loss_ratio_2016_2017_1_5_bps": 1.0689017798550178,
        "sharpe_ratio_2016_1_5_bps": 0.6770829191949302,
        "annual_return_2016_2017_2_0_bps": 0.0011511003359410132,
        "annual_volatility_2016_2017_2_0_bps": 0.005912894203267373,
        "sharpe_ratio_2016_2017_2_0_bps": 0.19750973118750415,
        "downside_risk_2016_2017_2_0_bps": 0.0041089310337364205,
        "sortino_ratio_2016_2017_2_0_bps": 0.28422335031637463,
        "max_drawdown_2016_2017_2_0_bps": 0.00391432800273632,
        "calmar_ratio_2016_2017_2_0_bps": 0.29407355110157707,
        "perc_pos_return_2016_2017_2_0_bps": 0.4942084942084942,
        "profit_loss_ratio_2016_2017_2_0_bps": 1.0592108171299988,
        "sharpe_ratio_2016_2_0_bps": 0.17927155949305856,
        "annual_return_2016_2017_2_5_bps": -0.0017778330280410204,
        "annual_volatility_2016_2017_2_5_bps": 0.00591149633892029,
        "sharpe_ratio_2016_2017_2_5_bps": -0.2980639136375409,
        "downside_risk_2016_2017_2_5_bps": 0.004209471764017136,