{
    "ALL": {
        "performance_sw": 2.6712027475883056,
        "performance_fw": 2.7186336690025046,
        "val_loss": 3.42111798735114,
        "annual_return_2018_2019": 0.02033568982460121,
        "annual_volatility_2018_2019": 0.007547482824970096,
        "sharpe_ratio_2018_2019": 2.671202747588306,
        "downside_risk_2018_2019": 0.004824975916655793,
        "sortino_ratio_2018_2019": 4.178436785526843,
        "max_drawdown_2018_2019": 0.004359374562905395,
        "calmar_ratio_2018_2019": 4.664818205262929,
        "perc_pos_return_2018_2019": 0.5846153846153846,
        "profit_loss_ratio_2018_2019": 1.0953538621580134,
        "sharpe_ratio_2018": 2.1866405663256288,
        "annual_return_2018_2019_0_5_bps": 0.01511591988272487,
        "annual_volatility_2018_2019_0_5_bps": 0.007544249023015092,
        "sharpe_ratio_2018_2019_0_5_bps": 1.992459080409847,
        "downside_risk_2018_2019_0_5_bps": 0.004981404737865541,
        "sortino_ratio_2018_2019_0_5_bps": 3.017543898113438,
        "max_drawdown_2018_2019_0_5_bps": 0.0048567715222243325,
        "calmar_ratio_2018_2019_0_5_bps": 3.112339094716565,
        "perc_pos_return_2018_2019_0_5_bps": 0.5692307692307692,
        "profit_loss_ratio_2018_2019_0_5_bps": 1.0457954540873924,
        "sharpe_ratio_2018_0_5_bps": 1.544934136387623,
        "annual_return_2018_2019_1_0_bps": 0.00992274161401574,
        "annual_volatility_2018_2019_1_0_bps": 0.007541788887188571,
        "sharpe_ratio_2018_2019_1_0_bps": 1.3129985776908688,
        "downside_risk_2018_2019_1_0_bps": 0.00514196063618488,
        "sortino_ratio_2018_2019_1_0_bps": 1.9257942218457995,
        "max_drawdown_2018_2019_1_0_bps": 0.005618003460495888,
        "calmar_ratio_2018_2019_1_0_bps": 1.76623985438768,
        "perc_pos_return_2018_2019_1_0_bps": 0.5615384615384615,
        "profit_loss_ratio_2018_2019_1_0_bps": 0.9669487606353296,
        "sharpe_ratio_2018_1_0_bps": 0.9025042986151536,
        "annual_return_2018_2019_1_5_bps": 0.004756020116319926,
        "annual_volatility_2018_2019_1_5_bps": 0.007540103174770828,
        "sharpe_ratio_2018_2019_1_5_bps": 0.6330296260982304,
        "downside_risk_2018_2019_1_5_bps": 0.005306491538121138,
        "sortino_ratio_2018_2019_1_5_bps": 0.8994848402523347,
        "max_drawdown_2018_2019_1_5_bps": 0.006836176318915842,
        "calmar_ratio_2018_2019_1_5_bps": 0.695713494568582,
        "perc_pos_return_2018_2019_1_5_bps": 0.5384615384615384,
        "profit_loss_ratio_2018_2019_1_5_bps": 0.9505201766534406,
        "sharpe_ratio_2018_1_5_bps": 0.259496888730664,
        "annual_return_2018_2019_2_0_bps": -0.00038437883101472003,
        "annual_volatility_2018_2019_2_0_bps": 0.007539192405229388,
        "sharpe_ratio_2018_2019_2_0_bps": -0.04723857358274261,
        "downside_risk_2018_2019_2_0_bps": 0.005475114601271382,
        "sortino_ratio_2018_2019_2_0_bps": -0.06504716725129057,
        "max_drawdown_2018_2019_2_0_bps": 0.00810320030528491,
        "calmar_ratio_2018_2019_2_0_bps": -0.04743543495574558,
        "perc_pos_return_2018_2019_2_0_bps": 0.5076923076923077,
        "profit_loss_ratio_2018_2019_2_0_bps": 0.962226210962289,
        "sharpe_ratio_2018_2_0_bps": -0.3839415137077216,
        "annual_return_2018_2019_2_5_bps": -0.005498588770581514,
        "annual_volatility_2018_2019_2_5_bps": 0.0075390568594194286,
        "sharpe_ratio_2018_2019_2_5_bps": -0.7275963275156198,
        "downside_risk_2018_2019_2_5_bps": 0.005648068005653693,
        "sortino_ratio_2018_2019_2_5_bps": -0.971197598604366,
        "max_drawdown_2018_2019_2_5_bps": 0.010141705024111807,
        "calmar_ratio_2018_2019_2_5_bps": -0.5421759711516625,
        "perc_pos_return_2018_2019_2_5_bps": 0.4846153846153846,
        "profit_loss_ratio_2018_2019_2_5_bps": 0.9439495931038513,
        "sharpe_ratio_2018_2_5_bps": -1.0276637512008697,
        "annual_return_2018_2019_3_0_bps": -0.01058674257030634,
        "annual_volatility_2018_2019_3_0_bps": 0.007539696579150983,
        "sharpe_ratio_2018_2019_3_0_bps": -1.4078337717001914,
        "downside_risk_2018_2019_3_0_bps": 0.005825361952678632,
        "sortino_ratio_2018_2019_3_0_bps": -1.8221424795107037,
        "max_drawdown_2018_2019_3_0_bps": 0.013713667875546648,
        "calmar_ratio_2018_2019_3_0_bps": -0.7719847575705078,
        "perc_pos_return_2018_2019_3_0_bps": 0.47692307692307695,
        "profit_loss_ratio_2018_2019_3_0_bps": 0.8704360424992899,
        "sharpe_ratio_2018_3_0_bps": -1.671522255839328
    },
    "COMB": {
        "annual_return_2018_2019": 0.02033568982460121,
        "annual_volatility_2018_2019": 0.007547482824970096,
        "sharpe_ratio_2018_2019": 2.671202747588306,
        "downside_risk_2018_2019": 0.004824975916655793,
        "sortino_ratio_2018_2019": 4.178436785526843,
        "max_drawdown_2018_2019": 0.004359374562905395,
        "calmar_ratio_2018_2019": 4.664818205262929,
        "perc_pos_return_2018_2019": 0.5846153846153846,
        "profit_loss_ratio_2018_2019": 1.0953538621580134,
        "sharpe_ratio_2018": 2.1866405663256288,
        "annual_return_2018_2019_0_5_bps": 0.01511591988272487,
        "annual_volatility_2018_2019_0_5_bps": 0.007544249023015092,
        "sharpe_ratio_2018_2019_0_5_bps": 1.992459080409847,
        "downside_risk_2018_2019_0_5_bps": 0.004981404737865541,
        "sortino_ratio_2018_2019_0_5_bps": 3.017543898113438,
        "max_drawdown_2018_2019_0_5_bps": 0.0048567715222243325,
        "calmar_ratio_2018_2019_0_5_bps": 3.112339094716565,
        "perc_pos_return_2018_2019_0_5_bps": 0.5692307692307692,
        "profit_loss_ratio_2018_2019_0_5_bps": 1.0457954540873924,
        "sharpe_ratio_2018_0_5_bps": 1.544934136387623,
        "annual_return_2018_2019_1_0_bps": 0.00992274161401574,
        "annual_volatility_2018_2019_1_0_bps": 0.007541788887188571,
        "sharpe_ratio_2018_2019_1_0_bps": 1.3129985776908688,
        "downside_risk_2018_2019_1_0_bps": 0.00514196063618488,
        "sortino_ratio_2018_2019_1_0_bps": 1.9257942218457995,
        "max_drawdown_2018_2019_1_0_bps": 0.005618003460495888,
        "calmar_ratio_2018_2019_1_0_bps": 1.76623985438768,
        "perc_pos_return_2018_2019_1_0_bps": 0.5615384615384615,
        "profit_loss_ratio_2018_2019_1_0_bps": 0.9669487606353296,
        "sharpe_ratio_2018_1_0_bps": 0.9025042986151536,
        "annual_return_2018_2019_1_5_bps": 0.004756020116319926,
        "annual_volatility_2018_2019_1_5_bps": 0.007540103174770828,
        "sharpe_ratio_2018_2019_1_5_bps": 0.6330296260982304,
        "downside_risk_2018_2019_1_5_bps": 0.005306491538121138,
        "sortino_ratio_2018_2019_1_5_bps": 0.8994848402523347,
        "max_drawdown_2018_2019_1_5_bps": 0.006836176318915842,
        "calmar_ratio_2018_2019_1_5_bps": 0.695713494568582,
        "perc_pos_return_2018_2019_1_5_bps": 0.5384615384615384,
        "profit_loss_ratio_2018_2019_1_5_bps": 0.9505201766534406,
        "sharpe_ratio_2018_1_5_bps": 0.259496888730664,
        "annual_return_2018_2019_2_0_bps": -0.00038437883101472003,
        "annual_volatility_2018_2019_2_0_bps": 0.007539192405229388,
        "sharpe_ratio_2018_2019_2_0_bps": -0.04723857358274261,
        "downside_risk_2018_2019_2_0_bps": 0.005475114601271382,
        "sortino_ratio_2018_2019_2_0_bps": -0.06504716725129057,
        "max_drawdown_2018_2019_2_0_bps": 0.00810320030528491,
        "calmar_ratio_2018_2019_2_0_bps": -0.04743543495574558,
        "perc_pos_return_2018_2019_2_0_bps": 0.5076923076923077,
        "profit_loss_ratio_2018_2019_2_0_bps": 0.962226210962289,
        "sharpe_ratio_2018_2_0_bps": -0.3839415137077216,
        "annual_return_2018_2019_2_5_bps": -0.005498588770581514,
        "annual_volatility_2018_2019_2_5_bps": 0.0075390568594194286,
        "sharpe_ratio_2018_2019_2_5_bps": -0.7275963275156198,
        "downside_risk_2018_2019_2_5_bps": 0.005648068005653693,
        "sortino_ratio_2018_2019_2_5_bps": -0.971197598604366,