{
    "ALL": {
        "performance_sw": 2.6994980774044453,
        "performance_fw": 2.801704790409494,
        "val_loss": 3.5231670265095834,
        "annual_return_2020_2021": 0.04247798003375336,
        "annual_volatility_2020_2021": 0.015455834447457984,
        "sharpe_ratio_2020_2021": 2.699498077404445,
        "downside_risk_2020_2021": 0.010261581515374074,
        "sortino_ratio_2020_2021": 4.065942010311384,
        "max_drawdown_2020_2021": 0.0074959746698163195,
        "calmar_ratio_2020_2021": 5.666772088331275,
        "perc_pos_return_2020_2021": 0.6192307692307693,
        "profit_loss_ratio_2020_2021": 1.02861041995399,
        "sharpe_ratio_2020": 2.838654327532681,
        "annual_return_2020_2021_0_5_bps": 0.03660110287594631,
        "annual_volatility_2020_2021_0_5_bps": 0.015458334319925156,
        "sharpe_ratio_2020_2021_0_5_bps": 2.333291828032383,
        "downside_risk_2020_2021_0_5_bps": 0.010401752593450393,
        "sortino_ratio_2020_2021_0_5_bps": 3.4675699906941753,
        "max_drawdown_2020_2021_0_5_bps": 0.007700026964511103,
        "calmar_ratio_2020_2021_0_5_bps": 4.753373338124436,
        "perc_pos_return_2020_2021_0_5_bps": 0.5961538461538461,
        "profit_loss_ratio_2020_2021_0_5_bps": 1.0576799460712738,
        "sharpe_ratio_2020_0_5_bps": 2.466919813020754,
        "annual_return_2020_2021_1_0_bps": 0.030757209904846983,
        "annual_volatility_2020_2021_1_0_bps": 0.015461807555885393,
        "sharpe_ratio_2020_2021_1_0_bps": 1.9670801619941607,
        "downside_risk_2020_2021_1_0_bps": 0.010545577703594164,
        "sortino_ratio_2020_2021_1_0_bps": 2.88411083457169,
        "max_drawdown_2020_2021_1_0_bps": 0.007904042771901782,
        "calmar_ratio_2020_2021_1_0_bps": 3.891326349369758,
        "perc_pos_return_2020_2021_1_0_bps": 0.5807692307692308,
        "profit_loss_ratio_2020_2021_1_0_bps": 1.0513952408088765,
        "sharpe_ratio_2020_1_0_bps": 2.09513103351482,
        "annual_return_2020_2021_1_5_bps": 0.024946116815387054,
        "annual_volatility_2020_2021_1_5_bps": 0.015466253499577877,
        "sharpe_ratio_2020_2021_1_5_bps": 1.6009322930410415,
        "downside_risk_2020_2021_1_5_bps": 0.010693129721322693,
        "sortino_ratio_2020_2021_1_5_bps": 2.3155451514311642,
        "max_drawdown_2020_2021_1_5_bps": 0.008306297202496357,
        "calmar_ratio_2020_2021_1_5_bps": 3.0032776587731296,
        "perc_pos_return_2020_2021_1_5_bps": 0.5653846153846154,
        "profit_loss_ratio_2020_2021_1_5_bps": 1.0443609518351054,
        "sharpe_ratio_2020_1_5_bps": 1.72335654170361,
        "annual_return_2020_2021_2_0_bps": 0.019167640327749647,
        "annual_volatility_2020_2021_2_0_bps": 0.015471671312449954,
        "sharpe_ratio_2020_2021_2_0_bps": 1.2349172925188934,
        "downside_risk_2020_2021_2_0_bps": 0.010844390645620705,
        "sortino_ratio_2020_2021_2_0_bps": 1.7618541301468706,
        "max_drawdown_2020_2021_2_0_bps": 0.009749948339000194,
        "calmar_ratio_2020_2021_2_0_bps": 1.9659222450521403,
        "perc_pos_return_2020_2021_2_0_bps": 0.5576923076923077,
        "profit_loss_ratio_2020_2021_2_0_bps": 1.0048840520505595,
        "sharpe_ratio_2020_2_0_bps": 1.3516648033829115,
        "annual_return_2020_2021_2_5_bps": 0.013421598181703631,
        "annual_volatility_2020_2021_2_5_bps": 0.015478059973946356,
        "sharpe_ratio_2020_2021_2_5_bps": 0.8691040245764609,
        "downside_risk_2020_2021_2_5_bps": 0.01099934134324293,
        "sortino_ratio_2020_2021_2_5_bps": 1.2229863403826824,
        "max_drawdown_2020_2021_2_5_bps": 0.011191539614657603,
        "calmar_ratio_2020_2021_2_5_bps": 1.1992628935633942,
        "perc_pos_return_2020_2021_2_5_bps": 0.5423076923076923,
        "profit_loss_ratio_2020_2021_2_5_bps": 0.9971700200410473,
        "sharpe_ratio_2020_2_5_bps": 0.9801241346304791,
        "annual_return_2020_2021_3_0_bps": 0.007707809130951704,
        "annual_volatility_2020_2021_3_0_bps": 0.015485418282467713,
        "sharpe_ratio_2020_2021_3_0_bps": 0.5035610819050893,
        "downside_risk_2020_2021_3_0_bps": 0.011158098007829064,
        "sortino_ratio_2020_2021_3_0_bps": 0.698851540701734,
        "max_drawdown_2020_2021_3_0_bps": 0.01263107390912708,
        "calmar_ratio_2020_2021_3_0_bps": 0.6102259543728995,
        "perc_pos_return_2020_2021_3_0_bps": 0.5230769230769231,
        "profit_loss_ratio_2020_2021_3_0_bps": 1.0043253886943746,
        "sharpe_ratio_2020_3_0_bps": 0.6088026393692432
    },
    "COMB": {
        "annual_return_2020_2021": 0.04247798003375336,
        "annual_volatility_2020_2021": 0.015455834447457984,
        "sharpe_ratio_2020_2021": 2.699498077404445,
        "downside_risk_2020_2021": 0.010261581515374074,
        "sortino_ratio_2020_2021": 4.065942010311384,
        "max_drawdown_2020_2021": 0.0074959746698163195,
        "calmar_ratio_2020_2021": 5.666772088331275,
        "perc_pos_return_2020_2021": 0.6192307692307693,
        "profit_loss_ratio_2020_2021": 1.02861041995399,
        "sharpe_ratio_2020": 2.838654327532681,
        "annual_return_2020_2021_0_5_bps": 0.03660110287594631,
        "annual_volatility_2020_2021_0_5_bps": 0.015458334319925156,
        "sharpe_ratio_2020_2021_0_5_bps": 2.333291828032383,
        "downside_risk_2020_2021_0_5_bps": 0.010401752593450393,
        "sortino_ratio_2020_2021_0_5_bps": 3.4675699906941753,
        "max_drawdown_2020_2021_0_5_bps": 0.007700026964511103,
        "calmar_ratio_2020_2021_0_5_bps": 4.753373338124436,
        "perc_pos_return_2020_2021_0_5_bps": 0.5961538461538461,
        "profit_loss_ratio_2020_2021_0_5_bps": 1.0576799460712738,
        "sharpe_ratio_2020_0_5_bps": 2.466919813020754,
        "annual_return_2020_2021_1_0_bps": 0.030757209904846983,
        "annual_volatility_2020_2021_1_0_bps": 0.015461807555885393,
        "sharpe_ratio_2020_2021_1_0_bps": 1.9670801619941607,
        "downside_risk_2020_2021_1_0_bps": 0.010545577703594164,
        "sortino_ratio_2020_2021_1_0_bps": 2.88411083457169,
        "max_drawdown_2020_2021_1_0_bps": 0.007904042771901782,
        "calmar_ratio_2020_2021_1_0_bps": 3.891326349369758,
        "perc_pos_return_2020_2021_1_0_bps": 0.5807692307692308,
        "profit_loss_ratio_2020_2021_1_0_bps": 1.0513952408088765,
        "sharpe_ratio_2020_1_0_bps": 2.09513103351482,
        "annual_return_2020_2021_1_5_bps": 0.024946116815387054,
        "annual_volatility_2020_2021_1_5_bps": 0.015466253499577877,
        "sharpe_ratio_2020_2021_1_5_bps": 1.6009322930410415,
        "downside_risk_2020_2021_1_5_bps": 0.010693129721322693,
        "sortino_ratio_2020_2021_1_5_bps": 2.3155451514311642,
        "max_drawdown_2020_2021_1_5_bps": 0.008306297202496357,
        "calmar_ratio_2020_2021_1_5_bps": 3.0032776587731296,
        "perc_pos_return_2020_2021_1_5_bps": 0.5653846153846154,
        "profit_loss_ratio_2020_2021_1_5_bps": 1.0443609518351054,
        "sharpe_ratio_2020_1_5_bps": 1.72335654170361,
        "annual_return_2020_2021_2_0_bps": 0.019167640327749647,
        "annual_volatility_2020_2021_2_0_bps": 0.015471671312449954,
        "sharpe_ratio_2020_2021_2_0_bps": 1.2349172925188934,
        "downside_risk_2020_2021_2_0_bps": 0.010844390645620705,
        "sortino_ratio_2020_2021_2_0_bps": 1.7618541301468706,
        "max_drawdown_2020_2021_2_0_bps": 0.009749948339000194,
        "calmar_ratio_2020_2021_2_0_bps": 1.9659222450521403,
        "perc_pos_return_2020_2021_2_0_bps": 0.5576923076923077,
        "profit_loss_ratio_2020_2021_2_0_bps": 1.0048840520505595,
        "sharpe_ratio_2020_2_0_bps": 1.3516648033829115,
        "annual_return_2020_2021_2_5_bps": 0.013421598181703631,
        "annual_volatility_2020_2021_2_5_bps": 0.015478059973946356,
        "sharpe_ratio_2020_2021_2_5_bps": 0.8691040245764609,
        "downside_risk_2020_2021_2_5_bps": 0.01099934134324293,
        "sortino_ratio_2020_2021_2_5_bps": 1.2229863403826824,