{
    "ALL": {
        "performance_sw": 2.1888783239988703,
        "performance_fw": 2.2773200057154748,
        "val_loss": 3.654901329303183,
        "annual_return_2017_2018": 0.016370686366826925,
        "annual_volatility_2017_2018": 0.007431276215590486,
        "sharpe_ratio_2017_2018": 2.1888783239988707,
        "downside_risk_2017_2018": 0.004866876872883274,
        "sortino_ratio_2017_2018": 3.342217165711414,
        "max_drawdown_2017_2018": 0.005572663233482681,
        "calmar_ratio_2017_2018": 2.9376773153033207,
        "perc_pos_return_2017_2018": 0.5697674418604651,
        "profit_loss_ratio_2017_2018": 1.0695599165239786,
        "sharpe_ratio_2017": 2.2777996252113577,
        "annual_return_2017_2018_0_5_bps": 0.011166363326036377,
        "annual_volatility_2017_2018_0_5_bps": 0.007430594585426146,
        "sharpe_ratio_2017_2018_0_5_bps": 1.4981606995649552,
        "downside_risk_2017_2018_0_5_bps": 0.005033554730518535,
        "sortino_ratio_2017_2018_0_5_bps": 2.2116030078685185,
        "max_drawdown_2017_2018_0_5_bps": 0.006370719492365082,
        "calmar_ratio_2017_2018_0_5_bps": 1.7527633008200378,
        "perc_pos_return_2017_2018_0_5_bps": 0.5542635658914729,
        "profit_loss_ratio_2017_2018_0_5_bps": 1.0209674233989279,
        "sharpe_ratio_2017_0_5_bps": 1.5889099383045038,
        "annual_return_2017_2018_1_0_bps": 0.005988578442793546,
        "annual_volatility_2017_2018_1_0_bps": 0.007430632069866808,
        "sharpe_ratio_2017_2018_1_0_bps": 0.8072382107225434,
        "downside_risk_2017_2018_1_0_bps": 0.005204141785948009,
        "sortino_ratio_2017_2018_1_0_bps": 1.1525992917435774,
        "max_drawdown_2017_2018_1_0_bps": 0.007257248437194103,
        "calmar_ratio_2017_2018_1_0_bps": 0.8251858117604877,
        "perc_pos_return_2017_2018_1_0_bps": 0.5465116279069767,
        "profit_loss_ratio_2017_2018_1_0_bps": 0.9439858989427033,
        "sharpe_ratio_2017_1_0_bps": 0.8996761190871391,
        "annual_return_2017_2018_1_5_bps": 0.0008371969559595183,
        "annual_volatility_2017_2018_1_5_bps": 0.007431388658030678,
        "sharpe_ratio_2017_2018_1_5_bps": 0.11631143662685482,
        "downside_risk_2017_2018_1_5_bps": 0.005378561697036893,
        "sortino_ratio_2017_2018_1_5_bps": 0.1607038348977656,
        "max_drawdown_2017_2018_1_5_bps": 0.009284580396694594,
        "calmar_ratio_2017_2018_1_5_bps": 0.09017068302381968,
        "perc_pos_return_2017_2018_1_5_bps": 0.5232558139534884,
        "profit_loss_ratio_2017_2018_1_5_bps": 0.9282363841548628,
        "sharpe_ratio_2017_1_5_bps": 0.2102607578378075,
        "annual_return_2017_2018_2_0_bps": -0.004287915214155058,
        "annual_volatility_2017_2018_2_0_bps": 0.007432864130325951,
        "sharpe_ratio_2017_2018_2_0_bps": -0.5744191041110119,
        "downside_risk_2017_2018_2_0_bps": 0.005556890856221932,
        "sortino_ratio_2017_2018_2_0_bps": -0.7683395742675335,
        "max_drawdown_2017_2018_2_0_bps": 0.011595935432129785,
        "calmar_ratio_2017_2018_2_0_bps": -0.3697774310017447,
        "perc_pos_return_2017_2018_2_0_bps": 0.5155038759689923,
        "profit_loss_ratio_2017_2018_2_0_bps": 0.8570129393812922,
        "sharpe_ratio_2017_2_0_bps": -0.4791733481925604,
        "annual_return_2017_2018_2_5_bps": -0.009386891469208458,
        "annual_volatility_2017_2018_2_5_bps": 0.0074350580587693145,
        "sharpe_ratio_2017_2018_2_5_bps": -1.264753244165788,
        "downside_risk_2017_2018_2_5_bps": 0.005738940319386552,
        "sortino_ratio_2017_2018_2_5_bps": -1.6385453197036624,
        "max_drawdown_2017_2018_2_5_bps": 0.013901944173170505,
        "calmar_ratio_2017_2018_2_5_bps": -0.6752214907699248,
        "perc_pos_return_2017_2018_2_5_bps": 0.5,
        "profit_loss_ratio_2017_2018_2_5_bps": 0.8155120288872755,
        "sharpe_ratio_2017_2_5_bps": -1.1684633869220122,
        "annual_return_2017_2018_3_0_bps": -0.01445986453624759,
        "annual_volatility_2017_2018_3_0_bps": 0.007437969807606112,
        "sharpe_ratio_2017_2018_3_0_bps": -1.9544914569553868,
        "downside_risk_2017_2018_3_0_bps": 0.0059246554487867075,
        "sortino_ratio_2017_2018_3_0_bps": -2.453720485810753,
        "max_drawdown_2017_2018_3_0_bps": 0.016202618879437948,
        "calmar_ratio_2017_2018_3_0_bps": -0.8924399594807472,
        "perc_pos_return_2017_2018_3_0_bps": 0.4844961240310077,
        "profit_loss_ratio_2017_2018_3_0_bps": 0.7752899205087909,
        "sharpe_ratio_2017_3_0_bps": -1.8574467236111631
    },
    "COMB": {
        "annual_return_2017_2018": 0.016370686366826925,
        "annual_volatility_2017_2018": 0.007431276215590486,
        "sharpe_ratio_2017_2018": 2.1888783239988707,
        "downside_risk_2017_2018": 0.004866876872883274,
        "sortino_ratio_2017_2018": 3.342217165711414,
        "max_drawdown_2017_2018": 0.005572663233482681,
        "calmar_ratio_2017_2018": 2.9376773153033207,
        "perc_pos_return_2017_2018": 0.5697674418604651,
        "profit_loss_ratio_2017_2018": 1.0695599165239786,
        "sharpe_ratio_2017": 2.2777996252113577,
        "annual_return_2017_2018_0_5_bps": 0.011166363326036377,
        "annual_volatility_2017_2018_0_5_bps": 0.007430594585426146,
        "sharpe_ratio_2017_2018_0_5_bps": 1.4981606995649552,
        "downside_risk_2017_2018_0_5_bps": 0.005033554730518535,
        "sortino_ratio_2017_2018_0_5_bps": 2.2116030078685185,
        "max_drawdown_2017_2018_0_5_bps": 0.006370719492365082,
        "calmar_ratio_2017_2018_0_5_bps": 1.7527633008200378,
        "perc_pos_return_2017_2018_0_5_bps": 0.5542635658914729,
        "profit_loss_ratio_2017_2018_0_5_bps": 1.0209674233989279,
        "sharpe_ratio_2017_0_5_bps": 1.5889099383045038,
        "annual_return_2017_2018_1_0_bps": 0.005988578442793546,
        "annual_volatility_2017_2018_1_0_bps": 0.007430632069866808,
        "sharpe_ratio_2017_2018_1_0_bps": 0.8072382107225434,
        "downside_risk_2017_2018_1_0_bps": 0.005204141785948009,
        "sortino_ratio_2017_2018_1_0_bps": 1.1525992917435774,
        "max_drawdown_2017_2018_1_0_bps": 0.007257248437194103,
        "calmar_ratio_2017_2018_1_0_bps": 0.8251858117604877,
        "perc_pos_return_2017_2018_1_0_bps": 0.5465116279069767,
        "profit_loss_ratio_2017_2018_1_0_bps": 0.9439858989427033,
        "sharpe_ratio_2017_1_0_bps": 0.8996761190871391,
        "annual_return_2017_2018_1_5_bps": 0.0008371969559595183,
        "annual_volatility_2017_2018_1_5_bps": 0.007431388658030678,
        "sharpe_ratio_2017_2018_1_5_bps": 0.11631143662685482,
        "downside_risk_2017_2018_1_5_bps": 0.005378561697036893,
        "sortino_ratio_2017_2018_1_5_bps": 0.1607038348977656,
        "max_drawdown_2017_2018_1_5_bps": 0.009284580396694594,
        "calmar_ratio_2017_2018_1_5_bps": 0.09017068302381968,
        "perc_pos_return_2017_2018_1_5_bps": 0.5232558139534884,
        "profit_loss_ratio_2017_2018_1_5_bps": 0.9282363841548628,
        "sharpe_ratio_2017_1_5_bps": 0.2102607578378075,
        "annual_return_2017_2018_2_0_bps": -0.004287915214155058,
        "annual_volatility_2017_2018_2_0_bps": 0.007432864130325951,
        "sharpe_ratio_2017_2018_2_0_bps": -0.5744191041110119,
        "downside_risk_2017_2018_2_0_bps": 0.005556890856221932,
        "sortino_ratio_2017_2018_2_0_bps": -0.7683395742675335,
        "max_drawdown_2017_2018_2_0_bps": 0.011595935432129785,
        "calmar_ratio_2017_2018_2_0_bps": -0.3697774310017447,
        "perc_pos_return_2017_2018_2_0_bps": 0.5155038759689923,
        "profit_loss_ratio_2017_2018_2_0_bps": 0.8570129393812922,
        "sharpe_ratio_2017_2_0_bps": -0.4791733481925604,
        "annual_return_2017_2018_2_5_bps": -0.009386891469208458,
        "annual_volatility_2017_2018_2_5_bps": 0.0074350580587693145,
        "sharpe_ratio_2017_2018_2_5_bps": -1.264753244165788,
        "downside_risk_2017_2018_2_5_bps": 0.005738940319386552,