{
    "ALL": {
        "performance_sw": 0.6595138536228614,
        "performance_fw": 0.8304636710358188,
        "val_loss": 3.6724358046486247,
        "annual_return_2021_2022": 0.027056591387088824,
        "annual_volatility_2021_2022": 0.03437787428217499,
        "sharpe_ratio_2021_2022": 0.793725045699411,
        "downside_risk_2021_2022": 0.02182184594588396,
        "sortino_ratio_2021_2022": 1.2504249137921692,
        "max_drawdown_2021_2022": 0.05545670384987986,
        "calmar_ratio_2021_2022": 0.48788675685324634,
        "perc_pos_return_2021_2022": 0.5041095890410959,
        "profit_loss_ratio_2021_2022": 1.1229863221336032,
        "sharpe_ratio_2021": 0.6595138536228614,
        "annual_return_2021_2022_0_5_bps": 0.02651583944712166,
        "annual_volatility_2021_2022_0_5_bps": 0.034376902805965746,
        "sharpe_ratio_2021_2022_0_5_bps": 0.7784256883471112,
        "downside_risk_2021_2022_0_5_bps": 0.021833891957970673,
        "sortino_ratio_2021_2022_0_5_bps": 1.225611278167321,
        "max_drawdown_2021_2022_0_5_bps": 0.055594994877724416,
        "calmar_ratio_2021_2022_0_5_bps": 0.4769465219925026,
        "perc_pos_return_2021_2022_0_5_bps": 0.5041095890410959,
        "profit_loss_ratio_2021_2022_0_5_bps": 1.1201190748171928,
        "sharpe_ratio_2021_0_5_bps": 0.6468014689248615,
        "annual_return_2021_2022_1_0_bps": 0.025975371306155015,
        "annual_volatility_2021_2022_1_0_bps": 0.03437593502614276,
        "sharpe_ratio_2021_2022_1_0_bps": 0.7631253842065122,
        "downside_risk_2021_2022_1_0_bps": 0.021845950116613035,
        "sortino_ratio_2021_2022_1_0_bps": 1.2008243397175002,
        "max_drawdown_2021_2022_1_0_bps": 0.0557332658280589,
        "calmar_ratio_2021_2022_1_0_bps": 0.46606583913978566,
        "perc_pos_return_2021_2022_1_0_bps": 0.5041095890410959,
        "profit_loss_ratio_2021_2022_1_0_bps": 1.1172593113090914,
        "sharpe_ratio_2021_1_0_bps": 0.6340882975312632,
        "annual_return_2021_2022_1_5_bps": 0.025435186815730537,
        "annual_volatility_2021_2022_1_5_bps": 0.03437497094301824,
        "sharpe_ratio_2021_2022_1_5_bps": 0.7478241381266417,
        "downside_risk_2021_2022_1_5_bps": 0.021858020401708807,
        "sortino_ratio_2021_2022_1_5_bps": 1.1760640966636347,
        "max_drawdown_2021_2022_1_5_bps": 0.05587151670377139,
        "calmar_ratio_2021_2022_1_5_bps": 0.455244251746143,
        "perc_pos_return_2021_2022_1_5_bps": 0.5041095890410959,
        "profit_loss_ratio_2021_2022_1_5_bps": 1.1144070023472308,
        "sharpe_ratio_2021_1_5_bps": 0.6213743434711707,
        "annual_return_2021_2022_2_0_bps": 0.024895285827451152,
        "annual_volatility_2021_2022_2_0_bps": 0.03437401055690321,
        "sharpe_ratio_2021_2022_2_0_bps": 0.7325219549582611,
        "downside_risk_2021_2022_2_0_bps": 0.021870102799105586,
        "sortino_ratio_2021_2022_2_0_bps": 1.151330546737458,
        "max_drawdown_2021_2022_2_0_bps": 0.0560097475077491,
        "calmar_ratio_2021_2022_2_0_bps": 0.44448130790103674,
        "perc_pos_return_2021_2022_2_0_bps": 0.5013698630136987,
        "profit_loss_ratio_2021_2022_2_0_bps": 1.1238106747979961,
        "sharpe_ratio_2021_2_0_bps": 0.6086596107751289,
        "annual_return_2021_2022_2_5_bps": 0.02435566819300572,
        "annual_volatility_2021_2022_2_5_bps": 0.034373053868107566,
        "sharpe_ratio_2021_2022_2_5_bps": 0.7172188395538566,
        "downside_risk_2021_2022_2_5_bps": 0.021882197556769945,
        "sortino_ratio_2021_2022_2_5_bps": 1.1266236740276174,
        "max_drawdown_2021_2022_2_5_bps": 0.056147958242885494,
        "calmar_ratio_2021_2022_2_5_bps": 0.4337765602739762,
        "perc_pos_return_2021_2022_2_5_bps": 0.4986301369863014,
        "profit_loss_ratio_2021_2022_2_5_bps": 1.1332914917131223,
        "sharpe_ratio_2021_2_5_bps": 0.5959441034751156,
        "annual_return_2021_2022_3_0_bps": 0.023816333764164588,
        "annual_volatility_2021_2022_3_0_bps": 0.03437210087694003,
        "sharpe_ratio_2021_2022_3_0_bps": 0.7019147967676345,
        "downside_risk_2021_2022_3_0_bps": 0.02189430508661437,
        "sortino_ratio_2021_2022_3_0_bps": 1.1019434554360075,
        "max_drawdown_2021_2022_3_0_bps": 0.05628614891206851,
        "calmar_ratio_2021_2022_3_0_bps": 0.42312956605666874,
        "perc_pos_return_2021_2022_3_0_bps": 0.4958904109589041,
        "profit_loss_ratio_2021_2022_3_0_bps": 1.142850695582914,
        "sharpe_ratio_2021_3_0_bps": 0.5832278256045381
    },
    "COMB": {
        "annual_return_2021_2022": 0.027056591387088824,
        "annual_volatility_2021_2022": 0.03437787428217499,
        "sharpe_ratio_2021_2022": 0.793725045699411,
        "downside_risk_2021_2022": 0.02182184594588396,
        "sortino_ratio_2021_2022": 1.2504249137921692,
        "max_drawdown_2021_2022": 0.05545670384987986,
        "calmar_ratio_2021_2022": 0.48788675685324634,
        "perc_pos_return_2021_2022": 0.5041095890410959,
        "profit_loss_ratio_2021_2022": 1.1229863221336032,
        "sharpe_ratio_2021": 0.6595138536228614,
        "annual_return_2021_2022_0_5_bps": 0.02651583944712166,
        "annual_volatility_2021_2022_0_5_bps": 0.034376902805965746,
        "sharpe_ratio_2021_2022_0_5_bps": 0.7784256883471112,
        "downside_risk_2021_2022_0_5_bps": 0.021833891957970673,
        "sortino_ratio_2021_2022_0_5_bps": 1.225611278167321,
        "max_drawdown_2021_2022_0_5_bps": 0.055594994877724416,
        "calmar_ratio_2021_2022_0_5_bps": 0.4769465219925026,
        "perc_pos_return_2021_2022_0_5_bps": 0.5041095890410959,
        "profit_loss_ratio_2021_2022_0_5_bps": 1.1201190748171928,
        "sharpe_ratio_2021_0_5_bps": 0.6468014689248615,
        "annual_return_2021_2022_1_0_bps": 0.025975371306155015,
        "annual_volatility_2021_2022_1_0_bps": 0.03437593502614276,
        "sharpe_ratio_2021_2022_1_0_bps": 0.7631253842065122,
        "downside_risk_2021_2022_1_0_bps": 0.021845950116613035,
        "sortino_ratio_2021_2022_1_0_bps": 1.2008243397175002,
        "max_drawdown_2021_2022_1_0_bps": 0.0557332658280589,
        "calmar_ratio_2021_2022_1_0_bps": 0.46606583913978566,
        "perc_pos_return_2021_2022_1_0_bps": 0.5041095890410959,
        "profit_loss_ratio_2021_2022_1_0_bps": 1.1172593113090914,
        "sharpe_ratio_2021_1_0_bps": 0.6340882975312632,
        "annual_return_2021_2022_1_5_bps": 0.025435186815730537,
        "annual_volatility_2021_2022_1_5_bps": 0.03437497094301824,
        "sharpe_ratio_2021_2022_1_5_bps": 0.7478241381266417,
        "downside_risk_2021_2022_1_5_bps": 0.021858020401708807,
        "sortino_ratio_2021_2022_1_5_bps": 1.1760640966636347,
        "max_drawdown_2021_2022_1_5_bps": 0.05587151670377139,
        "calmar_ratio_2021_2022_1_5_bps": 0.455244251746143,
        "perc_pos_return_2021_2022_1_5_bps": 0.5041095890410959,
        "profit_loss_ratio_2021_2022_1_5_bps": 1.1144070023472308,
        "sharpe_ratio_2021_1_5_bps": 0.6213743434711707,
        "annual_return_2021_2022_2_0_bps": 0.024895285827451152,
        "annual_volatility_2021_2022_2_0_bps": 0.03437401055690321,
        "sharpe_ratio_2021_2022_2_0_bps": 0.7325219549582611,
        "downside_risk_2021_2022_2_0_bps": 0.021870102799105586,
        "sortino_ratio_2021_2022_2_0_bps": 1.151330546737458,
        "max_drawdown_2021_2022_2_0_bps": 0.0560097475077491,
        "calmar_ratio_2021_2022_2_0_bps": 0.44448130790103674,
        "perc_pos_return_2021_2022_2_0_bps": 0.5013698630136987,
        "profit_loss_ratio_2021_2022_2_0_bps": 1.1238106747979961,
        "sharpe_ratio_2021_2_0_bps": 0.6086596107751289,
        "annual_return_2021_2022_2_5_bps": 0.02435566819300572,
        "annual_volatility_2021_2022_2_5_bps": 0.034373053868107566,
        "sharpe_ratio_2021_2022_2_5_bps": 0.7172188395538566,
        "downside_risk_2021_2022_2_5_bps": 0.021882197556769945,
        "sortino_ratio_2021_2022_2_5_bps": 1.1266236740276174,