{
    "ALL": {
        "annual_return": -0.012350765503365,
        "annual_volatility": 0.06863994202985502,
        "sharpe_ratio": -0.159003721464802,
        "downside_risk": 0.04872798796290251,
        "sortino_ratio": -0.24143325535911153,
        "max_drawdown": 0.08083914208157901,
        "calmar_ratio": -0.12922231032718,
        "perc_pos_return": 0.5041095890410956,
        "profit_loss_ratio": 0.9658367224343305,
        "annual_return_0_5_bps": -0.0133104817780415,
        "annual_volatility_0_5_bps": 0.06863906212128601,
        "sharpe_ratio_0_5_bps": -0.17260023431717053,
        "downside_risk_0_5_bps": 0.04874632887547001,
        "sortino_ratio_0_5_bps": -0.260069820079383,
        "max_drawdown_0_5_bps": 0.0810095579835495,
        "calmar_ratio_0_5_bps": -0.1452532212041555,
        "perc_pos_return_0_5_bps": 0.5041095890410956,
        "profit_loss_ratio_0_5_bps": 0.9636866172202085,
        "annual_return_1_0_bps": -0.014269009065406001,
        "annual_volatility_1_0_bps": 0.0686381937279775,
        "sharpe_ratio_1_0_bps": -0.186197217409447,
        "downside_risk_1_0_bps": 0.0487646969833785,
        "sortino_ratio_1_0_bps": -0.27869133196672,
        "max_drawdown_1_0_bps": 0.08117994225901101,
        "calmar_ratio_1_0_bps": -0.16114889671378801,
        "perc_pos_return_1_0_bps": 0.5041095890410956,
        "profit_loss_ratio_1_0_bps": 0.961542234968777,
        "annual_return_1_5_bps": -0.0152263490116455,
        "annual_volatility_1_5_bps": 0.068637336850648,
        "sharpe_ratio_1_5_bps": -0.19979466217343003,
        "downside_risk_1_5_bps": 0.048783092269829006,
        "sortino_ratio_1_5_bps": -0.29729777359409004,
        "max_drawdown_1_5_bps": 0.08135029491381851,
        "calmar_ratio_1_5_bps": -0.1769109095306345,
        "perc_pos_return_1_5_bps": 0.502739726027397,
        "profit_loss_ratio_1_5_bps": 0.964072407809788,
        "annual_return_2_0_bps": -0.016182503260576003,
        "annual_volatility_2_0_bps": 0.0686364914900075,
        "sharpe_ratio_2_0_bps": -0.21339256003861,
        "downside_risk_2_0_bps": 0.048801514839800504,
        "sortino_ratio_2_0_bps": -0.31588912740816655,
        "max_drawdown_2_0_bps": 0.08152061595382151,
        "calmar_ratio_2_0_bps": -0.19254080794948103,
        "perc_pos_return_2_0_bps": 0.49863013698630104,
        "profit_loss_ratio_2_0_bps": 0.9761677732516371,
        "annual_return_2_5_bps": -0.017137473453654004,
        "annual_volatility_2_5_bps": 0.068635657646757,
        "sharpe_ratio_2_5_bps": -0.22699090243220704,
        "downside_risk_2_5_bps": 0.048819965191280006,
        "sortino_ratio_2_5_bps": -0.33446537475285804,
        "max_drawdown_2_5_bps": 0.0816909053848725,
        "calmar_ratio_2_5_bps": -0.2080401163585235,
        "perc_pos_return_2_5_bps": 0.49863013698630104,
        "profit_loss_ratio_2_5_bps": 0.9739724598446345,
        "annual_return_3_0_bps": -0.018091261229973,
        "annual_volatility_3_0_bps": 0.06863483532159001,
        "sharpe_ratio_3_0_bps": -0.240589680779201,
        "downside_risk_3_0_bps": 0.048838443380462004,
        "sortino_ratio_3_0_bps": -0.353026497463983,
        "max_drawdown_3_0_bps": 0.0818611632128205,
        "calmar_ratio_3_0_bps": -0.223410335701232,
        "perc_pos_return_3_0_bps": 0.49863013698630104,
        "profit_loss_ratio_3_0_bps": 0.971783122783926,
        "annual_return_rescaled": -0.022697704194384993,
        "annual_volatility_rescaled": 0.12463645764920747,
        "downside_risk_rescaled": 0.0884803166854043,
        "max_drawdown_rescaled": 0.1682249125505818,
        "annual_return_rescaled_0_5_bps": -0.0241334516631051,
        "annual_volatility_rescaled_0_5_bps": 0.12463645764920647,
        "downside_risk_rescaled_0_5_bps": 0.08851475481565041,
        "max_drawdown_rescaled_0_5_bps": 0.16856593142086385,
        "annual_return_rescaled_1_0_bps": -0.02556654866060709,
        "annual_volatility_rescaled_1_0_bps": 0.12463645764920678,
        "downside_risk_rescaled_1_0_bps": 0.08854922835575528,
        "max_drawdown_rescaled_1_0_bps": 0.1689067934546088,
        "annual_return_rescaled_1_5_bps": -0.026996999867988924,
        "annual_volatility_rescaled_1_5_bps": 0.12463645764920715,
        "downside_risk_rescaled_1_5_bps": 0.08858373725828078,
        "max_drawdown_rescaled_1_5_bps": 0.16924749855421445,
        "annual_return_rescaled_2_0_bps": -0.02842480996032859,
        "annual_volatility_rescaled_2_0_bps": 0.12463645764920694,
        "downside_risk_rescaled_2_0_bps": 0.08861828169689466,
        "max_drawdown_rescaled_2_0_bps": 0.16958804662234145,
        "annual_return_rescaled_2_5_bps": -0.029849983606668018,
        "annual_volatility_rescaled_2_5_bps": 0.12463645764920706,
        "downside_risk_rescaled_2_5_bps": 0.08865286255891575,
        "max_drawdown_rescaled_2_5_bps": 0.1699284375619079,
        "annual_return_rescaled_3_0_bps": -0.03127252547002035,
        "annual_volatility_rescaled_3_0_bps": 0.12463645764920711,
        "downside_risk_rescaled_3_0_bps": 0.08868747992941398,
        "max_drawdown_rescaled_3_0_bps": 0.17026867127609002,
        "sharpe_ratio_years": -0.13211773730942702,
        "sharpe_ratio_years_0_5_bps": -0.1434152119647675,
        "sharpe_ratio_years_1_0_bps": -0.15471307734701803,
        "sharpe_ratio_years_1_5_bps": -0.1660113263367745,
        "sharpe_ratio_years_2_0_bps": -0.17730995181271952,
        "sharpe_ratio_years_2_5_bps": -0.18860894665164651,
        "sharpe_ratio_years_3_0_bps": -0.199908303728487,
        "sharpe_ratio_years_std": 0.12559611362699002,
        "sharpe_ratio_years_std_0_5_bps": 0.12025207788299949,
        "sharpe_ratio_years_std_1_0_bps": 0.11490762784456603,
        "sharpe_ratio_years_std_1_5_bps": 0.1095627697361385,
        "sharpe_ratio_years_std_2_0_bps": 0.10421750978409751,
        "sharpe_ratio_years_std_2_5_bps": 0.0988718542167275,
        "sharpe_ratio_years_std_3_0_bps": 0.093525809264192
    },
    "COMB": {
        "annual_return": -0.012350765503365,
        "annual_volatility": 0.06863994202985502,
        "sharpe_ratio": -0.159003721464802,
        "downside_risk": 0.04872798796290251,
        "sortino_ratio": -0.24143325535911153,
        "max_drawdown": 0.08083914208157901,
        "calmar_ratio": -0.12922231032718,
        "perc_pos_return": 0.5041095890410956,
        "profit_loss_ratio": 0.9658367224343305,
        "annual_return_0_5_bps": -0.0133104817780415,
        "annual_volatility_0_5_bps": 0.06863906212128601,
        "sharpe_ratio_0_5_bps": -0.17260023431717053,
        "downside_risk_0_5_bps": 0.04874632887547001,
        "sortino_ratio_0_5_bps": -0.260069820079383,
        "max_drawdown_0_5_bps": 0.0810095579835495,
        "calmar_ratio_0_5_bps": -0.1452532212041555,
        "perc_pos_return_0_5_bps": 0.5041095890410956,
        "profit_loss_ratio_0_5_bps": 0.9636866172202085,
        "annual_return_1_0_bps": -0.014269009065406001,
        "annual_volatility_1_0_bps": 0.0686381937279775,
        "sharpe_ratio_1_0_bps": -0.186197217409447,
        "downside_risk_1_0_bps": 0.0487646969833785,
        "sortino_ratio_1_0_bps": -0.27869133196672,
        "max_drawdown_1_0_bps": 0.08117994225901101,
        "calmar_ratio_1_0_bps": -0.16114889671378801,
        "perc_pos_return_1_0_bps": 0.5041095890410956,
        "profit_loss_ratio_1_0_bps": 0.961542234968777,
        "annual_return_1_5_bps": -0.0152263490116455,
        "annual_volatility_1_5_bps": 0.068637336850648,
        "sharpe_ratio_1_5_bps": -0.19979466217343003,
        "downside_risk_1_5_bps": 0.048783092269829006,
        "sortino_ratio_1_5_bps": -0.29729777359409004,
        "max_drawdown_1_5_bps": 0.08135029491381851,
        "calmar_ratio_1_5_bps": -0.1769109095306345,
        "perc_pos_return_1_5_bps": 0.502739726027397,
        "profit_loss_ratio_1_5_bps": 0.964072407809788,
        "annual_return_2_0_bps": -0.016182503260576003,
        "annual_volatility_2_0_bps": 0.0686364914900075,