{
    "ALL": {
        "performance_sw": 3.4929216692682727,
        "performance_fw": 4.0112941768555155,
        "val_loss": 3.874043439133799,
        "annual_return_2019_2020": 0.034289815709322324,
        "annual_volatility_2019_2020": 0.009666352134846077,
        "sharpe_ratio_2019_2020": 3.4929216692682723,
        "downside_risk_2019_2020": 0.00580233354982179,
        "sortino_ratio_2019_2020": 5.819005499195835,
        "max_drawdown_2019_2020": 0.005022882428988496,
        "calmar_ratio_2019_2020": 6.826720751301276,
        "perc_pos_return_2019_2020": 0.5961538461538461,
        "profit_loss_ratio_2019_2020": 1.2219450624877444,
        "sharpe_ratio_2019": 3.382222918888788,
        "annual_return_2019_2020_0_5_bps": 0.028592763787302244,
        "annual_volatility_2019_2020_0_5_bps": 0.009656351711158384,
        "sharpe_ratio_2019_2020_0_5_bps": 2.924462001574715,
        "downside_risk_2019_2020_0_5_bps": 0.005957508732140682,
        "sortino_ratio_2019_2020_0_5_bps": 4.740174949433346,
        "max_drawdown_2019_2020_0_5_bps": 0.005645324525460907,
        "calmar_ratio_2019_2020_0_5_bps": 5.06485741578653,
        "perc_pos_return_2019_2020_0_5_bps": 0.5923076923076923,
        "profit_loss_ratio_2019_2020_0_5_bps": 1.1283477551497876,
        "sharpe_ratio_2019_0_5_bps": 2.818562323858761,
        "annual_return_2019_2020_1_0_bps": 0.02292696083134982,
        "annual_volatility_2019_2020_1_0_bps": 0.00964711106082761,
        "sharpe_ratio_2019_2020_1_0_bps": 2.3546382257277694,
        "downside_risk_2019_2020_1_0_bps": 0.006116982703772381,
        "sortino_ratio_2019_2020_1_0_bps": 3.7135067355441596,
        "max_drawdown_2019_2020_1_0_bps": 0.0062682990275325125,
        "calmar_ratio_2019_2020_1_0_bps": 3.6576048351628994,
        "perc_pos_return_2019_2020_1_0_bps": 0.5769230769230769,
        "profit_loss_ratio_2019_2020_1_0_bps": 1.0923478339853494,
        "sharpe_ratio_2019_1_0_bps": 2.2532744267650866,
        "annual_return_2019_2020_1_5_bps": 0.01729223615797193,
        "annual_volatility_2019_2020_1_5_bps": 0.009638632369060257,
        "sharpe_ratio_2019_2020_1_5_bps": 1.7835807645690043,
        "downside_risk_2019_2020_1_5_bps": 0.006280728870962633,
        "sortino_ratio_2019_2020_1_5_bps": 2.737147175654659,
        "max_drawdown_2019_2020_1_5_bps": 0.006912924057716418,
        "calmar_ratio_2019_2020_1_5_bps": 2.501435863261047,
        "perc_pos_return_2019_2020_1_5_bps": 0.5576923076923077,
        "profit_loss_ratio_2019_2020_1_5_bps": 1.072866688650959,
        "sharpe_ratio_2019_1_5_bps": 1.6864649191090326,
        "annual_return_2019_2020_2_0_bps": 0.01168842001202286,
        "annual_volatility_2019_2020_2_0_bps": 0.00963091764825412,
        "sharpe_ratio_2019_2020_2_0_bps": 1.211421645876625,
        "downside_risk_2019_2020_2_0_bps": 0.006448838070378263,
        "sortino_ratio_2019_2020_2_0_bps": 1.809178953080131,
        "max_drawdown_2019_2020_2_0_bps": 0.00755714610205101,
        "calmar_ratio_2019_2020_2_0_bps": 1.5466711711251184,
        "perc_pos_return_2019_2020_2_0_bps": 0.5461538461538461,
        "profit_loss_ratio_2019_2020_2_0_bps": 1.0204791361123735,
        "sharpe_ratio_2019_2_0_bps": 1.1182411872494413,
        "annual_return_2019_2020_2_5_bps": 0.006115343561677866,
        "annual_volatility_2019_2020_2_5_bps": 0.009623968735641858,
        "sharpe_ratio_2019_2020_2_5_bps": 0.6382943561051303,
        "downside_risk_2019_2020_2_5_bps": 0.0066212347163219065,
        "sortino_ratio_2019_2020_2_5_bps": 0.9277612394784303,
        "max_drawdown_2019_2020_2_5_bps": 0.008726606070932235,
        "calmar_ratio_2019_2020_2_5_bps": 0.7007699799865704,
        "perc_pos_return_2019_2020_2_5_bps": 0.5307692307692308,
        "profit_loss_ratio_2019_2020_2_5_bps": 0.9852282440488618,
        "sharpe_ratio_2019_2_5_bps": 0.5487122202281115,
        "annual_return_2019_2020_3_0_bps": 0.0005728388934265194,
        "annual_volatility_2019_2020_3_0_bps": 0.00961778729112752,
        "sharpe_ratio_2019_2020_3_0_bps": 0.06433368997517822,
        "downside_risk_2019_2020_3_0_bps": 0.006797934978969223,
        "sortino_ratio_2019_2020_3_0_bps": 0.09101995646454804,
        "max_drawdown_2019_2020_3_0_bps": 0.011827217490247222,
        "calmar_ratio_2019_2020_3_0_bps": 0.0484339527787398,
        "perc_pos_return_2019_2020_3_0_bps": 0.5115384615384615,
        "profit_loss_ratio_2019_2020_3_0_bps": 0.9653852743888293,
        "sharpe_ratio_2019_3_0_bps": -0.02201148618539678
    },
    "COMB": {
        "annual_return_2019_2020": 0.034289815709322324,
        "annual_volatility_2019_2020": 0.009666352134846077,
        "sharpe_ratio_2019_2020": 3.4929216692682723,
        "downside_risk_2019_2020": 0.00580233354982179,
        "sortino_ratio_2019_2020": 5.819005499195835,
        "max_drawdown_2019_2020": 0.005022882428988496,
        "calmar_ratio_2019_2020": 6.826720751301276,
        "perc_pos_return_2019_2020": 0.5961538461538461,
        "profit_loss_ratio_2019_2020": 1.2219450624877444,
        "sharpe_ratio_2019": 3.382222918888788,
        "annual_return_2019_2020_0_5_bps": 0.028592763787302244,
        "annual_volatility_2019_2020_0_5_bps": 0.009656351711158384,
        "sharpe_ratio_2019_2020_0_5_bps": 2.924462001574715,
        "downside_risk_2019_2020_0_5_bps": 0.005957508732140682,
        "sortino_ratio_2019_2020_0_5_bps": 4.740174949433346,
        "max_drawdown_2019_2020_0_5_bps": 0.005645324525460907,
        "calmar_ratio_2019_2020_0_5_bps": 5.06485741578653,
        "perc_pos_return_2019_2020_0_5_bps": 0.5923076923076923,
        "profit_loss_ratio_2019_2020_0_5_bps": 1.1283477551497876,
        "sharpe_ratio_2019_0_5_bps": 2.818562323858761,
        "annual_return_2019_2020_1_0_bps": 0.02292696083134982,
        "annual_volatility_2019_2020_1_0_bps": 0.00964711106082761,
        "sharpe_ratio_2019_2020_1_0_bps": 2.3546382257277694,
        "downside_risk_2019_2020_1_0_bps": 0.006116982703772381,
        "sortino_ratio_2019_2020_1_0_bps": 3.7135067355441596,
        "max_drawdown_2019_2020_1_0_bps": 0.0062682990275325125,
        "calmar_ratio_2019_2020_1_0_bps": 3.6576048351628994,
        "perc_pos_return_2019_2020_1_0_bps": 0.5769230769230769,
        "profit_loss_ratio_2019_2020_1_0_bps": 1.0923478339853494,
        "sharpe_ratio_2019_1_0_bps": 2.2532744267650866,
        "annual_return_2019_2020_1_5_bps": 0.01729223615797193,
        "annual_volatility_2019_2020_1_5_bps": 0.009638632369060257,
        "sharpe_ratio_2019_2020_1_5_bps": 1.7835807645690043,
        "downside_risk_2019_2020_1_5_bps": 0.006280728870962633,
        "sortino_ratio_2019_2020_1_5_bps": 2.737147175654659,
        "max_drawdown_2019_2020_1_5_bps": 0.006912924057716418,
        "calmar_ratio_2019_2020_1_5_bps": 2.501435863261047,
        "perc_pos_return_2019_2020_1_5_bps": 0.5576923076923077,
        "profit_loss_ratio_2019_2020_1_5_bps": 1.072866688650959,
        "sharpe_ratio_2019_1_5_bps": 1.6864649191090326,
        "annual_return_2019_2020_2_0_bps": 0.01168842001202286,
        "annual_volatility_2019_2020_2_0_bps": 0.00963091764825412,
        "sharpe_ratio_2019_2020_2_0_bps": 1.211421645876625,
        "downside_risk_2019_2020_2_0_bps": 0.006448838070378263,
        "sortino_ratio_2019_2020_2_0_bps": 1.809178953080131,
        "max_drawdown_2019_2020_2_0_bps": 0.00755714610205101,
        "calmar_ratio_2019_2020_2_0_bps": 1.5466711711251184,
        "perc_pos_return_2019_2020_2_0_bps": 0.5461538461538461,
        "profit_loss_ratio_2019_2020_2_0_bps": 1.0204791361123735,
        "sharpe_ratio_2019_2_0_bps": 1.1182411872494413,
        "annual_return_2019_2020_2_5_bps": 0.006115343561677866,
        "annual_volatility_2019_2020_2_5_bps": 0.009623968735641858,
        "sharpe_ratio_2019_2020_2_5_bps": 0.6382943561051303,
        "downside_risk_2019_2020_2_5_bps": 0.0066212347163219065,
        "sortino_ratio_2019_2020_2_5_bps": 0.9277612394784303,