{
    "ALL": {
        "annual_return_2022_2023": -0.07724828304166975,
        "annual_volatility_2022_2023": 0.10042608906550976,
        "sharpe_ratio_2022_2023": -0.7501823021337987,
        "downside_risk_2022_2023": 0.07914312938744791,
        "sortino_ratio_2022_2023": -0.951919329859183,
        "max_drawdown_2022_2023": 0.10746997701809496,
        "calmar_ratio_2022_2023": -0.7187894255217276,
        "perc_pos_return_2022_2023": 0.5287671232876713,
        "profit_loss_ratio_2022_2023": 0.7941842536675364,
        "sharpe_ratio_2022": -0.6226323551779941,
        "annual_return_2022_2023_0_5_bps": -0.07729543220559199,
        "annual_volatility_2022_2023_0_5_bps": 0.10042624788532027,
        "sharpe_ratio_2022_2023_0_5_bps": -0.7506896273967372,
        "downside_risk_2022_2023_0_5_bps": 0.07914486022469654,
        "sortino_ratio_2022_2023_0_5_bps": -0.9525437582661739,
        "max_drawdown_2022_2023_0_5_bps": 0.10748006509845476,
        "calmar_ratio_2022_2023_0_5_bps": -0.7191606381591525,
        "perc_pos_return_2022_2023_0_5_bps": 0.5287671232876713,
        "profit_loss_ratio_2022_2023_0_5_bps": 0.7941217980994071,
        "sharpe_ratio_2022_0_5_bps": -0.6230539074374573,
        "annual_return_2022_2023_1_0_bps": -0.07734257897376107,
        "annual_volatility_2022_2023_1_0_bps": 0.1004264067779273,
        "sharpe_ratio_2022_2023_1_0_bps": -0.7511969505105278,
        "downside_risk_2022_2023_1_0_bps": 0.07914659111001056,
        "sortino_ratio_2022_2023_1_0_bps": -0.9531681587833676,
        "max_drawdown_2022_2023_1_0_bps": 0.10749015306767726,
        "calmar_ratio_2022_2023_1_0_bps": -0.7195317595748992,
        "perc_pos_return_2022_2023_1_0_bps": 0.5287671232876713,
        "profit_loss_ratio_2022_2023_1_0_bps": 0.7940593467789153,
        "sharpe_ratio_2022_1_0_bps": -0.6234754579206219,
        "annual_return_2022_2023_1_5_bps": -0.0773897233463019,
        "annual_volatility_2022_2023_1_5_bps": 0.10042656574333049,
        "sharpe_ratio_2022_2023_1_5_bps": -0.7517042714740813,
        "downside_risk_2022_2023_1_5_bps": 0.07914832204338687,
        "sortino_ratio_2022_2023_1_5_bps": -0.9537925314114948,
        "max_drawdown_2022_2023_1_5_bps": 0.10750024092576327,
        "calmar_ratio_2022_2023_1_5_bps": -0.7199027897969561,
        "perc_pos_return_2022_2023_1_5_bps": 0.5287671232876713,
        "profit_loss_ratio_2022_2023_1_5_bps": 0.7939968997056283,
        "sharpe_ratio_2022_1_5_bps": -0.6238970066265837,
        "annual_return_2022_2023_2_0_bps": -0.07743686532333427,
        "annual_volatility_2022_2023_2_0_bps": 0.10042672478152949,
        "sharpe_ratio_2022_2023_2_0_bps": -0.7522115902863072,
        "downside_risk_2022_2023_2_0_bps": 0.0791500530248223,
        "sortino_ratio_2022_2023_2_0_bps": -0.9544168761512868,
        "max_drawdown_2022_2023_2_0_bps": 0.10751032867271353,
        "calmar_ratio_2022_2023_2_0_bps": -0.7202737288532539,
        "perc_pos_return_2022_2023_2_0_bps": 0.5287671232876713,
        "profit_loss_ratio_2022_2023_2_0_bps": 0.7939344568791127,
        "sharpe_ratio_2022_2_0_bps": -0.624318553554438,
        "annual_return_2022_2023_2_5_bps": -0.07748400490497542,
        "annual_volatility_2022_2023_2_5_bps": 0.10042688389252398,
        "sharpe_ratio_2022_2023_2_5_bps": -0.7527189069461141,
        "downside_risk_2022_2023_2_5_bps": 0.0791517840543137,
        "sortino_ratio_2022_2023_2_5_bps": -0.9550411930034723,
        "max_drawdown_2022_2023_2_5_bps": 0.10752041630853085,
        "calmar_ratio_2022_2023_2_5_bps": -0.7206445767716742,
        "perc_pos_return_2022_2023_2_5_bps": 0.5287671232876713,
        "profit_loss_ratio_2022_2023_2_5_bps": 0.7938720182989351,
        "sharpe_ratio_2022_2_5_bps": -0.6247400987032803,
        "annual_return_2022_2023_3_0_bps": -0.07753114209135548,
        "annual_volatility_2022_2023_3_0_bps": 0.10042704307631359,
        "sharpe_ratio_2022_2023_3_0_bps": -0.7532262214524122,
        "downside_risk_2022_2023_3_0_bps": 0.07915351513187488,
        "sortino_ratio_2022_2023_3_0_bps": -0.9556654819685779,
        "max_drawdown_2022_2023_3_0_bps": 0.10753050383321588,
        "calmar_ratio_2022_2023_3_0_bps": -0.7210153335802219,
        "perc_pos_return_2022_2023_3_0_bps": 0.5260273972602739,
        "profit_loss_ratio_2022_2023_3_0_bps": 0.8025832256102599,
        "sharpe_ratio_2022_3_0_bps": -0.6251616420722056
    },
    "COMB": {
        "annual_return_2022_2023": -0.07724828304166975,
        "annual_volatility_2022_2023": 0.10042608906550976,
        "sharpe_ratio_2022_2023": -0.7501823021337987,
        "downside_risk_2022_2023": 0.07914312938744791,
        "sortino_ratio_2022_2023": -0.951919329859183,
        "max_drawdown_2022_2023": 0.10746997701809496,
        "calmar_ratio_2022_2023": -0.7187894255217276,
        "perc_pos_return_2022_2023": 0.5287671232876713,
        "profit_loss_ratio_2022_2023": 0.7941842536675364,
        "sharpe_ratio_2022": -0.6226323551779941,
        "annual_return_2022_2023_0_5_bps": -0.07729543220559199,
        "annual_volatility_2022_2023_0_5_bps": 0.10042624788532027,
        "sharpe_ratio_2022_2023_0_5_bps": -0.7506896273967372,
        "downside_risk_2022_2023_0_5_bps": 0.07914486022469654,
        "sortino_ratio_2022_2023_0_5_bps": -0.9525437582661739,
        "max_drawdown_2022_2023_0_5_bps": 0.10748006509845476,
        "calmar_ratio_2022_2023_0_5_bps": -0.7191606381591525,
        "perc_pos_return_2022_2023_0_5_bps": 0.5287671232876713,
        "profit_loss_ratio_2022_2023_0_5_bps": 0.7941217980994071,
        "sharpe_ratio_2022_0_5_bps": -0.6230539074374573,
        "annual_return_2022_2023_1_0_bps": -0.07734257897376107,
        "annual_volatility_2022_2023_1_0_bps": 0.1004264067779273,
        "sharpe_ratio_2022_2023_1_0_bps": -0.7511969505105278,
        "downside_risk_2022_2023_1_0_bps": 0.07914659111001056,
        "sortino_ratio_2022_2023_1_0_bps": -0.9531681587833676,
        "max_drawdown_2022_2023_1_0_bps": 0.10749015306767726,
        "calmar_ratio_2022_2023_1_0_bps": -0.7195317595748992,
        "perc_pos_return_2022_2023_1_0_bps": 0.5287671232876713,
        "profit_loss_ratio_2022_2023_1_0_bps": 0.7940593467789153,
        "sharpe_ratio_2022_1_0_bps": -0.6234754579206219,
        "annual_return_2022_2023_1_5_bps": -0.0773897233463019,
        "annual_volatility_2022_2023_1_5_bps": 0.10042656574333049,
        "sharpe_ratio_2022_2023_1_5_bps": -0.7517042714740813,
        "downside_risk_2022_2023_1_5_bps": 0.07914832204338687,
        "sortino_ratio_2022_2023_1_5_bps": -0.9537925314114948,
        "max_drawdown_2022_2023_1_5_bps": 0.10750024092576327,
        "calmar_ratio_2022_2023_1_5_bps": -0.7199027897969561,
        "perc_pos_return_2022_2023_1_5_bps": 0.5287671232876713,
        "profit_loss_ratio_2022_2023_1_5_bps": 0.7939968997056283,
        "sharpe_ratio_2022_1_5_bps": -0.6238970066265837,
        "annual_return_2022_2023_2_0_bps": -0.07743686532333427,
        "annual_volatility_2022_2023_2_0_bps": 0.10042672478152949,
        "sharpe_ratio_2022_2023_2_0_bps": -0.7522115902863072,
        "downside_risk_2022_2023_2_0_bps": 0.0791500530248223,
        "sortino_ratio_2022_2023_2_0_bps": -0.9544168761512868,
        "max_drawdown_2022_2023_2_0_bps": 0.10751032867271353,
        "calmar_ratio_2022_2023_2_0_bps": -0.7202737288532539,
        "perc_pos_return_2022_2023_2_0_bps": 0.5287671232876713,
        "profit_loss_ratio_2022_2023_2_0_bps": 0.7939344568791127,
        "sharpe_ratio_2022_2_0_bps": -0.624318553554438,
        "annual_return_2022_2023_2_5_bps": -0.07748400490497542,
        "annual_volatility_2022_2023_2_5_bps": 0.10042688389252398,
        "sharpe_ratio_2022_2023_2_5_bps": -0.7527189069461141,
        "downside_risk_2022_2023_2_5_bps": 0.0791517840543137,
        "sortino_ratio_2022_2023_2_5_bps": -0.9550411930034723,
        "max_drawdown_2022_2023_2_5_bps": 0.10752041630853085,
        "calmar_ratio_2022_2023_2_5_bps": -0.7206445767716742,