{
    "ALL": {
        "performance_sw": 0.24987326161412596,
        "performance_fw": -0.013715610744413465,
        "val_loss": 4.502105494422886,
        "annual_return_2022_2023": 0.014537826865677062,
        "annual_volatility_2022_2023": 0.05259614202052347,
        "sharpe_ratio_2022_2023": 0.30072251690280194,
        "downside_risk_2022_2023": 0.039890617716635816,
        "sortino_ratio_2022_2023": 0.3965053717679796,
        "max_drawdown_2022_2023": 0.03370354999041837,
        "calmar_ratio_2022_2023": 0.4313440830360612,
        "perc_pos_return_2022_2023": 0.5412087912087912,
        "profit_loss_ratio_2022_2023": 0.896119480376725,
        "sharpe_ratio_2022": 0.25075436787738026,
        "annual_return_2022_2023_0_5_bps": 0.013562675747538444,
        "annual_volatility_2022_2023_0_5_bps": 0.0525962135882074,
        "sharpe_ratio_2022_2023_0_5_bps": 0.28243811601335,
        "downside_risk_2022_2023_0_5_bps": 0.0399093482561358,
        "sortino_ratio_2022_2023_0_5_bps": 0.37222295337797645,
        "max_drawdown_2022_2023_0_5_bps": 0.03397166184061536,
        "calmar_ratio_2022_2023_0_5_bps": 0.39923498035422483,
        "perc_pos_return_2022_2023_0_5_bps": 0.5412087912087912,
        "profit_loss_ratio_2022_2023_0_5_bps": 0.8931037664488141,
        "sharpe_ratio_2022_0_5_bps": 0.23554965661824834,
        "annual_return_2022_2023_1_0_bps": 0.012588459017817799,
        "annual_volatility_2022_2023_1_0_bps": 0.052596291550358096,
        "sharpe_ratio_2022_2023_1_0_bps": 0.26415373276815135,
        "downside_risk_2022_2023_1_0_bps": 0.03992810252438107,
        "sortino_ratio_2022_2023_1_0_bps": 0.3479631103007051,
        "max_drawdown_2022_2023_1_0_bps": 0.03423970018896189,
        "calmar_ratio_2022_2023_1_0_bps": 0.36765681207325623,
        "perc_pos_return_2022_2023_1_0_bps": 0.5384615384615384,
        "profit_loss_ratio_2022_2023_1_0_bps": 0.8999960090449393,
        "sharpe_ratio_2022_1_0_bps": 0.2203449559064661,
        "annual_return_2022_2023_1_5_bps": 0.011615175783972198,
        "annual_volatility_2022_2023_1_5_bps": 0.0525963759069471,
        "sharpe_ratio_2022_2023_1_5_bps": 0.24586937383609772,
        "downside_risk_2022_2023_1_5_bps": 0.03994688054983523,
        "sortino_ratio_2022_2023_1_5_bps": 0.32372585374109875,
        "max_drawdown_2022_2023_1_5_bps": 0.03450766505536342,
        "calmar_ratio_2022_2023_1_5_bps": 0.33659697824634144,
        "perc_pos_return_2022_2023_1_5_bps": 0.5384615384615384,
        "profit_loss_ratio_2022_2023_1_5_bps": 0.8969659465885832,
        "sharpe_ratio_2022_1_5_bps": 0.20514027128909165,
        "annual_return_2022_2023_2_0_bps": 0.010642825154299373,
        "annual_volatility_2022_2023_2_0_bps": 0.05259646665794365,
        "sharpe_ratio_2022_2023_2_0_bps": 0.22758504588599102,
        "downside_risk_2022_2023_2_0_bps": 0.03996568231366507,
        "sortino_ratio_2022_2023_2_0_bps": 0.29951119522601677,
        "max_drawdown_2022_2023_2_0_bps": 0.03477555645972686,
        "calmar_ratio_2022_2023_2_0_bps": 0.3060432740055417,
        "perc_pos_return_2022_2023_2_0_bps": 0.5384615384615384,
        "profit_loss_ratio_2022_2023_2_0_bps": 0.8939455755785428,
        "sharpe_ratio_2022_2_0_bps": 0.18993560831311812,
        "annual_return_2022_2023_2_5_bps": 0.009671406237949043,
        "annual_volatility_2022_2023_2_5_bps": 0.05259656380331466,
        "sharpe_ratio_2022_2023_2_5_bps": 0.20930075558653422,
        "downside_risk_2022_2023_2_5_bps": 0.0399845077872116,
        "sortino_ratio_2022_2023_2_5_bps": 0.27531914620217,
        "max_drawdown_2022_2023_2_5_bps": 0.035043374421944044,
        "calmar_ratio_2022_2023_2_5_bps": 0.2759838741982804,
        "perc_pos_return_2022_2023_2_5_bps": 0.532967032967033,
        "profit_loss_ratio_2022_2023_2_5_bps": 0.9108353538627805,
        "sharpe_ratio_2022_2_5_bps": 0.17473097252546402,
        "annual_return_2022_2023_3_0_bps": 0.008700918144921577,
        "annual_volatility_2022_2023_3_0_bps": 0.052596667343024685,
        "sharpe_ratio_2022_2023_3_0_bps": 0.19101650960631725,
        "downside_risk_2022_2023_3_0_bps": 0.04000335704791061,
        "sortino_ratio_2022_2023_3_0_bps": 0.2511497172788877,
        "max_drawdown_2022_2023_3_0_bps": 0.03531111896190817,
        "calmar_ratio_2022_2023_3_0_bps": 0.24640731873458,
        "perc_pos_return_2022_2023_3_0_bps": 0.532967032967033,
        "profit_loss_ratio_2022_2023_3_0_bps": 0.9077667954464268,
        "sharpe_ratio_2022_3_0_bps": 0.15952636947296384
    },
    "COMB": {
        "annual_return_2022_2023": 0.014537826865677062,
        "annual_volatility_2022_2023": 0.05259614202052347,
        "sharpe_ratio_2022_2023": 0.30072251690280194,
        "downside_risk_2022_2023": 0.039890617716635816,
        "sortino_ratio_2022_2023": 0.3965053717679796,
        "max_drawdown_2022_2023": 0.03370354999041837,
        "calmar_ratio_2022_2023": 0.4313440830360612,
        "perc_pos_return_2022_2023": 0.5412087912087912,
        "profit_loss_ratio_2022_2023": 0.896119480376725,
        "sharpe_ratio_2022": 0.25075436787738026,
        "annual_return_2022_2023_0_5_bps": 0.013562675747538444,
        "annual_volatility_2022_2023_0_5_bps": 0.0525962135882074,
        "sharpe_ratio_2022_2023_0_5_bps": 0.28243811601335,
        "downside_risk_2022_2023_0_5_bps": 0.0399093482561358,
        "sortino_ratio_2022_2023_0_5_bps": 0.37222295337797645,
        "max_drawdown_2022_2023_0_5_bps": 0.03397166184061536,
        "calmar_ratio_2022_2023_0_5_bps": 0.39923498035422483,
        "perc_pos_return_2022_2023_0_5_bps": 0.5412087912087912,
        "profit_loss_ratio_2022_2023_0_5_bps": 0.8931037664488141,
        "sharpe_ratio_2022_0_5_bps": 0.23554965661824834,
        "annual_return_2022_2023_1_0_bps": 0.012588459017817799,
        "annual_volatility_2022_2023_1_0_bps": 0.052596291550358096,
        "sharpe_ratio_2022_2023_1_0_bps": 0.26415373276815135,
        "downside_risk_2022_2023_1_0_bps": 0.03992810252438107,
        "sortino_ratio_2022_2023_1_0_bps": 0.3479631103007051,
        "max_drawdown_2022_2023_1_0_bps": 0.03423970018896189,
        "calmar_ratio_2022_2023_1_0_bps": 0.36765681207325623,
        "perc_pos_return_2022_2023_1_0_bps": 0.5384615384615384,
        "profit_loss_ratio_2022_2023_1_0_bps": 0.8999960090449393,
        "sharpe_ratio_2022_1_0_bps": 0.2203449559064661,
        "annual_return_2022_2023_1_5_bps": 0.011615175783972198,
        "annual_volatility_2022_2023_1_5_bps": 0.0525963759069471,
        "sharpe_ratio_2022_2023_1_5_bps": 0.24586937383609772,
        "downside_risk_2022_2023_1_5_bps": 0.03994688054983523,
        "sortino_ratio_2022_2023_1_5_bps": 0.32372585374109875,
        "max_drawdown_2022_2023_1_5_bps": 0.03450766505536342,
        "calmar_ratio_2022_2023_1_5_bps": 0.33659697824634144,
        "perc_pos_return_2022_2023_1_5_bps": 0.5384615384615384,
        "profit_loss_ratio_2022_2023_1_5_bps": 0.8969659465885832,
        "sharpe_ratio_2022_1_5_bps": 0.20514027128909165,
        "annual_return_2022_2023_2_0_bps": 0.010642825154299373,
        "annual_volatility_2022_2023_2_0_bps": 0.05259646665794365,
        "sharpe_ratio_2022_2023_2_0_bps": 0.22758504588599102,
        "downside_risk_2022_2023_2_0_bps": 0.03996568231366507,
        "sortino_ratio_2022_2023_2_0_bps": 0.29951119522601677,
        "max_drawdown_2022_2023_2_0_bps": 0.03477555645972686,
        "calmar_ratio_2022_2023_2_0_bps": 0.3060432740055417,
        "perc_pos_return_2022_2023_2_0_bps": 0.5384615384615384,
        "profit_loss_ratio_2022_2023_2_0_bps": 0.8939455755785428,
        "sharpe_ratio_2022_2_0_bps": 0.18993560831311812,
        "annual_return_2022_2023_2_5_bps": 0.009671406237949043,
        "annual_volatility_2022_2023_2_5_bps": 0.05259656380331466,
        "sharpe_ratio_2022_2023_2_5_bps": 0.20930075558653422,
        "downside_risk_2022_2023_2_5_bps": 0.0399845077872116,
        "sortino_ratio_2022_2023_2_5_bps": 0.27531914620217,