{
    "ALL": {
        "performance_sw": 0.38485856394492174,
        "performance_fw": 0.3421047329526276,
        "val_loss": 2.008853967365903,
        "annual_return_2016_2017": 0.004145334284192614,
        "annual_volatility_2016_2017": 0.010902703086783047,
        "sharpe_ratio_2016_2017": 0.3848585639449219,
        "downside_risk_2016_2017": 0.00742981424047058,
        "sortino_ratio_2016_2017": 0.5647514887036301,
        "max_drawdown_2016_2017": 0.013068879248903762,
        "calmar_ratio_2016_2017": 0.3171912606461898,
        "perc_pos_return_2016_2017": 0.5057915057915058,
        "profit_loss_ratio_2016_2017": 1.0429520116825035,
        "sharpe_ratio_2016": 0.5007925330074348,
        "annual_return_2016_2017_0_5_bps": -0.0013740642706102646,
        "annual_volatility_2016_2017_0_5_bps": 0.010910090818864918,
        "sharpe_ratio_2016_2017_0_5_bps": -0.12059707451630865,
        "downside_risk_2016_2017_0_5_bps": 0.00762637364315827,
        "sortino_ratio_2016_2017_0_5_bps": -0.17252302300224995,
        "max_drawdown_2016_2017_0_5_bps": 0.015747392047110197,
        "calmar_ratio_2016_2017_0_5_bps": -0.08725662423972096,
        "perc_pos_return_2016_2017_0_5_bps": 0.4942084942084942,
        "profit_loss_ratio_2016_2017_0_5_bps": 1.002751688479499,
        "sharpe_ratio_2016_0_5_bps": -0.004393005703520083,
        "annual_return_2016_2017_1_0_bps": -0.006863252419914367,
        "annual_volatility_2016_2017_1_0_bps": 0.010918201326505334,
        "sharpe_ratio_2016_2017_1_0_bps": -0.6253272420840401,
        "downside_risk_2016_2017_1_0_bps": 0.007826793853023904,
        "sortino_ratio_2016_2017_1_0_bps": -0.8723174331957247,
        "max_drawdown_2016_2017_1_0_bps": 0.01865449073008689,
        "calmar_ratio_2016_2017_1_0_bps": -0.367914220721393,
        "perc_pos_return_2016_2017_1_0_bps": 0.4864864864864865,
        "profit_loss_ratio_2016_2017_1_0_bps": 0.9495527434283438,
        "sharpe_ratio_2016_1_0_bps": -0.508946316469245,
        "annual_return_2016_2017_1_5_bps": -0.012322394822136706,
        "annual_volatility_2016_2017_1_5_bps": 0.010927033000280332,
        "sharpe_ratio_2016_2017_1_5_bps": -1.1292335634261255,
        "downside_risk_2016_2017_1_5_bps": 0.008030986682295795,
        "sortino_ratio_2016_2017_1_5_bps": -1.536445383452443,
        "max_drawdown_2016_2017_1_5_bps": 0.021562133972700515,
        "calmar_ratio_2016_2017_1_5_bps": -0.571483084083324,
        "perc_pos_return_2016_2017_1_5_bps": 0.4749034749034749,
        "profit_loss_ratio_2016_2017_1_5_bps": 0.9134428892639666,
        "sharpe_ratio_2016_1_5_bps": -1.0127720762709038,
        "annual_return_2016_2017_2_0_bps": -0.01775165524206146,
        "annual_volatility_2016_2017_2_0_bps": 0.010936584093089502,
        "sharpe_ratio_2016_2017_2_0_bps": -1.6322186113322539,
        "downside_risk_2016_2017_2_0_bps": 0.008238848085474837,
        "sortino_ratio_2016_2017_2_0_bps": -2.1666737772009967,
        "max_drawdown_2016_2017_2_0_bps": 0.02458549911832891,
        "calmar_ratio_2016_2017_2_0_bps": -0.7220376188672655,
        "perc_pos_return_2016_2017_2_0_bps": 0.4671814671814672,
        "profit_loss_ratio_2016_2017_2_0_bps": 0.8653061603150543,
        "sharpe_ratio_2016_2_0_bps": -1.5157757742524274,
        "annual_return_2016_2017_2_5_bps": -0.02315119655564446,
        "annual_volatility_2016_2017_2_5_bps": 0.010946852721860816,
        "sharpe_ratio_2016_2017_2_5_bps": -2.134185996952846,
        "downside_risk_2016_2017_2_5_bps": 0.00845026438625885,
        "sortino_ratio_2016_2017_2_5_bps": -2.7647205722569987,
        "max_drawdown_2016_2017_2_5_bps": 0.027661716855372828,
        "calmar_ratio_2016_2017_2_5_bps": -0.8369399729123367,
        "perc_pos_return_2016_2017_2_5_bps": 0.44787644787644787,
        "profit_loss_ratio_2016_2017_2_5_bps": 0.8590594318504363,
        "sharpe_ratio_2016_2_5_bps": -2.017863797334059,
        "annual_return_2016_2017_3_0_bps": -0.02852118075482235,
        "annual_volatility_2016_2017_3_0_bps": 0.010957836869377782,
        "sharpe_ratio_2016_2017_3_0_bps": -2.6350404575697626,
        "downside_risk_2016_2017_3_0_bps": 0.008665191323379385,
        "sortino_ratio_2016_2017_3_0_bps": -3.3322222673092905,
        "max_drawdown_2016_2017_3_0_bps": 0.03073896576992381,
        "calmar_ratio_2016_2017_3_0_bps": -0.9278510203726039,
        "perc_pos_return_2016_2017_3_0_bps": 0.4362934362934363,
        "profit_loss_ratio_2016_2017_3_0_bps": 0.8270979753659018,
        "sharpe_ratio_2016_3_0_bps": -2.518943513754471
    },
    "COMB": {
        "annual_return_2016_2017": 0.004145334284192614,
        "annual_volatility_2016_2017": 0.010902703086783047,
        "sharpe_ratio_2016_2017": 0.3848585639449219,
        "downside_risk_2016_2017": 0.00742981424047058,
        "sortino_ratio_2016_2017": 0.5647514887036301,
        "max_drawdown_2016_2017": 0.013068879248903762,
        "calmar_ratio_2016_2017": 0.3171912606461898,
        "perc_pos_return_2016_2017": 0.5057915057915058,
        "profit_loss_ratio_2016_2017": 1.0429520116825035,
        "sharpe_ratio_2016": 0.5007925330074348,
        "annual_return_2016_2017_0_5_bps": -0.0013740642706102646,
        "annual_volatility_2016_2017_0_5_bps": 0.010910090818864918,
        "sharpe_ratio_2016_2017_0_5_bps": -0.12059707451630865,
        "downside_risk_2016_2017_0_5_bps": 0.00762637364315827,
        "sortino_ratio_2016_2017_0_5_bps": -0.17252302300224995,
        "max_drawdown_2016_2017_0_5_bps": 0.015747392047110197,
        "calmar_ratio_2016_2017_0_5_bps": -0.08725662423972096,
        "perc_pos_return_2016_2017_0_5_bps": 0.4942084942084942,
        "profit_loss_ratio_2016_2017_0_5_bps": 1.002751688479499,
        "sharpe_ratio_2016_0_5_bps": -0.004393005703520083,
        "annual_return_2016_2017_1_0_bps": -0.006863252419914367,
        "annual_volatility_2016_2017_1_0_bps": 0.010918201326505334,
        "sharpe_ratio_2016_2017_1_0_bps": -0.6253272420840401,
        "downside_risk_2016_2017_1_0_bps": 0.007826793853023904,
        "sortino_ratio_2016_2017_1_0_bps": -0.8723174331957247,
        "max_drawdown_2016_2017_1_0_bps": 0.01865449073008689,
        "calmar_ratio_2016_2017_1_0_bps": -0.367914220721393,
        "perc_pos_return_2016_2017_1_0_bps": 0.4864864864864865,
        "profit_loss_ratio_2016_2017_1_0_bps": 0.9495527434283438,
        "sharpe_ratio_2016_1_0_bps": -0.508946316469245,
        "annual_return_2016_2017_1_5_bps": -0.012322394822136706,
        "annual_volatility_2016_2017_1_5_bps": 0.010927033000280332,
        "sharpe_ratio_2016_2017_1_5_bps": -1.1292335634261255,
        "downside_risk_2016_2017_1_5_bps": 0.008030986682295795,
        "sortino_ratio_2016_2017_1_5_bps": -1.536445383452443,
        "max_drawdown_2016_2017_1_5_bps": 0.021562133972700515,
        "calmar_ratio_2016_2017_1_5_bps": -0.571483084083324,
        "perc_pos_return_2016_2017_1_5_bps": 0.4749034749034749,
        "profit_loss_ratio_2016_2017_1_5_bps": 0.9134428892639666,
        "sharpe_ratio_2016_1_5_bps": -1.0127720762709038,
        "annual_return_2016_2017_2_0_bps": -0.01775165524206146,
        "annual_volatility_2016_2017_2_0_bps": 0.010936584093089502,
        "sharpe_ratio_2016_2017_2_0_bps": -1.6322186113322539,
        "downside_risk_2016_2017_2_0_bps": 0.008238848085474837,
        "sortino_ratio_2016_2017_2_0_bps": -2.1666737772009967,
        "max_drawdown_2016_2017_2_0_bps": 0.02458549911832891,
        "calmar_ratio_2016_2017_2_0_bps": -0.7220376188672655,
        "perc_pos_return_2016_2017_2_0_bps": 0.4671814671814672,
        "profit_loss_ratio_2016_2017_2_0_bps": 0.8653061603150543,
        "sharpe_ratio_2016_2_0_bps": -1.5157757742524274,
        "annual_return_2016_2017_2_5_bps": -0.02315119655564446,
        "annual_volatility_2016_2017_2_5_bps": 0.010946852721860816,
        "sharpe_ratio_2016_2017_2_5_bps": -2.134185996952846,
        "downside_risk_2016_2017_2_5_bps": 0.00845026438625885,