{
    "ALL": {
        "performance_sw": 1.172907131545436,
        "performance_fw": 1.495543317463784,
        "val_loss": 2.9489759271331804,
        "annual_return_2017_2018": 0.008504267550569988,
        "annual_volatility_2017_2018": 0.007242326137879639,
        "sharpe_ratio_2017_2018": 1.1729071315454358,
        "downside_risk_2017_2018": 0.0049328417368504724,
        "sortino_ratio_2017_2018": 1.72204510690841,
        "max_drawdown_2017_2018": 0.005663578469503213,
        "calmar_ratio_2017_2018": 1.5015714174992174,
        "perc_pos_return_2017_2018": 0.5542635658914729,
        "profit_loss_ratio_2017_2018": 0.9759447475428908,
        "sharpe_ratio_2017": 1.4097862329910538,
        "annual_return_2017_2018_0_5_bps": 0.0018759727704000806,
        "annual_volatility_2017_2018_0_5_bps": 0.0072562853433907875,
        "sharpe_ratio_2017_2018_0_5_bps": 0.2619036452158922,
        "downside_risk_2017_2018_0_5_bps": 0.005164946825096337,
        "sortino_ratio_2017_2018_0_5_bps": 0.36795104509623905,
        "max_drawdown_2017_2018_0_5_bps": 0.007123140444171364,
        "calmar_ratio_2017_2018_0_5_bps": 0.2633631591435388,
        "perc_pos_return_2017_2018_0_5_bps": 0.5426356589147286,
        "profit_loss_ratio_2017_2018_0_5_bps": 0.8801855010474661,
        "sharpe_ratio_2017_0_5_bps": 0.5089373329126954,
        "annual_return_2017_2018_1_0_bps": -0.004708940192765243,
        "annual_volatility_2017_2018_1_0_bps": 0.007271639620625704,
        "sharpe_ratio_2017_2018_1_0_bps": -0.6454776441976181,
        "downside_risk_2017_2018_1_0_bps": 0.005404325317913504,
        "sortino_ratio_2017_2018_1_0_bps": -0.8685044914334787,
        "max_drawdown_2017_2018_1_0_bps": 0.008580600936262893,
        "calmar_ratio_2017_2018_1_0_bps": -0.5487890915500525,
        "perc_pos_return_2017_2018_1_0_bps": 0.5,
        "profit_loss_ratio_2017_2018_1_0_bps": 0.8984576107338719,
        "sharpe_ratio_2017_1_0_bps": -0.3890383156612686,
        "annual_return_2017_2018_1_5_bps": -0.011250754079793035,
        "annual_volatility_2017_2018_1_5_bps": 0.007288380152684912,
        "sharpe_ratio_2017_2018_1_5_bps": -1.548740456623074,
        "downside_risk_2017_2018_1_5_bps": 0.005651243899184564,
        "sortino_ratio_2017_2018_1_5_bps": -1.997402590842086,
        "max_drawdown_2017_2018_1_5_bps": 0.012566636879403537,
        "calmar_ratio_2017_2018_1_5_bps": -0.8952875926758728,
        "perc_pos_return_2017_2018_1_5_bps": 0.46124031007751937,
        "profit_loss_ratio_2017_2018_1_5_bps": 0.9034390239347516,
        "sharpe_ratio_2017_1_5_bps": -1.283718806819844,
        "annual_return_2017_2018_2_0_bps": -0.01774974979653987,
        "annual_volatility_2017_2018_2_0_bps": 0.007306497411078811,
        "sharpe_ratio_2017_2018_2_0_bps": -2.447402167355006,
        "downside_risk_2017_2018_2_0_bps": 0.005906048459354223,
        "sortino_ratio_2017_2018_2_0_bps": -3.0277329626928364,
        "max_drawdown_2017_2018_2_0_bps": 0.01894939732892244,
        "calmar_ratio_2017_2018_2_0_bps": -0.9366920482187816,
        "perc_pos_return_2017_2018_2_0_bps": 0.4418604651162791,
        "profit_loss_ratio_2017_2018_2_0_bps": 0.8420807473464162,
        "sharpe_ratio_2017_2_0_bps": -2.1746916102878533,
        "annual_return_2017_2018_2_5_bps": -0.024206206425714694,
        "annual_volatility_2017_2018_2_5_bps": 0.00732598118182156,
        "sharpe_ratio_2017_2018_2_5_bps": -3.340994931070576,
        "downside_risk_2017_2018_2_5_bps": 0.006168467134027857,
        "sortino_ratio_2017_2018_2_5_bps": -3.967933274470086,
        "max_drawdown_2017_2018_2_5_bps": 0.025413031975330017,
        "calmar_ratio_2017_2018_2_5_bps": -0.9525115479810964,
        "perc_pos_return_2017_2018_2_5_bps": 0.43410852713178294,
        "profit_loss_ratio_2017_2018_2_5_bps": 0.7489765097085198,
        "sharpe_ratio_2017_2_5_bps": -3.061554429330886,
        "annual_return_2017_2018_3_0_bps": -0.030620401238666495,
        "annual_volatility_2017_2018_3_0_bps": 0.007346820592947543,
        "sharpe_ratio_2017_2018_3_0_bps": -4.229066709121196,
        "downside_risk_2017_2018_3_0_bps": 0.006437786896258389,
        "sortino_ratio_2017_2018_3_0_bps": -4.826222875687039,
        "max_drawdown_2017_2018_3_0_bps": 0.0318874994943584,
        "calmar_ratio_2017_2018_3_0_bps": -0.9602634801792445,
        "perc_pos_return_2017_2018_3_0_bps": 0.4108527131782946,
        "profit_loss_ratio_2017_2018_3_0_bps": 0.7095889674169309,
        "sharpe_ratio_2017_3_0_bps": -3.9439160007152636
    },
    "COMB": {
        "annual_return_2017_2018": 0.008504267550569988,
        "annual_volatility_2017_2018": 0.007242326137879639,
        "sharpe_ratio_2017_2018": 1.1729071315454358,
        "downside_risk_2017_2018": 0.0049328417368504724,
        "sortino_ratio_2017_2018": 1.72204510690841,
        "max_drawdown_2017_2018": 0.005663578469503213,
        "calmar_ratio_2017_2018": 1.5015714174992174,
        "perc_pos_return_2017_2018": 0.5542635658914729,
        "profit_loss_ratio_2017_2018": 0.9759447475428908,
        "sharpe_ratio_2017": 1.4097862329910538,
        "annual_return_2017_2018_0_5_bps": 0.0018759727704000806,
        "annual_volatility_2017_2018_0_5_bps": 0.0072562853433907875,
        "sharpe_ratio_2017_2018_0_5_bps": 0.2619036452158922,
        "downside_risk_2017_2018_0_5_bps": 0.005164946825096337,
        "sortino_ratio_2017_2018_0_5_bps": 0.36795104509623905,
        "max_drawdown_2017_2018_0_5_bps": 0.007123140444171364,
        "calmar_ratio_2017_2018_0_5_bps": 0.2633631591435388,
        "perc_pos_return_2017_2018_0_5_bps": 0.5426356589147286,
        "profit_loss_ratio_2017_2018_0_5_bps": 0.8801855010474661,
        "sharpe_ratio_2017_0_5_bps": 0.5089373329126954,
        "annual_return_2017_2018_1_0_bps": -0.004708940192765243,
        "annual_volatility_2017_2018_1_0_bps": 0.007271639620625704,
        "sharpe_ratio_2017_2018_1_0_bps": -0.6454776441976181,
        "downside_risk_2017_2018_1_0_bps": 0.005404325317913504,
        "sortino_ratio_2017_2018_1_0_bps": -0.8685044914334787,
        "max_drawdown_2017_2018_1_0_bps": 0.008580600936262893,
        "calmar_ratio_2017_2018_1_0_bps": -0.5487890915500525,
        "perc_pos_return_2017_2018_1_0_bps": 0.5,
        "profit_loss_ratio_2017_2018_1_0_bps": 0.8984576107338719,
        "sharpe_ratio_2017_1_0_bps": -0.3890383156612686,
        "annual_return_2017_2018_1_5_bps": -0.011250754079793035,
        "annual_volatility_2017_2018_1_5_bps": 0.007288380152684912,
        "sharpe_ratio_2017_2018_1_5_bps": -1.548740456623074,
        "downside_risk_2017_2018_1_5_bps": 0.005651243899184564,
        "sortino_ratio_2017_2018_1_5_bps": -1.997402590842086,
        "max_drawdown_2017_2018_1_5_bps": 0.012566636879403537,
        "calmar_ratio_2017_2018_1_5_bps": -0.8952875926758728,
        "perc_pos_return_2017_2018_1_5_bps": 0.46124031007751937,
        "profit_loss_ratio_2017_2018_1_5_bps": 0.9034390239347516,
        "sharpe_ratio_2017_1_5_bps": -1.283718806819844,
        "annual_return_2017_2018_2_0_bps": -0.01774974979653987,
        "annual_volatility_2017_2018_2_0_bps": 0.007306497411078811,
        "sharpe_ratio_2017_2018_2_0_bps": -2.447402167355006,
        "downside_risk_2017_2018_2_0_bps": 0.005906048459354223,
        "sortino_ratio_2017_2018_2_0_bps": -3.0277329626928364,
        "max_drawdown_2017_2018_2_0_bps": 0.01894939732892244,
        "calmar_ratio_2017_2018_2_0_bps": -0.9366920482187816,
        "perc_pos_return_2017_2018_2_0_bps": 0.4418604651162791,
        "profit_loss_ratio_2017_2018_2_0_bps": 0.8420807473464162,
        "sharpe_ratio_2017_2_0_bps": -2.1746916102878533,
        "annual_return_2017_2018_2_5_bps": -0.024206206425714694,
        "annual_volatility_2017_2018_2_5_bps": 0.00732598118182156,
        "sharpe_ratio_2017_2018_2_5_bps": -3.340994931070576,
        "downside_risk_2017_2018_2_5_bps": 0.006168467134027857,
        "sortino_ratio_2017_2018_2_5_bps": -3.967933274470086,