{
    "ALL": {
        "performance_sw": 2.7103039706090333,
        "performance_fw": 2.4814723048560348,
        "val_loss": 2.2824409304390225,
        "annual_return_2018_2019": 0.03318751835546996,
        "annual_volatility_2018_2019": 0.012073710182285995,
        "sharpe_ratio_2018_2019": 2.7103039706090333,
        "downside_risk_2018_2019": 0.007869210524546921,
        "sortino_ratio_2018_2019": 4.158412657147273,
        "max_drawdown_2018_2019": 0.0045756550207758945,
        "calmar_ratio_2018_2019": 7.253063923040759,
        "perc_pos_return_2018_2019": 0.6192307692307693,
        "profit_loss_ratio_2018_2019": 0.9742521606316266,
        "sharpe_ratio_2018": 2.5332047173536107,
        "annual_return_2018_2019_0_5_bps": 0.027236407854356992,
        "annual_volatility_2018_2019_0_5_bps": 0.012061647283584854,
        "sharpe_ratio_2018_2019_0_5_bps": 2.2340227613064294,
        "downside_risk_2018_2019_0_5_bps": 0.00802664865872444,
        "sortino_ratio_2018_2019_0_5_bps": 3.3570666558439552,
        "max_drawdown_2018_2019_0_5_bps": 0.005125502627285486,
        "calmar_ratio_2018_2019_0_5_bps": 5.31389989137156,
        "perc_pos_return_2018_2019_0_5_bps": 0.6,
        "profit_loss_ratio_2018_2019_0_5_bps": 0.9752962133458208,
        "sharpe_ratio_2018_0_5_bps": 2.093027815485444,
        "annual_return_2018_2019_1_0_bps": 0.021319432673096994,
        "annual_volatility_2018_2019_1_0_bps": 0.012050188516157327,
        "sharpe_ratio_2018_2019_1_0_bps": 1.7566998611964324,
        "downside_risk_2018_2019_1_0_bps": 0.008187515188633403,
        "sortino_ratio_2018_2019_1_0_bps": 2.5854687296473533,
        "max_drawdown_2018_2019_1_0_bps": 0.005802566364018074,
        "calmar_ratio_2018_2019_1_0_bps": 3.6741385338217887,
        "perc_pos_return_2018_2019_1_0_bps": 0.6,
        "profit_loss_ratio_2018_2019_1_0_bps": 0.9000453435912669,
        "sharpe_ratio_2018_1_0_bps": 1.6524435374776465,
        "annual_return_2018_2019_1_5_bps": 0.015436397831762427,
        "annual_volatility_2018_2019_1_5_bps": 0.012039335604998997,
        "sharpe_ratio_2018_2019_1_5_bps": 1.27840396862761,
        "downside_risk_2018_2019_1_5_bps": 0.008351734664878912,
        "sortino_ratio_2018_2019_1_5_bps": 1.8428667857222394,
        "max_drawdown_2018_2019_1_5_bps": 0.006591790061637507,
        "calmar_ratio_2018_2019_1_5_bps": 2.3417611433953613,
        "perc_pos_return_2018_2019_1_5_bps": 0.5692307692307692,
        "profit_loss_ratio_2018_2019_1_5_bps": 0.9422043533946525,
        "sharpe_ratio_2018_1_5_bps": 1.211500198665524,
        "annual_return_2018_2019_2_0_bps": 0.009587109459461951,
        "annual_volatility_2018_2019_2_0_bps": 0.012029090189960748,
        "sharpe_ratio_2018_2019_2_0_bps": 0.7992046105398569,
        "downside_risk_2018_2019_2_0_bps": 0.008519490197401381,
        "sortino_ratio_2018_2019_2_0_bps": 1.1284365751543173,
        "max_drawdown_2018_2019_2_0_bps": 0.007787566775806742,
        "calmar_ratio_2018_2019_2_0_bps": 1.2310789410173357,
        "perc_pos_return_2018_2019_2_0_bps": 0.55,
        "profit_loss_ratio_2018_2019_2_0_bps": 0.938613220979416,
        "sharpe_ratio_2018_2_0_bps": 0.7702463321839073,
        "annual_return_2018_2019_2_5_bps": 0.003771374788074766,
        "annual_volatility_2018_2019_2_5_bps": 0.012019453824536697,
        "sharpe_ratio_2018_2019_2_5_bps": 0.3191720954849835,
        "downside_risk_2018_2019_2_5_bps": 0.008691115962973598,
        "sortino_ratio_2018_2019_2_5_bps": 0.44140180387718875,
        "max_drawdown_2018_2019_2_5_bps": 0.009062630954521388,
        "calmar_ratio_2018_2019_2_5_bps": 0.4161456873837735,
        "perc_pos_return_2018_2019_2_5_bps": 0.5192307692307693,
        "profit_loss_ratio_2018_2019_2_5_bps": 0.978153894939477,
        "sharpe_ratio_2018_2_5_bps": 0.32873066256158695,
        "annual_return_2018_2019_3_0_bps": -0.002010997854015817,
        "annual_volatility_2018_2019_3_0_bps": 0.01201042797470916,
        "sharpe_ratio_2018_2019_3_0_bps": -0.16162253476555613,
        "downside_risk_2018_2019_3_0_bps": 0.008866941733460072,
        "sortino_ratio_2018_2019_3_0_bps": -0.21892055584018802,
        "max_drawdown_2018_2019_3_0_bps": 0.01034508752650831,
        "calmar_ratio_2018_2019_3_0_bps": -0.19439157463509368,
        "perc_pos_return_2018_2019_3_0_bps": 0.5,
        "profit_loss_ratio_2018_2019_3_0_bps": 0.9726028850102418,
        "sharpe_ratio_2018_3_0_bps": -0.11299792094138009
    },
    "COMB": {
        "annual_return_2018_2019": 0.03318751835546996,
        "annual_volatility_2018_2019": 0.012073710182285995,
        "sharpe_ratio_2018_2019": 2.7103039706090333,
        "downside_risk_2018_2019": 0.007869210524546921,
        "sortino_ratio_2018_2019": 4.158412657147273,
        "max_drawdown_2018_2019": 0.0045756550207758945,
        "calmar_ratio_2018_2019": 7.253063923040759,
        "perc_pos_return_2018_2019": 0.6192307692307693,
        "profit_loss_ratio_2018_2019": 0.9742521606316266,
        "sharpe_ratio_2018": 2.5332047173536107,
        "annual_return_2018_2019_0_5_bps": 0.027236407854356992,
        "annual_volatility_2018_2019_0_5_bps": 0.012061647283584854,
        "sharpe_ratio_2018_2019_0_5_bps": 2.2340227613064294,
        "downside_risk_2018_2019_0_5_bps": 0.00802664865872444,
        "sortino_ratio_2018_2019_0_5_bps": 3.3570666558439552,
        "max_drawdown_2018_2019_0_5_bps": 0.005125502627285486,
        "calmar_ratio_2018_2019_0_5_bps": 5.31389989137156,
        "perc_pos_return_2018_2019_0_5_bps": 0.6,
        "profit_loss_ratio_2018_2019_0_5_bps": 0.9752962133458208,
        "sharpe_ratio_2018_0_5_bps": 2.093027815485444,
        "annual_return_2018_2019_1_0_bps": 0.021319432673096994,
        "annual_volatility_2018_2019_1_0_bps": 0.012050188516157327,
        "sharpe_ratio_2018_2019_1_0_bps": 1.7566998611964324,
        "downside_risk_2018_2019_1_0_bps": 0.008187515188633403,
        "sortino_ratio_2018_2019_1_0_bps": 2.5854687296473533,
        "max_drawdown_2018_2019_1_0_bps": 0.005802566364018074,
        "calmar_ratio_2018_2019_1_0_bps": 3.6741385338217887,
        "perc_pos_return_2018_2019_1_0_bps": 0.6,
        "profit_loss_ratio_2018_2019_1_0_bps": 0.9000453435912669,
        "sharpe_ratio_2018_1_0_bps": 1.6524435374776465,
        "annual_return_2018_2019_1_5_bps": 0.015436397831762427,
        "annual_volatility_2018_2019_1_5_bps": 0.012039335604998997,
        "sharpe_ratio_2018_2019_1_5_bps": 1.27840396862761,
        "downside_risk_2018_2019_1_5_bps": 0.008351734664878912,
        "sortino_ratio_2018_2019_1_5_bps": 1.8428667857222394,
        "max_drawdown_2018_2019_1_5_bps": 0.006591790061637507,
        "calmar_ratio_2018_2019_1_5_bps": 2.3417611433953613,
        "perc_pos_return_2018_2019_1_5_bps": 0.5692307692307692,
        "profit_loss_ratio_2018_2019_1_5_bps": 0.9422043533946525,
        "sharpe_ratio_2018_1_5_bps": 1.211500198665524,
        "annual_return_2018_2019_2_0_bps": 0.009587109459461951,
        "annual_volatility_2018_2019_2_0_bps": 0.012029090189960748,
        "sharpe_ratio_2018_2019_2_0_bps": 0.7992046105398569,
        "downside_risk_2018_2019_2_0_bps": 0.008519490197401381,
        "sortino_ratio_2018_2019_2_0_bps": 1.1284365751543173,
        "max_drawdown_2018_2019_2_0_bps": 0.007787566775806742,
        "calmar_ratio_2018_2019_2_0_bps": 1.2310789410173357,
        "perc_pos_return_2018_2019_2_0_bps": 0.55,
        "profit_loss_ratio_2018_2019_2_0_bps": 0.938613220979416,
        "sharpe_ratio_2018_2_0_bps": 0.7702463321839073,
        "annual_return_2018_2019_2_5_bps": 0.003771374788074766,
        "annual_volatility_2018_2019_2_5_bps": 0.012019453824536697,
        "sharpe_ratio_2018_2019_2_5_bps": 0.3191720954849835,
        "downside_risk_2018_2019_2_5_bps": 0.008691115962973598,
        "sortino_ratio_2018_2019_2_5_bps": 0.44140180387718875,
        "max_drawdown_2018_2019_2_5_bps": 0.009062630954521388,