{
    "ALL": {
        "performance_sw": -0.0607711215532482,
        "performance_fw": 0.46699853455103235,
        "val_loss": 3.352753245285931,
        "annual_return_2021_2022": -0.0032121428932633256,
        "annual_volatility_2021_2022": 0.03543953046532671,
        "sharpe_ratio_2021_2022": -0.07313805611070527,
        "downside_risk_2021_2022": 0.022078251103074445,
        "sortino_ratio_2021_2022": -0.11739962353037897,
        "max_drawdown_2021_2022": 0.076665152956583,
        "calmar_ratio_2021_2022": -0.04189834324184322,
        "perc_pos_return_2021_2022": 0.46301369863013697,
        "profit_loss_ratio_2021_2022": 1.1469083927871204,
        "sharpe_ratio_2021": -0.060771121553248084,
        "annual_return_2021_2022_0_5_bps": -0.003654424587836269,
        "annual_volatility_2021_2022_0_5_bps": 0.035438611955392545,
        "sharpe_ratio_2021_2022_0_5_bps": -0.08566393981470764,
        "downside_risk_2021_2022_0_5_bps": 0.02209069242205378,
        "sortino_ratio_2021_2022_0_5_bps": -0.1374248965882476,
        "max_drawdown_2021_2022_0_5_bps": 0.07674612507355888,
        "calmar_ratio_2021_2022_0_5_bps": -0.04761705668310435,
        "perc_pos_return_2021_2022_0_5_bps": 0.46301369863013697,
        "profit_loss_ratio_2021_2022_0_5_bps": 1.144722390561759,
        "sharpe_ratio_2021_0_5_bps": -0.07117900004519995,
        "annual_return_2021_2022_1_0_bps": -0.004096510899448513,
        "annual_volatility_2021_2022_1_0_bps": 0.03543770260015578,
        "sharpe_ratio_2021_2022_1_0_bps": -0.09819044746996798,
        "downside_risk_2021_2022_1_0_bps": 0.022103148111723897,
        "sortino_ratio_2021_2022_1_0_bps": -0.15742752380921163,
        "max_drawdown_2021_2022_1_0_bps": 0.07682709017088456,
        "calmar_ratio_2021_2022_1_0_bps": -0.05332117733909676,
        "perc_pos_return_2021_2022_1_0_bps": 0.46301369863013697,
        "profit_loss_ratio_2021_2022_1_0_bps": 1.1425407939110517,
        "sharpe_ratio_2021_1_0_bps": -0.0815873969843154,
        "annual_return_2021_2022_1_5_bps": -0.004538401914034984,
        "annual_volatility_2021_2022_1_5_bps": 0.03543680240032122,
        "sharpe_ratio_2021_2022_1_5_bps": -0.11071756941407329,
        "downside_risk_2021_2022_1_5_bps": 0.022115618147803738,
        "sortino_ratio_2021_2022_1_5_bps": -0.17740750465796937,
        "max_drawdown_2021_2022_1_5_bps": 0.07690804824916313,
        "calmar_ratio_2021_2022_1_5_bps": -0.05901075397638073,
        "perc_pos_return_2021_2022_1_5_bps": 0.46301369863013697,
        "profit_loss_ratio_2021_2022_1_5_bps": 1.1403635895301985,
        "sharpe_ratio_2021_1_5_bps": -0.09199630434200158,
        "annual_return_2021_2022_2_0_bps": -0.004980097717493526,
        "annual_volatility_2021_2022_2_0_bps": 0.03543591135658657,
        "sharpe_ratio_2021_2022_2_0_bps": -0.12324529598169878,
        "downside_risk_2021_2022_2_0_bps": 0.022128102506039055,
        "sortino_ratio_2021_2022_2_0_bps": -0.19736483877602506,
        "max_drawdown_2021_2022_2_0_bps": 0.07698899930899557,
        "calmar_ratio_2021_2022_2_0_bps": -0.06468583514777078,
        "perc_pos_return_2021_2022_2_0_bps": 0.46301369863013697,
        "profit_loss_ratio_2021_2022_2_0_bps": 1.1381907641679174,
        "sharpe_ratio_2021_2_0_bps": -0.10240571408724622,
        "annual_return_2021_2022_2_5_bps": -0.005421598395680016,
        "annual_volatility_2021_2022_2_5_bps": 0.035435029469642575,
        "sharpe_ratio_2021_2022_2_5_bps": -0.13577361750464798,
        "downside_risk_2021_2022_2_5_bps": 0.022140601162202452,
        "sortino_ratio_2021_2022_2_5_bps": -0.2172995259808288,
        "max_drawdown_2021_2022_2_5_bps": 0.07706994335098315,
        "calmar_ratio_2021_2022_2_5_bps": -0.07034646919343888,
        "perc_pos_return_2021_2022_2_5_bps": 0.46301369863013697,
        "profit_loss_ratio_2021_2022_2_5_bps": 1.1360223046261788,
        "sharpe_ratio_2021_2_5_bps": -0.11281561818665088,
        "annual_return_2021_2022_3_0_bps": -0.005862904034417582,
        "annual_volatility_2021_2022_3_0_bps": 0.0354341567401729,
        "sharpe_ratio_2021_2022_3_0_bps": -0.14830252431188395,
        "downside_risk_2021_2022_3_0_bps": 0.022153114093307898,
        "sortino_ratio_2021_2022_3_0_bps": -0.23721156625189965,
        "max_drawdown_2021_2022_3_0_bps": 0.07715088037572741,
        "calmar_ratio_2021_2022_3_0_bps": -0.07599270424219451,
        "perc_pos_return_2021_2022_3_0_bps": 0.4575342465753425,
        "profit_loss_ratio_2021_2022_3_0_bps": 1.1591459093262657,
        "sharpe_ratio_2021_3_0_bps": -0.12322600860445704
    },
    "COMB": {
        "annual_return_2021_2022": -0.0032121428932633256,
        "annual_volatility_2021_2022": 0.03543953046532671,
        "sharpe_ratio_2021_2022": -0.07313805611070527,
        "downside_risk_2021_2022": 0.022078251103074445,
        "sortino_ratio_2021_2022": -0.11739962353037897,
        "max_drawdown_2021_2022": 0.076665152956583,
        "calmar_ratio_2021_2022": -0.04189834324184322,
        "perc_pos_return_2021_2022": 0.46301369863013697,
        "profit_loss_ratio_2021_2022": 1.1469083927871204,
        "sharpe_ratio_2021": -0.060771121553248084,
        "annual_return_2021_2022_0_5_bps": -0.003654424587836269,
        "annual_volatility_2021_2022_0_5_bps": 0.035438611955392545,
        "sharpe_ratio_2021_2022_0_5_bps": -0.08566393981470764,
        "downside_risk_2021_2022_0_5_bps": 0.02209069242205378,
        "sortino_ratio_2021_2022_0_5_bps": -0.1374248965882476,
        "max_drawdown_2021_2022_0_5_bps": 0.07674612507355888,
        "calmar_ratio_2021_2022_0_5_bps": -0.04761705668310435,
        "perc_pos_return_2021_2022_0_5_bps": 0.46301369863013697,
        "profit_loss_ratio_2021_2022_0_5_bps": 1.144722390561759,
        "sharpe_ratio_2021_0_5_bps": -0.07117900004519995,
        "annual_return_2021_2022_1_0_bps": -0.004096510899448513,
        "annual_volatility_2021_2022_1_0_bps": 0.03543770260015578,
        "sharpe_ratio_2021_2022_1_0_bps": -0.09819044746996798,
        "downside_risk_2021_2022_1_0_bps": 0.022103148111723897,
        "sortino_ratio_2021_2022_1_0_bps": -0.15742752380921163,
        "max_drawdown_2021_2022_1_0_bps": 0.07682709017088456,
        "calmar_ratio_2021_2022_1_0_bps": -0.05332117733909676,
        "perc_pos_return_2021_2022_1_0_bps": 0.46301369863013697,
        "profit_loss_ratio_2021_2022_1_0_bps": 1.1425407939110517,
        "sharpe_ratio_2021_1_0_bps": -0.0815873969843154,
        "annual_return_2021_2022_1_5_bps": -0.004538401914034984,
        "annual_volatility_2021_2022_1_5_bps": 0.03543680240032122,
        "sharpe_ratio_2021_2022_1_5_bps": -0.11071756941407329,
        "downside_risk_2021_2022_1_5_bps": 0.022115618147803738,
        "sortino_ratio_2021_2022_1_5_bps": -0.17740750465796937,
        "max_drawdown_2021_2022_1_5_bps": 0.07690804824916313,
        "calmar_ratio_2021_2022_1_5_bps": -0.05901075397638073,
        "perc_pos_return_2021_2022_1_5_bps": 0.46301369863013697,
        "profit_loss_ratio_2021_2022_1_5_bps": 1.1403635895301985,
        "sharpe_ratio_2021_1_5_bps": -0.09199630434200158,
        "annual_return_2021_2022_2_0_bps": -0.004980097717493526,
        "annual_volatility_2021_2022_2_0_bps": 0.03543591135658657,
        "sharpe_ratio_2021_2022_2_0_bps": -0.12324529598169878,
        "downside_risk_2021_2022_2_0_bps": 0.022128102506039055,
        "sortino_ratio_2021_2022_2_0_bps": -0.19736483877602506,
        "max_drawdown_2021_2022_2_0_bps": 0.07698899930899557,
        "calmar_ratio_2021_2022_2_0_bps": -0.06468583514777078,
        "perc_pos_return_2021_2022_2_0_bps": 0.46301369863013697,
        "profit_loss_ratio_2021_2022_2_0_bps": 1.1381907641679174,
        "sharpe_ratio_2021_2_0_bps": -0.10240571408724622,
        "annual_return_2021_2022_2_5_bps": -0.005421598395680016,
        "annual_volatility_2021_2022_2_5_bps": 0.035435029469642575,
        "sharpe_ratio_2021_2022_2_5_bps": -0.13577361750464798,