{
    "ALL": {
        "annual_return": 0.0344564783528158,
        "annual_volatility": 0.013915319654700001,
        "sharpe_ratio": 2.3257207782485727,
        "downside_risk": 0.008505280093949599,
        "sortino_ratio": 4.379976389089339,
        "max_drawdown": 0.009376898097733401,
        "calmar_ratio": 5.220244362744908,
        "perc_pos_return": 0.5658064478994709,
        "profit_loss_ratio": 1.200220037322219,
        "annual_return_0_5_bps": 0.027808491822013205,
        "annual_volatility_0_5_bps": 0.013917896647369601,
        "sharpe_ratio_0_5_bps": 1.839715703580661,
        "downside_risk_0_5_bps": 0.008701851215857802,
        "sortino_ratio_0_5_bps": 3.465230918649367,
        "max_drawdown_0_5_bps": 0.0102809865233704,
        "calmar_ratio_0_5_bps": 4.0316477253437775,
        "perc_pos_return_0_5_bps": 0.5511464211464209,
        "profit_loss_ratio_0_5_bps": 1.166283787091904,
        "annual_return_1_0_bps": 0.0212061198454556,
        "annual_volatility_1_0_bps": 0.0139215074696158,
        "sharpe_ratio_1_0_bps": 1.3540093087869587,
        "downside_risk_1_0_bps": 0.0089036662058182,
        "sortino_ratio_1_0_bps": 2.6009642690475574,
        "max_drawdown_1_0_bps": 0.012055051647450802,
        "calmar_ratio_1_0_bps": 3.0679916474964513,
        "perc_pos_return_1_0_bps": 0.5349478868083513,
        "profit_loss_ratio_1_0_bps": 1.1428030211249454,
        "annual_return_1_5_bps": 0.0146490320724434,
        "annual_volatility_1_5_bps": 0.013926150576620402,
        "sharpe_ratio_1_5_bps": 0.8687444971527143,
        "downside_risk_1_5_bps": 0.0091107620831396,
        "sortino_ratio_1_5_bps": 1.7842259472988413,
        "max_drawdown_1_5_bps": 0.014074382120188,
        "calmar_ratio_1_5_bps": 2.2633694084644587,
        "perc_pos_return_1_5_bps": 0.5172257639699496,
        "profit_loss_ratio_1_5_bps": 1.1253310774252596,
        "annual_return_2_0_bps": 0.0081369006448432,
        "annual_volatility_2_0_bps": 0.013931824115603803,
        "sharpe_ratio_2_0_bps": 0.38406273302751404,
        "downside_risk_2_0_bps": 0.009323280637498202,
        "sortino_ratio_2_0_bps": 1.0122504890049124,
        "max_drawdown_2_0_bps": 0.016163983466296404,
        "calmar_ratio_2_0_bps": 1.5856571745881491,
        "perc_pos_return_2_0_bps": 0.49717214275353766,
        "profit_loss_ratio_2_0_bps": 1.1161167026030392,
        "annual_return_2_5_bps": 0.0016694001777182003,
        "annual_volatility_2_5_bps": 0.013938525930084,
        "sharpe_ratio_2_5_bps": -0.09989621919224048,
        "downside_risk_2_5_bps": 0.0095411890877252,
        "sortino_ratio_2_5_bps": 0.282551906511167,
        "max_drawdown_2_5_bps": 0.0186846375288446,
        "calmar_ratio_2_5_bps": 1.006826360324726,
        "perc_pos_return_2_5_bps": 0.48792051443214185,
        "profit_loss_ratio_2_5_bps": 1.0660028460093713,
        "annual_return_3_0_bps": -0.004753792259880401,
        "annual_volatility_3_0_bps": 0.0139462535646866,
        "sharpe_ratio_3_0_bps": -0.582994545751762,
        "downside_risk_3_0_bps": 0.009764351761358802,
        "sortino_ratio_3_0_bps": -0.40726302267014597,
        "max_drawdown_3_0_bps": 0.021622966818559,
        "calmar_ratio_3_0_bps": 0.4249422316900901,
        "perc_pos_return_3_0_bps": 0.4632246864805002,
        "profit_loss_ratio_3_0_bps": 1.0779615317949338,
        "annual_return_rescaled": 0.46678630580763547,
        "annual_volatility_rescaled": 0.15000000000000635,
        "downside_risk_rescaled": 0.09168255173078901,
        "max_drawdown_rescaled": 0.09777054277606242,
        "annual_return_rescaled_0_5_bps": 0.36722610016705537,
        "annual_volatility_rescaled_0_5_bps": 0.15000000000000396,
        "downside_risk_rescaled_0_5_bps": 0.09378411950094649,
        "max_drawdown_rescaled_0_5_bps": 0.1066277282878273,
        "annual_return_rescaled_1_0_bps": 0.27481640929679163,
        "annual_volatility_rescaled_1_0_bps": 0.15000000000000316,
        "downside_risk_rescaled_1_0_bps": 0.09593428971594188,
        "max_drawdown_rescaled_1_0_bps": 0.12379486307293033,
        "annual_return_rescaled_1_5_bps": 0.18903792245373643,
        "annual_volatility_rescaled_1_5_bps": 0.15000000000000568,
        "downside_risk_rescaled_1_5_bps": 0.09813295533119482,
        "max_drawdown_rescaled_1_5_bps": 0.1419411070811844,
        "annual_return_rescaled_2_0_bps": 0.1094079290337699,
        "annual_volatility_rescaled_2_0_bps": 0.15000000000000435,
        "downside_risk_rescaled_2_0_bps": 0.10038111908536387,
        "max_drawdown_rescaled_2_0_bps": 0.1598024286556128,
        "annual_return_rescaled_2_5_bps": 0.03547794852510451,
        "annual_volatility_rescaled_2_5_bps": 0.15000000000000543,
        "downside_risk_rescaled_2_5_bps": 0.10267788504592627,
        "max_drawdown_rescaled_2_5_bps": 0.18028779290420746,
        "annual_return_rescaled_3_0_bps": -0.033168512754840854,
        "annual_volatility_rescaled_3_0_bps": 0.15000000000000382,
        "downside_risk_rescaled_3_0_bps": 0.10502123437025128,
        "max_drawdown_rescaled_3_0_bps": 0.20441723671334633,
        "sharpe_ratio_years": 2.217678107441235,
        "sharpe_ratio_years_0_5_bps": 1.7423974767460906,
        "sharpe_ratio_years_1_0_bps": 1.267372194294608,
        "sharpe_ratio_years_1_5_bps": 0.7927254931293749,
        "sharpe_ratio_years_2_0_bps": 0.31857953069702816,
        "sharpe_ratio_years_2_5_bps": -0.15494481589125841,
        "sharpe_ratio_years_3_0_bps": -0.6277281475656679,
        "sharpe_ratio_years_std": 1.3104958853601483,
        "sharpe_ratio_years_std_0_5_bps": 1.3819848574784506,
        "sharpe_ratio_years_std_1_0_bps": 1.476012217100521,
        "sharpe_ratio_years_std_1_5_bps": 1.588263378030411,
        "sharpe_ratio_years_std_2_0_bps": 1.7148152638380592,
        "sharpe_ratio_years_std_2_5_bps": 1.852368183673138,
        "sharpe_ratio_years_std_3_0_bps": 1.9982644944503598
    },
    "COMB": {
        "annual_return": 0.0344564783528158,
        "annual_volatility": 0.013915319654700001,
        "sharpe_ratio": 2.3257207782485727,
        "downside_risk": 0.008505280093949599,
        "sortino_ratio": 4.379976389089339,
        "max_drawdown": 0.009376898097733401,
        "calmar_ratio": 5.220244362744908,
        "perc_pos_return": 0.5658064478994709,
        "profit_loss_ratio": 1.200220037322219,
        "annual_return_0_5_bps": 0.027808491822013205,
        "annual_volatility_0_5_bps": 0.013917896647369601,
        "sharpe_ratio_0_5_bps": 1.839715703580661,
        "downside_risk_0_5_bps": 0.008701851215857802,
        "sortino_ratio_0_5_bps": 3.465230918649367,
        "max_drawdown_0_5_bps": 0.0102809865233704,
        "calmar_ratio_0_5_bps": 4.0316477253437775,
        "perc_pos_return_0_5_bps": 0.5511464211464209,
        "profit_loss_ratio_0_5_bps": 1.166283787091904,
        "annual_return_1_0_bps": 0.0212061198454556,
        "annual_volatility_1_0_bps": 0.0139215074696158,
        "sharpe_ratio_1_0_bps": 1.3540093087869587,
        "downside_risk_1_0_bps": 0.0089036662058182,
        "sortino_ratio_1_0_bps": 2.6009642690475574,
        "max_drawdown_1_0_bps": 0.012055051647450802,
        "calmar_ratio_1_0_bps": 3.0679916474964513,
        "perc_pos_return_1_0_bps": 0.5349478868083513,
        "profit_loss_ratio_1_0_bps": 1.1428030211249454,
        "annual_return_1_5_bps": 0.0146490320724434,
        "annual_volatility_1_5_bps": 0.013926150576620402,
        "sharpe_ratio_1_5_bps": 0.8687444971527143,
        "downside_risk_1_5_bps": 0.0091107620831396,
        "sortino_ratio_1_5_bps": 1.7842259472988413,
        "max_drawdown_1_5_bps": 0.014074382120188,
        "calmar_ratio_1_5_bps": 2.2633694084644587,
        "perc_pos_return_1_5_bps": 0.5172257639699496,
        "profit_loss_ratio_1_5_bps": 1.1253310774252596,
        "annual_return_2_0_bps": 0.0081369006448432,
        "annual_volatility_2_0_bps": 0.013931824115603803,
        "sharpe_ratio_2_0_bps": 0.38406273302751404,