{
    "ALL": {
        "performance_sw": 0.5616608646212731,
        "performance_fw": 0.7512271885610896,
        "val_loss": 5.116614328183348,
        "annual_return_2022_2023": 0.029439448983977323,
        "annual_volatility_2022_2023": 0.0443809213725027,
        "sharpe_ratio_2022_2023": 0.6759589552064527,
        "downside_risk_2022_2023": 0.03358273220658767,
        "sortino_ratio_2022_2023": 0.8933067463811609,
        "max_drawdown_2022_2023": 0.033792454257214215,
        "calmar_ratio_2022_2023": 0.8711841039983775,
        "perc_pos_return_2022_2023": 0.5753424657534246,
        "profit_loss_ratio_2022_2023": 0.8467597969967499,
        "sharpe_ratio_2022": 0.55991048837344,
        "annual_return_2022_2023_0_5_bps": 0.028636747969013943,
        "annual_volatility_2022_2023_0_5_bps": 0.044380554892239785,
        "sharpe_ratio_2022_2023_0_5_bps": 0.6583864503228635,
        "downside_risk_2022_2023_0_5_bps": 0.03359544391704336,
        "sortino_ratio_2022_2023_0_5_bps": 0.8697475786006008,
        "max_drawdown_2022_2023_0_5_bps": 0.03403992668632076,
        "calmar_ratio_2022_2023_0_5_bps": 0.8412693785419305,
        "perc_pos_return_2022_2023_0_5_bps": 0.5753424657534246,
        "profit_loss_ratio_2022_2023_0_5_bps": 0.8437616764343555,
        "sharpe_ratio_2022_0_5_bps": 0.545303704642678,
        "annual_return_2022_2023_1_0_bps": 0.027834670717001853,
        "annual_volatility_2022_2023_1_0_bps": 0.04438019778780543,
        "sharpe_ratio_2022_2023_1_0_bps": 0.6408135198414837,
        "downside_risk_2022_2023_1_0_bps": 0.03360817672392678,
        "sortino_ratio_2022_2023_1_0_bps": 0.8462057013470132,
        "max_drawdown_2022_2023_1_0_bps": 0.034287336392856395,
        "calmar_ratio_2022_2023_1_0_bps": 0.8118061548461687,
        "perc_pos_return_2022_2023_1_0_bps": 0.5753424657534246,
        "profit_loss_ratio_2022_2023_1_0_bps": 0.84077330486739,
        "sharpe_ratio_2022_1_0_bps": 0.5306965665048522,
        "annual_return_2022_2023_1_5_bps": 0.027033216744886568,
        "annual_volatility_2022_2023_1_5_bps": 0.044379850059425935,
        "sharpe_ratio_2022_2023_1_5_bps": 0.6232401748864019,
        "downside_risk_2022_2023_1_5_bps": 0.03362093060326925,
        "sortino_ratio_2022_2023_1_5_bps": 0.8226811398783641,
        "max_drawdown_2022_2023_1_5_bps": 0.03453468339254897,
        "calmar_ratio_2022_2023_1_5_bps": 0.7827845542293033,
        "perc_pos_return_2022_2023_1_5_bps": 0.5753424657534246,
        "profit_loss_ratio_2022_2023_1_5_bps": 0.8377946348217935,
        "sharpe_ratio_2022_1_5_bps": 0.5160890832041033,
        "annual_return_2022_2023_2_0_bps": 0.02623238556998908,
        "annual_volatility_2022_2023_2_0_bps": 0.0443795117073217,
        "sharpe_ratio_2022_2023_2_0_bps": 0.6056664265830233,
        "downside_risk_2022_2023_2_0_bps": 0.03363370553109875,
        "sortino_ratio_2022_2023_2_0_bps": 0.7991739192822412,
        "max_drawdown_2022_2023_2_0_bps": 0.03478196770112562,
        "calmar_ratio_2022_2023_2_0_bps": 0.7541949838893142,
        "perc_pos_return_2022_2023_2_0_bps": 0.5753424657534246,
        "profit_loss_ratio_2022_2023_2_0_bps": 0.8348256191312482,
        "sharpe_ratio_2022_2_0_bps": 0.50148126398567,
        "annual_return_2022_2023_2_5_bps": 0.025432176710001198,
        "annual_volatility_2022_2023_2_5_bps": 0.044379182731707205,
        "sharpe_ratio_2022_2023_2_5_bps": 0.5880922860580374,
        "downside_risk_2022_2023_2_5_bps": 0.03364650148344018,
        "sortino_ratio_2022_2023_2_5_bps": 0.7756840644761316,
        "max_drawdown_2022_2023_2_5_bps": 0.03502918933430681,
        "calmar_ratio_2022_2023_2_5_bps": 0.726028126637047,
        "perc_pos_return_2022_2023_2_5_bps": 0.5753424657534246,
        "profit_loss_ratio_2022_2023_2_5_bps": 0.8318662109346886,
        "sharpe_ratio_2022_2_5_bps": 0.48687311809586037,
        "annual_return_2022_2023_3_0_bps": 0.024632589682984873,
        "annual_volatility_2022_2023_3_0_bps": 0.04437886313279094,
        "sharpe_ratio_2022_2023_3_0_bps": 0.5705177644393805,
        "downside_risk_2022_2023_3_0_bps": 0.03365931843631546,
        "sortino_ratio_2022_2023_3_0_bps": 0.7522116002076925,
        "max_drawdown_2022_2023_3_0_bps": 0.03527634830781417,
        "calmar_ratio_2022_2023_3_0_bps": 0.6982749310684302,
        "perc_pos_return_2022_2023_3_0_bps": 0.5753424657534246,
        "profit_loss_ratio_2022_2023_3_0_bps": 0.8289163636738381,
        "sharpe_ratio_2022_3_0_bps": 0.47226465478202323
    },
    "COMB": {
        "annual_return_2022_2023": 0.029439448983977323,
        "annual_volatility_2022_2023": 0.0443809213725027,
        "sharpe_ratio_2022_2023": 0.6759589552064527,
        "downside_risk_2022_2023": 0.03358273220658767,
        "sortino_ratio_2022_2023": 0.8933067463811609,
        "max_drawdown_2022_2023": 0.033792454257214215,
        "calmar_ratio_2022_2023": 0.8711841039983775,
        "perc_pos_return_2022_2023": 0.5753424657534246,
        "profit_loss_ratio_2022_2023": 0.8467597969967499,
        "sharpe_ratio_2022": 0.55991048837344,
        "annual_return_2022_2023_0_5_bps": 0.028636747969013943,
        "annual_volatility_2022_2023_0_5_bps": 0.044380554892239785,
        "sharpe_ratio_2022_2023_0_5_bps": 0.6583864503228635,
        "downside_risk_2022_2023_0_5_bps": 0.03359544391704336,
        "sortino_ratio_2022_2023_0_5_bps": 0.8697475786006008,
        "max_drawdown_2022_2023_0_5_bps": 0.03403992668632076,
        "calmar_ratio_2022_2023_0_5_bps": 0.8412693785419305,
        "perc_pos_return_2022_2023_0_5_bps": 0.5753424657534246,
        "profit_loss_ratio_2022_2023_0_5_bps": 0.8437616764343555,
        "sharpe_ratio_2022_0_5_bps": 0.545303704642678,
        "annual_return_2022_2023_1_0_bps": 0.027834670717001853,
        "annual_volatility_2022_2023_1_0_bps": 0.04438019778780543,
        "sharpe_ratio_2022_2023_1_0_bps": 0.6408135198414837,
        "downside_risk_2022_2023_1_0_bps": 0.03360817672392678,
        "sortino_ratio_2022_2023_1_0_bps": 0.8462057013470132,
        "max_drawdown_2022_2023_1_0_bps": 0.034287336392856395,
        "calmar_ratio_2022_2023_1_0_bps": 0.8118061548461687,
        "perc_pos_return_2022_2023_1_0_bps": 0.5753424657534246,
        "profit_loss_ratio_2022_2023_1_0_bps": 0.84077330486739,
        "sharpe_ratio_2022_1_0_bps": 0.5306965665048522,
        "annual_return_2022_2023_1_5_bps": 0.027033216744886568,
        "annual_volatility_2022_2023_1_5_bps": 0.044379850059425935,
        "sharpe_ratio_2022_2023_1_5_bps": 0.6232401748864019,
        "downside_risk_2022_2023_1_5_bps": 0.03362093060326925,
        "sortino_ratio_2022_2023_1_5_bps": 0.8226811398783641,
        "max_drawdown_2022_2023_1_5_bps": 0.03453468339254897,
        "calmar_ratio_2022_2023_1_5_bps": 0.7827845542293033,
        "perc_pos_return_2022_2023_1_5_bps": 0.5753424657534246,
        "profit_loss_ratio_2022_2023_1_5_bps": 0.8377946348217935,
        "sharpe_ratio_2022_1_5_bps": 0.5160890832041033,
        "annual_return_2022_2023_2_0_bps": 0.02623238556998908,
        "annual_volatility_2022_2023_2_0_bps": 0.0443795117073217,
        "sharpe_ratio_2022_2023_2_0_bps": 0.6056664265830233,
        "downside_risk_2022_2023_2_0_bps": 0.03363370553109875,
        "sortino_ratio_2022_2023_2_0_bps": 0.7991739192822412,
        "max_drawdown_2022_2023_2_0_bps": 0.03478196770112562,
        "calmar_ratio_2022_2023_2_0_bps": 0.7541949838893142,
        "perc_pos_return_2022_2023_2_0_bps": 0.5753424657534246,
        "profit_loss_ratio_2022_2023_2_0_bps": 0.8348256191312482,
        "sharpe_ratio_2022_2_0_bps": 0.50148126398567,
        "annual_return_2022_2023_2_5_bps": 0.025432176710001198,
        "annual_volatility_2022_2023_2_5_bps": 0.044379182731707205,
        "sharpe_ratio_2022_2023_2_5_bps": 0.5880922860580374,
        "downside_risk_2022_2023_2_5_bps": 0.03364650148344018,
        "sortino_ratio_2022_2023_2_5_bps": 0.7756840644761316,