{
    "ALL": {
        "performance_sw": -0.14653309081696805,
        "performance_fw": -0.5120703713000424,
        "val_loss": 3.257858499442575,
        "annual_return_2020_2021": -0.002538556870615216,
        "annual_volatility_2020_2021": 0.016427058567550834,
        "sharpe_ratio_2020_2021": -0.14653309081696775,
        "downside_risk_2020_2021": 0.01399042539217183,
        "sortino_ratio_2020_2021": -0.17205392955967172,
        "max_drawdown_2020_2021": 0.03191295701191859,
        "calmar_ratio_2020_2021": -0.07954627550393205,
        "perc_pos_return_2020_2021": 0.5923076923076923,
        "profit_loss_ratio_2020_2021": 0.6673260731767356,
        "sharpe_ratio_2020": -0.005769341850570815,
        "annual_return_2020_2021_0_5_bps": -0.008010717667948808,
        "annual_volatility_2020_2021_0_5_bps": 0.016441217145316146,
        "sharpe_ratio_2020_2021_0_5_bps": -0.4809831364078684,
        "downside_risk_2020_2021_0_5_bps": 0.01413070547577481,
        "sortino_ratio_2020_2021_0_5_bps": -0.5596286896272865,
        "max_drawdown_2020_2021_0_5_bps": 0.0335602957966428,
        "calmar_ratio_2020_2021_0_5_bps": -0.2386962771868703,
        "perc_pos_return_2020_2021_0_5_bps": 0.5846153846153846,
        "profit_loss_ratio_2020_2021_0_5_bps": 0.641466752043219,
        "sharpe_ratio_2020_0_5_bps": -0.34993580639260297,
        "annual_return_2020_2021_1_0_bps": -0.013452999308228408,
        "annual_volatility_2020_2021_1_0_bps": 0.01645679216528347,
        "sharpe_ratio_2020_2021_1_0_bps": -0.814787510119134,
        "downside_risk_2020_2021_1_0_bps": 0.014274405575904602,
        "sortino_ratio_2020_2021_1_0_bps": -0.939358815440526,
        "max_drawdown_2020_2021_1_0_bps": 0.03520487066408073,
        "calmar_ratio_2020_2021_1_0_bps": -0.38213460394712956,
        "perc_pos_return_2020_2021_1_0_bps": 0.5615384615384615,
        "profit_loss_ratio_2020_2021_1_0_bps": 0.6559803506151946,
        "sharpe_ratio_2020_1_0_bps": -0.6935652727517548,
        "annual_return_2020_2021_1_5_bps": -0.018865564166134274,
        "annual_volatility_2020_2021_1_5_bps": 0.016473779609957107,
        "sharpe_ratio_2020_2021_1_5_bps": -1.147862220121751,
        "downside_risk_2020_2021_1_5_bps": 0.014421621102310163,
        "sortino_ratio_2020_2021_1_5_bps": -1.311199975559801,
        "max_drawdown_2020_2021_1_5_bps": 0.03684668618584884,
        "calmar_ratio_2020_2021_1_5_bps": -0.5120016511384324,
        "perc_pos_return_2020_2021_1_5_bps": 0.5423076923076923,
        "profit_loss_ratio_2020_2021_1_5_bps": 0.6594512302416771,
        "sharpe_ratio_2020_1_5_bps": -1.0365627546264158,
        "annual_return_2020_2021_2_0_bps": -0.024248573738139045,
        "annual_volatility_2020_2021_2_0_bps": 0.01649217511481573,
        "sharpe_ratio_2020_2021_2_0_bps": -1.480124337203713,
        "downside_risk_2020_2021_2_0_bps": 0.01457243721770404,
        "sortino_ratio_2020_2021_2_0_bps": -1.6751123642658723,
        "max_drawdown_2020_2021_2_0_bps": 0.03848574692611303,
        "calmar_ratio_2020_2021_2_0_bps": -0.6300663407856613,
        "perc_pos_return_2020_2021_2_0_bps": 0.5384615384615384,
        "profit_loss_ratio_2020_2021_2_0_bps": 0.6225564743859155,
        "sharpe_ratio_2020_2_0_bps": -1.378834267519151,
        "annual_return_2020_2021_2_5_bps": -0.0296021886472162,
        "annual_volatility_2020_2021_2_5_bps": 0.016511973973824614,
        "sharpe_ratio_2020_2021_2_5_bps": -1.8114920924816809,
        "downside_risk_2020_2021_2_5_bps": 0.01472681549288792,
        "sortino_ratio_2020_2021_2_5_bps": -2.0310779543134623,
        "max_drawdown_2020_2021_2_5_bps": 0.04012205744159929,
        "calmar_ratio_2020_2021_2_5_bps": -0.7378033564281802,
        "perc_pos_return_2020_2021_2_5_bps": 0.5384615384615384,
        "profit_loss_ratio_2020_2021_2_5_bps": 0.5781620333977237,
        "sharpe_ratio_2020_2_5_bps": -1.7202869530594225,
        "annual_return_2020_2021_3_0_bps": -0.03492656864755295,
        "annual_volatility_2020_2021_3_0_bps": 0.016533171145336308,
        "sharpe_ratio_2020_2021_3_0_bps": -2.14188497158442,
        "downside_risk_2020_2021_3_0_bps": 0.014884678547037367,
        "sortino_ratio_2020_2021_3_0_bps": -2.3791008114096903,
        "max_drawdown_2020_2021_3_0_bps": 0.04175562228159955,
        "calmar_ratio_2020_2021_3_0_bps": -0.8364518773545866,
        "perc_pos_return_2020_2021_3_0_bps": 0.5076923076923077,
        "profit_loss_ratio_2020_2021_3_0_bps": 0.6070230453213312,
        "sharpe_ratio_2020_3_0_bps": -2.060829199568196
    },
    "COMB": {
        "annual_return_2020_2021": -0.002538556870615216,
        "annual_volatility_2020_2021": 0.016427058567550834,
        "sharpe_ratio_2020_2021": -0.14653309081696775,
        "downside_risk_2020_2021": 0.01399042539217183,
        "sortino_ratio_2020_2021": -0.17205392955967172,
        "max_drawdown_2020_2021": 0.03191295701191859,
        "calmar_ratio_2020_2021": -0.07954627550393205,
        "perc_pos_return_2020_2021": 0.5923076923076923,
        "profit_loss_ratio_2020_2021": 0.6673260731767356,
        "sharpe_ratio_2020": -0.005769341850570815,
        "annual_return_2020_2021_0_5_bps": -0.008010717667948808,
        "annual_volatility_2020_2021_0_5_bps": 0.016441217145316146,
        "sharpe_ratio_2020_2021_0_5_bps": -0.4809831364078684,
        "downside_risk_2020_2021_0_5_bps": 0.01413070547577481,
        "sortino_ratio_2020_2021_0_5_bps": -0.5596286896272865,
        "max_drawdown_2020_2021_0_5_bps": 0.0335602957966428,
        "calmar_ratio_2020_2021_0_5_bps": -0.2386962771868703,
        "perc_pos_return_2020_2021_0_5_bps": 0.5846153846153846,
        "profit_loss_ratio_2020_2021_0_5_bps": 0.641466752043219,
        "sharpe_ratio_2020_0_5_bps": -0.34993580639260297,
        "annual_return_2020_2021_1_0_bps": -0.013452999308228408,
        "annual_volatility_2020_2021_1_0_bps": 0.01645679216528347,
        "sharpe_ratio_2020_2021_1_0_bps": -0.814787510119134,
        "downside_risk_2020_2021_1_0_bps": 0.014274405575904602,
        "sortino_ratio_2020_2021_1_0_bps": -0.939358815440526,
        "max_drawdown_2020_2021_1_0_bps": 0.03520487066408073,
        "calmar_ratio_2020_2021_1_0_bps": -0.38213460394712956,
        "perc_pos_return_2020_2021_1_0_bps": 0.5615384615384615,
        "profit_loss_ratio_2020_2021_1_0_bps": 0.6559803506151946,
        "sharpe_ratio_2020_1_0_bps": -0.6935652727517548,
        "annual_return_2020_2021_1_5_bps": -0.018865564166134274,
        "annual_volatility_2020_2021_1_5_bps": 0.016473779609957107,
        "sharpe_ratio_2020_2021_1_5_bps": -1.147862220121751,
        "downside_risk_2020_2021_1_5_bps": 0.014421621102310163,
        "sortino_ratio_2020_2021_1_5_bps": -1.311199975559801,
        "max_drawdown_2020_2021_1_5_bps": 0.03684668618584884,
        "calmar_ratio_2020_2021_1_5_bps": -0.5120016511384324,
        "perc_pos_return_2020_2021_1_5_bps": 0.5423076923076923,
        "profit_loss_ratio_2020_2021_1_5_bps": 0.6594512302416771,
        "sharpe_ratio_2020_1_5_bps": -1.0365627546264158,
        "annual_return_2020_2021_2_0_bps": -0.024248573738139045,
        "annual_volatility_2020_2021_2_0_bps": 0.01649217511481573,
        "sharpe_ratio_2020_2021_2_0_bps": -1.480124337203713,
        "downside_risk_2020_2021_2_0_bps": 0.01457243721770404,
        "sortino_ratio_2020_2021_2_0_bps": -1.6751123642658723,
        "max_drawdown_2020_2021_2_0_bps": 0.03848574692611303,
        "calmar_ratio_2020_2021_2_0_bps": -0.6300663407856613,
        "perc_pos_return_2020_2021_2_0_bps": 0.5384615384615384,
        "profit_loss_ratio_2020_2021_2_0_bps": 0.6225564743859155,
        "sharpe_ratio_2020_2_0_bps": -1.378834267519151,
        "annual_return_2020_2021_2_5_bps": -0.0296021886472162,
        "annual_volatility_2020_2021_2_5_bps": 0.016511973973824614,
        "sharpe_ratio_2020_2021_2_5_bps": -1.8114920924816809,
        "downside_risk_2020_2021_2_5_bps": 0.01472681549288792,