{
    "ALL": {
        "annual_return": 0.048068325100208004,
        "annual_volatility": 0.030088360256007002,
        "sharpe_ratio": 1.5286844645491875,
        "downside_risk": 0.020231452998542003,
        "sortino_ratio": 2.4287493371664635,
        "max_drawdown": 0.0155116662809385,
        "calmar_ratio": 3.119639132855356,
        "perc_pos_return": 0.5602739726027396,
        "profit_loss_ratio": 1.0731738334334011,
        "annual_return_0_5_bps": 0.0473977196550365,
        "annual_volatility_0_5_bps": 0.030089203007442503,
        "sharpe_ratio_0_5_bps": 1.5078152457421725,
        "downside_risk_0_5_bps": 0.0202451220337765,
        "sortino_ratio_0_5_bps": 2.3933791649314946,
        "max_drawdown_0_5_bps": 0.0155859159762795,
        "calmar_ratio_0_5_bps": 3.051426843149652,
        "perc_pos_return_0_5_bps": 0.556164383561643,
        "profit_loss_ratio_0_5_bps": 1.088234127349982,
        "annual_return_1_0_bps": 0.0467276099370595,
        "annual_volatility_1_0_bps": 0.030090055232843506,
        "sharpe_ratio_1_0_bps": 1.486946948880045,
        "downside_risk_1_0_bps": 0.020258812845189503,
        "sortino_ratio_1_0_bps": 2.3580695154660862,
        "max_drawdown_1_0_bps": 0.0156601576248045,
        "calmar_ratio_1_0_bps": 2.984593968151286,
        "perc_pos_return_1_0_bps": 0.5547945205479445,
        "profit_loss_ratio_1_0_bps": 1.0889424996525825,
        "annual_return_1_5_bps": 0.046057995545282004,
        "annual_volatility_1_5_bps": 0.030090916931176,
        "sharpe_ratio_1_5_bps": 1.4660795966212037,
        "downside_risk_1_5_bps": 0.020272525492323,
        "sortino_ratio_1_5_bps": 2.3228203438281483,
        "max_drawdown_1_5_bps": 0.015734391227475,
        "calmar_ratio_1_5_bps": 2.919084408604915,
        "perc_pos_return_1_5_bps": 0.5520547945205476,
        "profit_loss_ratio_1_5_bps": 1.0947083165442542,
        "annual_return_2_0_bps": 0.045388876079059004,
        "annual_volatility_2_0_bps": 0.030091788101395005,
        "sharpe_ratio_2_0_bps": 1.445213211614171,
        "downside_risk_2_0_bps": 0.020286260125637,
        "sortino_ratio_2_0_bps": 2.287631600243602,
        "max_drawdown_2_0_bps": 0.015808616785256,
        "calmar_ratio_2_0_bps": 2.854845189569825,
        "perc_pos_return_2_0_bps": 0.5520547945205476,
        "profit_loss_ratio_2_0_bps": 1.0904108956915195,
        "annual_return_2_5_bps": 0.044720251138082506,
        "annual_volatility_2_5_bps": 0.030092668742445504,
        "sharpe_ratio_2_5_bps": 1.4243478164974532,
        "downside_risk_2_5_bps": 0.0203000167198105,
        "sortino_ratio_2_5_bps": 2.252503246959638,
        "max_drawdown_2_5_bps": 0.015882834299111002,
        "calmar_ratio_2_5_bps": 2.791826245206294,
        "perc_pos_return_2_5_bps": 0.5506849315068485,
        "profit_loss_ratio_2_5_bps": 1.0911735986051536,
        "annual_return_3_0_bps": 0.044052120322379,
        "annual_volatility_3_0_bps": 0.030093558853261503,
        "sharpe_ratio_3_0_bps": 1.403483433899403,
        "downside_risk_3_0_bps": 0.0203137955055705,
        "sortino_ratio_3_0_bps": 2.217435228018065,
        "max_drawdown_3_0_bps": 0.015957043770003,
        "calmar_ratio_3_0_bps": 2.7299802211123887,
        "perc_pos_return_3_0_bps": 0.5506849315068485,
        "profit_loss_ratio_3_0_bps": 1.0868870946284654,
        "annual_return_rescaled": 0.16864858009834427,
        "annual_volatility_rescaled": 0.1246364576492078,
        "downside_risk_rescaled": 0.08380571800456668,
        "max_drawdown_rescaled": 0.0755270468962093,
        "annual_return_rescaled_0_5_bps": 0.16602786884837095,
        "annual_volatility_rescaled_0_5_bps": 0.1246364576492068,
        "downside_risk_rescaled_0_5_bps": 0.08385999105199636,
        "max_drawdown_rescaled_0_5_bps": 0.07588019420526114,
        "annual_return_rescaled_1_0_bps": 0.16341399337561646,
        "annual_volatility_rescaled_1_0_bps": 0.12463645764920744,
        "downside_risk_rescaled_1_0_bps": 0.08391432483801821,
        "max_drawdown_rescaled_1_0_bps": 0.07623310628544852,
        "annual_return_rescaled_1_5_bps": 0.16080693656864808,
        "annual_volatility_rescaled_1_5_bps": 0.12463645764920762,
        "downside_risk_rescaled_1_5_bps": 0.08396871955565563,
        "max_drawdown_rescaled_1_5_bps": 0.07658578297461309,
        "annual_return_rescaled_2_0_bps": 0.15820668134891924,
        "annual_volatility_rescaled_2_0_bps": 0.12463645764920775,
        "downside_risk_rescaled_2_0_bps": 0.084023175774408,
        "max_drawdown_rescaled_2_0_bps": 0.07693822411137836,
        "annual_return_rescaled_2_5_bps": 0.15561321067075795,
        "annual_volatility_rescaled_2_5_bps": 0.12463645764920696,
        "downside_risk_rescaled_2_5_bps": 0.08407769333559231,
        "max_drawdown_rescaled_2_5_bps": 0.0772904295351486,
        "annual_return_rescaled_3_0_bps": 0.15302650752135427,
        "annual_volatility_rescaled_3_0_bps": 0.12463645764920697,
        "downside_risk_rescaled_3_0_bps": 0.08413227314091298,
        "max_drawdown_rescaled_3_0_bps": 0.07764239908611167,
        "sharpe_ratio_years": 1.2674469552809535,
        "sharpe_ratio_years_0_5_bps": 1.2501085639679403,
        "sharpe_ratio_years_1_0_bps": 1.23277094214026,
        "sharpe_ratio_years_1_5_bps": 1.2154341086021125,
        "sharpe_ratio_years_2_0_bps": 1.198098082149482,
        "sharpe_ratio_years_2_5_bps": 1.180762881570023,
        "sharpe_ratio_years_3_0_bps": 1.163428525642946,
        "sharpe_ratio_years_std": 0.09167730231792748,
        "sharpe_ratio_years_std_0_5_bps": 0.09105834333887153,
        "sharpe_ratio_years_std_1_0_bps": 0.09043887015409902,
        "sharpe_ratio_years_std_1_5_bps": 0.0898188759998686,
        "sharpe_ratio_years_std_2_0_bps": 0.08919835411898291,
        "sharpe_ratio_years_std_2_5_bps": 0.08857729776086498,
        "sharpe_ratio_years_std_3_0_bps": 0.08795570018163201
    },
    "COMB": {
        "annual_return": 0.048068325100208004,
        "annual_volatility": 0.030088360256007002,
        "sharpe_ratio": 1.5286844645491875,
        "downside_risk": 0.020231452998542003,
        "sortino_ratio": 2.4287493371664635,
        "max_drawdown": 0.0155116662809385,
        "calmar_ratio": 3.119639132855356,
        "perc_pos_return": 0.5602739726027396,
        "profit_loss_ratio": 1.0731738334334011,
        "annual_return_0_5_bps": 0.0473977196550365,
        "annual_volatility_0_5_bps": 0.030089203007442503,
        "sharpe_ratio_0_5_bps": 1.5078152457421725,
        "downside_risk_0_5_bps": 0.0202451220337765,
        "sortino_ratio_0_5_bps": 2.3933791649314946,
        "max_drawdown_0_5_bps": 0.0155859159762795,
        "calmar_ratio_0_5_bps": 3.051426843149652,
        "perc_pos_return_0_5_bps": 0.556164383561643,
        "profit_loss_ratio_0_5_bps": 1.088234127349982,
        "annual_return_1_0_bps": 0.0467276099370595,
        "annual_volatility_1_0_bps": 0.030090055232843506,
        "sharpe_ratio_1_0_bps": 1.486946948880045,
        "downside_risk_1_0_bps": 0.020258812845189503,
        "sortino_ratio_1_0_bps": 2.3580695154660862,
        "max_drawdown_1_0_bps": 0.0156601576248045,
        "calmar_ratio_1_0_bps": 2.984593968151286,
        "perc_pos_return_1_0_bps": 0.5547945205479445,
        "profit_loss_ratio_1_0_bps": 1.0889424996525825,
        "annual_return_1_5_bps": 0.046057995545282004,
        "annual_volatility_1_5_bps": 0.030090916931176,
        "sharpe_ratio_1_5_bps": 1.4660795966212037,
        "downside_risk_1_5_bps": 0.020272525492323,
        "sortino_ratio_1_5_bps": 2.3228203438281483,
        "max_drawdown_1_5_bps": 0.015734391227475,
        "calmar_ratio_1_5_bps": 2.919084408604915,
        "perc_pos_return_1_5_bps": 0.5520547945205476,
        "profit_loss_ratio_1_5_bps": 1.0947083165442542,
        "annual_return_2_0_bps": 0.045388876079059004,
        "annual_volatility_2_0_bps": 0.030091788101395005,
        "sharpe_ratio_2_0_bps": 1.445213211614171,