{
    "ALL": {
        "performance_sw": 0.8377010411372221,
        "performance_fw": 0.9863919012519671,
        "val_loss": 4.847773308980941,
        "annual_return_2021_2022": 0.04080383659821685,
        "annual_volatility_2021_2022": 0.04047969227596985,
        "sharpe_ratio_2021_2022": 1.0081733590683706,
        "downside_risk_2021_2022": 0.023961411919194788,
        "sortino_ratio_2021_2022": 1.7031779042714241,
        "max_drawdown_2021_2022": 0.042436615738405695,
        "calmar_ratio_2021_2022": 0.9615242848238919,
        "perc_pos_return_2021_2022": 0.4904109589041096,
        "profit_loss_ratio_2021_2022": 1.2221185662222023,
        "sharpe_ratio_2021": 0.8377010411372221,
        "annual_return_2021_2022_0_5_bps": 0.04030521918554686,
        "annual_volatility_2021_2022_0_5_bps": 0.04048095340957801,
        "sharpe_ratio_2021_2022_0_5_bps": 0.9963046559549597,
        "downside_risk_2021_2022_0_5_bps": 0.023973852035935907,
        "sortino_ratio_2021_2022_0_5_bps": 1.6823063018409878,
        "max_drawdown_2021_2022_0_5_bps": 0.042590986137768995,
        "calmar_ratio_2021_2022_0_5_bps": 0.9463321430307255,
        "perc_pos_return_2021_2022_0_5_bps": 0.4904109589041096,
        "profit_loss_ratio_2021_2022_0_5_bps": 1.2197721771240049,
        "sharpe_ratio_2021_0_5_bps": 0.8278392203842512,
        "annual_return_2021_2022_1_0_bps": 0.03980683983420574,
        "annual_volatility_2021_2022_1_0_bps": 0.04048221823961136,
        "sharpe_ratio_2021_2022_1_0_bps": 0.9844366024390284,
        "downside_risk_2021_2022_1_0_bps": 0.023986303374811436,
        "sortino_ratio_2021_2022_1_0_bps": 1.6614555715512194,
        "max_drawdown_2021_2022_1_0_bps": 0.04274533189671516,
        "calmar_ratio_2021_2022_1_0_bps": 0.9312558370207619,
        "perc_pos_return_2021_2022_1_0_bps": 0.4904109589041096,
        "profit_loss_ratio_2021_2022_1_0_bps": 1.2174309072133584,
        "sharpe_ratio_2021_1_0_bps": 0.8179779393881387,
        "annual_return_2021_2022_1_5_bps": 0.03930869843092588,
        "annual_volatility_2021_2022_1_5_bps": 0.04048348676572341,
        "sharpe_ratio_2021_2022_1_5_bps": 0.9725692017189213,
        "downside_risk_2021_2022_1_5_bps": 0.02399876591835416,
        "sortino_ratio_2021_2022_1_5_bps": 1.640625711359009,
        "max_drawdown_2021_2022_1_5_bps": 0.0428996530191354,
        "calmar_ratio_2021_2022_1_5_bps": 0.9162940878191306,
        "perc_pos_return_2021_2022_1_5_bps": 0.4904109589041096,
        "profit_loss_ratio_2021_2022_1_5_bps": 1.2150947397554899,
        "sharpe_ratio_2021_1_5_bps": 0.8081172008064199,
        "annual_return_2021_2022_2_0_bps": 0.03881079486248207,
        "annual_volatility_2021_2022_2_0_bps": 0.040484758987566725,
        "sharpe_ratio_2021_2022_2_0_bps": 0.9607024569918445,
        "downside_risk_2021_2022_2_0_bps": 0.024011239649117413,
        "sortino_ratio_2021_2022_2_0_bps": 1.6198167191050317,
        "max_drawdown_2021_2022_2_0_bps": 0.04305394950892307,
        "calmar_ratio_2021_2022_2_0_bps": 0.9014456351893664,
        "perc_pos_return_2021_2022_2_0_bps": 0.4904109589041096,
        "profit_loss_ratio_2021_2022_2_0_bps": 1.2127636580884904,
        "sharpe_ratio_2021_2_0_bps": 0.798257007295685,
        "annual_return_2021_2022_2_5_bps": 0.03831312901571593,
        "annual_volatility_2021_2022_2_5_bps": 0.04048603490479293,
        "sharpe_ratio_2021_2022_2_5_bps": 0.9488363714538558,
        "downside_risk_2021_2022_2_5_bps": 0.024023724549675128,
        "sortino_ratio_2021_2022_2_5_bps": 1.5990285925142846,
        "max_drawdown_2021_2022_2_5_bps": 0.04320822136997194,
        "calmar_ratio_2021_2022_2_5_bps": 0.8867092372920976,
        "perc_pos_return_2021_2022_2_5_bps": 0.4904109589041096,
        "profit_loss_ratio_2021_2022_2_5_bps": 1.2104376456229151,
        "sharpe_ratio_2021_2_5_bps": 0.788397361511569,
        "annual_return_2021_2022_3_0_bps": 0.03781570077750529,
        "annual_volatility_2021_2022_3_0_bps": 0.04048731451705263,
        "sharpe_ratio_2021_2022_3_0_bps": 0.9369709482998675,
        "downside_risk_2021_2022_3_0_bps": 0.02403622060262185,
        "sortino_ratio_2021_2022_3_0_bps": 1.5782613291966474,
        "max_drawdown_2021_2022_3_0_bps": 0.04336246860617379,
        "calmar_ratio_2021_2022_3_0_bps": 0.8720836703499216,
        "perc_pos_return_2021_2022_3_0_bps": 0.4904109589041096,
        "profit_loss_ratio_2021_2022_3_0_bps": 1.2081166858413945,
        "sharpe_ratio_2021_3_0_bps": 0.7785382661087558
    },
    "COMB": {
        "annual_return_2021_2022": 0.04080383659821685,
        "annual_volatility_2021_2022": 0.04047969227596985,
        "sharpe_ratio_2021_2022": 1.0081733590683706,
        "downside_risk_2021_2022": 0.023961411919194788,
        "sortino_ratio_2021_2022": 1.7031779042714241,
        "max_drawdown_2021_2022": 0.042436615738405695,
        "calmar_ratio_2021_2022": 0.9615242848238919,
        "perc_pos_return_2021_2022": 0.4904109589041096,
        "profit_loss_ratio_2021_2022": 1.2221185662222023,
        "sharpe_ratio_2021": 0.8377010411372221,
        "annual_return_2021_2022_0_5_bps": 0.04030521918554686,
        "annual_volatility_2021_2022_0_5_bps": 0.04048095340957801,
        "sharpe_ratio_2021_2022_0_5_bps": 0.9963046559549597,
        "downside_risk_2021_2022_0_5_bps": 0.023973852035935907,
        "sortino_ratio_2021_2022_0_5_bps": 1.6823063018409878,
        "max_drawdown_2021_2022_0_5_bps": 0.042590986137768995,
        "calmar_ratio_2021_2022_0_5_bps": 0.9463321430307255,
        "perc_pos_return_2021_2022_0_5_bps": 0.4904109589041096,
        "profit_loss_ratio_2021_2022_0_5_bps": 1.2197721771240049,
        "sharpe_ratio_2021_0_5_bps": 0.8278392203842512,
        "annual_return_2021_2022_1_0_bps": 0.03980683983420574,
        "annual_volatility_2021_2022_1_0_bps": 0.04048221823961136,
        "sharpe_ratio_2021_2022_1_0_bps": 0.9844366024390284,
        "downside_risk_2021_2022_1_0_bps": 0.023986303374811436,
        "sortino_ratio_2021_2022_1_0_bps": 1.6614555715512194,
        "max_drawdown_2021_2022_1_0_bps": 0.04274533189671516,
        "calmar_ratio_2021_2022_1_0_bps": 0.9312558370207619,
        "perc_pos_return_2021_2022_1_0_bps": 0.4904109589041096,
        "profit_loss_ratio_2021_2022_1_0_bps": 1.2174309072133584,
        "sharpe_ratio_2021_1_0_bps": 0.8179779393881387,
        "annual_return_2021_2022_1_5_bps": 0.03930869843092588,
        "annual_volatility_2021_2022_1_5_bps": 0.04048348676572341,
        "sharpe_ratio_2021_2022_1_5_bps": 0.9725692017189213,
        "downside_risk_2021_2022_1_5_bps": 0.02399876591835416,
        "sortino_ratio_2021_2022_1_5_bps": 1.640625711359009,
        "max_drawdown_2021_2022_1_5_bps": 0.0428996530191354,
        "calmar_ratio_2021_2022_1_5_bps": 0.9162940878191306,
        "perc_pos_return_2021_2022_1_5_bps": 0.4904109589041096,
        "profit_loss_ratio_2021_2022_1_5_bps": 1.2150947397554899,
        "sharpe_ratio_2021_1_5_bps": 0.8081172008064199,
        "annual_return_2021_2022_2_0_bps": 0.03881079486248207,
        "annual_volatility_2021_2022_2_0_bps": 0.040484758987566725,
        "sharpe_ratio_2021_2022_2_0_bps": 0.9607024569918445,
        "downside_risk_2021_2022_2_0_bps": 0.024011239649117413,
        "sortino_ratio_2021_2022_2_0_bps": 1.6198167191050317,
        "max_drawdown_2021_2022_2_0_bps": 0.04305394950892307,
        "calmar_ratio_2021_2022_2_0_bps": 0.9014456351893664,
        "perc_pos_return_2021_2022_2_0_bps": 0.4904109589041096,
        "profit_loss_ratio_2021_2022_2_0_bps": 1.2127636580884904,
        "sharpe_ratio_2021_2_0_bps": 0.798257007295685,
        "annual_return_2021_2022_2_5_bps": 0.03831312901571593,
        "annual_volatility_2021_2022_2_5_bps": 0.04048603490479293,
        "sharpe_ratio_2021_2022_2_5_bps": 0.9488363714538558,
        "downside_risk_2021_2022_2_5_bps": 0.024023724549675128,
        "sortino_ratio_2021_2022_2_5_bps": 1.5990285925142846,