{
    "ALL": {
        "performance_sw": 1.5999299679406895,
        "performance_fw": 1.1483309339542171,
        "val_loss": 3.5151941415127648,
        "annual_return_2016_2017": 0.026343064317053244,
        "annual_volatility_2016_2017": 0.01633582681147588,
        "sharpe_ratio_2016_2017": 1.599929967940689,
        "downside_risk_2016_2017": 0.009126078157430318,
        "sortino_ratio_2016_2017": 2.8639003979480018,
        "max_drawdown_2016_2017": 0.010033859241292895,
        "calmar_ratio_2016_2017": 2.6254169690404043,
        "perc_pos_return_2016_2017": 0.5173745173745173,
        "profit_loss_ratio_2016_2017": 1.240663452004937,
        "sharpe_ratio_2016": 1.7308065998597435,
        "annual_return_2016_2017_0_5_bps": 0.020945248495030988,
        "annual_volatility_2016_2017_0_5_bps": 0.016336325774995473,
        "sharpe_ratio_2016_2017_0_5_bps": 1.277065126233595,
        "downside_risk_2016_2017_0_5_bps": 0.00931171888438139,
        "sortino_ratio_2016_2017_0_5_bps": 2.2404619595025177,
        "max_drawdown_2016_2017_0_5_bps": 0.011335613988621665,
        "calmar_ratio_2016_2017_0_5_bps": 1.8477383330144423,
        "perc_pos_return_2016_2017_0_5_bps": 0.49034749034749037,
        "profit_loss_ratio_2016_2017_0_5_bps": 1.3042662252137378,
        "sharpe_ratio_2016_0_5_bps": 1.4120750187147943,
        "annual_return_2016_2017_1_0_bps": 0.015575700262054237,
        "annual_volatility_2016_2017_1_0_bps": 0.01633736461691401,
        "sharpe_ratio_2016_2017_1_0_bps": 0.9541884737742244,
        "downside_risk_2016_2017_1_0_bps": 0.009500243132160129,
        "sortino_ratio_2016_2017_1_0_bps": 1.6408974794060502,
        "max_drawdown_2016_2017_1_0_bps": 0.01276424760339208,
        "calmar_ratio_2016_2017_1_0_bps": 1.2202599593817827,
        "perc_pos_return_2016_2017_1_0_bps": 0.47876447876447875,
        "profit_loss_ratio_2016_2017_1_0_bps": 1.2892607579806836,
        "sharpe_ratio_2016_1_0_bps": 1.093369892060588,
        "annual_return_2016_2017_1_5_bps": 0.010234272218058171,
        "annual_volatility_2016_2017_1_5_bps": 0.016338943234253903,
        "sharpe_ratio_2016_2017_1_5_bps": 0.6313320226824145,
        "downside_risk_2016_2017_1_5_bps": 0.009691642810862334,
        "sortino_ratio_2016_2017_1_5_bps": 1.0643497992944337,
        "max_drawdown_2016_2017_1_5_bps": 0.015013338297517831,
        "calmar_ratio_2016_2017_1_5_bps": 0.6816786523587638,
        "perc_pos_return_2016_2017_1_5_bps": 0.47876447876447875,
        "profit_loss_ratio_2016_2017_1_5_bps": 1.2171749073265863,
        "sharpe_ratio_2016_1_5_bps": 0.7747189450944209,
        "annual_return_2016_2017_2_0_bps": 0.004920817728301996,
        "annual_volatility_2016_2017_2_0_bps": 0.016341061470581217,
        "sharpe_ratio_2016_2017_2_0_bps": 0.3085277636902381,
        "downside_risk_2016_2017_2_0_bps": 0.009885836962964162,
        "sortino_ratio_2016_2017_2_0_bps": 0.5099893080101379,
        "max_drawdown_2016_2017_2_0_bps": 0.01737502214438737,
        "calmar_ratio_2016_2017_2_0_bps": 0.28321217017220096,
        "perc_pos_return_2016_2017_2_0_bps": 0.46332046332046334,
        "profit_loss_ratio_2016_2017_2_0_bps": 1.2230167319275869,
        "sharpe_ratio_2016_2_0_bps": 0.4561498664698978,
        "annual_return_2016_2017_2_5_bps": -0.000364809080606987,
        "annual_volatility_2016_2017_2_5_bps": 0.01634371911608315,
        "sharpe_ratio_2016_2017_2_5_bps": -0.014192349687417734,
        "downside_risk_2016_2017_2_5_bps": 0.010082919064895304,
        "sortino_ratio_2016_2017_2_5_bps": -0.02300482384074303,
        "max_drawdown_2016_2017_2_5_bps": 0.019731097962007796,
        "calmar_ratio_2016_2017_2_5_bps": -0.018489041071582862,
        "perc_pos_return_2016_2017_2_5_bps": 0.4594594594594595,
        "profit_loss_ratio_2016_2017_2_5_bps": 1.173542917955768,
        "sharpe_ratio_2016_2_5_bps": 0.137690296305423,
        "annual_return_2016_2017_3_0_bps": -0.005622753324642016,
        "annual_volatility_2016_2017_3_0_bps": 0.016346915907671844,
        "sharpe_ratio_2016_2017_3_0_bps": -0.3367964169336721,
        "downside_risk_2016_2017_3_0_bps": 0.010282816784088225,
        "sortino_ratio_2016_2017_3_0_bps": -0.5354158127313267,
        "max_drawdown_2016_2017_3_0_bps": 0.0220815789378042,
        "calmar_ratio_2016_2017_3_0_bps": -0.25463547423303706,
        "perc_pos_return_2016_2017_3_0_bps": 0.44015444015444016,
        "profit_loss_ratio_2016_2017_3_0_bps": 1.1991325099911438,
        "sharpe_ratio_2016_3_0_bps": -0.18063218575255885
    },
    "COMB": {
        "annual_return_2016_2017": 0.026343064317053244,
        "annual_volatility_2016_2017": 0.01633582681147588,
        "sharpe_ratio_2016_2017": 1.599929967940689,
        "downside_risk_2016_2017": 0.009126078157430318,
        "sortino_ratio_2016_2017": 2.8639003979480018,
        "max_drawdown_2016_2017": 0.010033859241292895,
        "calmar_ratio_2016_2017": 2.6254169690404043,
        "perc_pos_return_2016_2017": 0.5173745173745173,
        "profit_loss_ratio_2016_2017": 1.240663452004937,
        "sharpe_ratio_2016": 1.7308065998597435,
        "annual_return_2016_2017_0_5_bps": 0.020945248495030988,
        "annual_volatility_2016_2017_0_5_bps": 0.016336325774995473,
        "sharpe_ratio_2016_2017_0_5_bps": 1.277065126233595,
        "downside_risk_2016_2017_0_5_bps": 0.00931171888438139,
        "sortino_ratio_2016_2017_0_5_bps": 2.2404619595025177,
        "max_drawdown_2016_2017_0_5_bps": 0.011335613988621665,
        "calmar_ratio_2016_2017_0_5_bps": 1.8477383330144423,
        "perc_pos_return_2016_2017_0_5_bps": 0.49034749034749037,
        "profit_loss_ratio_2016_2017_0_5_bps": 1.3042662252137378,
        "sharpe_ratio_2016_0_5_bps": 1.4120750187147943,
        "annual_return_2016_2017_1_0_bps": 0.015575700262054237,
        "annual_volatility_2016_2017_1_0_bps": 0.01633736461691401,
        "sharpe_ratio_2016_2017_1_0_bps": 0.9541884737742244,
        "downside_risk_2016_2017_1_0_bps": 0.009500243132160129,
        "sortino_ratio_2016_2017_1_0_bps": 1.6408974794060502,
        "max_drawdown_2016_2017_1_0_bps": 0.01276424760339208,
        "calmar_ratio_2016_2017_1_0_bps": 1.2202599593817827,
        "perc_pos_return_2016_2017_1_0_bps": 0.47876447876447875,
        "profit_loss_ratio_2016_2017_1_0_bps": 1.2892607579806836,
        "sharpe_ratio_2016_1_0_bps": 1.093369892060588,
        "annual_return_2016_2017_1_5_bps": 0.010234272218058171,
        "annual_volatility_2016_2017_1_5_bps": 0.016338943234253903,
        "sharpe_ratio_2016_2017_1_5_bps": 0.6313320226824145,
        "downside_risk_2016_2017_1_5_bps": 0.009691642810862334,
        "sortino_ratio_2016_2017_1_5_bps": 1.0643497992944337,
        "max_drawdown_2016_2017_1_5_bps": 0.015013338297517831,
        "calmar_ratio_2016_2017_1_5_bps": 0.6816786523587638,
        "perc_pos_return_2016_2017_1_5_bps": 0.47876447876447875,
        "profit_loss_ratio_2016_2017_1_5_bps": 1.2171749073265863,
        "sharpe_ratio_2016_1_5_bps": 0.7747189450944209,
        "annual_return_2016_2017_2_0_bps": 0.004920817728301996,
        "annual_volatility_2016_2017_2_0_bps": 0.016341061470581217,
        "sharpe_ratio_2016_2017_2_0_bps": 0.3085277636902381,
        "downside_risk_2016_2017_2_0_bps": 0.009885836962964162,
        "sortino_ratio_2016_2017_2_0_bps": 0.5099893080101379,
        "max_drawdown_2016_2017_2_0_bps": 0.01737502214438737,
        "calmar_ratio_2016_2017_2_0_bps": 0.28321217017220096,
        "perc_pos_return_2016_2017_2_0_bps": 0.46332046332046334,
        "profit_loss_ratio_2016_2017_2_0_bps": 1.2230167319275869,
        "sharpe_ratio_2016_2_0_bps": 0.4561498664698978,
        "annual_return_2016_2017_2_5_bps": -0.000364809080606987,
        "annual_volatility_2016_2017_2_5_bps": 0.01634371911608315,
        "sharpe_ratio_2016_2017_2_5_bps": -0.014192349687417734,
        "downside_risk_2016_2017_2_5_bps": 0.010082919064895304,