{
    "ALL": {
        "performance_sw": 2.0724332872070352,
        "performance_fw": 2.2311164256357072,
        "val_loss": 2.9833821469015884,
        "annual_return_2017_2018": 0.01702789860528986,
        "annual_volatility_2017_2018": 0.008163496518136294,
        "sharpe_ratio_2017_2018": 2.072433287207035,
        "downside_risk_2017_2018": 0.005000010920609334,
        "sortino_ratio_2017_2018": 3.3836529945263822,
        "max_drawdown_2017_2018": 0.0040586675973544465,
        "calmar_ratio_2017_2018": 4.195440547136484,
        "perc_pos_return_2017_2018": 0.5465116279069767,
        "profit_loss_ratio_2017_2018": 1.1614929838861403,
        "sharpe_ratio_2017": 2.271043700808965,
        "annual_return_2017_2018_0_5_bps": 0.011125581418600206,
        "annual_volatility_2017_2018_0_5_bps": 0.008162865745137563,
        "sharpe_ratio_2017_2018_0_5_bps": 1.3595192736466926,
        "downside_risk_2017_2018_0_5_bps": 0.005202361059144153,
        "sortino_ratio_2017_2018_0_5_bps": 2.1331801431195863,
        "max_drawdown_2017_2018_0_5_bps": 0.004569478427831381,
        "calmar_ratio_2017_2018_0_5_bps": 2.43475958893634,
        "perc_pos_return_2017_2018_0_5_bps": 0.5310077519379846,
        "profit_loss_ratio_2017_2018_0_5_bps": 1.1008001559136564,
        "sharpe_ratio_2017_0_5_bps": 1.5618941541123157,
        "annual_return_2017_2018_1_0_bps": 0.0052573742105639365,
        "annual_volatility_2017_2018_1_0_bps": 0.008163330244342555,
        "sharpe_ratio_2017_2018_1_0_bps": 0.646408332785803,
        "downside_risk_2017_2018_1_0_bps": 0.0054098426088752686,
        "sortino_ratio_2017_2018_1_0_bps": 0.9754155665394624,
        "max_drawdown_2017_2018_1_0_bps": 0.005344556659033616,
        "calmar_ratio_2017_2018_1_0_bps": 0.9836876182569194,
        "perc_pos_return_2017_2018_1_0_bps": 0.5077519379844961,
        "profit_loss_ratio_2017_2018_1_0_bps": 1.0762886459466492,
        "sharpe_ratio_2017_1_0_bps": 0.8521494567038161,
        "annual_return_2017_2018_1_5_bps": -0.0005769193108717818,
        "annual_volatility_2017_2018_1_5_bps": 0.008164889828821718,
        "sharpe_ratio_2017_2018_1_5_bps": -0.06661252431529666,
        "downside_risk_2017_2018_1_5_bps": 0.005622272528944732,
        "sortino_ratio_2017_2018_1_5_bps": -0.09673738145101779,
        "max_drawdown_2017_2018_1_5_bps": 0.00672724499717664,
        "calmar_ratio_2017_2018_1_5_bps": -0.08575862944101327,
        "perc_pos_return_2017_2018_1_5_bps": 0.49224806201550386,
        "profit_loss_ratio_2017_2018_1_5_bps": 1.020457633698552,
        "sharpe_ratio_2017_1_5_bps": 0.1420653506242589,
        "annual_return_2017_2018_2_0_bps": -0.006377494312941212,
        "annual_volatility_2017_2018_2_0_bps": 0.008167543871258705,
        "sharpe_ratio_2017_2018_2_0_bps": -0.7792566086030401,
        "downside_risk_2017_2018_2_0_bps": 0.005839523717847721,
        "sortino_ratio_2017_2018_2_0_bps": -1.0899198025827035,
        "max_drawdown_2017_2018_2_0_bps": 0.009645367730244795,
        "calmar_ratio_2017_2018_2_0_bps": -0.6611976330299388,
        "perc_pos_return_2017_2018_2_0_bps": 0.4689922480620155,
        "profit_loss_ratio_2017_2018_2_0_bps": 0.9984245373675396,
        "sharpe_ratio_2017_2_0_bps": -0.568101798297568,
        "annual_return_2017_2018_2_5_bps": -0.012144544844483018,
        "annual_volatility_2017_2018_2_5_bps": 0.008171291305210932,
        "sharpe_ratio_2017_2018_2_5_bps": -1.4912381284757716,
        "downside_risk_2017_2018_2_5_bps": 0.006061835679935612,
        "sortino_ratio_2017_2018_2_5_bps": -2.0101734518383587,
        "max_drawdown_2017_2018_2_5_bps": 0.015037452237085113,
        "calmar_ratio_2017_2018_2_5_bps": -0.8076198449716332,
        "perc_pos_return_2017_2018_2_5_bps": 0.4418604651162791,
        "profit_loss_ratio_2017_2018_2_5_bps": 0.9935564512871773,
        "sharpe_ratio_2017_2_5_bps": -1.2780954628523962,
        "annual_return_2017_2018_3_0_bps": -0.017878263842334263,
        "annual_volatility_2017_2018_3_0_bps": 0.008176130627248854,
        "sharpe_ratio_2017_2018_3_0_bps": -2.202272760746163,
        "downside_risk_2017_2018_3_0_bps": 0.006289337863045729,
        "sortino_ratio_2017_2018_3_0_bps": -2.8629515794485902,
        "max_drawdown_2017_2018_3_0_bps": 0.02064271980137433,
        "calmar_ratio_2017_2018_3_0_bps": -0.8660808272533924,
        "perc_pos_return_2017_2018_3_0_bps": 0.4263565891472868,
        "profit_loss_ratio_2017_2018_3_0_bps": 0.9445099690233053,
        "sharpe_ratio_2017_3_0_bps": -1.987659417558034
    },
    "COMB": {
        "annual_return_2017_2018": 0.01702789860528986,
        "annual_volatility_2017_2018": 0.008163496518136294,
        "sharpe_ratio_2017_2018": 2.072433287207035,
        "downside_risk_2017_2018": 0.005000010920609334,
        "sortino_ratio_2017_2018": 3.3836529945263822,
        "max_drawdown_2017_2018": 0.0040586675973544465,
        "calmar_ratio_2017_2018": 4.195440547136484,
        "perc_pos_return_2017_2018": 0.5465116279069767,
        "profit_loss_ratio_2017_2018": 1.1614929838861403,
        "sharpe_ratio_2017": 2.271043700808965,
        "annual_return_2017_2018_0_5_bps": 0.011125581418600206,
        "annual_volatility_2017_2018_0_5_bps": 0.008162865745137563,
        "sharpe_ratio_2017_2018_0_5_bps": 1.3595192736466926,
        "downside_risk_2017_2018_0_5_bps": 0.005202361059144153,
        "sortino_ratio_2017_2018_0_5_bps": 2.1331801431195863,
        "max_drawdown_2017_2018_0_5_bps": 0.004569478427831381,
        "calmar_ratio_2017_2018_0_5_bps": 2.43475958893634,
        "perc_pos_return_2017_2018_0_5_bps": 0.5310077519379846,
        "profit_loss_ratio_2017_2018_0_5_bps": 1.1008001559136564,
        "sharpe_ratio_2017_0_5_bps": 1.5618941541123157,
        "annual_return_2017_2018_1_0_bps": 0.0052573742105639365,
        "annual_volatility_2017_2018_1_0_bps": 0.008163330244342555,
        "sharpe_ratio_2017_2018_1_0_bps": 0.646408332785803,
        "downside_risk_2017_2018_1_0_bps": 0.0054098426088752686,
        "sortino_ratio_2017_2018_1_0_bps": 0.9754155665394624,
        "max_drawdown_2017_2018_1_0_bps": 0.005344556659033616,
        "calmar_ratio_2017_2018_1_0_bps": 0.9836876182569194,
        "perc_pos_return_2017_2018_1_0_bps": 0.5077519379844961,
        "profit_loss_ratio_2017_2018_1_0_bps": 1.0762886459466492,
        "sharpe_ratio_2017_1_0_bps": 0.8521494567038161,
        "annual_return_2017_2018_1_5_bps": -0.0005769193108717818,
        "annual_volatility_2017_2018_1_5_bps": 0.008164889828821718,
        "sharpe_ratio_2017_2018_1_5_bps": -0.06661252431529666,
        "downside_risk_2017_2018_1_5_bps": 0.005622272528944732,
        "sortino_ratio_2017_2018_1_5_bps": -0.09673738145101779,
        "max_drawdown_2017_2018_1_5_bps": 0.00672724499717664,
        "calmar_ratio_2017_2018_1_5_bps": -0.08575862944101327,
        "perc_pos_return_2017_2018_1_5_bps": 0.49224806201550386,
        "profit_loss_ratio_2017_2018_1_5_bps": 1.020457633698552,
        "sharpe_ratio_2017_1_5_bps": 0.1420653506242589,
        "annual_return_2017_2018_2_0_bps": -0.006377494312941212,
        "annual_volatility_2017_2018_2_0_bps": 0.008167543871258705,
        "sharpe_ratio_2017_2018_2_0_bps": -0.7792566086030401,
        "downside_risk_2017_2018_2_0_bps": 0.005839523717847721,
        "sortino_ratio_2017_2018_2_0_bps": -1.0899198025827035,
        "max_drawdown_2017_2018_2_0_bps": 0.009645367730244795,
        "calmar_ratio_2017_2018_2_0_bps": -0.6611976330299388,
        "perc_pos_return_2017_2018_2_0_bps": 0.4689922480620155,
        "profit_loss_ratio_2017_2018_2_0_bps": 0.9984245373675396,
        "sharpe_ratio_2017_2_0_bps": -0.568101798297568,
        "annual_return_2017_2018_2_5_bps": -0.012144544844483018,
        "annual_volatility_2017_2018_2_5_bps": 0.008171291305210932,
        "sharpe_ratio_2017_2018_2_5_bps": -1.4912381284757716,
        "downside_risk_2017_2018_2_5_bps": 0.006061835679935612,