{
    "ALL": {
        "performance_sw": 2.034709798875813,
        "performance_fw": 1.9563564298730387,
        "val_loss": 2.644890606389844,
        "annual_return_2018_2019": 0.018080785998979554,
        "annual_volatility_2018_2019": 0.00882618170884769,
        "sharpe_ratio_2018_2019": 2.034709798875813,
        "downside_risk_2018_2019": 0.0062108510628611025,
        "sortino_ratio_2018_2019": 2.8915068527465153,
        "max_drawdown_2018_2019": 0.007143589278179355,
        "calmar_ratio_2018_2019": 2.5310506098396095,
        "perc_pos_return_2018_2019": 0.6038461538461538,
        "profit_loss_ratio_2018_2019": 0.926557120283852,
        "sharpe_ratio_2018": 1.9365499939039168,
        "annual_return_2018_2019_0_5_bps": 0.01298166098773823,
        "annual_volatility_2018_2019_0_5_bps": 0.008824471802712975,
        "sharpe_ratio_2018_2019_0_5_bps": 1.4660646443861423,
        "downside_risk_2018_2019_0_5_bps": 0.00635620425058139,
        "sortino_ratio_2018_2019_0_5_bps": 2.0353729372615095,
        "max_drawdown_2018_2019_0_5_bps": 0.007274400789015046,
        "calmar_ratio_2018_2019_0_5_bps": 1.7845677416264476,
        "perc_pos_return_2018_2019_0_5_bps": 0.5884615384615385,
        "profit_loss_ratio_2018_2019_0_5_bps": 0.8978510574000048,
        "sharpe_ratio_2018_0_5_bps": 1.3873432405121697,
        "annual_return_2018_2019_1_0_bps": 0.007907966629401741,
        "annual_volatility_2018_2019_1_0_bps": 0.008823643487181579,
        "sharpe_ratio_2018_2019_1_0_bps": 0.8971094347282437,
        "downside_risk_2018_2019_1_0_bps": 0.006505069855710999,
        "sortino_ratio_2018_2019_1_0_bps": 1.2168622315530577,
        "max_drawdown_2018_2019_1_0_bps": 0.007405198147715619,
        "calmar_ratio_2018_2019_1_0_bps": 1.0678939944154253,
        "perc_pos_return_2018_2019_1_0_bps": 0.573076923076923,
        "profit_loss_ratio_2018_2019_1_0_bps": 0.8686978415607195,
        "sharpe_ratio_2018_1_0_bps": 0.8382632080910191,
        "annual_return_2018_2019_1_5_bps": 0.0028595766363506137,
        "annual_volatility_2018_2019_1_5_bps": 0.008823697010528752,
        "sharpe_ratio_2018_2019_1_5_bps": 0.3280146092124998,
        "downside_risk_2018_2019_1_5_bps": 0.0066573973661922005,
        "sortino_ratio_2018_2019_1_5_bps": 0.43474970285175135,
        "max_drawdown_2018_2019_1_5_bps": 0.007535981355490903,
        "calmar_ratio_2018_2019_1_5_bps": 0.379456437251806,
        "perc_pos_return_2018_2019_1_5_bps": 0.5653846153846154,
        "profit_loss_ratio_2018_2019_1_5_bps": 0.8133779686976865,
        "sharpe_ratio_2018_1_5_bps": 0.28944370627810445,
        "annual_return_2018_2019_2_0_bps": -0.002163634654577029,
        "annual_volatility_2018_2019_2_0_bps": 0.008824632356708852,
        "sharpe_ratio_2018_2019_2_0_bps": -0.2410492224047912,
        "downside_risk_2018_2019_2_0_bps": 0.006813169078740311,
        "sortino_ratio_2018_2019_2_0_bps": -0.31221458663493523,
        "max_drawdown_2018_2019_2_0_bps": 0.010008633945813035,
        "calmar_ratio_2018_2019_2_0_bps": -0.2161768195630887,
        "perc_pos_return_2018_2019_2_0_bps": 0.5384615384615384,
        "profit_loss_ratio_2018_2019_2_0_bps": 0.8221125240631018,
        "sharpe_ratio_2018_2_0_bps": -0.2589818857964766,
        "annual_return_2018_2019_2_5_bps": -0.0071617922851683335,
        "annual_volatility_2018_2019_2_5_bps": 0.008826449245379384,
        "sharpe_ratio_2018_2019_2_5_bps": -0.8099115355640938,
        "downside_risk_2018_2019_2_5_bps": 0.006972551101480115,
        "sortino_ratio_2018_2019_2_5_bps": -1.0252550261533768,
        "max_drawdown_2018_2019_2_5_bps": 0.013045435908556877,
        "calmar_ratio_2018_2019_2_5_bps": -0.5489883462208195,
        "perc_pos_return_2018_2019_2_5_bps": 0.5153846153846153,
        "profit_loss_ratio_2018_2019_2_5_bps": 0.816801483211905,
        "sharpe_ratio_2018_2_5_bps": -0.8068807806114003,
        "annual_return_2018_2019_3_0_bps": -0.012135020678895714,
        "annual_volatility_2018_2019_3_0_bps": 0.0088291471323209,
        "sharpe_ratio_2018_2019_3_0_bps": -1.3784021461895766,
        "downside_risk_2018_2019_3_0_bps": 0.007135585069168907,
        "sortino_ratio_2018_2019_3_0_bps": -1.7055525564117684,
        "max_drawdown_2018_2019_3_0_bps": 0.017505683161226106,
        "calmar_ratio_2018_2019_3_0_bps": -0.693204633440068,
        "perc_pos_return_2018_2019_3_0_bps": 0.49615384615384617,
        "profit_loss_ratio_2018_2019_3_0_bps": 0.7981817948655401,
        "sharpe_ratio_2018_3_0_bps": -1.3541209415456215
    },
    "COMB": {
        "annual_return_2018_2019": 0.018080785998979554,
        "annual_volatility_2018_2019": 0.00882618170884769,
        "sharpe_ratio_2018_2019": 2.034709798875813,
        "downside_risk_2018_2019": 0.0062108510628611025,
        "sortino_ratio_2018_2019": 2.8915068527465153,
        "max_drawdown_2018_2019": 0.007143589278179355,
        "calmar_ratio_2018_2019": 2.5310506098396095,
        "perc_pos_return_2018_2019": 0.6038461538461538,
        "profit_loss_ratio_2018_2019": 0.926557120283852,
        "sharpe_ratio_2018": 1.9365499939039168,
        "annual_return_2018_2019_0_5_bps": 0.01298166098773823,
        "annual_volatility_2018_2019_0_5_bps": 0.008824471802712975,
        "sharpe_ratio_2018_2019_0_5_bps": 1.4660646443861423,
        "downside_risk_2018_2019_0_5_bps": 0.00635620425058139,
        "sortino_ratio_2018_2019_0_5_bps": 2.0353729372615095,
        "max_drawdown_2018_2019_0_5_bps": 0.007274400789015046,
        "calmar_ratio_2018_2019_0_5_bps": 1.7845677416264476,
        "perc_pos_return_2018_2019_0_5_bps": 0.5884615384615385,
        "profit_loss_ratio_2018_2019_0_5_bps": 0.8978510574000048,
        "sharpe_ratio_2018_0_5_bps": 1.3873432405121697,
        "annual_return_2018_2019_1_0_bps": 0.007907966629401741,
        "annual_volatility_2018_2019_1_0_bps": 0.008823643487181579,
        "sharpe_ratio_2018_2019_1_0_bps": 0.8971094347282437,
        "downside_risk_2018_2019_1_0_bps": 0.006505069855710999,
        "sortino_ratio_2018_2019_1_0_bps": 1.2168622315530577,
        "max_drawdown_2018_2019_1_0_bps": 0.007405198147715619,
        "calmar_ratio_2018_2019_1_0_bps": 1.0678939944154253,
        "perc_pos_return_2018_2019_1_0_bps": 0.573076923076923,
        "profit_loss_ratio_2018_2019_1_0_bps": 0.8686978415607195,
        "sharpe_ratio_2018_1_0_bps": 0.8382632080910191,
        "annual_return_2018_2019_1_5_bps": 0.0028595766363506137,
        "annual_volatility_2018_2019_1_5_bps": 0.008823697010528752,
        "sharpe_ratio_2018_2019_1_5_bps": 0.3280146092124998,
        "downside_risk_2018_2019_1_5_bps": 0.0066573973661922005,
        "sortino_ratio_2018_2019_1_5_bps": 0.43474970285175135,
        "max_drawdown_2018_2019_1_5_bps": 0.007535981355490903,
        "calmar_ratio_2018_2019_1_5_bps": 0.379456437251806,
        "perc_pos_return_2018_2019_1_5_bps": 0.5653846153846154,
        "profit_loss_ratio_2018_2019_1_5_bps": 0.8133779686976865,
        "sharpe_ratio_2018_1_5_bps": 0.28944370627810445,
        "annual_return_2018_2019_2_0_bps": -0.002163634654577029,
        "annual_volatility_2018_2019_2_0_bps": 0.008824632356708852,
        "sharpe_ratio_2018_2019_2_0_bps": -0.2410492224047912,
        "downside_risk_2018_2019_2_0_bps": 0.006813169078740311,
        "sortino_ratio_2018_2019_2_0_bps": -0.31221458663493523,
        "max_drawdown_2018_2019_2_0_bps": 0.010008633945813035,
        "calmar_ratio_2018_2019_2_0_bps": -0.2161768195630887,
        "perc_pos_return_2018_2019_2_0_bps": 0.5384615384615384,
        "profit_loss_ratio_2018_2019_2_0_bps": 0.8221125240631018,
        "sharpe_ratio_2018_2_0_bps": -0.2589818857964766,
        "annual_return_2018_2019_2_5_bps": -0.0071617922851683335,
        "annual_volatility_2018_2019_2_5_bps": 0.008826449245379384,
        "sharpe_ratio_2018_2019_2_5_bps": -0.8099115355640938,
        "downside_risk_2018_2019_2_5_bps": 0.006972551101480115,