{
    "ALL": {
        "annual_return_2021_2022": 0.21091632972294838,
        "annual_volatility_2021_2022": 0.12107396626306736,
        "sharpe_ratio_2021_2022": 1.641582707031884,
        "downside_risk_2021_2022": 0.08613884335823754,
        "sortino_ratio_2021_2022": 2.307355445471119,
        "max_drawdown_2021_2022": 0.08622965881063695,
        "calmar_ratio_2021_2022": 2.4459835818917863,
        "perc_pos_return_2021_2022": 0.5780821917808219,
        "profit_loss_ratio_2021_2022": 0.9186591853456706,
        "sharpe_ratio_2021": 1.3640070236176622,
        "annual_return_2021_2022_0_5_bps": 0.21084097293028048,
        "annual_volatility_2021_2022_0_5_bps": 0.12107369597811733,
        "sharpe_ratio_2021_2022_0_5_bps": 1.6410718314958237,
        "downside_risk_2021_2022_0_5_bps": 0.08614016706501966,
        "sortino_ratio_2021_2022_0_5_bps": 2.3065967802779324,
        "max_drawdown_2021_2022_0_5_bps": 0.08623574774542409,
        "calmar_ratio_2021_2022_0_5_bps": 2.4449370295101116,
        "perc_pos_return_2021_2022_0_5_bps": 0.5780821917808219,
        "profit_loss_ratio_2021_2022_0_5_bps": 0.9185947742830376,
        "sharpe_ratio_2021_0_5_bps": 1.3635825321702342,
        "annual_return_2021_2022_1_0_bps": 0.21076562077757588,
        "annual_volatility_2021_2022_1_0_bps": 0.1210734259447928,
        "sharpe_ratio_2021_2022_1_0_bps": 1.6405609502692418,
        "downside_risk_2021_2022_1_0_bps": 0.08614149085610869,
        "sortino_ratio_2021_2022_1_0_bps": 2.3058381361443123,
        "max_drawdown_2021_2022_1_0_bps": 0.08624183664123482,
        "calmar_ratio_2021_2022_1_0_bps": 2.443890679814239,
        "perc_pos_return_2021_2022_1_0_bps": 0.5780821917808219,
        "profit_loss_ratio_2021_2022_1_0_bps": 0.9185303667919854,
        "sharpe_ratio_2021_1_0_bps": 1.3631580359944966,
        "annual_return_2021_2022_1_5_bps": 0.21069027326454748,
        "annual_volatility_2021_2022_1_5_bps": 0.12107315616309544,
        "sharpe_ratio_2021_2022_1_5_bps": 1.6400500633552628,
        "downside_risk_2021_2022_1_5_bps": 0.0861428147315007,
        "sortino_ratio_2021_2022_1_5_bps": 2.305079513071619,
        "max_drawdown_2021_2022_1_5_bps": 0.08624792549807092,
        "calmar_ratio_2021_2022_1_5_bps": 2.442844532756442,
        "perc_pos_return_2021_2022_1_5_bps": 0.5780821917808219,
        "profit_loss_ratio_2021_2022_1_5_bps": 0.9184659628722176,
        "sharpe_ratio_2021_1_5_bps": 1.3627335350930454,
        "annual_return_2021_2022_2_0_bps": 0.21061493039091195,
        "annual_volatility_2021_2022_2_0_bps": 0.12107288663302697,
        "sharpe_ratio_2021_2022_2_0_bps": 1.6395391707570117,
        "downside_risk_2021_2022_2_0_bps": 0.08614413869119186,
        "sortino_ratio_2021_2022_2_0_bps": 2.3043209110612133,
        "max_drawdown_2021_2022_2_0_bps": 0.08625401431593196,
        "calmar_ratio_2021_2022_2_0_bps": 2.441798588289117,
        "perc_pos_return_2021_2022_2_0_bps": 0.5780821917808219,
        "profit_loss_ratio_2021_2022_2_0_bps": 0.9184015625234375,
        "sharpe_ratio_2021_2_0_bps": 1.3623090294684772,
        "annual_return_2021_2022_2_5_bps": 0.21053959215637974,
        "annual_volatility_2021_2022_2_5_bps": 0.12107261735458902,
        "sharpe_ratio_2021_2022_2_5_bps": 1.639028272477613,
        "downside_risk_2021_2022_2_5_bps": 0.08614546273517824,
        "sortino_ratio_2021_2022_2_5_bps": 2.3035623301144548,
        "max_drawdown_2021_2022_2_5_bps": 0.08626010309481703,
        "calmar_ratio_2021_2022_2_5_bps": 2.440752846364614,
        "perc_pos_return_2021_2022_2_5_bps": 0.5780821917808219,
        "profit_loss_ratio_2021_2022_2_5_bps": 0.918337165745348,
        "sharpe_ratio_2021_2_5_bps": 1.3618845191233884,
        "annual_return_2021_2022_3_0_bps": 0.2104642585606813,
        "annual_volatility_2021_2022_3_0_bps": 0.12107234832778328,
        "sharpe_ratio_2021_2022_3_0_bps": 1.638517368520192,
        "downside_risk_2021_2022_3_0_bps": 0.08614678686345599,
        "sortino_ratio_2021_2022_3_0_bps": 2.302803770232703,
        "max_drawdown_2021_2022_3_0_bps": 0.0862661918347272,
        "calmar_ratio_2021_2022_3_0_bps": 2.439707306935474,
        "perc_pos_return_2021_2022_3_0_bps": 0.5780821917808219,
        "profit_loss_ratio_2021_2022_3_0_bps": 0.9182727725376514,
        "sharpe_ratio_2021_3_0_bps": 1.3614600040603757
    },
    "COMB": {
        "annual_return_2021_2022": 0.21091632972294838,
        "annual_volatility_2021_2022": 0.12107396626306736,
        "sharpe_ratio_2021_2022": 1.641582707031884,
        "downside_risk_2021_2022": 0.08613884335823754,
        "sortino_ratio_2021_2022": 2.307355445471119,
        "max_drawdown_2021_2022": 0.08622965881063695,
        "calmar_ratio_2021_2022": 2.4459835818917863,
        "perc_pos_return_2021_2022": 0.5780821917808219,
        "profit_loss_ratio_2021_2022": 0.9186591853456706,
        "sharpe_ratio_2021": 1.3640070236176622,
        "annual_return_2021_2022_0_5_bps": 0.21084097293028048,
        "annual_volatility_2021_2022_0_5_bps": 0.12107369597811733,
        "sharpe_ratio_2021_2022_0_5_bps": 1.6410718314958237,
        "downside_risk_2021_2022_0_5_bps": 0.08614016706501966,
        "sortino_ratio_2021_2022_0_5_bps": 2.3065967802779324,
        "max_drawdown_2021_2022_0_5_bps": 0.08623574774542409,
        "calmar_ratio_2021_2022_0_5_bps": 2.4449370295101116,
        "perc_pos_return_2021_2022_0_5_bps": 0.5780821917808219,
        "profit_loss_ratio_2021_2022_0_5_bps": 0.9185947742830376,
        "sharpe_ratio_2021_0_5_bps": 1.3635825321702342,
        "annual_return_2021_2022_1_0_bps": 0.21076562077757588,
        "annual_volatility_2021_2022_1_0_bps": 0.1210734259447928,
        "sharpe_ratio_2021_2022_1_0_bps": 1.6405609502692418,
        "downside_risk_2021_2022_1_0_bps": 0.08614149085610869,
        "sortino_ratio_2021_2022_1_0_bps": 2.3058381361443123,
        "max_drawdown_2021_2022_1_0_bps": 0.08624183664123482,
        "calmar_ratio_2021_2022_1_0_bps": 2.443890679814239,
        "perc_pos_return_2021_2022_1_0_bps": 0.5780821917808219,
        "profit_loss_ratio_2021_2022_1_0_bps": 0.9185303667919854,
        "sharpe_ratio_2021_1_0_bps": 1.3631580359944966,
        "annual_return_2021_2022_1_5_bps": 0.21069027326454748,
        "annual_volatility_2021_2022_1_5_bps": 0.12107315616309544,
        "sharpe_ratio_2021_2022_1_5_bps": 1.6400500633552628,
        "downside_risk_2021_2022_1_5_bps": 0.0861428147315007,
        "sortino_ratio_2021_2022_1_5_bps": 2.305079513071619,
        "max_drawdown_2021_2022_1_5_bps": 0.08624792549807092,
        "calmar_ratio_2021_2022_1_5_bps": 2.442844532756442,
        "perc_pos_return_2021_2022_1_5_bps": 0.5780821917808219,
        "profit_loss_ratio_2021_2022_1_5_bps": 0.9184659628722176,
        "sharpe_ratio_2021_1_5_bps": 1.3627335350930454,
        "annual_return_2021_2022_2_0_bps": 0.21061493039091195,
        "annual_volatility_2021_2022_2_0_bps": 0.12107288663302697,
        "sharpe_ratio_2021_2022_2_0_bps": 1.6395391707570117,
        "downside_risk_2021_2022_2_0_bps": 0.08614413869119186,
        "sortino_ratio_2021_2022_2_0_bps": 2.3043209110612133,
        "max_drawdown_2021_2022_2_0_bps": 0.08625401431593196,
        "calmar_ratio_2021_2022_2_0_bps": 2.441798588289117,
        "perc_pos_return_2021_2022_2_0_bps": 0.5780821917808219,
        "profit_loss_ratio_2021_2022_2_0_bps": 0.9184015625234375,
        "sharpe_ratio_2021_2_0_bps": 1.3623090294684772,
        "annual_return_2021_2022_2_5_bps": 0.21053959215637974,
        "annual_volatility_2021_2022_2_5_bps": 0.12107261735458902,
        "sharpe_ratio_2021_2022_2_5_bps": 1.639028272477613,
        "downside_risk_2021_2022_2_5_bps": 0.08614546273517824,
        "sortino_ratio_2021_2022_2_5_bps": 2.3035623301144548,
        "max_drawdown_2021_2022_2_5_bps": 0.08626010309481703,
        "calmar_ratio_2021_2022_2_5_bps": 2.440752846364614,
        "perc_pos_return_2021_2022_2_5_bps": 0.5780821917808219,