{
    "ALL": {
        "performance_sw": 5.193483205431418,
        "performance_fw": 4.823457156390196,
        "val_loss": 3.57231784961332,
        "annual_return_2019_2020": 0.05366072261495791,
        "annual_volatility_2019_2020": 0.010075408735129267,
        "sharpe_ratio_2019_2020": 5.19348320543142,
        "downside_risk_2019_2020": 0.0051790885653458,
        "sortino_ratio_2019_2020": 10.103412095301199,
        "max_drawdown_2019_2020": 0.0033836562475416197,
        "calmar_ratio_2019_2020": 15.858798497614783,
        "perc_pos_return_2019_2020": 0.6538461538461539,
        "profit_loss_ratio_2019_2020": 1.333006820025949,
        "sharpe_ratio_2019": 5.185826719835609,
        "annual_return_2019_2020_0_5_bps": 0.0482614078799537,
        "annual_volatility_2019_2020_0_5_bps": 0.010074464141366151,
        "sharpe_ratio_2019_2020_0_5_bps": 4.683914710963009,
        "downside_risk_2019_2020_0_5_bps": 0.005316656994692847,
        "sortino_ratio_2019_2020_0_5_bps": 8.875489023256119,
        "max_drawdown_2019_2020_0_5_bps": 0.0034831668576442653,
        "calmar_ratio_2019_2020_0_5_bps": 13.85561181889341,
        "perc_pos_return_2019_2020_0_5_bps": 0.6346153846153846,
        "profit_loss_ratio_2019_2020_0_5_bps": 1.3251396429258855,
        "sharpe_ratio_2019_0_5_bps": 4.67866146216398,
        "annual_return_2019_2020_1_0_bps": 0.0428896446102609,
        "annual_volatility_2019_2020_1_0_bps": 0.01007420960738598,
        "sharpe_ratio_2019_2020_1_0_bps": 4.173964725634533,
        "downside_risk_2019_2020_1_0_bps": 0.005458114354740333,
        "sortino_ratio_2019_2020_1_0_bps": 7.7040151244464115,
        "max_drawdown_2019_2020_1_0_bps": 0.003582669794897951,
        "calmar_ratio_2019_2020_1_0_bps": 11.971419936980984,
        "perc_pos_return_2019_2020_1_0_bps": 0.6115384615384616,
        "profit_loss_ratio_2019_2020_1_0_bps": 1.3346900316528232,
        "sharpe_ratio_2019_1_0_bps": 4.17118596772374,
        "annual_return_2019_2020_1_5_bps": 0.03754529281108887,
        "annual_volatility_2019_2020_1_5_bps": 0.01007464518549144,
        "sharpe_ratio_2019_2020_1_5_bps": 3.6637379881225507,
        "downside_risk_2019_2020_1_5_bps": 0.005603765821311903,
        "sortino_ratio_2019_2020_1_5_bps": 6.586795640632198,
        "max_drawdown_2019_2020_1_5_bps": 0.003682165059724752,
        "calmar_ratio_2019_2020_1_5_bps": 10.196526283342509,
        "perc_pos_return_2019_2020_1_5_bps": 0.5923076923076923,
        "profit_loss_ratio_2019_2020_1_5_bps": 1.3195113784164394,
        "sharpe_ratio_2019_1_5_bps": 3.663490665529946,
        "annual_return_2019_2020_2_0_bps": 0.03222821319597147,
        "annual_volatility_2019_2020_2_0_bps": 0.010075770786181375,
        "sharpe_ratio_2019_2020_2_0_bps": 3.1533394020414915,
        "downside_risk_2019_2020_2_0_bps": 0.005753739557052539,
        "sortino_ratio_2019_2020_2_0_bps": 5.522030448364657,
        "max_drawdown_2019_2020_2_0_bps": 0.0037816526525465593,
        "calmar_ratio_2019_2020_2_0_bps": 8.522256314119446,
        "perc_pos_return_2019_2020_2_0_bps": 0.5923076923076923,
        "profit_loss_ratio_2019_2020_2_0_bps": 1.2046202203769072,
        "sharpe_ratio_2019_2_0_bps": 3.155666087137601,
        "annual_return_2019_2020_2_5_bps": 0.02693826718320702,
        "annual_volatility_2019_2020_2_5_bps": 0.010077586178242712,
        "sharpe_ratio_2019_2020_2_5_bps": 2.642873928140593,
        "downside_risk_2019_2020_2_5_bps": 0.005907850932378335,
        "sortino_ratio_2019_2020_2_5_bps": 4.508202741389354,
        "max_drawdown_2019_2020_2_5_bps": 0.0038811325737854894,
        "calmar_ratio_2019_2020_2_5_bps": 6.9408263364043234,
        "perc_pos_return_2019_2020_2_5_bps": 0.5653846153846154,
        "profit_loss_ratio_2019_2020_2_5_bps": 1.228295660557833,
        "sharpe_ratio_2019_2_5_bps": 2.647802785959729,
        "annual_return_2019_2020_3_0_bps": 0.02167531689229496,
        "annual_volatility_2019_2020_3_0_bps": 0.010080090988987815,
        "sharpe_ratio_2019_2020_3_0_bps": 2.132446476486563,
        "downside_risk_2019_2020_3_0_bps": 0.006066154669159414,
        "sortino_ratio_2019_2020_3_0_bps": 3.543472872759707,
        "max_drawdown_2019_2020_3_0_bps": 0.004109236627671157,
        "calmar_ratio_2019_2020_3_0_bps": 5.274779443543287,
        "perc_pos_return_2019_2020_3_0_bps": 0.5576923076923077,
        "profit_loss_ratio_2019_2020_3_0_bps": 1.1572984103836734,
        "sharpe_ratio_2019_3_0_bps": 2.139991256623133
    },
    "COMB": {
        "annual_return_2019_2020": 0.05366072261495791,
        "annual_volatility_2019_2020": 0.010075408735129267,
        "sharpe_ratio_2019_2020": 5.19348320543142,
        "downside_risk_2019_2020": 0.0051790885653458,
        "sortino_ratio_2019_2020": 10.103412095301199,
        "max_drawdown_2019_2020": 0.0033836562475416197,
        "calmar_ratio_2019_2020": 15.858798497614783,
        "perc_pos_return_2019_2020": 0.6538461538461539,
        "profit_loss_ratio_2019_2020": 1.333006820025949,
        "sharpe_ratio_2019": 5.185826719835609,
        "annual_return_2019_2020_0_5_bps": 0.0482614078799537,
        "annual_volatility_2019_2020_0_5_bps": 0.010074464141366151,
        "sharpe_ratio_2019_2020_0_5_bps": 4.683914710963009,
        "downside_risk_2019_2020_0_5_bps": 0.005316656994692847,
        "sortino_ratio_2019_2020_0_5_bps": 8.875489023256119,
        "max_drawdown_2019_2020_0_5_bps": 0.0034831668576442653,
        "calmar_ratio_2019_2020_0_5_bps": 13.85561181889341,
        "perc_pos_return_2019_2020_0_5_bps": 0.6346153846153846,
        "profit_loss_ratio_2019_2020_0_5_bps": 1.3251396429258855,
        "sharpe_ratio_2019_0_5_bps": 4.67866146216398,
        "annual_return_2019_2020_1_0_bps": 0.0428896446102609,
        "annual_volatility_2019_2020_1_0_bps": 0.01007420960738598,
        "sharpe_ratio_2019_2020_1_0_bps": 4.173964725634533,
        "downside_risk_2019_2020_1_0_bps": 0.005458114354740333,
        "sortino_ratio_2019_2020_1_0_bps": 7.7040151244464115,
        "max_drawdown_2019_2020_1_0_bps": 0.003582669794897951,
        "calmar_ratio_2019_2020_1_0_bps": 11.971419936980984,
        "perc_pos_return_2019_2020_1_0_bps": 0.6115384615384616,
        "profit_loss_ratio_2019_2020_1_0_bps": 1.3346900316528232,
        "sharpe_ratio_2019_1_0_bps": 4.17118596772374,
        "annual_return_2019_2020_1_5_bps": 0.03754529281108887,
        "annual_volatility_2019_2020_1_5_bps": 0.01007464518549144,
        "sharpe_ratio_2019_2020_1_5_bps": 3.6637379881225507,
        "downside_risk_2019_2020_1_5_bps": 0.005603765821311903,
        "sortino_ratio_2019_2020_1_5_bps": 6.586795640632198,
        "max_drawdown_2019_2020_1_5_bps": 0.003682165059724752,
        "calmar_ratio_2019_2020_1_5_bps": 10.196526283342509,
        "perc_pos_return_2019_2020_1_5_bps": 0.5923076923076923,
        "profit_loss_ratio_2019_2020_1_5_bps": 1.3195113784164394,
        "sharpe_ratio_2019_1_5_bps": 3.663490665529946,
        "annual_return_2019_2020_2_0_bps": 0.03222821319597147,
        "annual_volatility_2019_2020_2_0_bps": 0.010075770786181375,
        "sharpe_ratio_2019_2020_2_0_bps": 3.1533394020414915,
        "downside_risk_2019_2020_2_0_bps": 0.005753739557052539,
        "sortino_ratio_2019_2020_2_0_bps": 5.522030448364657,
        "max_drawdown_2019_2020_2_0_bps": 0.0037816526525465593,
        "calmar_ratio_2019_2020_2_0_bps": 8.522256314119446,
        "perc_pos_return_2019_2020_2_0_bps": 0.5923076923076923,
        "profit_loss_ratio_2019_2020_2_0_bps": 1.2046202203769072,
        "sharpe_ratio_2019_2_0_bps": 3.155666087137601,
        "annual_return_2019_2020_2_5_bps": 0.02693826718320702,
        "annual_volatility_2019_2020_2_5_bps": 0.010077586178242712,
        "sharpe_ratio_2019_2020_2_5_bps": 2.642873928140593,
        "downside_risk_2019_2020_2_5_bps": 0.005907850932378335,
        "sortino_ratio_2019_2020_2_5_bps": 4.508202741389354,
        "max_drawdown_2019_2020_2_5_bps": 0.0038811325737854894,