{
    "ALL": {
        "performance_sw": 0.02341422404022726,
        "performance_fw": 0.42827560807385173,
        "val_loss": 3.4055465404970118,
        "annual_return_2020_2021": 0.00024571917056293024,
        "annual_volatility_2020_2021": 0.015852050135994847,
        "sharpe_ratio_2020_2021": 0.023414224040227402,
        "downside_risk_2020_2021": 0.01370786664205064,
        "sortino_ratio_2020_2021": 0.027076675245913836,
        "max_drawdown_2020_2021": 0.031352669626909975,
        "calmar_ratio_2020_2021": 0.007837264688683149,
        "perc_pos_return_2020_2021": 0.6153846153846154,
        "profit_loss_ratio_2020_2021": 0.6288263814089408,
        "sharpe_ratio_2020": 0.0577727983791313,
        "annual_return_2020_2021_0_5_bps": -0.003386828393664887,
        "annual_volatility_2020_2021_0_5_bps": 0.015852431955472267,
        "sharpe_ratio_2020_2021_0_5_bps": -0.2060928143810713,
        "downside_risk_2020_2021_0_5_bps": 0.013768249162921962,
        "sortino_ratio_2020_2021_0_5_bps": -0.23729032485016094,
        "max_drawdown_2020_2021_0_5_bps": 0.03202132250410151,
        "calmar_ratio_2020_2021_0_5_bps": -0.10576791115454644,
        "perc_pos_return_2020_2021_0_5_bps": 0.5961538461538461,
        "profit_loss_ratio_2020_2021_0_5_bps": 0.6417670809703874,
        "sharpe_ratio_2020_0_5_bps": -0.17969889359236324,
        "annual_return_2020_2021_1_0_bps": -0.007006245193459493,
        "annual_volatility_2020_2021_1_0_bps": 0.01585340272128965,
        "sharpe_ratio_2020_2021_1_0_bps": -0.4355726154034639,
        "downside_risk_2020_2021_1_0_bps": 0.013830199466865256,
        "sortino_ratio_2020_2021_1_0_bps": -0.4992920096995301,
        "max_drawdown_2020_2021_1_0_bps": 0.032689524030051105,
        "calmar_ratio_2020_2021_1_0_bps": -0.21432692586832197,
        "perc_pos_return_2020_2021_1_0_bps": 0.5769230769230769,
        "profit_loss_ratio_2020_2021_1_0_bps": 0.6537332716017459,
        "sharpe_ratio_2020_1_0_bps": -0.4171825573494309,
        "annual_return_2020_2021_1_5_bps": -0.010612578471672629,
        "annual_volatility_2020_2021_1_5_bps": 0.015854962325267164,
        "sharpe_ratio_2020_2021_1_5_bps": -0.6649996158882494,
        "downside_risk_2020_2021_1_5_bps": 0.013893854791063595,
        "sortino_ratio_2020_2021_1_5_bps": -0.7588638297131797,
        "max_drawdown_2020_2021_1_5_bps": 0.0333572745025473,
        "calmar_ratio_2020_2021_1_5_bps": -0.3181488484876727,
        "perc_pos_return_2020_2021_1_5_bps": 0.5615384615384615,
        "profit_loss_ratio_2020_2021_1_5_bps": 0.6546347260533912,
        "sharpe_ratio_2020_1_5_bps": -0.65465056770427,
        "annual_return_2020_2021_2_0_bps": -0.01420587530197992,
        "annual_volatility_2020_2021_2_0_bps": 0.015857110593661756,
        "sharpe_ratio_2020_2021_2_0_bps": -0.8943482825782106,
        "downside_risk_2020_2021_2_0_bps": 0.013959397702892735,
        "sortino_ratio_2020_2021_2_0_bps": -1.0159306245107782,
        "max_drawdown_2020_2021_2_0_bps": 0.03402457421918752,
        "calmar_ratio_2020_2021_2_0_bps": -0.41751809179051486,
        "perc_pos_return_2020_2021_2_0_bps": 0.5230769230769231,
        "profit_loss_ratio_2020_2021_2_0_bps": 0.7188490575935945,
        "sharpe_ratio_2020_2_0_bps": -0.8920753047487269,
        "annual_return_2020_2021_2_5_bps": -0.01778618258948239,
        "annual_volatility_2020_2021_2_5_bps": 0.015859847287263844,
        "sharpe_ratio_2020_2021_2_5_bps": -1.1235931262890033,
        "downside_risk_2020_2021_2_5_bps": 0.014027043986633236,
        "sortino_ratio_2020_2021_2_5_bps": -1.2704041858672532,
        "max_drawdown_2020_2021_2_5_bps": 0.03469142347737568,
        "calmar_ratio_2020_2021_2_5_bps": -0.5126968226334618,
        "perc_pos_return_2020_2021_2_5_bps": 0.5153846153846153,
        "profit_loss_ratio_2020_2021_2_5_bps": 0.6971023686907327,
        "sharpe_ratio_2020_2_5_bps": -1.1294291699138168,
        "annual_return_2020_2021_3_0_bps": -0.021353547071304546,
        "annual_volatility_2020_2021_3_0_bps": 0.01586317210153039,
        "sharpe_ratio_2020_2021_3_0_bps": -1.3527087160430915,
        "downside_risk_2020_2021_3_0_bps": 0.014096826874037705,
        "sortino_ratio_2020_2021_3_0_bps": -1.5222043483666299,
        "max_drawdown_2020_2021_3_0_bps": 0.03539610705278789,
        "calmar_ratio_2020_2021_3_0_bps": -0.60327388657343,
        "perc_pos_return_2020_2021_3_0_bps": 0.5,
        "profit_loss_ratio_2020_2021_3_0_bps": 0.6970218591971349,
        "sharpe_ratio_2020_3_0_bps": -1.3666846020025256
    },
    "COMB": {
        "annual_return_2020_2021": 0.00024571917056293024,
        "annual_volatility_2020_2021": 0.015852050135994847,
        "sharpe_ratio_2020_2021": 0.023414224040227402,
        "downside_risk_2020_2021": 0.01370786664205064,
        "sortino_ratio_2020_2021": 0.027076675245913836,
        "max_drawdown_2020_2021": 0.031352669626909975,
        "calmar_ratio_2020_2021": 0.007837264688683149,
        "perc_pos_return_2020_2021": 0.6153846153846154,
        "profit_loss_ratio_2020_2021": 0.6288263814089408,
        "sharpe_ratio_2020": 0.0577727983791313,
        "annual_return_2020_2021_0_5_bps": -0.003386828393664887,
        "annual_volatility_2020_2021_0_5_bps": 0.015852431955472267,
        "sharpe_ratio_2020_2021_0_5_bps": -0.2060928143810713,
        "downside_risk_2020_2021_0_5_bps": 0.013768249162921962,
        "sortino_ratio_2020_2021_0_5_bps": -0.23729032485016094,
        "max_drawdown_2020_2021_0_5_bps": 0.03202132250410151,
        "calmar_ratio_2020_2021_0_5_bps": -0.10576791115454644,
        "perc_pos_return_2020_2021_0_5_bps": 0.5961538461538461,
        "profit_loss_ratio_2020_2021_0_5_bps": 0.6417670809703874,
        "sharpe_ratio_2020_0_5_bps": -0.17969889359236324,
        "annual_return_2020_2021_1_0_bps": -0.007006245193459493,
        "annual_volatility_2020_2021_1_0_bps": 0.01585340272128965,
        "sharpe_ratio_2020_2021_1_0_bps": -0.4355726154034639,
        "downside_risk_2020_2021_1_0_bps": 0.013830199466865256,
        "sortino_ratio_2020_2021_1_0_bps": -0.4992920096995301,
        "max_drawdown_2020_2021_1_0_bps": 0.032689524030051105,
        "calmar_ratio_2020_2021_1_0_bps": -0.21432692586832197,
        "perc_pos_return_2020_2021_1_0_bps": 0.5769230769230769,
        "profit_loss_ratio_2020_2021_1_0_bps": 0.6537332716017459,
        "sharpe_ratio_2020_1_0_bps": -0.4171825573494309,
        "annual_return_2020_2021_1_5_bps": -0.010612578471672629,
        "annual_volatility_2020_2021_1_5_bps": 0.015854962325267164,
        "sharpe_ratio_2020_2021_1_5_bps": -0.6649996158882494,
        "downside_risk_2020_2021_1_5_bps": 0.013893854791063595,
        "sortino_ratio_2020_2021_1_5_bps": -0.7588638297131797,
        "max_drawdown_2020_2021_1_5_bps": 0.0333572745025473,
        "calmar_ratio_2020_2021_1_5_bps": -0.3181488484876727,
        "perc_pos_return_2020_2021_1_5_bps": 0.5615384615384615,
        "profit_loss_ratio_2020_2021_1_5_bps": 0.6546347260533912,
        "sharpe_ratio_2020_1_5_bps": -0.65465056770427,
        "annual_return_2020_2021_2_0_bps": -0.01420587530197992,
        "annual_volatility_2020_2021_2_0_bps": 0.015857110593661756,
        "sharpe_ratio_2020_2021_2_0_bps": -0.8943482825782106,
        "downside_risk_2020_2021_2_0_bps": 0.013959397702892735,
        "sortino_ratio_2020_2021_2_0_bps": -1.0159306245107782,
        "max_drawdown_2020_2021_2_0_bps": 0.03402457421918752,
        "calmar_ratio_2020_2021_2_0_bps": -0.41751809179051486,
        "perc_pos_return_2020_2021_2_0_bps": 0.5230769230769231,
        "profit_loss_ratio_2020_2021_2_0_bps": 0.7188490575935945,
        "sharpe_ratio_2020_2_0_bps": -0.8920753047487269,
        "annual_return_2020_2021_2_5_bps": -0.01778618258948239,
        "annual_volatility_2020_2021_2_5_bps": 0.015859847287263844,
        "sharpe_ratio_2020_2021_2_5_bps": -1.1235931262890033,
        "downside_risk_2020_2021_2_5_bps": 0.014027043986633236,