{
    "ALL": {
        "performance_sw": 1.6824393329617142,
        "performance_fw": 1.2149562810449621,
        "val_loss": 2.758604502222226,
        "annual_return_2018_2019": 0.020139053557108433,
        "annual_volatility_2018_2019": 0.01189357044828508,
        "sharpe_ratio_2018_2019": 1.682439332961714,
        "downside_risk_2018_2019": 0.008461646962900008,
        "sortino_ratio_2018_2019": 2.364812762725795,
        "max_drawdown_2018_2019": 0.012171168442369568,
        "calmar_ratio_2018_2019": 1.654652439695233,
        "perc_pos_return_2018_2019": 0.5846153846153846,
        "profit_loss_ratio_2018_2019": 0.9507714979210934,
        "sharpe_ratio_2018": 1.4650329177763353,
        "annual_return_2018_2019_0_5_bps": 0.015573912991766692,
        "annual_volatility_2018_2019_0_5_bps": 0.011897281200771366,
        "sharpe_ratio_2018_2019_0_5_bps": 1.3049099113150957,
        "downside_risk_2018_2019_0_5_bps": 0.008588182653063202,
        "sortino_ratio_2018_2019_0_5_bps": 1.8077026052830811,
        "max_drawdown_2018_2019_0_5_bps": 0.012428112396052788,
        "calmar_ratio_2018_2019_0_5_bps": 1.253119741394761,
        "perc_pos_return_2018_2019_0_5_bps": 0.5769230769230769,
        "profit_loss_ratio_2018_2019_0_5_bps": 0.919742529375436,
        "sharpe_ratio_2018_0_5_bps": 1.0959591138032851,
        "annual_return_2018_2019_1_0_bps": 0.011029116427211605,
        "annual_volatility_2018_2019_1_0_bps": 0.011901356005694643,
        "sharpe_ratio_2018_2019_1_0_bps": 0.9275875434992826,
        "downside_risk_2018_2019_1_0_bps": 0.008717066280035851,
        "sortino_ratio_2018_2019_1_0_bps": 1.266429464568362,
        "max_drawdown_2018_2019_1_0_bps": 0.012684994825109772,
        "calmar_ratio_2018_2019_1_0_bps": 0.8694616418273676,
        "perc_pos_return_2018_2019_1_0_bps": 0.5615384615384615,
        "profit_loss_ratio_2018_2019_1_0_bps": 0.9175820952922024,
        "sharpe_ratio_2018_1_0_bps": 0.7269486051750645,
        "annual_return_2018_2019_1_5_bps": 0.0065045735819189154,
        "annual_volatility_2018_2019_1_5_bps": 0.01190579448925979,
        "sharpe_ratio_2018_2019_1_5_bps": 0.5505066472118844,
        "downside_risk_2018_2019_1_5_bps": 0.008848353291248641,
        "sortino_ratio_2018_2019_1_5_bps": 0.7407275445430629,
        "max_drawdown_2018_2019_1_5_bps": 0.012941815743006894,
        "calmar_ratio_2018_2019_1_5_bps": 0.5026013127588885,
        "perc_pos_return_2018_2019_1_5_bps": 0.5423076923076923,
        "profit_loss_ratio_2018_2019_1_5_bps": 0.9289976597868363,
        "sharpe_ratio_2018_1_5_bps": 0.3580298279338608,
        "annual_return_2018_2019_2_0_bps": 0.002000194573317904,
        "annual_volatility_2018_2019_2_0_bps": 0.011910596244892288,
        "sharpe_ratio_2018_2019_2_0_bps": 0.17370149983941957,
        "downside_risk_2018_2019_2_0_bps": 0.008982088535805583,
        "sortino_ratio_2018_2019_2_0_bps": 0.2303348963297649,
        "max_drawdown_2018_2019_2_0_bps": 0.013198575163210177,
        "calmar_ratio_2018_2019_2_0_bps": 0.15154625015079382,
        "perc_pos_return_2018_2019_2_0_bps": 0.5346153846153846,
        "profit_loss_ratio_2018_2019_2_0_bps": 0.8973253700426842,
        "sharpe_ratio_2018_2_0_bps": -0.010768828615000278,
        "annual_return_2018_2019_2_5_bps": -0.0024841100839506636,
        "annual_volatility_2018_2019_2_5_bps": 0.011915760833423284,
        "sharpe_ratio_2018_2019_2_5_bps": -0.2027937768320262,
        "downside_risk_2018_2019_2_5_bps": 0.009118292300766734,
        "sortino_ratio_2018_2019_2_5_bps": -0.2650103839107951,
        "max_drawdown_2018_2019_2_5_bps": 0.013455273099181016,
        "calmar_ratio_2018_2019_2_5_bps": -0.18461981898396876,
        "perc_pos_return_2018_2019_2_5_bps": 0.5230769230769231,
        "profit_loss_ratio_2018_2019_2_5_bps": 0.8799735685735552,
        "sharpe_ratio_2018_2_5_bps": -0.3794190327801728,
        "annual_return_2018_2019_3_0_bps": -0.006948429479784357,
        "annual_volatility_2018_2019_3_0_bps": 0.011921287783288981,
        "sharpe_ratio_2018_2019_3_0_bps": -0.5789452317281021,
        "downside_risk_2018_2019_3_0_bps": 0.009256985139204074,
        "sortino_ratio_2018_2019_3_0_bps": -0.7455745703818913,
        "max_drawdown_2018_2019_3_0_bps": 0.013711909564378814,
        "calmar_ratio_2018_2019_3_0_bps": -0.5067441151913067,
        "perc_pos_return_2018_2019_3_0_bps": 0.5153846153846153,
        "profit_loss_ratio_2018_2019_3_0_bps": 0.8495259642739207,
        "sharpe_ratio_2018_3_0_bps": -0.747892521305383
    },
    "COMB": {
        "annual_return_2018_2019": 0.020139053557108433,
        "annual_volatility_2018_2019": 0.01189357044828508,
        "sharpe_ratio_2018_2019": 1.682439332961714,
        "downside_risk_2018_2019": 0.008461646962900008,
        "sortino_ratio_2018_2019": 2.364812762725795,
        "max_drawdown_2018_2019": 0.012171168442369568,
        "calmar_ratio_2018_2019": 1.654652439695233,
        "perc_pos_return_2018_2019": 0.5846153846153846,
        "profit_loss_ratio_2018_2019": 0.9507714979210934,
        "sharpe_ratio_2018": 1.4650329177763353,
        "annual_return_2018_2019_0_5_bps": 0.015573912991766692,
        "annual_volatility_2018_2019_0_5_bps": 0.011897281200771366,
        "sharpe_ratio_2018_2019_0_5_bps": 1.3049099113150957,
        "downside_risk_2018_2019_0_5_bps": 0.008588182653063202,
        "sortino_ratio_2018_2019_0_5_bps": 1.8077026052830811,
        "max_drawdown_2018_2019_0_5_bps": 0.012428112396052788,
        "calmar_ratio_2018_2019_0_5_bps": 1.253119741394761,
        "perc_pos_return_2018_2019_0_5_bps": 0.5769230769230769,
        "profit_loss_ratio_2018_2019_0_5_bps": 0.919742529375436,
        "sharpe_ratio_2018_0_5_bps": 1.0959591138032851,
        "annual_return_2018_2019_1_0_bps": 0.011029116427211605,
        "annual_volatility_2018_2019_1_0_bps": 0.011901356005694643,
        "sharpe_ratio_2018_2019_1_0_bps": 0.9275875434992826,
        "downside_risk_2018_2019_1_0_bps": 0.008717066280035851,
        "sortino_ratio_2018_2019_1_0_bps": 1.266429464568362,
        "max_drawdown_2018_2019_1_0_bps": 0.012684994825109772,
        "calmar_ratio_2018_2019_1_0_bps": 0.8694616418273676,
        "perc_pos_return_2018_2019_1_0_bps": 0.5615384615384615,
        "profit_loss_ratio_2018_2019_1_0_bps": 0.9175820952922024,
        "sharpe_ratio_2018_1_0_bps": 0.7269486051750645,
        "annual_return_2018_2019_1_5_bps": 0.0065045735819189154,
        "annual_volatility_2018_2019_1_5_bps": 0.01190579448925979,
        "sharpe_ratio_2018_2019_1_5_bps": 0.5505066472118844,
        "downside_risk_2018_2019_1_5_bps": 0.008848353291248641,
        "sortino_ratio_2018_2019_1_5_bps": 0.7407275445430629,
        "max_drawdown_2018_2019_1_5_bps": 0.012941815743006894,
        "calmar_ratio_2018_2019_1_5_bps": 0.5026013127588885,
        "perc_pos_return_2018_2019_1_5_bps": 0.5423076923076923,
        "profit_loss_ratio_2018_2019_1_5_bps": 0.9289976597868363,
        "sharpe_ratio_2018_1_5_bps": 0.3580298279338608,
        "annual_return_2018_2019_2_0_bps": 0.002000194573317904,
        "annual_volatility_2018_2019_2_0_bps": 0.011910596244892288,
        "sharpe_ratio_2018_2019_2_0_bps": 0.17370149983941957,
        "downside_risk_2018_2019_2_0_bps": 0.008982088535805583,
        "sortino_ratio_2018_2019_2_0_bps": 0.2303348963297649,
        "max_drawdown_2018_2019_2_0_bps": 0.013198575163210177,
        "calmar_ratio_2018_2019_2_0_bps": 0.15154625015079382,
        "perc_pos_return_2018_2019_2_0_bps": 0.5346153846153846,
        "profit_loss_ratio_2018_2019_2_0_bps": 0.8973253700426842,
        "sharpe_ratio_2018_2_0_bps": -0.010768828615000278,
        "annual_return_2018_2019_2_5_bps": -0.0024841100839506636,
        "annual_volatility_2018_2019_2_5_bps": 0.011915760833423284,
        "sharpe_ratio_2018_2019_2_5_bps": -0.2027937768320262,
        "downside_risk_2018_2019_2_5_bps": 0.009118292300766734,