{
    "ALL": {
        "performance_sw": 2.4059618717932443,
        "performance_fw": 1.772007304854072,
        "val_loss": 3.676944633553595,
        "annual_return_2018_2019": 0.018427852753335472,
        "annual_volatility_2018_2019": 0.0076017671874090195,
        "sharpe_ratio_2018_2019": 2.405961871793244,
        "downside_risk_2018_2019": 0.004930683997095355,
        "sortino_ratio_2018_2019": 3.709335666599069,
        "max_drawdown_2018_2019": 0.005386050005188862,
        "calmar_ratio_2018_2019": 3.421403948270491,
        "perc_pos_return_2018_2019": 0.573076923076923,
        "profit_loss_ratio_2018_2019": 1.109527623892162,
        "sharpe_ratio_2018": 2.130512559960456,
        "annual_return_2018_2019_0_5_bps": 0.013723009563756383,
        "annual_volatility_2018_2019_0_5_bps": 0.0076048185335929495,
        "sharpe_ratio_2018_2019_0_5_bps": 1.7960819080247346,
        "downside_risk_2018_2019_0_5_bps": 0.0050743013954753155,
        "sortino_ratio_2018_2019_0_5_bps": 2.6917748705618707,
        "max_drawdown_2018_2019_0_5_bps": 0.005634787187719436,
        "calmar_ratio_2018_2019_0_5_bps": 2.4354086687895817,
        "perc_pos_return_2018_2019_0_5_bps": 0.5653846153846154,
        "profit_loss_ratio_2018_2019_0_5_bps": 1.0353205878036589,
        "sharpe_ratio_2018_0_5_bps": 1.5435056410668497,
        "annual_return_2018_2019_1_0_bps": 0.00903980982653918,
        "annual_volatility_2018_2019_1_0_bps": 0.00760861583365639,
        "sharpe_ratio_2018_2019_1_0_bps": 1.186574818629176,
        "downside_risk_2018_2019_1_0_bps": 0.005221594691481561,
        "sortino_ratio_2018_2019_1_0_bps": 1.7290104817151695,
        "max_drawdown_2018_2019_1_0_bps": 0.005883467624468072,
        "calmar_ratio_2018_2019_1_0_bps": 1.5364765141129633,
        "perc_pos_return_2018_2019_1_0_bps": 0.5576923076923077,
        "profit_loss_ratio_2018_2019_1_0_bps": 0.9659739590652537,
        "sharpe_ratio_2018_1_0_bps": 0.9572573281479476,
        "annual_return_2018_2019_1_5_bps": 0.004378154397479905,
        "annual_volatility_2018_2019_1_5_bps": 0.007613157971396109,
        "sharpe_ratio_2018_2019_1_5_bps": 0.5776192928354412,
        "downside_risk_2018_2019_1_5_bps": 0.005372484619043492,
        "sortino_ratio_2018_2019_1_5_bps": 0.8185238740553615,
        "max_drawdown_2018_2019_1_5_bps": 0.006132091327144841,
        "calmar_ratio_2018_2019_1_5_bps": 0.7139741018042559,
        "perc_pos_return_2018_2019_1_5_bps": 0.5346153846153846,
        "profit_loss_ratio_2018_2019_1_5_bps": 0.958417877430442,
        "sharpe_ratio_2018_1_5_bps": 0.371904938852517,
        "annual_return_2018_2019_2_0_bps": -0.00026205541539336963,
        "annual_volatility_2018_2019_2_0_bps": 0.007618443614589207,
        "sharpe_ratio_2018_2019_2_0_bps": -0.030607052735643445,
        "downside_risk_2018_2019_2_0_bps": 0.005526961880862534,
        "sortino_ratio_2018_2019_2_0_bps": -0.04218920095733829,
        "max_drawdown_2018_2019_2_0_bps": 0.006380658307457116,
        "calmar_ratio_2018_2019_2_0_bps": -0.04107027876529665,
        "perc_pos_return_2018_2019_2_0_bps": 0.5115384615384615,
        "profit_loss_ratio_2018_2019_2_0_bps": 0.9500213305559668,
        "sharpe_ratio_2018_2_0_bps": -0.21241552927829985,
        "annual_return_2018_2019_2_5_bps": -0.004880917853877453,
        "annual_volatility_2018_2019_2_5_bps": 0.0076244712169366525,
        "sharpe_ratio_2018_2019_2_5_bps": -0.6379279291957289,
        "downside_risk_2018_2019_2_5_bps": 0.005685129386415964,
        "sortino_ratio_2018_2019_2_5_bps": -0.8555413261577726,
        "max_drawdown_2018_2019_2_5_bps": 0.0074680921307317735,
        "calmar_ratio_2018_2019_2_5_bps": -0.6535695822219575,
        "perc_pos_return_2018_2019_2_5_bps": 0.49230769230769234,
        "profit_loss_ratio_2018_2019_2_5_bps": 0.9269364983429378,
        "sharpe_ratio_2018_2_5_bps": -0.7955695504821502,
        "annual_return_2018_2019_3_0_bps": -0.009478530711637179,
        "annual_volatility_2018_2019_3_0_bps": 0.007631239020309443,
        "sharpe_ratio_2018_2019_3_0_bps": -1.2441686256349787,
        "downside_risk_2018_2019_3_0_bps": 0.00584697099650367,
        "sortino_ratio_2018_2019_3_0_bps": -1.6238404756014528,
        "max_drawdown_2018_2019_3_0_bps": 0.01085611943101415,
        "calmar_ratio_2018_2019_3_0_bps": -0.8731048669710259,
        "perc_pos_return_2018_2019_3_0_bps": 0.48846153846153845,
        "profit_loss_ratio_2018_2019_3_0_bps": 0.8502165218151129,
        "sharpe_ratio_2018_3_0_bps": -1.3774242181776695
    },
    "COMB": {
        "annual_return_2018_2019": 0.018427852753335472,
        "annual_volatility_2018_2019": 0.0076017671874090195,
        "sharpe_ratio_2018_2019": 2.405961871793244,
        "downside_risk_2018_2019": 0.004930683997095355,
        "sortino_ratio_2018_2019": 3.709335666599069,
        "max_drawdown_2018_2019": 0.005386050005188862,
        "calmar_ratio_2018_2019": 3.421403948270491,
        "perc_pos_return_2018_2019": 0.573076923076923,
        "profit_loss_ratio_2018_2019": 1.109527623892162,
        "sharpe_ratio_2018": 2.130512559960456,
        "annual_return_2018_2019_0_5_bps": 0.013723009563756383,
        "annual_volatility_2018_2019_0_5_bps": 0.0076048185335929495,
        "sharpe_ratio_2018_2019_0_5_bps": 1.7960819080247346,
        "downside_risk_2018_2019_0_5_bps": 0.0050743013954753155,
        "sortino_ratio_2018_2019_0_5_bps": 2.6917748705618707,
        "max_drawdown_2018_2019_0_5_bps": 0.005634787187719436,
        "calmar_ratio_2018_2019_0_5_bps": 2.4354086687895817,
        "perc_pos_return_2018_2019_0_5_bps": 0.5653846153846154,
        "profit_loss_ratio_2018_2019_0_5_bps": 1.0353205878036589,
        "sharpe_ratio_2018_0_5_bps": 1.5435056410668497,
        "annual_return_2018_2019_1_0_bps": 0.00903980982653918,
        "annual_volatility_2018_2019_1_0_bps": 0.00760861583365639,
        "sharpe_ratio_2018_2019_1_0_bps": 1.186574818629176,
        "downside_risk_2018_2019_1_0_bps": 0.005221594691481561,
        "sortino_ratio_2018_2019_1_0_bps": 1.7290104817151695,
        "max_drawdown_2018_2019_1_0_bps": 0.005883467624468072,
        "calmar_ratio_2018_2019_1_0_bps": 1.5364765141129633,
        "perc_pos_return_2018_2019_1_0_bps": 0.5576923076923077,
        "profit_loss_ratio_2018_2019_1_0_bps": 0.9659739590652537,
        "sharpe_ratio_2018_1_0_bps": 0.9572573281479476,
        "annual_return_2018_2019_1_5_bps": 0.004378154397479905,
        "annual_volatility_2018_2019_1_5_bps": 0.007613157971396109,
        "sharpe_ratio_2018_2019_1_5_bps": 0.5776192928354412,
        "downside_risk_2018_2019_1_5_bps": 0.005372484619043492,
        "sortino_ratio_2018_2019_1_5_bps": 0.8185238740553615,
        "max_drawdown_2018_2019_1_5_bps": 0.006132091327144841,
        "calmar_ratio_2018_2019_1_5_bps": 0.7139741018042559,
        "perc_pos_return_2018_2019_1_5_bps": 0.5346153846153846,
        "profit_loss_ratio_2018_2019_1_5_bps": 0.958417877430442,
        "sharpe_ratio_2018_1_5_bps": 0.371904938852517,
        "annual_return_2018_2019_2_0_bps": -0.00026205541539336963,
        "annual_volatility_2018_2019_2_0_bps": 0.007618443614589207,
        "sharpe_ratio_2018_2019_2_0_bps": -0.030607052735643445,
        "downside_risk_2018_2019_2_0_bps": 0.005526961880862534,
        "sortino_ratio_2018_2019_2_0_bps": -0.04218920095733829,
        "max_drawdown_2018_2019_2_0_bps": 0.006380658307457116,
        "calmar_ratio_2018_2019_2_0_bps": -0.04107027876529665,
        "perc_pos_return_2018_2019_2_0_bps": 0.5115384615384615,
        "profit_loss_ratio_2018_2019_2_0_bps": 0.9500213305559668,
        "sharpe_ratio_2018_2_0_bps": -0.21241552927829985,
        "annual_return_2018_2019_2_5_bps": -0.004880917853877453,
        "annual_volatility_2018_2019_2_5_bps": 0.0076244712169366525,
        "sharpe_ratio_2018_2019_2_5_bps": -0.6379279291957289,
        "downside_risk_2018_2019_2_5_bps": 0.005685129386415964,