{
    "ALL": {
        "performance_sw": 4.24978410558322,
        "performance_fw": 4.673787601473751,
        "val_loss": 3.6889303774041875,
        "annual_return_2019_2020": 0.059430062412443085,
        "annual_volatility_2019_2020": 0.013607711682406516,
        "sharpe_ratio_2019_2020": 4.24978410558322,
        "downside_risk_2019_2020": 0.006387369002107549,
        "sortino_ratio_2019_2020": 9.053780484917814,
        "max_drawdown_2019_2020": 0.004471106344980103,
        "calmar_ratio_2019_2020": 13.292026140055398,
        "perc_pos_return_2019_2020": 0.5846153846153846,
        "profit_loss_ratio_2019_2020": 1.55396869414222,
        "sharpe_ratio_2019": 4.2150706505185465,
        "annual_return_2019_2020_0_5_bps": 0.05119827364012308,
        "annual_volatility_2019_2020_0_5_bps": 0.013609114183536353,
        "sharpe_ratio_2019_2020_0_5_bps": 3.676053511158262,
        "downside_risk_2019_2020_0_5_bps": 0.006625740625908151,
        "sortino_ratio_2019_2020_0_5_bps": 7.550526771682296,
        "max_drawdown_2019_2020_0_5_bps": 0.004713121116247142,
        "calmar_ratio_2019_2020_0_5_bps": 10.862923395630895,
        "perc_pos_return_2019_2020_0_5_bps": 0.5538461538461539,
        "profit_loss_ratio_2019_2020_0_5_bps": 1.5793169929063564,
        "sharpe_ratio_2019_0_5_bps": 3.6401400250251448,
        "annual_return_2019_2020_1_0_bps": 0.043030177085253696,
        "annual_volatility_2019_2020_1_0_bps": 0.013611723279605857,
        "sharpe_ratio_2019_2020_1_0_bps": 3.1021661451420157,
        "downside_risk_2019_2020_1_0_bps": 0.006872685900903058,
        "sortino_ratio_2019_2020_1_0_bps": 6.144006541821784,
        "max_drawdown_2019_2020_1_0_bps": 0.004955083164862156,
        "calmar_ratio_2019_2020_1_0_bps": 8.68404740214905,
        "perc_pos_return_2019_2020_1_0_bps": 0.5346153846153846,
        "profit_loss_ratio_2019_2020_1_0_bps": 1.5311881281083792,
        "sharpe_ratio_2019_1_0_bps": 3.0651264945923886,
        "annual_return_2019_2020_1_5_bps": 0.03492528201893608,
        "annual_volatility_2019_2020_1_5_bps": 0.013615538276968847,
        "sharpe_ratio_2019_2020_1_5_bps": 2.5282747983718017,
        "downside_risk_2019_2020_1_5_bps": 0.007127995576962252,
        "sortino_ratio_2019_2020_1_5_bps": 4.829383228461179,
        "max_drawdown_2019_2020_1_5_bps": 0.006232625464536373,
        "calmar_ratio_2019_2020_1_5_bps": 5.603622777858362,
        "perc_pos_return_2019_2020_1_5_bps": 0.5115384615384615,
        "profit_loss_ratio_2019_2020_1_5_bps": 1.508902746359499,
        "sharpe_ratio_2019_1_5_bps": 2.490162343336059,
        "annual_return_2019_2020_2_0_bps": 0.026883101477177096,
        "annual_volatility_2019_2020_2_0_bps": 0.013620558162338637,
        "sharpe_ratio_2019_2020_2_0_bps": 1.9545320486519793,
        "downside_risk_2019_2020_2_0_bps": 0.007391388248257008,
        "sortino_ratio_2019_2020_2_0_bps": 3.601734417766103,
        "max_drawdown_2019_2020_2_0_bps": 0.00775511286798328,
        "calmar_ratio_2019_2020_2_0_bps": 3.4665003507767205,
        "perc_pos_return_2019_2020_2_0_bps": 0.5038461538461538,
        "profit_loss_ratio_2019_2020_2_0_bps": 1.3997400581597732,
        "sharpe_ratio_2019_2_0_bps": 1.9153796254274373,
        "annual_return_2019_2020_2_5_bps": 0.018903152232093934,
        "annual_volatility_2019_2020_2_5_bps": 0.013626781604131681,
        "sharpe_ratio_2019_2020_2_5_bps": 1.3810900587124089,
        "downside_risk_2019_2020_2_5_bps": 0.007662613110856548,
        "sortino_ratio_2019_2020_2_5_bps": 2.456056743755873,
        "max_drawdown_2019_2020_2_5_bps": 0.009441131524535629,
        "calmar_ratio_2019_2020_2_5_bps": 2.002212571974915,
        "perc_pos_return_2019_2020_2_5_bps": 0.49615384615384617,
        "profit_loss_ratio_2019_2020_2_5_bps": 1.3004006502288254,
        "sharpe_ratio_2019_2_5_bps": 1.3409100141332324,
        "annual_return_2019_2020_3_0_bps": 0.0109849547634151,
        "annual_volatility_2019_2020_3_0_bps": 0.013634206954229485,
        "sharpe_ratio_2019_2020_3_0_bps": 0.808100375738082,
        "downside_risk_2019_2020_3_0_bps": 0.007941239091803071,
        "sortino_ratio_2019_2020_3_0_bps": 1.387416703518746,
        "max_drawdown_2019_2020_3_0_bps": 0.011124347171588845,
        "calmar_ratio_2019_2020_3_0_bps": 0.9874696100343086,
        "perc_pos_return_2019_2020_3_0_bps": 0.46923076923076923,
        "profit_loss_ratio_2019_2020_3_0_bps": 1.3063870288986794,
        "sharpe_ratio_2019_3_0_bps": 0.766884652070165
    },
    "COMB": {
        "annual_return_2019_2020": 0.059430062412443085,
        "annual_volatility_2019_2020": 0.013607711682406516,
        "sharpe_ratio_2019_2020": 4.24978410558322,
        "downside_risk_2019_2020": 0.006387369002107549,
        "sortino_ratio_2019_2020": 9.053780484917814,
        "max_drawdown_2019_2020": 0.004471106344980103,
        "calmar_ratio_2019_2020": 13.292026140055398,
        "perc_pos_return_2019_2020": 0.5846153846153846,
        "profit_loss_ratio_2019_2020": 1.55396869414222,
        "sharpe_ratio_2019": 4.2150706505185465,
        "annual_return_2019_2020_0_5_bps": 0.05119827364012308,
        "annual_volatility_2019_2020_0_5_bps": 0.013609114183536353,
        "sharpe_ratio_2019_2020_0_5_bps": 3.676053511158262,
        "downside_risk_2019_2020_0_5_bps": 0.006625740625908151,
        "sortino_ratio_2019_2020_0_5_bps": 7.550526771682296,
        "max_drawdown_2019_2020_0_5_bps": 0.004713121116247142,
        "calmar_ratio_2019_2020_0_5_bps": 10.862923395630895,
        "perc_pos_return_2019_2020_0_5_bps": 0.5538461538461539,
        "profit_loss_ratio_2019_2020_0_5_bps": 1.5793169929063564,
        "sharpe_ratio_2019_0_5_bps": 3.6401400250251448,
        "annual_return_2019_2020_1_0_bps": 0.043030177085253696,
        "annual_volatility_2019_2020_1_0_bps": 0.013611723279605857,
        "sharpe_ratio_2019_2020_1_0_bps": 3.1021661451420157,
        "downside_risk_2019_2020_1_0_bps": 0.006872685900903058,
        "sortino_ratio_2019_2020_1_0_bps": 6.144006541821784,
        "max_drawdown_2019_2020_1_0_bps": 0.004955083164862156,
        "calmar_ratio_2019_2020_1_0_bps": 8.68404740214905,
        "perc_pos_return_2019_2020_1_0_bps": 0.5346153846153846,
        "profit_loss_ratio_2019_2020_1_0_bps": 1.5311881281083792,
        "sharpe_ratio_2019_1_0_bps": 3.0651264945923886,
        "annual_return_2019_2020_1_5_bps": 0.03492528201893608,
        "annual_volatility_2019_2020_1_5_bps": 0.013615538276968847,
        "sharpe_ratio_2019_2020_1_5_bps": 2.5282747983718017,
        "downside_risk_2019_2020_1_5_bps": 0.007127995576962252,
        "sortino_ratio_2019_2020_1_5_bps": 4.829383228461179,
        "max_drawdown_2019_2020_1_5_bps": 0.006232625464536373,
        "calmar_ratio_2019_2020_1_5_bps": 5.603622777858362,
        "perc_pos_return_2019_2020_1_5_bps": 0.5115384615384615,
        "profit_loss_ratio_2019_2020_1_5_bps": 1.508902746359499,
        "sharpe_ratio_2019_1_5_bps": 2.490162343336059,
        "annual_return_2019_2020_2_0_bps": 0.026883101477177096,
        "annual_volatility_2019_2020_2_0_bps": 0.013620558162338637,
        "sharpe_ratio_2019_2020_2_0_bps": 1.9545320486519793,
        "downside_risk_2019_2020_2_0_bps": 0.007391388248257008,
        "sortino_ratio_2019_2020_2_0_bps": 3.601734417766103,
        "max_drawdown_2019_2020_2_0_bps": 0.00775511286798328,
        "calmar_ratio_2019_2020_2_0_bps": 3.4665003507767205,
        "perc_pos_return_2019_2020_2_0_bps": 0.5038461538461538,
        "profit_loss_ratio_2019_2020_2_0_bps": 1.3997400581597732,
        "sharpe_ratio_2019_2_0_bps": 1.9153796254274373,
        "annual_return_2019_2020_2_5_bps": 0.018903152232093934,
        "annual_volatility_2019_2020_2_5_bps": 0.013626781604131681,
        "sharpe_ratio_2019_2020_2_5_bps": 1.3810900587124089,
        "downside_risk_2019_2020_2_5_bps": 0.007662613110856548,
        "sortino_ratio_2019_2020_2_5_bps": 2.456056743755873,