{
    "ALL": {
        "performance_sw": 3.307303967694795,
        "performance_fw": 3.4990337054408642,
        "val_loss": 2.931706769190153,
        "annual_return_2019_2020": 0.023133841412815492,
        "annual_volatility_2019_2020": 0.006922623611524903,
        "sharpe_ratio_2019_2020": 3.3073039676947955,
        "downside_risk_2019_2020": 0.004486967971797011,
        "sortino_ratio_2019_2020": 5.102603959101708,
        "max_drawdown_2019_2020": 0.003241598038699033,
        "calmar_ratio_2019_2020": 7.13655460567218,
        "perc_pos_return_2019_2020": 0.6076923076923076,
        "profit_loss_ratio_2019_2020": 1.1210400041768258,
        "sharpe_ratio_2019": 3.1173215508964396,
        "annual_return_2019_2020_0_5_bps": 0.0176121478511011,
        "annual_volatility_2019_2020_0_5_bps": 0.006922469218079882,
        "sharpe_ratio_2019_2020_0_5_bps": 2.5255912436035395,
        "downside_risk_2019_2020_0_5_bps": 0.004644149973405223,
        "sortino_ratio_2019_2020_0_5_bps": 3.764591527279709,
        "max_drawdown_2019_2020_0_5_bps": 0.0036411518531388205,
        "calmar_ratio_2019_2020_0_5_bps": 4.836971530291635,
        "perc_pos_return_2019_2020_0_5_bps": 0.5923076923076923,
        "profit_loss_ratio_2019_2020_0_5_bps": 1.0510458485247,
        "sharpe_ratio_2019_0_5_bps": 2.3392224982389638,
        "annual_return_2019_2020_1_0_bps": 0.012120127482393217,
        "annual_volatility_2019_2020_1_0_bps": 0.006923591213446943,
        "sharpe_ratio_2019_2020_1_0_bps": 1.7435221654762276,
        "downside_risk_2019_2020_1_0_bps": 0.004806265040302893,
        "sortino_ratio_2019_2020_1_0_bps": 2.5116040509868442,
        "max_drawdown_2019_2020_1_0_bps": 0.004040554365656897,
        "calmar_ratio_2019_2020_1_0_bps": 2.999619949532043,
        "perc_pos_return_2019_2020_1_0_bps": 0.5692307692307692,
        "profit_loss_ratio_2019_2020_1_0_bps": 1.0147991510072898,
        "sharpe_ratio_2019_1_0_bps": 1.5603606354134174,
        "annual_return_2019_2020_1_5_bps": 0.006657621524665425,
        "annual_volatility_2019_2020_1_5_bps": 0.006925988977309357,
        "sharpe_ratio_2019_2020_1_5_bps": 0.9615293745344557,
        "downside_risk_2019_2020_1_5_bps": 0.004973474425595273,
        "sortino_ratio_2019_2020_1_5_bps": 1.339011982269864,
        "max_drawdown_2019_2020_1_5_bps": 0.004439805630229467,
        "calmar_ratio_2019_2020_1_5_bps": 1.4995299522428263,
        "perc_pos_return_2019_2020_1_5_bps": 0.5538461538461539,
        "profit_loss_ratio_2019_2020_1_5_bps": 0.9477397010258183,
        "sharpe_ratio_2019_1_5_bps": 0.781111871598054,
        "annual_return_2019_2020_2_0_bps": 0.0012244720419141153,
        "annual_volatility_2019_2020_2_0_bps": 0.00692966118536372,
        "sharpe_ratio_2019_2020_2_0_bps": 0.18004472658253348,
        "downside_risk_2019_2020_2_0_bps": 0.005145762563199487,
        "sortino_ratio_2019_2020_2_0_bps": 0.24246143076074103,
        "max_drawdown_2019_2020_2_0_bps": 0.004838905700815663,
        "calmar_ratio_2019_2020_2_0_bps": 0.2530473040025793,
        "perc_pos_return_2019_2020_2_0_bps": 0.5384615384615384,
        "profit_loss_ratio_2019_2020_2_0_bps": 0.8837716839444125,
        "sharpe_ratio_2019_2_0_bps": 0.0018528730410950684,
        "annual_return_2019_2020_2_5_bps": -0.004179478060344799,
        "annual_volatility_2019_2020_2_5_bps": 0.00693460581297143,
        "sharpe_ratio_2019_2020_2_5_bps": -0.6005018965517289,
        "downside_risk_2019_2020_2_5_bps": 0.005323192226561031,
        "sortino_ratio_2019_2020_2_5_bps": -0.7822832175305896,
        "max_drawdown_2019_2020_2_5_bps": 0.006395883387920107,
        "calmar_ratio_2019_2020_2_5_bps": -0.6534637683104997,
        "perc_pos_return_2019_2020_2_5_bps": 0.5115384615384615,
        "profit_loss_ratio_2019_2020_2_5_bps": 0.8618233946185428,
        "sharpe_ratio_2019_2_5_bps": -0.7770398467485472,
        "annual_return_2019_2020_3_0_bps": -0.009554385039536428,
        "annual_volatility_2019_2020_3_0_bps": 0.00694082014072491,
        "sharpe_ratio_2019_2020_3_0_bps": -1.37968376133202,
        "downside_risk_2019_2020_3_0_bps": 0.005506242490946325,
        "sortino_ratio_2019_2020_3_0_bps": -1.7391418656606585,
        "max_drawdown_2019_2020_3_0_bps": 0.01149050264053567,
        "calmar_ratio_2019_2020_3_0_bps": -0.8315027930832988,
        "perc_pos_return_2019_2020_3_0_bps": 0.46153846153846156,
        "profit_loss_ratio_2019_2020_3_0_bps": 0.9213869405185678,
        "sharpe_ratio_2019_3_0_bps": -1.5551908355222106
    },
    "COMB": {
        "annual_return_2019_2020": 0.023133841412815492,
        "annual_volatility_2019_2020": 0.006922623611524903,
        "sharpe_ratio_2019_2020": 3.3073039676947955,
        "downside_risk_2019_2020": 0.004486967971797011,
        "sortino_ratio_2019_2020": 5.102603959101708,
        "max_drawdown_2019_2020": 0.003241598038699033,
        "calmar_ratio_2019_2020": 7.13655460567218,
        "perc_pos_return_2019_2020": 0.6076923076923076,
        "profit_loss_ratio_2019_2020": 1.1210400041768258,
        "sharpe_ratio_2019": 3.1173215508964396,
        "annual_return_2019_2020_0_5_bps": 0.0176121478511011,
        "annual_volatility_2019_2020_0_5_bps": 0.006922469218079882,
        "sharpe_ratio_2019_2020_0_5_bps": 2.5255912436035395,
        "downside_risk_2019_2020_0_5_bps": 0.004644149973405223,
        "sortino_ratio_2019_2020_0_5_bps": 3.764591527279709,
        "max_drawdown_2019_2020_0_5_bps": 0.0036411518531388205,
        "calmar_ratio_2019_2020_0_5_bps": 4.836971530291635,
        "perc_pos_return_2019_2020_0_5_bps": 0.5923076923076923,
        "profit_loss_ratio_2019_2020_0_5_bps": 1.0510458485247,
        "sharpe_ratio_2019_0_5_bps": 2.3392224982389638,
        "annual_return_2019_2020_1_0_bps": 0.012120127482393217,
        "annual_volatility_2019_2020_1_0_bps": 0.006923591213446943,
        "sharpe_ratio_2019_2020_1_0_bps": 1.7435221654762276,
        "downside_risk_2019_2020_1_0_bps": 0.004806265040302893,
        "sortino_ratio_2019_2020_1_0_bps": 2.5116040509868442,
        "max_drawdown_2019_2020_1_0_bps": 0.004040554365656897,
        "calmar_ratio_2019_2020_1_0_bps": 2.999619949532043,
        "perc_pos_return_2019_2020_1_0_bps": 0.5692307692307692,
        "profit_loss_ratio_2019_2020_1_0_bps": 1.0147991510072898,
        "sharpe_ratio_2019_1_0_bps": 1.5603606354134174,
        "annual_return_2019_2020_1_5_bps": 0.006657621524665425,
        "annual_volatility_2019_2020_1_5_bps": 0.006925988977309357,
        "sharpe_ratio_2019_2020_1_5_bps": 0.9615293745344557,
        "downside_risk_2019_2020_1_5_bps": 0.004973474425595273,
        "sortino_ratio_2019_2020_1_5_bps": 1.339011982269864,
        "max_drawdown_2019_2020_1_5_bps": 0.004439805630229467,
        "calmar_ratio_2019_2020_1_5_bps": 1.4995299522428263,
        "perc_pos_return_2019_2020_1_5_bps": 0.5538461538461539,
        "profit_loss_ratio_2019_2020_1_5_bps": 0.9477397010258183,
        "sharpe_ratio_2019_1_5_bps": 0.781111871598054,
        "annual_return_2019_2020_2_0_bps": 0.0012244720419141153,
        "annual_volatility_2019_2020_2_0_bps": 0.00692966118536372,
        "sharpe_ratio_2019_2020_2_0_bps": 0.18004472658253348,
        "downside_risk_2019_2020_2_0_bps": 0.005145762563199487,
        "sortino_ratio_2019_2020_2_0_bps": 0.24246143076074103,
        "max_drawdown_2019_2020_2_0_bps": 0.004838905700815663,
        "calmar_ratio_2019_2020_2_0_bps": 0.2530473040025793,
        "perc_pos_return_2019_2020_2_0_bps": 0.5384615384615384,
        "profit_loss_ratio_2019_2020_2_0_bps": 0.8837716839444125,
        "sharpe_ratio_2019_2_0_bps": 0.0018528730410950684,
        "annual_return_2019_2020_2_5_bps": -0.004179478060344799,
        "annual_volatility_2019_2020_2_5_bps": 0.00693460581297143,
        "sharpe_ratio_2019_2020_2_5_bps": -0.6005018965517289,
        "downside_risk_2019_2020_2_5_bps": 0.005323192226561031,
        "sortino_ratio_2019_2020_2_5_bps": -0.7822832175305896,