{
    "ALL": {
        "performance_sw": 2.1731015652226384,
        "performance_fw": 1.9982808887578223,
        "val_loss": 2.4478439299009804,
        "annual_return_2017_2018": 0.017870097969486576,
        "annual_volatility_2017_2018": 0.008166271841712728,
        "sharpe_ratio_2017_2018": 2.1731015652226398,
        "downside_risk_2017_2018": 0.005060910849450406,
        "sortino_ratio_2017_2018": 3.506510715000374,
        "max_drawdown_2017_2018": 0.004603750059599829,
        "calmar_ratio_2017_2018": 3.881639476110025,
        "perc_pos_return_2017_2018": 0.562015503875969,
        "profit_loss_ratio_2017_2018": 1.1199253752910685,
        "sharpe_ratio_2017": 2.3767912717319586,
        "annual_return_2017_2018_0_5_bps": 0.010706667541780623,
        "annual_volatility_2017_2018_0_5_bps": 0.008175500411790076,
        "sharpe_ratio_2017_2018_0_5_bps": 1.3067419167395498,
        "downside_risk_2017_2018_0_5_bps": 0.005307797111208252,
        "sortino_ratio_2017_2018_0_5_bps": 2.012750083428798,
        "max_drawdown_2017_2018_0_5_bps": 0.006125854247937796,
        "calmar_ratio_2017_2018_0_5_bps": 1.7477835920410463,
        "perc_pos_return_2017_2018_0_5_bps": 0.5038759689922481,
        "profit_loss_ratio_2017_2018_0_5_bps": 1.2233796813406896,
        "sharpe_ratio_2017_0_5_bps": 1.5121747799914298,
        "annual_return_2017_2018_1_0_bps": 0.0035934391026783974,
        "annual_volatility_2017_2018_1_0_bps": 0.00818633043796917,
        "sharpe_ratio_2017_2018_1_0_bps": 0.44224943800994876,
        "downside_risk_2017_2018_1_0_bps": 0.005563766507701557,
        "sortino_ratio_2017_2018_1_0_bps": 0.6507102752324564,
        "max_drawdown_2017_2018_1_0_bps": 0.007645685891629583,
        "calmar_ratio_2017_2018_1_0_bps": 0.46999564899892854,
        "perc_pos_return_2017_2018_1_0_bps": 0.4806201550387597,
        "profit_loss_ratio_2017_2018_1_0_bps": 1.1625070895574017,
        "sharpe_ratio_2017_1_0_bps": 0.6494102860469089,
        "annual_return_2017_2018_1_5_bps": -0.0034699376839912865,
        "annual_volatility_2017_2018_1_5_bps": 0.008198755573992463,
        "sharpe_ratio_2017_2018_1_5_bps": -0.4198770138014977,
        "downside_risk_2017_2018_1_5_bps": 0.005828657623414696,
        "sortino_ratio_2017_2018_1_5_bps": -0.5906109484742016,
        "max_drawdown_2017_2018_1_5_bps": 0.00953796590415565,
        "calmar_ratio_2017_2018_1_5_bps": -0.3638026932429534,
        "perc_pos_return_2017_2018_1_5_bps": 0.46124031007751937,
        "profit_loss_ratio_2017_2018_1_5_bps": 1.090249867022035,
        "sharpe_ratio_2017_1_5_bps": -0.2110777668693053,
        "annual_return_2017_2018_2_0_bps": -0.010483810719923659,
        "annual_volatility_2017_2018_2_0_bps": 0.008212768580115704,
        "sharpe_ratio_2017_2018_2_0_bps": -1.2791469706796825,
        "downside_risk_2017_2018_2_0_bps": 0.006102024896955198,
        "sortino_ratio_2017_2018_2_0_bps": -1.721615074922139,
        "max_drawdown_2017_2018_2_0_bps": 0.015232340964036606,
        "calmar_ratio_2017_2018_2_0_bps": -0.6882599821442957,
        "perc_pos_return_2017_2018_2_0_bps": 0.43410852713178294,
        "profit_loss_ratio_2017_2018_2_0_bps": 1.0577157269443298,
        "sharpe_ratio_2017_2_0_bps": -1.0688718641796047,
        "annual_return_2017_2018_2_5_bps": -0.017448525489169975,
        "annual_volatility_2017_2018_2_5_bps": 0.008228361343852747,
        "sharpe_ratio_2017_2018_2_5_bps": -2.135079678546823,
        "downside_risk_2017_2018_2_5_bps": 0.006383465841448649,
        "sortino_ratio_2017_2018_2_5_bps": -2.7521424143805455,
        "max_drawdown_2017_2018_2_5_bps": 0.021639499890469833,
        "calmar_ratio_2017_2018_2_5_bps": -0.8063275758445051,
        "perc_pos_return_2017_2018_2_5_bps": 0.4186046511627907,
        "profit_loss_ratio_2017_2018_2_5_bps": 0.9815360091838919,
        "sharpe_ratio_2017_2_5_bps": -1.9235623769576857,
        "annual_return_2017_2018_3_0_bps": -0.024364425074892226,
        "annual_volatility_2017_2018_3_0_bps": 0.008245524902969844,
        "sharpe_ratio_2017_2018_3_0_bps": -2.9872053538981658,
        "downside_risk_2017_2018_3_0_bps": 0.0066726669738194164,
        "sortino_ratio_2017_2018_3_0_bps": -3.6913390451664343,
        "max_drawdown_2017_2018_3_0_bps": 0.028005164487035054,
        "calmar_ratio_2017_2018_3_0_bps": -0.8699975708470378,
        "perc_pos_return_2017_2018_3_0_bps": 0.40310077519379844,
        "profit_loss_ratio_2017_2018_3_0_bps": 0.9129882282801827,
        "sharpe_ratio_2017_3_0_bps": -2.7747484716144153
    },
    "COMB": {
        "annual_return_2017_2018": 0.017870097969486576,
        "annual_volatility_2017_2018": 0.008166271841712728,
        "sharpe_ratio_2017_2018": 2.1731015652226398,
        "downside_risk_2017_2018": 0.005060910849450406,
        "sortino_ratio_2017_2018": 3.506510715000374,
        "max_drawdown_2017_2018": 0.004603750059599829,
        "calmar_ratio_2017_2018": 3.881639476110025,
        "perc_pos_return_2017_2018": 0.562015503875969,
        "profit_loss_ratio_2017_2018": 1.1199253752910685,
        "sharpe_ratio_2017": 2.3767912717319586,
        "annual_return_2017_2018_0_5_bps": 0.010706667541780623,
        "annual_volatility_2017_2018_0_5_bps": 0.008175500411790076,
        "sharpe_ratio_2017_2018_0_5_bps": 1.3067419167395498,
        "downside_risk_2017_2018_0_5_bps": 0.005307797111208252,
        "sortino_ratio_2017_2018_0_5_bps": 2.012750083428798,
        "max_drawdown_2017_2018_0_5_bps": 0.006125854247937796,
        "calmar_ratio_2017_2018_0_5_bps": 1.7477835920410463,
        "perc_pos_return_2017_2018_0_5_bps": 0.5038759689922481,
        "profit_loss_ratio_2017_2018_0_5_bps": 1.2233796813406896,
        "sharpe_ratio_2017_0_5_bps": 1.5121747799914298,
        "annual_return_2017_2018_1_0_bps": 0.0035934391026783974,
        "annual_volatility_2017_2018_1_0_bps": 0.00818633043796917,
        "sharpe_ratio_2017_2018_1_0_bps": 0.44224943800994876,
        "downside_risk_2017_2018_1_0_bps": 0.005563766507701557,
        "sortino_ratio_2017_2018_1_0_bps": 0.6507102752324564,
        "max_drawdown_2017_2018_1_0_bps": 0.007645685891629583,
        "calmar_ratio_2017_2018_1_0_bps": 0.46999564899892854,
        "perc_pos_return_2017_2018_1_0_bps": 0.4806201550387597,
        "profit_loss_ratio_2017_2018_1_0_bps": 1.1625070895574017,
        "sharpe_ratio_2017_1_0_bps": 0.6494102860469089,
        "annual_return_2017_2018_1_5_bps": -0.0034699376839912865,
        "annual_volatility_2017_2018_1_5_bps": 0.008198755573992463,
        "sharpe_ratio_2017_2018_1_5_bps": -0.4198770138014977,
        "downside_risk_2017_2018_1_5_bps": 0.005828657623414696,
        "sortino_ratio_2017_2018_1_5_bps": -0.5906109484742016,
        "max_drawdown_2017_2018_1_5_bps": 0.00953796590415565,
        "calmar_ratio_2017_2018_1_5_bps": -0.3638026932429534,
        "perc_pos_return_2017_2018_1_5_bps": 0.46124031007751937,
        "profit_loss_ratio_2017_2018_1_5_bps": 1.090249867022035,
        "sharpe_ratio_2017_1_5_bps": -0.2110777668693053,
        "annual_return_2017_2018_2_0_bps": -0.010483810719923659,
        "annual_volatility_2017_2018_2_0_bps": 0.008212768580115704,
        "sharpe_ratio_2017_2018_2_0_bps": -1.2791469706796825,
        "downside_risk_2017_2018_2_0_bps": 0.006102024896955198,
        "sortino_ratio_2017_2018_2_0_bps": -1.721615074922139,
        "max_drawdown_2017_2018_2_0_bps": 0.015232340964036606,
        "calmar_ratio_2017_2018_2_0_bps": -0.6882599821442957,
        "perc_pos_return_2017_2018_2_0_bps": 0.43410852713178294,
        "profit_loss_ratio_2017_2018_2_0_bps": 1.0577157269443298,
        "sharpe_ratio_2017_2_0_bps": -1.0688718641796047,
        "annual_return_2017_2018_2_5_bps": -0.017448525489169975,
        "annual_volatility_2017_2018_2_5_bps": 0.008228361343852747,
        "sharpe_ratio_2017_2018_2_5_bps": -2.135079678546823,
        "downside_risk_2017_2018_2_5_bps": 0.006383465841448649,