{
    "ALL": {
        "performance_sw": 0.9406129407471224,
        "performance_fw": 1.307916197945708,
        "val_loss": 4.221924104497949,
        "annual_return_2022_2023": 0.05675557296333,
        "annual_volatility_2022_2023": 0.049866072776341884,
        "sharpe_ratio_2022_2023": 1.132027849420884,
        "downside_risk_2022_2023": 0.03691922518745711,
        "sortino_ratio_2022_2023": 1.5290077957336377,
        "max_drawdown_2022_2023": 0.03187161325301502,
        "calmar_ratio_2022_2023": 1.7807562018518466,
        "perc_pos_return_2022_2023": 0.6054794520547945,
        "profit_loss_ratio_2022_2023": 0.8122012951552472,
        "sharpe_ratio_2022": 0.9356850107770034,
        "annual_return_2022_2023_0_5_bps": 0.055794898092553114,
        "annual_volatility_2022_2023_0_5_bps": 0.049866837260478664,
        "sharpe_ratio_2022_2023_0_5_bps": 1.1137701472742332,
        "downside_risk_2022_2023_0_5_bps": 0.036934569548100815,
        "sortino_ratio_2022_2023_0_5_bps": 1.5037455521817347,
        "max_drawdown_2022_2023_0_5_bps": 0.03188188485085164,
        "calmar_ratio_2022_2023_0_5_bps": 1.7500501728040934,
        "perc_pos_return_2022_2023_0_5_bps": 0.6054794520547945,
        "profit_loss_ratio_2022_2023_0_5_bps": 0.8093634291372832,
        "sharpe_ratio_2022_0_5_bps": 0.9205142357037743,
        "annual_return_2022_2023_1_0_bps": 0.05483509382677787,
        "annual_volatility_2022_2023_1_0_bps": 0.04986760809885613,
        "sharpe_ratio_2022_2023_1_0_bps": 1.0955128653261512,
        "downside_risk_2022_2023_1_0_bps": 0.036949935694765706,
        "sortino_ratio_2022_2023_1_0_bps": 1.4785034184262031,
        "max_drawdown_2022_2023_1_0_bps": 0.0318921563557201,
        "calmar_ratio_2022_2023_1_0_bps": 1.7193912263302567,
        "perc_pos_return_2022_2023_1_0_bps": 0.6054794520547945,
        "profit_loss_ratio_2022_2023_1_0_bps": 0.806534520603349,
        "sharpe_ratio_2022_1_0_bps": 0.9053438118929569,
        "annual_return_2022_2023_1_5_bps": 0.05387615937950008,
        "annual_volatility_2022_2023_1_5_bps": 0.049868385291179616,
        "sharpe_ratio_2022_2023_1_5_bps": 1.0772560105425595,
        "downside_risk_2022_2023_1_5_bps": 0.036965323637036196,
        "sortino_ratio_2022_2023_1_5_bps": 1.453281413642255,
        "max_drawdown_2022_2023_1_5_bps": 0.03190242776762059,
        "calmar_ratio_2022_2023_1_5_bps": 1.6887792920318672,
        "perc_pos_return_2022_2023_1_5_bps": 0.6027397260273972,
        "profit_loss_ratio_2022_2023_1_5_bps": 0.8129733932897434,
        "sharpe_ratio_2022_1_5_bps": 0.8901737451185837,
        "annual_return_2022_2023_2_0_bps": 0.05291809396491276,
        "annual_volatility_2022_2023_2_0_bps": 0.049869168837152034,
        "sharpe_ratio_2022_2023_2_0_bps": 1.0589995898882394,
        "downside_risk_2022_2023_2_0_bps": 0.036980733530599025,
        "sortino_ratio_2022_2023_2_0_bps": 1.4280795512861726,
        "max_drawdown_2022_2023_2_0_bps": 0.031912699086553885,
        "calmar_ratio_2022_2023_2_0_bps": 1.6582142996237288,
        "perc_pos_return_2022_2023_2_0_bps": 0.6,
        "profit_loss_ratio_2022_2023_2_0_bps": 0.819439472435783,
        "sharpe_ratio_2022_2_0_bps": 0.875004041153739,
        "annual_return_2022_2023_2_5_bps": 0.0519608967979186,
        "annual_volatility_2022_2023_2_5_bps": 0.049869958736473916,
        "sharpe_ratio_2022_2023_2_5_bps": 1.0407436103268182,
        "downside_risk_2022_2023_2_5_bps": 0.03699616563151908,
        "sortino_ratio_2022_2023_2_5_bps": 1.402897841338165,
        "max_drawdown_2022_2023_2_5_bps": 0.03192297031252069,
        "calmar_ratio_2022_2023_2_5_bps": 1.6276961789341613,
        "perc_pos_return_2022_2023_2_5_bps": 0.6,
        "profit_loss_ratio_2022_2023_2_5_bps": 0.81656784319683,
        "sharpe_ratio_2022_2_5_bps": 0.8598347057705474,
        "annual_return_2022_2023_3_0_bps": 0.05100456709412904,
        "annual_volatility_2022_2023_3_0_bps": 0.049870754988843365,
        "sharpe_ratio_2022_2023_3_0_bps": 1.0224880788207593,
        "downside_risk_2022_2023_3_0_bps": 0.037011620123905825,
        "sortino_ratio_2022_2023_3_0_bps": 1.3777362970649139,
        "max_drawdown_2022_2023_3_0_bps": 0.03193324144552172,
        "calmar_ratio_2022_2023_3_0_bps": 1.5972248599047831,
        "perc_pos_return_2022_2023_3_0_bps": 0.5972602739726027,
        "profit_loss_ratio_2022_2023_3_0_bps": 0.823035767028451,
        "sharpe_ratio_2022_3_0_bps": 0.8446657447401633
    },
    "COMB": {
        "annual_return_2022_2023": 0.05675557296333,
        "annual_volatility_2022_2023": 0.049866072776341884,
        "sharpe_ratio_2022_2023": 1.132027849420884,
        "downside_risk_2022_2023": 0.03691922518745711,
        "sortino_ratio_2022_2023": 1.5290077957336377,
        "max_drawdown_2022_2023": 0.03187161325301502,
        "calmar_ratio_2022_2023": 1.7807562018518466,
        "perc_pos_return_2022_2023": 0.6054794520547945,
        "profit_loss_ratio_2022_2023": 0.8122012951552472,
        "sharpe_ratio_2022": 0.9356850107770034,
        "annual_return_2022_2023_0_5_bps": 0.055794898092553114,
        "annual_volatility_2022_2023_0_5_bps": 0.049866837260478664,
        "sharpe_ratio_2022_2023_0_5_bps": 1.1137701472742332,
        "downside_risk_2022_2023_0_5_bps": 0.036934569548100815,
        "sortino_ratio_2022_2023_0_5_bps": 1.5037455521817347,
        "max_drawdown_2022_2023_0_5_bps": 0.03188188485085164,
        "calmar_ratio_2022_2023_0_5_bps": 1.7500501728040934,
        "perc_pos_return_2022_2023_0_5_bps": 0.6054794520547945,
        "profit_loss_ratio_2022_2023_0_5_bps": 0.8093634291372832,
        "sharpe_ratio_2022_0_5_bps": 0.9205142357037743,
        "annual_return_2022_2023_1_0_bps": 0.05483509382677787,
        "annual_volatility_2022_2023_1_0_bps": 0.04986760809885613,
        "sharpe_ratio_2022_2023_1_0_bps": 1.0955128653261512,
        "downside_risk_2022_2023_1_0_bps": 0.036949935694765706,
        "sortino_ratio_2022_2023_1_0_bps": 1.4785034184262031,
        "max_drawdown_2022_2023_1_0_bps": 0.0318921563557201,
        "calmar_ratio_2022_2023_1_0_bps": 1.7193912263302567,
        "perc_pos_return_2022_2023_1_0_bps": 0.6054794520547945,
        "profit_loss_ratio_2022_2023_1_0_bps": 0.806534520603349,
        "sharpe_ratio_2022_1_0_bps": 0.9053438118929569,
        "annual_return_2022_2023_1_5_bps": 0.05387615937950008,
        "annual_volatility_2022_2023_1_5_bps": 0.049868385291179616,
        "sharpe_ratio_2022_2023_1_5_bps": 1.0772560105425595,
        "downside_risk_2022_2023_1_5_bps": 0.036965323637036196,
        "sortino_ratio_2022_2023_1_5_bps": 1.453281413642255,
        "max_drawdown_2022_2023_1_5_bps": 0.03190242776762059,
        "calmar_ratio_2022_2023_1_5_bps": 1.6887792920318672,
        "perc_pos_return_2022_2023_1_5_bps": 0.6027397260273972,
        "profit_loss_ratio_2022_2023_1_5_bps": 0.8129733932897434,
        "sharpe_ratio_2022_1_5_bps": 0.8901737451185837,
        "annual_return_2022_2023_2_0_bps": 0.05291809396491276,
        "annual_volatility_2022_2023_2_0_bps": 0.049869168837152034,
        "sharpe_ratio_2022_2023_2_0_bps": 1.0589995898882394,
        "downside_risk_2022_2023_2_0_bps": 0.036980733530599025,
        "sortino_ratio_2022_2023_2_0_bps": 1.4280795512861726,
        "max_drawdown_2022_2023_2_0_bps": 0.031912699086553885,
        "calmar_ratio_2022_2023_2_0_bps": 1.6582142996237288,
        "perc_pos_return_2022_2023_2_0_bps": 0.6,
        "profit_loss_ratio_2022_2023_2_0_bps": 0.819439472435783,
        "sharpe_ratio_2022_2_0_bps": 0.875004041153739,
        "annual_return_2022_2023_2_5_bps": 0.0519608967979186,
        "annual_volatility_2022_2023_2_5_bps": 0.049869958736473916,
        "sharpe_ratio_2022_2023_2_5_bps": 1.0407436103268182,
        "downside_risk_2022_2023_2_5_bps": 0.03699616563151908,
        "sortino_ratio_2022_2023_2_5_bps": 1.402897841338165,
        "max_drawdown_2022_2023_2_5_bps": 0.03192297031252069,