{
    "ALL": {
        "annual_return": 0.008146593135193501,
        "annual_volatility": 0.047235057788849004,
        "sharpe_ratio": 0.2191030074798325,
        "downside_risk": 0.036220958339851506,
        "sortino_ratio": 0.30287914177938446,
        "max_drawdown": 0.041232283780146504,
        "calmar_ratio": 0.15846150440434104,
        "perc_pos_return": 0.543229715489989,
        "profit_loss_ratio": 0.8735138272749785,
        "annual_return_0_5_bps": 0.007235210470225001,
        "annual_volatility_0_5_bps": 0.047235747831227,
        "sharpe_ratio_0_5_bps": 0.20016471375905498,
        "downside_risk_0_5_bps": 0.036238851699899,
        "sortino_ratio_0_5_bps": 0.27812664056783654,
        "max_drawdown_0_5_bps": 0.041577035365876,
        "calmar_ratio_0_5_bps": 0.13643676681233552,
        "perc_pos_return_0_5_bps": 0.543229715489989,
        "profit_loss_ratio_0_5_bps": 0.8706489206499111,
        "annual_return_1_0_bps": 0.006324705933822499,
        "annual_volatility_1_0_bps": 0.047236443536944506,
        "sharpe_ratio_1_0_bps": 0.18122703471435803,
        "downside_risk_1_0_bps": 0.036256769108505504,
        "sortino_ratio_1_0_bps": 0.253398545059809,
        "max_drawdown_1_0_bps": 0.04192161359220051,
        "calmar_ratio_1_0_bps": 0.1148948899349765,
        "perc_pos_return_1_0_bps": 0.5404824627427365,
        "profit_loss_ratio_1_0_bps": 0.8764525129316431,
        "annual_return_1_5_bps": 0.005415078634583501,
        "annual_volatility_1_5_bps": 0.047237144905711,
        "sharpe_ratio_1_5_bps": 0.16228997717239252,
        "downside_risk_1_5_bps": 0.036274710681114,
        "sortino_ratio_1_5_bps": 0.22869486906949055,
        "max_drawdown_1_5_bps": 0.0422660185562815,
        "calmar_ratio_1_5_bps": 0.09381580323918101,
        "perc_pos_return_1_5_bps": 0.5404824627427365,
        "profit_loss_ratio_1_5_bps": 0.8735685702363531,
        "annual_return_2_0_bps": 0.004506327682055999,
        "annual_volatility_2_0_bps": 0.04723785193723451,
        "sharpe_ratio_2_0_bps": 0.143353547958249,
        "downside_risk_2_0_bps": 0.036292676480084,
        "sortino_ratio_2_0_bps": 0.204015626217115,
        "max_drawdown_2_0_bps": 0.0426102503552275,
        "calmar_ratio_2_0_bps": 0.073180609974935,
        "perc_pos_return_2_0_bps": 0.537738973355411,
        "profit_loss_ratio_2_0_bps": 0.8803616795503371,
        "annual_return_2_5_bps": 0.0035984521867249994,
        "annual_volatility_2_5_bps": 0.0472385646312205,
        "sharpe_ratio_2_5_bps": 0.12441775389544601,
        "downside_risk_2_5_bps": 0.036310666568880004,
        "sortino_ratio_2_5_bps": 0.17936082984405,
        "max_drawdown_2_5_bps": 0.042954309086087,
        "calmar_ratio_2_5_bps": 0.05297150149458352,
        "perc_pos_return_2_5_bps": 0.537738973355411,
        "profit_loss_ratio_2_5_bps": 0.8774648092564605,
        "annual_return_3_0_bps": 0.0026914512600090005,
        "annual_volatility_3_0_bps": 0.047239282987372004,
        "sharpe_ratio_3_0_bps": 0.105482601805916,
        "downside_risk_3_0_bps": 0.03632868092856251,
        "sortino_ratio_3_0_bps": 0.154730493042071,
        "max_drawdown_3_0_bps": 0.04329819484585701,
        "calmar_ratio_3_0_bps": 0.03317167898722451,
        "perc_pos_return_3_0_bps": 0.5363653469817846,
        "profit_loss_ratio_3_0_bps": 0.8789387796496471,
        "annual_return_rescaled": 0.012785105868625968,
        "annual_volatility_rescaled": 0.12463645764920767,
        "downside_risk_rescaled": 0.09557418052327128,
        "max_drawdown_rescaled": 0.12805705486358304,
        "annual_return_rescaled_0_5_bps": 0.010788363431462833,
        "annual_volatility_rescaled_0_5_bps": 0.12463645764920708,
        "downside_risk_rescaled_0_5_bps": 0.09561999783063546,
        "max_drawdown_rescaled_0_5_bps": 0.12905639642536892,
        "annual_return_rescaled_1_0_bps": 0.008795870933761496,
        "annual_volatility_rescaled_1_0_bps": 0.12463645764920667,
        "downside_risk_rescaled_1_0_bps": 0.09566586578337588,
        "max_drawdown_rescaled_1_0_bps": 0.13005409561388567,
        "annual_return_rescaled_1_5_bps": 0.006807619448118252,
        "annual_volatility_rescaled_1_5_bps": 0.12463645764920689,
        "downside_risk_rescaled_1_5_bps": 0.0957117846679453,
        "max_drawdown_rescaled_1_5_bps": 0.13105015510709558,
        "annual_return_rescaled_2_0_bps": 0.004823600063977251,
        "annual_volatility_rescaled_2_0_bps": 0.12463645764920667,
        "downside_risk_rescaled_2_0_bps": 0.09575775463068564,
        "max_drawdown_rescaled_2_0_bps": 0.13204457757948398,
        "annual_return_rescaled_2_5_bps": 0.002843803887592977,
        "annual_volatility_rescaled_2_5_bps": 0.1246364576492065,
        "downside_risk_rescaled_2_5_bps": 0.09580377582081856,
        "max_drawdown_rescaled_2_5_bps": 0.13303736570206864,
        "annual_return_rescaled_3_0_bps": 0.0008682220420181408,
        "annual_volatility_rescaled_3_0_bps": 0.12463645764920778,
        "downside_risk_rescaled_3_0_bps": 0.09584984817010814,
        "max_drawdown_rescaled_3_0_bps": 0.13402852214239103,
        "sharpe_ratio_years": 0.18240213878344502,
        "sharpe_ratio_years_0_5_bps": 0.16665569529125002,
        "sharpe_ratio_years_1_0_bps": 0.150909763996861,
        "sharpe_ratio_years_1_5_bps": 0.1351643505933275,
        "sharpe_ratio_years_2_0_bps": 0.1194194607723915,
        "sharpe_ratio_years_2_5_bps": 0.10367510022448051,
        "sharpe_ratio_years_3_0_bps": 0.08793127463869202,
        "sharpe_ratio_years_std": 0.27121037484821503,
        "sharpe_ratio_years_std_0_5_bps": 0.274156120421979,
        "sharpe_ratio_years_std_1_0_bps": 0.27710115359532,
        "sharpe_ratio_years_std_1_5_bps": 0.2800454726597135,
        "sharpe_ratio_years_std_2_0_bps": 0.2829890759082695,
        "sharpe_ratio_years_std_2_5_bps": 0.28593196163573253,
        "sharpe_ratio_years_std_3_0_bps": 0.288874128138487
    },
    "COMB": {
        "annual_return": 0.008146593135193501,
        "annual_volatility": 0.047235057788849004,
        "sharpe_ratio": 0.2191030074798325,
        "downside_risk": 0.036220958339851506,
        "sortino_ratio": 0.30287914177938446,
        "max_drawdown": 0.041232283780146504,
        "calmar_ratio": 0.15846150440434104,
        "perc_pos_return": 0.543229715489989,
        "profit_loss_ratio": 0.8735138272749785,
        "annual_return_0_5_bps": 0.007235210470225001,
        "annual_volatility_0_5_bps": 0.047235747831227,
        "sharpe_ratio_0_5_bps": 0.20016471375905498,
        "downside_risk_0_5_bps": 0.036238851699899,
        "sortino_ratio_0_5_bps": 0.27812664056783654,
        "max_drawdown_0_5_bps": 0.041577035365876,
        "calmar_ratio_0_5_bps": 0.13643676681233552,
        "perc_pos_return_0_5_bps": 0.543229715489989,
        "profit_loss_ratio_0_5_bps": 0.8706489206499111,
        "annual_return_1_0_bps": 0.006324705933822499,
        "annual_volatility_1_0_bps": 0.047236443536944506,
        "sharpe_ratio_1_0_bps": 0.18122703471435803,
        "downside_risk_1_0_bps": 0.036256769108505504,
        "sortino_ratio_1_0_bps": 0.253398545059809,
        "max_drawdown_1_0_bps": 0.04192161359220051,
        "calmar_ratio_1_0_bps": 0.1148948899349765,
        "perc_pos_return_1_0_bps": 0.5404824627427365,
        "profit_loss_ratio_1_0_bps": 0.8764525129316431,
        "annual_return_1_5_bps": 0.005415078634583501,
        "annual_volatility_1_5_bps": 0.047237144905711,
        "sharpe_ratio_1_5_bps": 0.16228997717239252,
        "downside_risk_1_5_bps": 0.036274710681114,
        "sortino_ratio_1_5_bps": 0.22869486906949055,
        "max_drawdown_1_5_bps": 0.0422660185562815,
        "calmar_ratio_1_5_bps": 0.09381580323918101,
        "perc_pos_return_1_5_bps": 0.5404824627427365,
        "profit_loss_ratio_1_5_bps": 0.8735685702363531,
        "annual_return_2_0_bps": 0.004506327682055999,
        "annual_volatility_2_0_bps": 0.04723785193723451,