{
    "ALL": {
        "annual_return": 0.0612370268841,
        "annual_volatility": 0.0637659566196785,
        "sharpe_ratio": 1.0341091593919065,
        "downside_risk": 0.046140461968782506,
        "sortino_ratio": 1.561216083864682,
        "max_drawdown": 0.0328487395116195,
        "calmar_ratio": 2.783373702904667,
        "perc_pos_return": 0.5623927442420587,
        "profit_loss_ratio": 0.9292642092984601,
        "annual_return_0_5_bps": 0.06057746900600851,
        "annual_volatility_0_5_bps": 0.06376639625255551,
        "sharpe_ratio_0_5_bps": 1.0243962840645695,
        "downside_risk_0_5_bps": 0.0461525817456825,
        "sortino_ratio_0_5_bps": 1.5478797224948995,
        "max_drawdown_0_5_bps": 0.03287628676717601,
        "calmar_ratio_0_5_bps": 2.760853224578574,
        "perc_pos_return_0_5_bps": 0.5623927442420587,
        "profit_loss_ratio_0_5_bps": 0.9277317779696042,
        "annual_return_1_0_bps": 0.059918451484258,
        "annual_volatility_1_0_bps": 0.0637668427171745,
        "sharpe_ratio_1_0_bps": 1.0146833854237773,
        "downside_risk_1_0_bps": 0.04616471594353651,
        "sortino_ratio_1_0_bps": 1.5345506113878744,
        "max_drawdown_1_0_bps": 0.0329038333257595,
        "calmar_ratio_1_0_bps": 2.7383889291230137,
        "perc_pos_return_1_0_bps": 0.5623927442420587,
        "profit_loss_ratio_1_0_bps": 0.9262023670422586,
        "annual_return_1_5_bps": 0.05925997381614701,
        "annual_volatility_1_5_bps": 0.06376729601342151,
        "sharpe_ratio_1_5_bps": 1.004970466789557,
        "downside_risk_1_5_bps": 0.046176864549676004,
        "sortino_ratio_1_5_bps": 1.521228757590341,
        "max_drawdown_1_5_bps": 0.032931379187386,
        "calmar_ratio_1_5_bps": 2.715980635312637,
        "perc_pos_return_1_5_bps": 0.5623927442420587,
        "profit_loss_ratio_1_5_bps": 0.924675966657943,
        "annual_return_2_0_bps": 0.05860203549946951,
        "annual_volatility_2_0_bps": 0.063767756141182,
        "sharpe_ratio_2_0_bps": 0.995257531481904,
        "downside_risk_2_0_bps": 0.0461890275516335,
        "sortino_ratio_2_0_bps": 1.5079141681086905,
        "max_drawdown_2_0_bps": 0.032958924352071504,
        "calmar_ratio_2_0_bps": 2.6936281627373058,
        "perc_pos_return_2_0_bps": 0.5610191178684321,
        "profit_loss_ratio_2_0_bps": 0.9276307805797765,
        "annual_return_2_5_bps": 0.057944636032497,
        "annual_volatility_2_5_bps": 0.063768223100337,
        "sharpe_ratio_2_5_bps": 0.9855445828207806,
        "downside_risk_2_5_bps": 0.04620120497129901,
        "sortino_ratio_2_5_bps": 1.494606850057452,
        "max_drawdown_2_5_bps": 0.0330702086331335,
        "calmar_ratio_2_5_bps": 2.67200103653841,
        "perc_pos_return_2_5_bps": 0.5610191178684321,
        "profit_loss_ratio_2_5_bps": 0.9260984270272481,
        "annual_return_3_0_bps": 0.057287774913993506,
        "annual_volatility_3_0_bps": 0.063768696890768,
        "sharpe_ratio_3_0_bps": 0.9758316241261074,
        "downside_risk_3_0_bps": 0.046213396821286,
        "sortino_ratio_3_0_bps": 1.4813068105141567,
        "max_drawdown_3_0_bps": 0.033287896194575006,
        "calmar_ratio_3_0_bps": 2.651402602876289,
        "perc_pos_return_3_0_bps": 0.5610191178684321,
        "profit_loss_ratio_3_0_bps": 0.9245690976239906,
        "annual_return_rescaled": 0.09893478043955628,
        "annual_volatility_rescaled": 0.12463645764920714,
        "downside_risk_rescaled": 0.090185798801493,
        "max_drawdown_rescaled": 0.07654796285480563,
        "annual_return_rescaled_0_5_bps": 0.09785189288284035,
        "annual_volatility_rescaled_0_5_bps": 0.1246364576492073,
        "downside_risk_rescaled_0_5_bps": 0.0902088660830795,
        "max_drawdown_rescaled_0_5_bps": 0.07660973047212159,
        "annual_return_rescaled_1_0_bps": 0.09677042696212229,
        "annual_volatility_rescaled_1_0_bps": 0.12463645764920697,
        "downside_risk_rescaled_1_0_bps": 0.09023195156617976,
        "max_drawdown_rescaled_1_0_bps": 0.0766714854880693,
        "annual_return_rescaled_1_5_bps": 0.0956903808526936,
        "annual_volatility_rescaled_1_5_bps": 0.12463645764920751,
        "downside_risk_rescaled_1_5_bps": 0.09025505521839146,
        "max_drawdown_rescaled_1_5_bps": 0.07687892504033081,
        "annual_return_rescaled_2_0_bps": 0.09461175273151345,
        "annual_volatility_rescaled_2_0_bps": 0.12463645764920699,
        "downside_risk_rescaled_2_0_bps": 0.09027817700769644,
        "max_drawdown_rescaled_2_0_bps": 0.07736107435021755,
        "annual_return_rescaled_2_5_bps": 0.09353454077723317,
        "annual_volatility_rescaled_2_5_bps": 0.1246364576492077,
        "downside_risk_rescaled_2_5_bps": 0.09030131696922342,
        "max_drawdown_rescaled_2_5_bps": 0.07784276375078844,
        "annual_return_rescaled_3_0_bps": 0.09245874317017017,
        "annual_volatility_rescaled_3_0_bps": 0.12463645764920675,
        "downside_risk_rescaled_3_0_bps": 0.09032447511995692,
        "max_drawdown_rescaled_3_0_bps": 0.07832399355770461,
        "sharpe_ratio_years": 0.8600301064457591,
        "sharpe_ratio_years_0_5_bps": 0.8519534328655556,
        "sharpe_ratio_years_1_0_bps": 0.843876737716432,
        "sharpe_ratio_years_1_5_bps": 0.8358000237669665,
        "sharpe_ratio_years_2_0_bps": 0.8277232937857161,
        "sharpe_ratio_years_2_5_bps": 0.8196465505412165,
        "sharpe_ratio_years_3_0_bps": 0.8115697968019725,
        "sharpe_ratio_years_std": 0.948254115527312,
        "sharpe_ratio_years_std_0_5_bps": 0.9521195248584855,
        "sharpe_ratio_years_std_1_0_bps": 0.955984940300592,
        "sharpe_ratio_years_std_1_5_bps": 0.9598503602111634,
        "sharpe_ratio_years_std_2_0_bps": 0.9637157829476471,
        "sharpe_ratio_years_std_2_5_bps": 0.9675812068674075,
        "sharpe_ratio_years_std_3_0_bps": 0.9714466303277275
    },
    "COMB": {
        "annual_return": 0.0612370268841,
        "annual_volatility": 0.0637659566196785,
        "sharpe_ratio": 1.0341091593919065,
        "downside_risk": 0.046140461968782506,
        "sortino_ratio": 1.561216083864682,
        "max_drawdown": 0.0328487395116195,
        "calmar_ratio": 2.783373702904667,
        "perc_pos_return": 0.5623927442420587,
        "profit_loss_ratio": 0.9292642092984601,
        "annual_return_0_5_bps": 0.06057746900600851,
        "annual_volatility_0_5_bps": 0.06376639625255551,
        "sharpe_ratio_0_5_bps": 1.0243962840645695,
        "downside_risk_0_5_bps": 0.0461525817456825,
        "sortino_ratio_0_5_bps": 1.5478797224948995,
        "max_drawdown_0_5_bps": 0.03287628676717601,
        "calmar_ratio_0_5_bps": 2.760853224578574,
        "perc_pos_return_0_5_bps": 0.5623927442420587,
        "profit_loss_ratio_0_5_bps": 0.9277317779696042,
        "annual_return_1_0_bps": 0.059918451484258,
        "annual_volatility_1_0_bps": 0.0637668427171745,
        "sharpe_ratio_1_0_bps": 1.0146833854237773,
        "downside_risk_1_0_bps": 0.04616471594353651,
        "sortino_ratio_1_0_bps": 1.5345506113878744,
        "max_drawdown_1_0_bps": 0.0329038333257595,
        "calmar_ratio_1_0_bps": 2.7383889291230137,
        "perc_pos_return_1_0_bps": 0.5623927442420587,
        "profit_loss_ratio_1_0_bps": 0.9262023670422586,
        "annual_return_1_5_bps": 0.05925997381614701,
        "annual_volatility_1_5_bps": 0.06376729601342151,
        "sharpe_ratio_1_5_bps": 1.004970466789557,
        "downside_risk_1_5_bps": 0.046176864549676004,
        "sortino_ratio_1_5_bps": 1.521228757590341,
        "max_drawdown_1_5_bps": 0.032931379187386,
        "calmar_ratio_1_5_bps": 2.715980635312637,
        "perc_pos_return_1_5_bps": 0.5623927442420587,
        "profit_loss_ratio_1_5_bps": 0.924675966657943,
        "annual_return_2_0_bps": 0.05860203549946951,
        "annual_volatility_2_0_bps": 0.063767756141182,
        "sharpe_ratio_2_0_bps": 0.995257531481904,
        "downside_risk_2_0_bps": 0.0461890275516335,