{
    "ALL": {
        "performance_sw": -0.6230407035326816,
        "performance_fw": -0.5919933528738401,
        "val_loss": 4.7783473665392595,
        "annual_return_2022_2023": -0.04625930392690103,
        "annual_volatility_2022_2023": 0.06070164431309893,
        "sharpe_ratio_2022_2023": -0.7498296027711052,
        "downside_risk_2022_2023": 0.04933306782181048,
        "sortino_ratio_2022_2023": -0.9226243542616462,
        "max_drawdown_2022_2023": 0.06553571144328611,
        "calmar_ratio_2022_2023": -0.7058640687365288,
        "perc_pos_return_2022_2023": 0.5192307692307693,
        "profit_loss_ratio_2022_2023": 0.7978050311506627,
        "sharpe_ratio_2022": -0.619765572170206,
        "annual_return_2022_2023_0_5_bps": -0.04723821541769524,
        "annual_volatility_2022_2023_0_5_bps": 0.06070210671656503,
        "sharpe_ratio_2022_2023_0_5_bps": -0.7667384692312109,
        "downside_risk_2022_2023_0_5_bps": 0.04935203399479867,
        "sortino_ratio_2022_2023_0_5_bps": -0.9430744108312522,
        "max_drawdown_2022_2023_0_5_bps": 0.06599849546681216,
        "calmar_ratio_2022_2023_0_5_bps": -0.7157468527665048,
        "perc_pos_return_2022_2023_0_5_bps": 0.5192307692307693,
        "profit_loss_ratio_2022_2023_0_5_bps": 0.7951102857132569,
        "sharpe_ratio_2022_0_5_bps": -0.6338239987590273,
        "annual_return_2022_2023_1_0_bps": -0.048216125169854185,
        "annual_volatility_2022_2023_1_0_bps": 0.06070257358940371,
        "sharpe_ratio_2022_2023_1_0_bps": -0.783647020385923,
        "downside_risk_2022_2023_1_0_bps": 0.049371023251026804,
        "sortino_ratio_2022_2023_1_0_bps": -0.9635083048861887,
        "max_drawdown_2022_2023_1_0_bps": 0.06646105162609968,
        "calmar_ratio_2022_2023_1_0_bps": -0.7254794197526572,
        "perc_pos_return_2022_2023_1_0_bps": 0.5192307692307693,
        "profit_loss_ratio_2022_2023_1_0_bps": 0.7924235671991136,
        "sharpe_ratio_2022_1_0_bps": -0.6478821692738207,
        "annual_return_2022_2023_1_5_bps": -0.04919303420540044,
        "annual_volatility_2022_2023_1_5_bps": 0.06070304493151188,
        "sharpe_ratio_2022_2023_1_5_bps": -0.8005552525091083,
        "downside_risk_2022_2023_1_5_bps": 0.049390035662051864,
        "sortino_ratio_2022_2023_1_5_bps": -0.983926024992859,
        "max_drawdown_2022_2023_1_5_bps": 0.06692338003269134,
        "calmar_ratio_2022_2023_1_5_bps": -0.735064997933012,
        "perc_pos_return_2022_2023_1_5_bps": 0.5164835164835165,
        "profit_loss_ratio_2022_2023_1_5_bps": 0.7984837417782656,
        "sharpe_ratio_2022_1_5_bps": -0.6619400806201868,
        "annual_return_2022_2023_2_0_bps": -0.05016894354531465,
        "annual_volatility_2022_2023_2_0_bps": 0.06070352074278539,
        "sharpe_ratio_2022_2023_2_0_bps": -0.8174631618750167,
        "downside_risk_2022_2023_2_0_bps": 0.049409071371927085,
        "sortino_ratio_2022_2023_2_0_bps": -1.004327558188787,
        "max_drawdown_2022_2023_2_0_bps": 0.06738548079807634,
        "calmar_ratio_2022_2023_2_0_bps": -0.7445067238690212,
        "perc_pos_return_2022_2023_2_0_bps": 0.5164835164835165,
        "profit_loss_ratio_2022_2023_2_0_bps": 0.7957850018419542,
        "sharpe_ratio_2022_2_0_bps": -0.6759977297040378,
        "annual_return_2022_2023_2_5_bps": -0.051143854209541706,
        "annual_volatility_2022_2023_2_5_bps": 0.06070400102311918,
        "sharpe_ratio_2022_2023_2_5_bps": -0.8343707447582874,
        "downside_risk_2022_2023_2_5_bps": 0.04942813041419362,
        "sortino_ratio_2022_2023_2_5_bps": -1.0247128936303733,
        "max_drawdown_2022_2023_2_5_bps": 0.06784735403369103,
        "calmar_ratio_2022_2023_2_5_bps": -0.7538076456768696,
        "perc_pos_return_2022_2023_2_5_bps": 0.5137362637362637,
        "profit_loss_ratio_2022_2023_2_5_bps": 0.8018668268031113,
        "sharpe_ratio_2022_2_5_bps": -0.6900551134315996,
        "annual_return_2022_2023_3_0_bps": -0.052117767216988464,
        "annual_volatility_2022_2023_3_0_bps": 0.06070448577240717,
        "sharpe_ratio_2022_2023_3_0_bps": -0.851277997433952,
        "downside_risk_2022_2023_3_0_bps": 0.049447212915567446,
        "sortino_ratio_2022_2023_3_0_bps": -1.0450820185119747,
        "max_drawdown_2022_2023_3_0_bps": 0.06830899985091712,
        "calmar_ratio_2022_2023_3_0_bps": -0.7629707261229756,
        "perc_pos_return_2022_2023_3_0_bps": 0.5137362637362637,
        "profit_loss_ratio_2022_2023_3_0_bps": 0.7991559890488635,
        "sharpe_ratio_2022_3_0_bps": -0.7041122287094174
    },
    "COMB": {
        "annual_return_2022_2023": -0.04625930392690103,
        "annual_volatility_2022_2023": 0.06070164431309893,
        "sharpe_ratio_2022_2023": -0.7498296027711052,
        "downside_risk_2022_2023": 0.04933306782181048,
        "sortino_ratio_2022_2023": -0.9226243542616462,
        "max_drawdown_2022_2023": 0.06553571144328611,
        "calmar_ratio_2022_2023": -0.7058640687365288,
        "perc_pos_return_2022_2023": 0.5192307692307693,
        "profit_loss_ratio_2022_2023": 0.7978050311506627,
        "sharpe_ratio_2022": -0.619765572170206,
        "annual_return_2022_2023_0_5_bps": -0.04723821541769524,
        "annual_volatility_2022_2023_0_5_bps": 0.06070210671656503,
        "sharpe_ratio_2022_2023_0_5_bps": -0.7667384692312109,
        "downside_risk_2022_2023_0_5_bps": 0.04935203399479867,
        "sortino_ratio_2022_2023_0_5_bps": -0.9430744108312522,
        "max_drawdown_2022_2023_0_5_bps": 0.06599849546681216,
        "calmar_ratio_2022_2023_0_5_bps": -0.7157468527665048,
        "perc_pos_return_2022_2023_0_5_bps": 0.5192307692307693,
        "profit_loss_ratio_2022_2023_0_5_bps": 0.7951102857132569,
        "sharpe_ratio_2022_0_5_bps": -0.6338239987590273,
        "annual_return_2022_2023_1_0_bps": -0.048216125169854185,
        "annual_volatility_2022_2023_1_0_bps": 0.06070257358940371,
        "sharpe_ratio_2022_2023_1_0_bps": -0.783647020385923,
        "downside_risk_2022_2023_1_0_bps": 0.049371023251026804,
        "sortino_ratio_2022_2023_1_0_bps": -0.9635083048861887,
        "max_drawdown_2022_2023_1_0_bps": 0.06646105162609968,
        "calmar_ratio_2022_2023_1_0_bps": -0.7254794197526572,
        "perc_pos_return_2022_2023_1_0_bps": 0.5192307692307693,
        "profit_loss_ratio_2022_2023_1_0_bps": 0.7924235671991136,
        "sharpe_ratio_2022_1_0_bps": -0.6478821692738207,
        "annual_return_2022_2023_1_5_bps": -0.04919303420540044,
        "annual_volatility_2022_2023_1_5_bps": 0.06070304493151188,
        "sharpe_ratio_2022_2023_1_5_bps": -0.8005552525091083,
        "downside_risk_2022_2023_1_5_bps": 0.049390035662051864,
        "sortino_ratio_2022_2023_1_5_bps": -0.983926024992859,
        "max_drawdown_2022_2023_1_5_bps": 0.06692338003269134,
        "calmar_ratio_2022_2023_1_5_bps": -0.735064997933012,
        "perc_pos_return_2022_2023_1_5_bps": 0.5164835164835165,
        "profit_loss_ratio_2022_2023_1_5_bps": 0.7984837417782656,
        "sharpe_ratio_2022_1_5_bps": -0.6619400806201868,
        "annual_return_2022_2023_2_0_bps": -0.05016894354531465,
        "annual_volatility_2022_2023_2_0_bps": 0.06070352074278539,
        "sharpe_ratio_2022_2023_2_0_bps": -0.8174631618750167,
        "downside_risk_2022_2023_2_0_bps": 0.049409071371927085,
        "sortino_ratio_2022_2023_2_0_bps": -1.004327558188787,
        "max_drawdown_2022_2023_2_0_bps": 0.06738548079807634,
        "calmar_ratio_2022_2023_2_0_bps": -0.7445067238690212,
        "perc_pos_return_2022_2023_2_0_bps": 0.5164835164835165,
        "profit_loss_ratio_2022_2023_2_0_bps": 0.7957850018419542,
        "sharpe_ratio_2022_2_0_bps": -0.6759977297040378,
        "annual_return_2022_2023_2_5_bps": -0.051143854209541706,
        "annual_volatility_2022_2023_2_5_bps": 0.06070400102311918,
        "sharpe_ratio_2022_2023_2_5_bps": -0.8343707447582874,
        "downside_risk_2022_2023_2_5_bps": 0.04942813041419362,