{
    "ALL": {
        "performance_sw": 2.3279356966469296,
        "performance_fw": 2.7894100070908423,
        "val_loss": 3.7828389307322614,
        "annual_return_2019_2020": 0.02808572900148465,
        "annual_volatility_2019_2020": 0.011929412962648194,
        "sharpe_ratio_2019_2020": 2.3279356966469296,
        "downside_risk_2019_2020": 0.006945367671450229,
        "sortino_ratio_2019_2020": 3.9984789271771737,
        "max_drawdown_2019_2020": 0.005633070739883276,
        "calmar_ratio_2019_2020": 4.985864779334658,
        "perc_pos_return_2019_2020": 0.573076923076923,
        "profit_loss_ratio_2019_2020": 1.160019425387272,
        "sharpe_ratio_2019": 2.3559407770766767,
        "annual_return_2019_2020_0_5_bps": 0.024505651836809417,
        "annual_volatility_2019_2020_0_5_bps": 0.011927428638254776,
        "sharpe_ratio_2019_2020_0_5_bps": 2.0358262327964587,
        "downside_risk_2019_2020_0_5_bps": 0.007042925125140143,
        "sortino_ratio_2019_2020_0_5_bps": 3.4477396366021478,
        "max_drawdown_2019_2020_0_5_bps": 0.005964237171318008,
        "calmar_ratio_2019_2020_0_5_bps": 4.108765485493601,
        "perc_pos_return_2019_2020_0_5_bps": 0.55,
        "profit_loss_ratio_2019_2020_0_5_bps": 1.204957450816919,
        "sharpe_ratio_2019_0_5_bps": 2.062751423759931,
        "annual_return_2019_2020_1_0_bps": 0.020937988638714877,
        "annual_volatility_2019_2020_1_0_bps": 0.011925736445134005,
        "sharpe_ratio_2019_2020_1_0_bps": 1.7435768468476027,
        "downside_risk_2019_2020_1_0_bps": 0.0071423497915101605,
        "sortino_ratio_2019_2020_1_0_bps": 2.9112880990593117,
        "max_drawdown_2019_2020_1_0_bps": 0.006295297900414593,
        "calmar_ratio_2019_2020_1_0_bps": 3.3259726497352813,
        "perc_pos_return_2019_2020_1_0_bps": 0.5384615384615384,
        "profit_loss_ratio_2019_2020_1_0_bps": 1.1938813379365465,
        "sharpe_ratio_2019_1_0_bps": 1.7694340135469715,
        "annual_return_2019_2020_1_5_bps": 0.01738269654477609,
        "annual_volatility_2019_2020_1_5_bps": 0.011924336507655703,
        "sharpe_ratio_2019_2020_1_5_bps": 1.4512089433242468,
        "downside_risk_2019_2020_1_5_bps": 0.007243616805179749,
        "sortino_ratio_2019_2020_1_5_bps": 2.388959030900635,
        "max_drawdown_2019_2020_1_5_bps": 0.006626252959451794,
        "calmar_ratio_2019_2020_1_5_bps": 2.6233071165780246,
        "perc_pos_return_2019_2020_1_5_bps": 0.5269230769230769,
        "profit_loss_ratio_2019_2020_1_5_bps": 1.18277653701261,
        "sharpe_ratio_2019_1_5_bps": 1.4760072786471445,
        "annual_return_2019_2020_2_0_bps": 0.013839732839919794,
        "annual_volatility_2019_2020_2_0_bps": 0.011923228928763368,
        "sharpe_ratio_2019_2020_2_0_bps": 1.1587439695604498,
        "downside_risk_2019_2020_2_0_bps": 0.007346739608531632,
        "sortino_ratio_2019_2020_2_0_bps": 1.8805579556472949,
        "max_drawdown_2019_2020_2_0_bps": 0.006957102380698151,
        "calmar_ratio_2019_2020_2_0_bps": 1.9892955547580955,
        "perc_pos_return_2019_2020_2_0_bps": 0.5153846153846153,
        "profit_loss_ratio_2019_2020_2_0_bps": 1.1715830541400685,
        "sharpe_ratio_2019_2_0_bps": 1.1824899860089455,
        "annual_return_2019_2020_2_5_bps": 0.010309054955938812,
        "annual_volatility_2019_2020_2_5_bps": 0.01192241378993635,
        "sharpe_ratio_2019_2020_2_5_bps": 0.8662034078523514,
        "downside_risk_2019_2020_2_5_bps": 0.007451751257382551,
        "sortino_ratio_2019_2020_2_5_bps": 1.3858803250359975,
        "max_drawdown_2019_2020_2_5_bps": 0.007287846196412006,
        "calmar_ratio_2019_2020_2_5_bps": 1.4145544071737168,
        "perc_pos_return_2019_2020_2_5_bps": 0.5115384615384615,
        "profit_loss_ratio_2019_2020_2_5_bps": 1.1253311209271384,
        "sharpe_ratio_2019_2_5_bps": 0.8889009313329849,
        "annual_return_2019_2020_3_0_bps": 0.006790620470979114,
        "annual_volatility_2019_2020_3_0_bps": 0.01192189115115992,
        "sharpe_ratio_2019_2020_3_0_bps": 0.5736087675803744,
        "downside_risk_2019_2020_3_0_bps": 0.007558639791068128,
        "sortino_ratio_2019_2020_3_0_bps": 0.9047264427820879,
        "max_drawdown_2019_2020_3_0_bps": 0.007618484438844428,
        "calmar_ratio_2019_2020_3_0_bps": 0.8913348219700657,
        "perc_pos_return_2019_2020_3_0_bps": 0.49615384615384617,
        "profit_loss_ratio_2019_2020_3_0_bps": 1.1320660041384707,
        "sharpe_ratio_2019_3_0_bps": 0.5952589330635729
    },
    "COMB": {
        "annual_return_2019_2020": 0.02808572900148465,
        "annual_volatility_2019_2020": 0.011929412962648194,
        "sharpe_ratio_2019_2020": 2.3279356966469296,
        "downside_risk_2019_2020": 0.006945367671450229,
        "sortino_ratio_2019_2020": 3.9984789271771737,
        "max_drawdown_2019_2020": 0.005633070739883276,
        "calmar_ratio_2019_2020": 4.985864779334658,
        "perc_pos_return_2019_2020": 0.573076923076923,
        "profit_loss_ratio_2019_2020": 1.160019425387272,
        "sharpe_ratio_2019": 2.3559407770766767,
        "annual_return_2019_2020_0_5_bps": 0.024505651836809417,
        "annual_volatility_2019_2020_0_5_bps": 0.011927428638254776,
        "sharpe_ratio_2019_2020_0_5_bps": 2.0358262327964587,
        "downside_risk_2019_2020_0_5_bps": 0.007042925125140143,
        "sortino_ratio_2019_2020_0_5_bps": 3.4477396366021478,
        "max_drawdown_2019_2020_0_5_bps": 0.005964237171318008,
        "calmar_ratio_2019_2020_0_5_bps": 4.108765485493601,
        "perc_pos_return_2019_2020_0_5_bps": 0.55,
        "profit_loss_ratio_2019_2020_0_5_bps": 1.204957450816919,
        "sharpe_ratio_2019_0_5_bps": 2.062751423759931,
        "annual_return_2019_2020_1_0_bps": 0.020937988638714877,
        "annual_volatility_2019_2020_1_0_bps": 0.011925736445134005,
        "sharpe_ratio_2019_2020_1_0_bps": 1.7435768468476027,
        "downside_risk_2019_2020_1_0_bps": 0.0071423497915101605,
        "sortino_ratio_2019_2020_1_0_bps": 2.9112880990593117,
        "max_drawdown_2019_2020_1_0_bps": 0.006295297900414593,
        "calmar_ratio_2019_2020_1_0_bps": 3.3259726497352813,
        "perc_pos_return_2019_2020_1_0_bps": 0.5384615384615384,
        "profit_loss_ratio_2019_2020_1_0_bps": 1.1938813379365465,
        "sharpe_ratio_2019_1_0_bps": 1.7694340135469715,
        "annual_return_2019_2020_1_5_bps": 0.01738269654477609,
        "annual_volatility_2019_2020_1_5_bps": 0.011924336507655703,
        "sharpe_ratio_2019_2020_1_5_bps": 1.4512089433242468,
        "downside_risk_2019_2020_1_5_bps": 0.007243616805179749,
        "sortino_ratio_2019_2020_1_5_bps": 2.388959030900635,
        "max_drawdown_2019_2020_1_5_bps": 0.006626252959451794,
        "calmar_ratio_2019_2020_1_5_bps": 2.6233071165780246,
        "perc_pos_return_2019_2020_1_5_bps": 0.5269230769230769,
        "profit_loss_ratio_2019_2020_1_5_bps": 1.18277653701261,
        "sharpe_ratio_2019_1_5_bps": 1.4760072786471445,
        "annual_return_2019_2020_2_0_bps": 0.013839732839919794,
        "annual_volatility_2019_2020_2_0_bps": 0.011923228928763368,
        "sharpe_ratio_2019_2020_2_0_bps": 1.1587439695604498,
        "downside_risk_2019_2020_2_0_bps": 0.007346739608531632,
        "sortino_ratio_2019_2020_2_0_bps": 1.8805579556472949,
        "max_drawdown_2019_2020_2_0_bps": 0.006957102380698151,
        "calmar_ratio_2019_2020_2_0_bps": 1.9892955547580955,
        "perc_pos_return_2019_2020_2_0_bps": 0.5153846153846153,
        "profit_loss_ratio_2019_2020_2_0_bps": 1.1715830541400685,
        "sharpe_ratio_2019_2_0_bps": 1.1824899860089455,
        "annual_return_2019_2020_2_5_bps": 0.010309054955938812,
        "annual_volatility_2019_2020_2_5_bps": 0.01192241378993635,
        "sharpe_ratio_2019_2020_2_5_bps": 0.8662034078523514,
        "downside_risk_2019_2020_2_5_bps": 0.007451751257382551,
        "sortino_ratio_2019_2020_2_5_bps": 1.3858803250359975,