{
    "ALL": {
        "annual_return": 0.0223342390572855,
        "annual_volatility": 0.04294400314320801,
        "sharpe_ratio": 0.5619714605389965,
        "downside_risk": 0.030375755769210002,
        "sortino_ratio": 0.7841770232831962,
        "max_drawdown": 0.0241329425841015,
        "calmar_ratio": 0.9642328604521591,
        "perc_pos_return": 0.5397260273972595,
        "profit_loss_ratio": 0.934965456232238,
        "annual_return_0_5_bps": 0.0216790941504815,
        "annual_volatility_0_5_bps": 0.04294308151663451,
        "sharpe_ratio_0_5_bps": 0.5470048749406066,
        "downside_risk_0_5_bps": 0.030390260950076502,
        "sortino_ratio_0_5_bps": 0.7627382165534601,
        "max_drawdown_0_5_bps": 0.024255717409331502,
        "calmar_ratio_0_5_bps": 0.9312061419875854,
        "perc_pos_return_0_5_bps": 0.538356164383561,
        "profit_loss_ratio_0_5_bps": 0.9382607640474641,
        "annual_return_1_0_bps": 0.021024375798393002,
        "annual_volatility_1_0_bps": 0.042942167742102,
        "sharpe_ratio_1_0_bps": 0.5320375084087645,
        "downside_risk_1_0_bps": 0.0304047800951905,
        "sortino_ratio_1_0_bps": 0.7413194031884646,
        "max_drawdown_1_0_bps": 0.024378474525878,
        "calmar_ratio_1_0_bps": 0.8985771092775714,
        "perc_pos_return_1_0_bps": 0.538356164383561,
        "profit_loss_ratio_1_0_bps": 0.936022076395439,
        "annual_return_1_5_bps": 0.020370083719154,
        "annual_volatility_1_5_bps": 0.0429412618201015,
        "sharpe_ratio_1_5_bps": 0.517069369007493,
        "downside_risk_1_5_bps": 0.030419313196106502,
        "sortino_ratio_1_5_bps": 0.7199205841889151,
        "max_drawdown_1_5_bps": 0.024501213936533,
        "calmar_ratio_1_5_bps": 0.8663374374248245,
        "perc_pos_return_1_5_bps": 0.538356164383561,
        "profit_loss_ratio_1_5_bps": 0.9337883646953821,
        "annual_return_2_0_bps": 0.0197162176311115,
        "annual_volatility_2_0_bps": 0.04294036375112101,
        "sharpe_ratio_2_0_bps": 0.5021004648031265,
        "downside_risk_2_0_bps": 0.0304338602327585,
        "sortino_ratio_2_0_bps": 0.698541760639369,
        "max_drawdown_2_0_bps": 0.024623935644077003,
        "calmar_ratio_2_0_bps": 0.834479055906583,
        "perc_pos_return_2_0_bps": 0.538356164383561,
        "profit_loss_ratio_2_0_bps": 0.9315596123693316,
        "annual_return_2_5_bps": 0.0190627772527895,
        "annual_volatility_2_5_bps": 0.04293947353564151,
        "sharpe_ratio_2_5_bps": 0.48713080386428603,
        "downside_risk_2_5_bps": 0.030448421209684502,
        "sortino_ratio_2_5_bps": 0.677182933174243,
        "max_drawdown_2_5_bps": 0.024746639651293003,
        "calmar_ratio_2_5_bps": 0.802994138559435,
        "perc_pos_return_2_5_bps": 0.5369863013698626,
        "profit_loss_ratio_2_5_bps": 0.9348676926227286,
        "annual_return_3_0_bps": 0.018409762302898,
        "annual_volatility_3_0_bps": 0.042938591174141005,
        "sharpe_ratio_3_0_bps": 0.4721603942618591,
        "downside_risk_3_0_bps": 0.030462996157283,
        "sortino_ratio_3_0_bps": 0.6558441020396505,
        "max_drawdown_3_0_bps": 0.024869325960969003,
        "calmar_ratio_3_0_bps": 0.7718750940426106,
        "perc_pos_return_3_0_bps": 0.5356164383561641,
        "profit_loss_ratio_3_0_bps": 0.9382138574338339,
        "annual_return_rescaled": 0.04877500714330041,
        "annual_volatility_rescaled": 0.1246364576492078,
        "downside_risk_rescaled": 0.08815961066476953,
        "max_drawdown_rescaled": 0.08379302897398994,
        "annual_return_rescaled_0_5_bps": 0.047157722372341615,
        "annual_volatility_rescaled_0_5_bps": 0.12463645764920611,
        "downside_risk_rescaled_0_5_bps": 0.0882036020257505,
        "max_drawdown_rescaled_0_5_bps": 0.08419898038282794,
        "annual_return_rescaled_1_0_bps": 0.045542891413394626,
        "annual_volatility_rescaled_1_0_bps": 0.12463645764920651,
        "downside_risk_rescaled_1_0_bps": 0.0882476196690069,
        "max_drawdown_rescaled_1_0_bps": 0.08460472823229509,
        "annual_return_rescaled_1_5_bps": 0.043930511489860824,
        "annual_volatility_rescaled_1_5_bps": 0.1246364576492085,
        "downside_risk_rescaled_1_5_bps": 0.08829166354654547,
        "max_drawdown_rescaled_1_5_bps": 0.0850102724051646,
        "annual_return_rescaled_2_0_bps": 0.042320579825196325,
        "annual_volatility_rescaled_2_0_bps": 0.12463645764920751,
        "downside_risk_rescaled_2_0_bps": 0.08833573357661867,
        "max_drawdown_rescaled_2_0_bps": 0.08541561278457845,
        "annual_return_rescaled_2_5_bps": 0.0407130936429313,
        "annual_volatility_rescaled_2_5_bps": 0.12463645764920736,
        "downside_risk_rescaled_2_5_bps": 0.08837982974886982,
        "max_drawdown_rescaled_2_5_bps": 0.08582074925404601,
        "annual_return_rescaled_3_0_bps": 0.039108050166674735,
        "annual_volatility_rescaled_3_0_bps": 0.1246364576492078,
        "downside_risk_rescaled_3_0_bps": 0.08842395212798104,
        "max_drawdown_rescaled_3_0_bps": 0.0865088188624845,
        "sharpe_ratio_years": 0.4669475476102095,
        "sharpe_ratio_years_0_5_bps": 0.45451166619629657,
        "sharpe_ratio_years_1_0_bps": 0.44207513589718955,
        "sharpe_ratio_years_1_5_bps": 0.4296379634133626,
        "sharpe_ratio_years_2_0_bps": 0.4172001554472125,
        "sharpe_ratio_years_2_5_bps": 0.40476171870303357,
        "sharpe_ratio_years_3_0_bps": 0.39232265988700554,
        "sharpe_ratio_years_std": 0.13537899580489252,
        "sharpe_ratio_years_std_0_5_bps": 0.1351546409001905,
        "sharpe_ratio_years_std_1_0_bps": 0.1349300497872245,
        "sharpe_ratio_years_std_1_5_bps": 0.13470522217702455,
        "sharpe_ratio_years_std_2_0_bps": 0.1344801577812465,
        "sharpe_ratio_years_std_2_5_bps": 0.13425485631216952,
        "sharpe_ratio_years_std_3_0_bps": 0.13402931748270452
    },
    "COMB": {
        "annual_return": 0.0223342390572855,
        "annual_volatility": 0.04294400314320801,
        "sharpe_ratio": 0.5619714605389965,
        "downside_risk": 0.030375755769210002,
        "sortino_ratio": 0.7841770232831962,
        "max_drawdown": 0.0241329425841015,
        "calmar_ratio": 0.9642328604521591,
        "perc_pos_return": 0.5397260273972595,
        "profit_loss_ratio": 0.934965456232238,
        "annual_return_0_5_bps": 0.0216790941504815,
        "annual_volatility_0_5_bps": 0.04294308151663451,
        "sharpe_ratio_0_5_bps": 0.5470048749406066,
        "downside_risk_0_5_bps": 0.030390260950076502,
        "sortino_ratio_0_5_bps": 0.7627382165534601,
        "max_drawdown_0_5_bps": 0.024255717409331502,
        "calmar_ratio_0_5_bps": 0.9312061419875854,
        "perc_pos_return_0_5_bps": 0.538356164383561,
        "profit_loss_ratio_0_5_bps": 0.9382607640474641,
        "annual_return_1_0_bps": 0.021024375798393002,
        "annual_volatility_1_0_bps": 0.042942167742102,
        "sharpe_ratio_1_0_bps": 0.5320375084087645,
        "downside_risk_1_0_bps": 0.0304047800951905,
        "sortino_ratio_1_0_bps": 0.7413194031884646,
        "max_drawdown_1_0_bps": 0.024378474525878,
        "calmar_ratio_1_0_bps": 0.8985771092775714,
        "perc_pos_return_1_0_bps": 0.538356164383561,
        "profit_loss_ratio_1_0_bps": 0.936022076395439,
        "annual_return_1_5_bps": 0.020370083719154,
        "annual_volatility_1_5_bps": 0.0429412618201015,
        "sharpe_ratio_1_5_bps": 0.517069369007493,
        "downside_risk_1_5_bps": 0.030419313196106502,
        "sortino_ratio_1_5_bps": 0.7199205841889151,
        "max_drawdown_1_5_bps": 0.024501213936533,
        "calmar_ratio_1_5_bps": 0.8663374374248245,
        "perc_pos_return_1_5_bps": 0.538356164383561,
        "profit_loss_ratio_1_5_bps": 0.9337883646953821,
        "annual_return_2_0_bps": 0.0197162176311115,
        "annual_volatility_2_0_bps": 0.04294036375112101,
        "sharpe_ratio_2_0_bps": 0.5021004648031265,