{
    "ALL": {
        "performance_sw": 2.0984188266739507,
        "performance_fw": 1.849491325168749,
        "val_loss": 3.1735591433996637,
        "annual_return_2017_2018": 0.012743584731407909,
        "annual_volatility_2017_2018": 0.006043394030839802,
        "sharpe_ratio_2017_2018": 2.0984188266739503,
        "downside_risk_2017_2018": 0.0034833006836827054,
        "sortino_ratio_2017_2018": 3.6406767497073123,
        "max_drawdown_2017_2018": 0.002823638403069451,
        "calmar_ratio_2017_2018": 4.513178712102417,
        "perc_pos_return_2017_2018": 0.5503875968992248,
        "profit_loss_ratio_2017_2018": 1.1715242648912247,
        "sharpe_ratio_2017": 2.008893375292178,
        "annual_return_2017_2018_0_5_bps": 0.009074231549563994,
        "annual_volatility_2017_2018_0_5_bps": 0.006044858161233428,
        "sharpe_ratio_2017_2018_0_5_bps": 1.4974154723185986,
        "downside_risk_2017_2018_0_5_bps": 0.003609033686769967,
        "sortino_ratio_2017_2018_0_5_bps": 2.508057536781652,
        "max_drawdown_2017_2018_0_5_bps": 0.0034951884676901884,
        "calmar_ratio_2017_2018_0_5_bps": 2.5962066519293425,
        "perc_pos_return_2017_2018_0_5_bps": 0.5310077519379846,
        "profit_loss_ratio_2017_2018_0_5_bps": 1.1418885804472927,
        "sharpe_ratio_2017_0_5_bps": 1.4314016978251352,
        "annual_return_2017_2018_1_0_bps": 0.005418117325389993,
        "annual_volatility_2017_2018_1_0_bps": 0.006046851314821853,
        "sharpe_ratio_2017_2018_1_0_bps": 0.8966247363469518,
        "downside_risk_2017_2018_1_0_bps": 0.003737705787998182,
        "sortino_ratio_2017_2018_1_0_bps": 1.4505573133366163,
        "max_drawdown_2017_2018_1_0_bps": 0.004246200992143123,
        "calmar_ratio_2017_2018_1_0_bps": 1.2759917242295649,
        "perc_pos_return_2017_2018_1_0_bps": 0.5116279069767442,
        "profit_loss_ratio_2017_2018_1_0_bps": 1.1130299792600566,
        "sharpe_ratio_2017_1_0_bps": 0.8536757245764004,
        "annual_return_2017_2018_1_5_bps": 0.0017751944941162279,
        "annual_volatility_2017_2018_1_5_bps": 0.006049372968695792,
        "sharpe_ratio_2017_2018_1_5_bps": 0.29620405328500526,
        "downside_risk_2017_2018_1_5_bps": 0.003869333244880626,
        "sortino_ratio_2017_2018_1_5_bps": 0.4630898089564057,
        "max_drawdown_2017_2018_1_5_bps": 0.004996658694896003,
        "calmar_ratio_2017_2018_1_5_bps": 0.3552763161369331,
        "perc_pos_return_2017_2018_1_5_bps": 0.4883720930232558,
        "profit_loss_ratio_2017_2018_1_5_bps": 1.1020086388564128,
        "sharpe_ratio_2017_1_5_bps": 0.2758358446765475,
        "annual_return_2017_2018_2_0_bps": -0.0018545843388567684,
        "annual_volatility_2017_2018_2_0_bps": 0.006052422462279387,
        "sharpe_ratio_2017_2018_2_0_bps": -0.30368978553890663,
        "downside_risk_2017_2018_2_0_bps": 0.004004071498431963,
        "sortino_ratio_2017_2018_2_0_bps": -0.4590474671294685,
        "max_drawdown_2017_2018_2_0_bps": 0.0057465619775846554,
        "calmar_ratio_2017_2018_2_0_bps": -0.3227293721169037,
        "perc_pos_return_2017_2018_2_0_bps": 0.4689922480620155,
        "profit_loss_ratio_2017_2018_2_0_bps": 1.0751334632955767,
        "sharpe_ratio_2017_2_0_bps": -0.30199744737883866,
        "annual_return_2017_2018_2_5_bps": -0.005471266398569208,
        "annual_volatility_2017_2018_2_5_bps": 0.006055998998192863,
        "sharpe_ratio_2017_2018_2_5_bps": -0.9029008350089021,
        "downside_risk_2017_2018_2_5_bps": 0.004141840076707166,
        "sortino_ratio_2017_2018_2_5_bps": -1.3201780974190915,
        "max_drawdown_2017_2018_2_5_bps": 0.0072846803842006366,
        "calmar_ratio_2017_2018_2_5_bps": -0.7510647152667881,
        "perc_pos_return_2017_2018_2_5_bps": 0.45348837209302323,
        "profit_loss_ratio_2017_2018_2_5_bps": 1.0337072321921448,
        "sharpe_ratio_2017_2_5_bps": -0.8797036773270569,
        "annual_return_2017_2018_3_0_bps": -0.009074898741105009,
        "annual_volatility_2017_2018_3_0_bps": 0.00606010164329065,
        "sharpe_ratio_2017_2018_3_0_bps": -1.5012741964608656,
        "downside_risk_2017_2018_3_0_bps": 0.004282624832965306,
        "sortino_ratio_2017_2018_3_0_bps": -2.124368717748021,
        "max_drawdown_2017_2018_3_0_bps": 0.010670433564005651,
        "calmar_ratio_2017_2018_3_0_bps": -0.8504714158679713,
        "perc_pos_return_2017_2018_3_0_bps": 0.43023255813953487,
        "profit_loss_ratio_2017_2018_3_0_bps": 1.0269981951750182,
        "sharpe_ratio_2017_3_0_bps": -1.4571625166730615
    },
    "COMB": {
        "annual_return_2017_2018": 0.012743584731407909,
        "annual_volatility_2017_2018": 0.006043394030839802,
        "sharpe_ratio_2017_2018": 2.0984188266739503,
        "downside_risk_2017_2018": 0.0034833006836827054,
        "sortino_ratio_2017_2018": 3.6406767497073123,
        "max_drawdown_2017_2018": 0.002823638403069451,
        "calmar_ratio_2017_2018": 4.513178712102417,
        "perc_pos_return_2017_2018": 0.5503875968992248,
        "profit_loss_ratio_2017_2018": 1.1715242648912247,
        "sharpe_ratio_2017": 2.008893375292178,
        "annual_return_2017_2018_0_5_bps": 0.009074231549563994,
        "annual_volatility_2017_2018_0_5_bps": 0.006044858161233428,
        "sharpe_ratio_2017_2018_0_5_bps": 1.4974154723185986,
        "downside_risk_2017_2018_0_5_bps": 0.003609033686769967,
        "sortino_ratio_2017_2018_0_5_bps": 2.508057536781652,
        "max_drawdown_2017_2018_0_5_bps": 0.0034951884676901884,
        "calmar_ratio_2017_2018_0_5_bps": 2.5962066519293425,
        "perc_pos_return_2017_2018_0_5_bps": 0.5310077519379846,
        "profit_loss_ratio_2017_2018_0_5_bps": 1.1418885804472927,
        "sharpe_ratio_2017_0_5_bps": 1.4314016978251352,
        "annual_return_2017_2018_1_0_bps": 0.005418117325389993,
        "annual_volatility_2017_2018_1_0_bps": 0.006046851314821853,
        "sharpe_ratio_2017_2018_1_0_bps": 0.8966247363469518,
        "downside_risk_2017_2018_1_0_bps": 0.003737705787998182,
        "sortino_ratio_2017_2018_1_0_bps": 1.4505573133366163,
        "max_drawdown_2017_2018_1_0_bps": 0.004246200992143123,
        "calmar_ratio_2017_2018_1_0_bps": 1.2759917242295649,
        "perc_pos_return_2017_2018_1_0_bps": 0.5116279069767442,
        "profit_loss_ratio_2017_2018_1_0_bps": 1.1130299792600566,
        "sharpe_ratio_2017_1_0_bps": 0.8536757245764004,
        "annual_return_2017_2018_1_5_bps": 0.0017751944941162279,
        "annual_volatility_2017_2018_1_5_bps": 0.006049372968695792,
        "sharpe_ratio_2017_2018_1_5_bps": 0.29620405328500526,
        "downside_risk_2017_2018_1_5_bps": 0.003869333244880626,
        "sortino_ratio_2017_2018_1_5_bps": 0.4630898089564057,
        "max_drawdown_2017_2018_1_5_bps": 0.004996658694896003,
        "calmar_ratio_2017_2018_1_5_bps": 0.3552763161369331,
        "perc_pos_return_2017_2018_1_5_bps": 0.4883720930232558,
        "profit_loss_ratio_2017_2018_1_5_bps": 1.1020086388564128,
        "sharpe_ratio_2017_1_5_bps": 0.2758358446765475,
        "annual_return_2017_2018_2_0_bps": -0.0018545843388567684,
        "annual_volatility_2017_2018_2_0_bps": 0.006052422462279387,
        "sharpe_ratio_2017_2018_2_0_bps": -0.30368978553890663,
        "downside_risk_2017_2018_2_0_bps": 0.004004071498431963,
        "sortino_ratio_2017_2018_2_0_bps": -0.4590474671294685,
        "max_drawdown_2017_2018_2_0_bps": 0.0057465619775846554,
        "calmar_ratio_2017_2018_2_0_bps": -0.3227293721169037,
        "perc_pos_return_2017_2018_2_0_bps": 0.4689922480620155,
        "profit_loss_ratio_2017_2018_2_0_bps": 1.0751334632955767,
        "sharpe_ratio_2017_2_0_bps": -0.30199744737883866,
        "annual_return_2017_2018_2_5_bps": -0.005471266398569208,
        "annual_volatility_2017_2018_2_5_bps": 0.006055998998192863,
        "sharpe_ratio_2017_2018_2_5_bps": -0.9029008350089021,
        "downside_risk_2017_2018_2_5_bps": 0.004141840076707166,