{
    "ALL": {
        "annual_return_2021_2022": 0.19882450152837872,
        "annual_volatility_2021_2022": 0.11711207452212054,
        "sharpe_ratio_2021_2022": 1.6073664807974395,
        "downside_risk_2021_2022": 0.08424026081394463,
        "sortino_ratio_2021_2022": 2.2345849984874206,
        "max_drawdown_2021_2022": 0.08210865954397377,
        "calmar_ratio_2021_2022": 2.421480299795871,
        "perc_pos_return_2021_2022": 0.5835616438356165,
        "profit_loss_ratio_2021_2022": 0.8959528113866978,
        "sharpe_ratio_2021": 1.335576428737762,
        "annual_return_2021_2022_0_5_bps": 0.1987428568623082,
        "annual_volatility_2021_2022_0_5_bps": 0.11711171427268993,
        "sharpe_ratio_2021_2022_0_5_bps": 1.606789235708188,
        "downside_risk_2021_2022_0_5_bps": 0.08424151070882527,
        "sortino_ratio_2021_2022_0_5_bps": 2.2337424897222053,
        "max_drawdown_2021_2022_0_5_bps": 0.08211409128126304,
        "calmar_ratio_2021_2022_0_5_bps": 2.4203258388570603,
        "perc_pos_return_2021_2022_0_5_bps": 0.5835616438356165,
        "profit_loss_ratio_2021_2022_0_5_bps": 0.8958810164500756,
        "sharpe_ratio_2021_0_5_bps": 1.3350967901836308,
        "annual_return_2021_2022_1_0_bps": 0.1986612177064353,
        "annual_volatility_2021_2022_1_0_bps": 0.11711135427258908,
        "sharpe_ratio_2021_2022_1_0_bps": 1.6062119836479583,
        "downside_risk_2021_2022_1_0_bps": 0.08424276070751043,
        "sortino_ratio_2021_2022_1_0_bps": 2.2329000032059025,
        "max_drawdown_2021_2022_1_0_bps": 0.08211952298763778,
        "calmar_ratio_2021_2022_1_0_bps": 2.419171598650684,
        "perc_pos_return_2021_2022_1_0_bps": 0.5835616438356165,
        "profit_loss_ratio_2021_2022_1_0_bps": 0.8958092260448011,
        "sharpe_ratio_2021_1_0_bps": 1.3346171458372458,
        "annual_return_2021_2022_1_5_bps": 0.19857958406037723,
        "annual_volatility_2021_2022_1_5_bps": 0.11711099452182028,
        "sharpe_ratio_2021_2022_1_5_bps": 1.6056347246203397,
        "downside_risk_2021_2022_1_5_bps": 0.08424401080999548,
        "sortino_ratio_2021_2022_1_5_bps": 2.2320575389407566,
        "max_drawdown_2021_2022_1_5_bps": 0.08212495466310019,
        "calmar_ratio_2021_2022_1_5_bps": 2.418017579126916,
        "perc_pos_return_2021_2022_1_5_bps": 0.5835616438356165,
        "profit_loss_ratio_2021_2022_1_5_bps": 0.895737440170444,
        "sharpe_ratio_2021_1_5_bps": 1.3341374957015897,
        "annual_return_2021_2022_2_0_bps": 0.19849795592377362,
        "annual_volatility_2021_2022_2_0_bps": 0.1171106350203858,
        "sharpe_ratio_2021_2022_2_0_bps": 1.6050574586289235,
        "downside_risk_2021_2022_2_0_bps": 0.0842452610162758,
        "sortino_ratio_2021_2022_2_0_bps": 2.231215096929013,
        "max_drawdown_2021_2022_2_0_bps": 0.08213038630764748,
        "calmar_ratio_2021_2022_2_0_bps": 2.416863780236362,
        "perc_pos_return_2021_2022_2_0_bps": 0.5835616438356165,
        "profit_loss_ratio_2021_2022_2_0_bps": 0.8956656588265763,
        "sharpe_ratio_2021_2_0_bps": 1.3336578397796466,
        "annual_return_2021_2022_2_5_bps": 0.1984163332962523,
        "annual_volatility_2021_2022_2_5_bps": 0.11711027576828797,
        "sharpe_ratio_2021_2022_2_5_bps": 1.6044801856773019,
        "downside_risk_2021_2022_2_5_bps": 0.08424651132634677,
        "sortino_ratio_2021_2022_2_5_bps": 2.23037267717292,
        "max_drawdown_2021_2022_2_5_bps": 0.08213581792128147,
        "calmar_ratio_2021_2022_2_5_bps": 2.4157102019293637,
        "perc_pos_return_2021_2022_2_5_bps": 0.5835616438356165,
        "profit_loss_ratio_2021_2022_2_5_bps": 0.8955938820127691,
        "sharpe_ratio_2021_2_5_bps": 1.3331781780744012,
        "annual_return_2021_2022_3_0_bps": 0.19833471617744802,
        "annual_volatility_2021_2022_3_0_bps": 0.11710991676552908,
        "sharpe_ratio_2021_2022_3_0_bps": 1.6039029057690661,
        "downside_risk_2021_2022_3_0_bps": 0.08424776174020376,
        "sortino_ratio_2021_2022_3_0_bps": 2.229530279674719,
        "max_drawdown_2021_2022_3_0_bps": 0.08214124950400074,
        "calmar_ratio_2021_2022_3_0_bps": 2.414556844156455,
        "perc_pos_return_2021_2022_3_0_bps": 0.5835616438356165,
        "profit_loss_ratio_2021_2022_3_0_bps": 0.8955221097285929,
        "sharpe_ratio_2021_3_0_bps": 1.3326985105888374
    },
    "COMB": {
        "annual_return_2021_2022": 0.19882450152837872,
        "annual_volatility_2021_2022": 0.11711207452212054,
        "sharpe_ratio_2021_2022": 1.6073664807974395,
        "downside_risk_2021_2022": 0.08424026081394463,
        "sortino_ratio_2021_2022": 2.2345849984874206,
        "max_drawdown_2021_2022": 0.08210865954397377,
        "calmar_ratio_2021_2022": 2.421480299795871,
        "perc_pos_return_2021_2022": 0.5835616438356165,
        "profit_loss_ratio_2021_2022": 0.8959528113866978,
        "sharpe_ratio_2021": 1.335576428737762,
        "annual_return_2021_2022_0_5_bps": 0.1987428568623082,
        "annual_volatility_2021_2022_0_5_bps": 0.11711171427268993,
        "sharpe_ratio_2021_2022_0_5_bps": 1.606789235708188,
        "downside_risk_2021_2022_0_5_bps": 0.08424151070882527,
        "sortino_ratio_2021_2022_0_5_bps": 2.2337424897222053,
        "max_drawdown_2021_2022_0_5_bps": 0.08211409128126304,
        "calmar_ratio_2021_2022_0_5_bps": 2.4203258388570603,
        "perc_pos_return_2021_2022_0_5_bps": 0.5835616438356165,
        "profit_loss_ratio_2021_2022_0_5_bps": 0.8958810164500756,
        "sharpe_ratio_2021_0_5_bps": 1.3350967901836308,
        "annual_return_2021_2022_1_0_bps": 0.1986612177064353,
        "annual_volatility_2021_2022_1_0_bps": 0.11711135427258908,
        "sharpe_ratio_2021_2022_1_0_bps": 1.6062119836479583,
        "downside_risk_2021_2022_1_0_bps": 0.08424276070751043,
        "sortino_ratio_2021_2022_1_0_bps": 2.2329000032059025,
        "max_drawdown_2021_2022_1_0_bps": 0.08211952298763778,
        "calmar_ratio_2021_2022_1_0_bps": 2.419171598650684,
        "perc_pos_return_2021_2022_1_0_bps": 0.5835616438356165,
        "profit_loss_ratio_2021_2022_1_0_bps": 0.8958092260448011,
        "sharpe_ratio_2021_1_0_bps": 1.3346171458372458,
        "annual_return_2021_2022_1_5_bps": 0.19857958406037723,
        "annual_volatility_2021_2022_1_5_bps": 0.11711099452182028,
        "sharpe_ratio_2021_2022_1_5_bps": 1.6056347246203397,
        "downside_risk_2021_2022_1_5_bps": 0.08424401080999548,
        "sortino_ratio_2021_2022_1_5_bps": 2.2320575389407566,
        "max_drawdown_2021_2022_1_5_bps": 0.08212495466310019,
        "calmar_ratio_2021_2022_1_5_bps": 2.418017579126916,
        "perc_pos_return_2021_2022_1_5_bps": 0.5835616438356165,
        "profit_loss_ratio_2021_2022_1_5_bps": 0.895737440170444,
        "sharpe_ratio_2021_1_5_bps": 1.3341374957015897,
        "annual_return_2021_2022_2_0_bps": 0.19849795592377362,
        "annual_volatility_2021_2022_2_0_bps": 0.1171106350203858,
        "sharpe_ratio_2021_2022_2_0_bps": 1.6050574586289235,
        "downside_risk_2021_2022_2_0_bps": 0.0842452610162758,
        "sortino_ratio_2021_2022_2_0_bps": 2.231215096929013,
        "max_drawdown_2021_2022_2_0_bps": 0.08213038630764748,
        "calmar_ratio_2021_2022_2_0_bps": 2.416863780236362,
        "perc_pos_return_2021_2022_2_0_bps": 0.5835616438356165,
        "profit_loss_ratio_2021_2022_2_0_bps": 0.8956656588265763,
        "sharpe_ratio_2021_2_0_bps": 1.3336578397796466,
        "annual_return_2021_2022_2_5_bps": 0.1984163332962523,
        "annual_volatility_2021_2022_2_5_bps": 0.11711027576828797,
        "sharpe_ratio_2021_2022_2_5_bps": 1.6044801856773019,
        "downside_risk_2021_2022_2_5_bps": 0.08424651132634677,
        "sortino_ratio_2021_2022_2_5_bps": 2.23037267717292,
        "max_drawdown_2021_2022_2_5_bps": 0.08213581792128147,
        "calmar_ratio_2021_2022_2_5_bps": 2.4157102019293637,
        "perc_pos_return_2021_2022_2_5_bps": 0.5835616438356165,