{
    "ALL": {
        "annual_return": 0.018737340682549404,
        "annual_volatility": 0.009097338754371201,
        "sharpe_ratio": 2.1749494886815617,
        "downside_risk": 0.006104573448555401,
        "sortino_ratio": 3.4540251420479597,
        "max_drawdown": 0.0059745623106686,
        "calmar_ratio": 4.55875320373779,
        "perc_pos_return": 0.5704813246673707,
        "profit_loss_ratio": 1.101696027945857,
        "annual_return_0_5_bps": 0.013217316147412802,
        "annual_volatility_0_5_bps": 0.009093851394673001,
        "sharpe_ratio_0_5_bps": 1.5583353314870565,
        "downside_risk_0_5_bps": 0.006264954811458201,
        "sortino_ratio_0_5_bps": 2.422611973578951,
        "max_drawdown_0_5_bps": 0.006868035871289001,
        "calmar_ratio_0_5_bps": 2.9576201292247974,
        "perc_pos_return_0_5_bps": 0.5566083717246505,
        "profit_loss_ratio_0_5_bps": 1.0478309857773884,
        "annual_return_1_0_bps": 0.0077280899971376,
        "annual_volatility_1_0_bps": 0.009091446340807802,
        "sharpe_ratio_1_0_bps": 0.9409572035700278,
        "downside_risk_1_0_bps": 0.0064300788615106,
        "sortino_ratio_1_0_bps": 1.449048745179867,
        "max_drawdown_1_0_bps": 0.008492136638843401,
        "calmar_ratio_1_0_bps": 1.6662679530715603,
        "perc_pos_return_1_0_bps": 0.5358093718558831,
        "profit_loss_ratio_1_0_bps": 1.0257972405663334,
        "annual_return_1_5_bps": 0.0022694857081146,
        "annual_volatility_1_5_bps": 0.009090124487164,
        "sharpe_ratio_1_5_bps": 0.3230376689590712,
        "downside_risk_1_5_bps": 0.006599947664935801,
        "sortino_ratio_1_5_bps": 0.5304709431996188,
        "max_drawdown_1_5_bps": 0.010366389342301401,
        "calmar_ratio_1_5_bps": 0.6578466258208223,
        "perc_pos_return_1_5_bps": 0.5172912651982411,
        "profit_loss_ratio_1_5_bps": 0.9943965290237514,
        "annual_return_2_0_bps": -0.0031586722076046,
        "annual_volatility_2_0_bps": 0.0090898863225778,
        "sharpe_ratio_2_0_bps": -0.2951995836006697,
        "downside_risk_2_0_bps": 0.006774620928668801,
        "sortino_ratio_2_0_bps": -0.33589361512156335,
        "max_drawdown_2_0_bps": 0.0125999528939994,
        "calmar_ratio_2_0_bps": -0.0263195604326812,
        "perc_pos_return_2_0_bps": 0.49955129931874087,
        "profit_loss_ratio_2_0_bps": 0.9597770032779811,
        "annual_return_2_5_bps": -0.008556558208488,
        "annual_volatility_2_5_bps": 0.009090731929340002,
        "sharpe_ratio_2_5_bps": -0.9135301633898244,
        "downside_risk_2_5_bps": 0.0069541574565332,
        "sortino_ratio_2_5_bps": -1.1526560891972153,
        "max_drawdown_2_5_bps": 0.015236606646838003,
        "calmar_ratio_2_5_bps": -0.4549020776413638,
        "perc_pos_return_2_5_bps": 0.48026990189780827,
        "profit_loss_ratio_2_5_bps": 0.9320123179573303,
        "annual_return_3_0_bps": -0.0139243457296926,
        "annual_volatility_3_0_bps": 0.0090926609829832,
        "sharpe_ratio_3_0_bps": -1.531729403980229,
        "downside_risk_3_0_bps": 0.0071385656993919995,
        "sortino_ratio_3_0_bps": -1.9223099409474855,
        "max_drawdown_3_0_bps": 0.0183585283644082,
        "calmar_ratio_3_0_bps": -0.7126756331318511,
        "perc_pos_return_3_0_bps": 0.46483465832303006,
        "profit_loss_ratio_3_0_bps": 0.8908687965715508,
        "annual_return_rescaled": 0.34901811910552827,
        "annual_volatility_rescaled": 0.15000000000000888,
        "downside_risk_rescaled": 0.10065427286011722,
        "max_drawdown_rescaled": 0.09563674471092716,
        "annual_return_rescaled_0_5_bps": 0.2344816790079726,
        "annual_volatility_rescaled_0_5_bps": 0.15000000000000988,
        "downside_risk_rescaled_0_5_bps": 0.10333830859269015,
        "max_drawdown_rescaled_0_5_bps": 0.10870366524055726,
        "annual_return_rescaled_1_0_bps": 0.12983585514893142,
        "annual_volatility_rescaled_1_0_bps": 0.15000000000000685,
        "downside_risk_rescaled_1_0_bps": 0.10609003156047199,
        "max_drawdown_rescaled_1_0_bps": 0.13226733915307615,
        "annual_return_rescaled_1_5_bps": 0.03424487224350683,
        "annual_volatility_rescaled_1_5_bps": 0.15000000000000682,
        "downside_risk_rescaled_1_5_bps": 0.10890853597642021,
        "max_drawdown_rescaled_1_5_bps": 0.1580709698549578,
        "annual_return_rescaled_2_0_bps": -0.053060885272936086,
        "annual_volatility_rescaled_2_0_bps": 0.15000000000000582,
        "downside_risk_rescaled_2_0_bps": 0.11179382263299771,
        "max_drawdown_rescaled_2_0_bps": 0.18772971300102914,
        "annual_return_rescaled_2_5_bps": -0.1327894330468975,
        "annual_volatility_rescaled_2_5_bps": 0.150000000000007,
        "downside_risk_rescaled_2_5_bps": 0.11474583417352642,
        "max_drawdown_rescaled_2_5_bps": 0.22202997287073475,
        "annual_return_rescaled_3_0_bps": -0.2055915217181437,
        "annual_volatility_rescaled_3_0_bps": 0.1500000000000074,
        "downside_risk_rescaled_3_0_bps": 0.11776364002934088,
        "max_drawdown_rescaled_3_0_bps": 0.26170533478297947,
        "sharpe_ratio_years": 2.1617422764809517,
        "sharpe_ratio_years_0_5_bps": 1.5516112777542077,
        "sharpe_ratio_years_1_0_bps": 0.9408803252196529,
        "sharpe_ratio_years_1_5_bps": 0.32974834618230203,
        "sharpe_ratio_years_2_0_bps": -0.28158487472126803,
        "sharpe_ratio_years_2_5_bps": -0.892919045951021,
        "sharpe_ratio_years_3_0_bps": -1.5040537220406573,
        "sharpe_ratio_years_std": 0.8388965546938223,
        "sharpe_ratio_years_std_0_5_bps": 0.8371082477078889,
        "sharpe_ratio_years_std_1_0_bps": 0.8451454468866914,
        "sharpe_ratio_years_std_1_5_bps": 0.862828469653059,
        "sharpe_ratio_years_std_2_0_bps": 0.8896582891545655,
        "sharpe_ratio_years_std_2_5_bps": 0.9248963700327417,
        "sharpe_ratio_years_std_3_0_bps": 0.9676635246206946
    },
    "COMB": {
        "annual_return": 0.018737340682549404,
        "annual_volatility": 0.009097338754371201,
        "sharpe_ratio": 2.1749494886815617,
        "downside_risk": 0.006104573448555401,
        "sortino_ratio": 3.4540251420479597,
        "max_drawdown": 0.0059745623106686,
        "calmar_ratio": 4.55875320373779,
        "perc_pos_return": 0.5704813246673707,
        "profit_loss_ratio": 1.101696027945857,
        "annual_return_0_5_bps": 0.013217316147412802,
        "annual_volatility_0_5_bps": 0.009093851394673001,
        "sharpe_ratio_0_5_bps": 1.5583353314870565,
        "downside_risk_0_5_bps": 0.006264954811458201,
        "sortino_ratio_0_5_bps": 2.422611973578951,
        "max_drawdown_0_5_bps": 0.006868035871289001,
        "calmar_ratio_0_5_bps": 2.9576201292247974,
        "perc_pos_return_0_5_bps": 0.5566083717246505,
        "profit_loss_ratio_0_5_bps": 1.0478309857773884,
        "annual_return_1_0_bps": 0.0077280899971376,
        "annual_volatility_1_0_bps": 0.009091446340807802,
        "sharpe_ratio_1_0_bps": 0.9409572035700278,
        "downside_risk_1_0_bps": 0.0064300788615106,
        "sortino_ratio_1_0_bps": 1.449048745179867,
        "max_drawdown_1_0_bps": 0.008492136638843401,
        "calmar_ratio_1_0_bps": 1.6662679530715603,
        "perc_pos_return_1_0_bps": 0.5358093718558831,
        "profit_loss_ratio_1_0_bps": 1.0257972405663334,
        "annual_return_1_5_bps": 0.0022694857081146,
        "annual_volatility_1_5_bps": 0.009090124487164,
        "sharpe_ratio_1_5_bps": 0.3230376689590712,
        "downside_risk_1_5_bps": 0.006599947664935801,
        "sortino_ratio_1_5_bps": 0.5304709431996188,
        "max_drawdown_1_5_bps": 0.010366389342301401,
        "calmar_ratio_1_5_bps": 0.6578466258208223,
        "perc_pos_return_1_5_bps": 0.5172912651982411,
        "profit_loss_ratio_1_5_bps": 0.9943965290237514,
        "annual_return_2_0_bps": -0.0031586722076046,
        "annual_volatility_2_0_bps": 0.0090898863225778,