{
    "ALL": {
        "performance_sw": 2.2440691735197804,
        "performance_fw": 2.187977159829944,
        "val_loss": 2.508382521843886,
        "annual_return_2016_2017": 0.015253892691307502,
        "annual_volatility_2016_2017": 0.006756435374332682,
        "sharpe_ratio_2016_2017": 2.2440691735197804,
        "downside_risk_2016_2017": 0.004004316192357895,
        "sortino_ratio_2016_2017": 3.7863913882111877,
        "max_drawdown_2016_2017": 0.0026980728578621586,
        "calmar_ratio_2016_2017": 5.653625196539005,
        "perc_pos_return_2016_2017": 0.5482625482625483,
        "profit_loss_ratio_2016_2017": 1.2058678550200637,
        "sharpe_ratio_2016": 2.289832220234192,
        "annual_return_2016_2017_0_5_bps": 0.011330269853337738,
        "annual_volatility_2016_2017_0_5_bps": 0.006749205931900832,
        "sharpe_ratio_2016_2017_0_5_bps": 1.6727150871734655,
        "downside_risk_2016_2017_0_5_bps": 0.0041318923664263605,
        "sortino_ratio_2016_2017_0_5_bps": 2.732282834970206,
        "max_drawdown_2016_2017_0_5_bps": 0.0030767662453030447,
        "calmar_ratio_2016_2017_0_5_bps": 3.682525401672745,
        "perc_pos_return_2016_2017_0_5_bps": 0.525096525096525,
        "profit_loss_ratio_2016_2017_0_5_bps": 1.2004624781822917,
        "sharpe_ratio_2016_0_5_bps": 1.7217861015192253,
        "annual_return_2016_2017_1_0_bps": 0.007421745380147282,
        "annual_volatility_2016_2017_1_0_bps": 0.006742738928293493,
        "sharpe_ratio_2016_2017_1_0_bps": 1.100011272855402,
        "downside_risk_2016_2017_1_0_bps": 0.004262713100338243,
        "sortino_ratio_2016_2017_1_0_bps": 1.7399925015960498,
        "max_drawdown_2016_2017_1_0_bps": 0.0035990439711325872,
        "calmar_ratio_2016_2017_1_0_bps": 2.0621435691467043,
        "perc_pos_return_2016_2017_1_0_bps": 0.5135135135135135,
        "profit_loss_ratio_2016_2017_1_0_bps": 1.1406300382977517,
        "sharpe_ratio_2016_1_0_bps": 1.1521588027997558,
        "annual_return_2016_2017_1_5_bps": 0.0035282614227540865,
        "annual_volatility_2016_2017_1_5_bps": 0.006737036559147602,
        "sharpe_ratio_2016_2017_1_5_bps": 0.5261481130814737,
        "downside_risk_2016_2017_1_5_bps": 0.00439670944867515,
        "sortino_ratio_2016_2017_1_5_bps": 0.8062118078838537,
        "max_drawdown_2016_2017_1_5_bps": 0.004159644327499741,
        "calmar_ratio_2016_2017_1_5_bps": 0.8482122857063686,
        "perc_pos_return_2016_2017_1_5_bps": 0.5019305019305019,
        "profit_loss_ratio_2016_2017_1_5_bps": 1.0842382284160024,
        "sharpe_ratio_2016_1_5_bps": 0.5811268580177777,
        "annual_return_2016_2017_2_0_bps": -0.0003502396471287694,
        "annual_volatility_2016_2017_2_0_bps": 0.006732100767494941,
        "sharpe_ratio_2016_2017_2_0_bps": -0.048681785322252986,
        "downside_risk_2016_2017_2_0_bps": 0.004533723080944732,
        "sortino_ratio_2016_2017_2_0_bps": -0.07228731849733334,
        "max_drawdown_2016_2017_2_0_bps": 0.0047199388856581865,
        "calmar_ratio_2016_2017_2_0_bps": -0.07420427586318826,
        "perc_pos_return_2016_2017_2_0_bps": 0.49034749034749037,
        "profit_loss_ratio_2016_2017_2_0_bps": 1.0308988805670984,
        "sharpe_ratio_2016_2_0_bps": 0.008869360754814747,
        "annual_return_2016_2017_2_5_bps": -0.004213815237949503,
        "annual_volatility_2016_2017_2_5_bps": 0.006727933240480938,
        "sharpe_ratio_2016_2017_2_5_bps": -0.6242839059024463,
        "downside_risk_2016_2017_2_5_bps": 0.004673735692146606,
        "sortino_ratio_2016_2017_2_5_bps": -0.8986687991526654,
        "max_drawdown_2016_2017_2_5_bps": 0.005804383772278139,
        "calmar_ratio_2016_2017_2_5_bps": -0.7259711630500338,
        "perc_pos_return_2016_2017_2_5_bps": 0.4671814671814672,
        "profit_loss_ratio_2016_2017_2_5_bps": 1.0270910076052557,
        "sharpe_ratio_2016_2_5_bps": -0.5644323038405861,
        "annual_return_2016_2017_3_0_bps": -0.008062522539131534,
        "annual_volatility_2016_2017_3_0_bps": 0.006724535406500471,
        "sharpe_ratio_2016_2017_3_0_bps": -1.200462145221535,
        "downside_risk_2016_2017_3_0_bps": 0.004816782677820619,
        "sortino_ratio_2016_2017_3_0_bps": -1.6759216140011097,
        "max_drawdown_2016_2017_3_0_bps": 0.009602720957869798,
        "calmar_ratio_2016_2017_3_0_bps": -0.8396081250829212,
        "perc_pos_return_2016_2017_3_0_bps": 0.4517374517374517,
        "profit_loss_ratio_2016_2017_3_0_bps": 0.9927583692836683,
        "sharpe_ratio_2016_3_0_bps": -1.138594736083325
    },
    "COMB": {
        "annual_return_2016_2017": 0.015253892691307502,
        "annual_volatility_2016_2017": 0.006756435374332682,
        "sharpe_ratio_2016_2017": 2.2440691735197804,
        "downside_risk_2016_2017": 0.004004316192357895,
        "sortino_ratio_2016_2017": 3.7863913882111877,
        "max_drawdown_2016_2017": 0.0026980728578621586,
        "calmar_ratio_2016_2017": 5.653625196539005,
        "perc_pos_return_2016_2017": 0.5482625482625483,
        "profit_loss_ratio_2016_2017": 1.2058678550200637,
        "sharpe_ratio_2016": 2.289832220234192,
        "annual_return_2016_2017_0_5_bps": 0.011330269853337738,
        "annual_volatility_2016_2017_0_5_bps": 0.006749205931900832,
        "sharpe_ratio_2016_2017_0_5_bps": 1.6727150871734655,
        "downside_risk_2016_2017_0_5_bps": 0.0041318923664263605,
        "sortino_ratio_2016_2017_0_5_bps": 2.732282834970206,
        "max_drawdown_2016_2017_0_5_bps": 0.0030767662453030447,
        "calmar_ratio_2016_2017_0_5_bps": 3.682525401672745,
        "perc_pos_return_2016_2017_0_5_bps": 0.525096525096525,
        "profit_loss_ratio_2016_2017_0_5_bps": 1.2004624781822917,
        "sharpe_ratio_2016_0_5_bps": 1.7217861015192253,
        "annual_return_2016_2017_1_0_bps": 0.007421745380147282,
        "annual_volatility_2016_2017_1_0_bps": 0.006742738928293493,
        "sharpe_ratio_2016_2017_1_0_bps": 1.100011272855402,
        "downside_risk_2016_2017_1_0_bps": 0.004262713100338243,
        "sortino_ratio_2016_2017_1_0_bps": 1.7399925015960498,
        "max_drawdown_2016_2017_1_0_bps": 0.0035990439711325872,
        "calmar_ratio_2016_2017_1_0_bps": 2.0621435691467043,
        "perc_pos_return_2016_2017_1_0_bps": 0.5135135135135135,
        "profit_loss_ratio_2016_2017_1_0_bps": 1.1406300382977517,
        "sharpe_ratio_2016_1_0_bps": 1.1521588027997558,
        "annual_return_2016_2017_1_5_bps": 0.0035282614227540865,
        "annual_volatility_2016_2017_1_5_bps": 0.006737036559147602,
        "sharpe_ratio_2016_2017_1_5_bps": 0.5261481130814737,
        "downside_risk_2016_2017_1_5_bps": 0.00439670944867515,
        "sortino_ratio_2016_2017_1_5_bps": 0.8062118078838537,
        "max_drawdown_2016_2017_1_5_bps": 0.004159644327499741,
        "calmar_ratio_2016_2017_1_5_bps": 0.8482122857063686,
        "perc_pos_return_2016_2017_1_5_bps": 0.5019305019305019,
        "profit_loss_ratio_2016_2017_1_5_bps": 1.0842382284160024,
        "sharpe_ratio_2016_1_5_bps": 0.5811268580177777,
        "annual_return_2016_2017_2_0_bps": -0.0003502396471287694,
        "annual_volatility_2016_2017_2_0_bps": 0.006732100767494941,
        "sharpe_ratio_2016_2017_2_0_bps": -0.048681785322252986,
        "downside_risk_2016_2017_2_0_bps": 0.004533723080944732,
        "sortino_ratio_2016_2017_2_0_bps": -0.07228731849733334,
        "max_drawdown_2016_2017_2_0_bps": 0.0047199388856581865,
        "calmar_ratio_2016_2017_2_0_bps": -0.07420427586318826,
        "perc_pos_return_2016_2017_2_0_bps": 0.49034749034749037,
        "profit_loss_ratio_2016_2017_2_0_bps": 1.0308988805670984,
        "sharpe_ratio_2016_2_0_bps": 0.008869360754814747,
        "annual_return_2016_2017_2_5_bps": -0.004213815237949503,
        "annual_volatility_2016_2017_2_5_bps": 0.006727933240480938,
        "sharpe_ratio_2016_2017_2_5_bps": -0.6242839059024463,
        "downside_risk_2016_2017_2_5_bps": 0.004673735692146606,