{
    "ALL": {
        "performance_sw": 3.3259017965348434,
        "performance_fw": 3.2901825094073174,
        "val_loss": 3.0813048219320742,
        "annual_return_2017_2018": 0.03228759659801761,
        "annual_volatility_2017_2018": 0.009568803338152099,
        "sharpe_ratio_2017_2018": 3.3259017965348425,
        "downside_risk_2017_2018": 0.005311632365263238,
        "sortino_ratio_2017_2018": 5.991547988369007,
        "max_drawdown_2017_2018": 0.0032334065958034234,
        "calmar_ratio_2017_2018": 9.985628358624327,
        "perc_pos_return_2017_2018": 0.5503875968992248,
        "profit_loss_ratio_2017_2018": 1.4370550535159996,
        "sharpe_ratio_2017": 3.361339440691145,
        "annual_return_2017_2018_0_5_bps": 0.026762248216009477,
        "annual_volatility_2017_2018_0_5_bps": 0.009572329352311611,
        "sharpe_ratio_2017_2018_0_5_bps": 2.7639469910319794,
        "downside_risk_2017_2018_0_5_bps": 0.00548724278672301,
        "sortino_ratio_2017_2018_0_5_bps": 4.821622067553745,
        "max_drawdown_2017_2018_0_5_bps": 0.003517752521194853,
        "calmar_ratio_2017_2018_0_5_bps": 7.607768896408696,
        "perc_pos_return_2017_2018_0_5_bps": 0.5426356589147286,
        "profit_loss_ratio_2017_2018_0_5_bps": 1.345853304224835,
        "sharpe_ratio_2017_0_5_bps": 2.7944932264576337,
        "annual_return_2017_2018_1_0_bps": 0.02126635080133865,
        "annual_volatility_2017_2018_1_0_bps": 0.00957656035498459,
        "sharpe_ratio_2017_2018_1_0_bps": 2.2022438982438612,
        "downside_risk_2017_2018_1_0_bps": 0.005666982292760078,
        "sortino_ratio_2017_2018_1_0_bps": 3.721543586764434,
        "max_drawdown_2017_2018_1_0_bps": 0.004043541496111882,
        "calmar_ratio_2017_2018_1_0_bps": 5.259337840798117,
        "perc_pos_return_2017_2018_1_0_bps": 0.5271317829457365,
        "profit_loss_ratio_2017_2018_1_0_bps": 1.3015045186195269,
        "sharpe_ratio_2017_1_0_bps": 2.2278434210348177,
        "annual_return_2017_2018_1_5_bps": 0.015799748034415195,
        "annual_volatility_2017_2018_1_5_bps": 0.00958149541224329,
        "sharpe_ratio_2017_2018_1_5_bps": 1.6409163318367574,
        "downside_risk_2017_2018_1_5_bps": 0.0058507499217255255,
        "sortino_ratio_2017_2018_1_5_bps": 2.6872507825000427,
        "max_drawdown_2017_2018_1_5_bps": 0.005139790405243383,
        "calmar_ratio_2017_2018_1_5_bps": 3.0740062898862575,
        "perc_pos_return_2017_2018_1_5_bps": 0.5155038759689923,
        "profit_loss_ratio_2017_2018_1_5_bps": 1.2393734593343895,
        "sharpe_ratio_2017_1_5_bps": 1.661498612990468,
        "annual_return_2017_2018_2_0_bps": 0.010362284421873147,
        "annual_volatility_2017_2018_2_0_bps": 0.009587133436833782,
        "sharpe_ratio_2017_2018_2_0_bps": 1.0800875017578642,
        "downside_risk_2017_2018_2_0_bps": 0.006038553294321728,
        "sortino_ratio_2017_2018_2_0_bps": 1.7148052684317974,
        "max_drawdown_2017_2018_2_0_bps": 0.0062406738786075205,
        "calmar_ratio_2017_2018_2_0_bps": 1.660443186655554,
        "perc_pos_return_2017_2018_2_0_bps": 0.49612403100775193,
        "profit_loss_ratio_2017_2018_2_0_bps": 1.2180175449636472,
        "sharpe_ratio_2017_2_0_bps": 1.095566958441795,
        "annual_return_2017_2018_2_5_bps": 0.004953805292214453,
        "annual_volatility_2017_2018_2_5_bps": 0.009593473189367544,
        "sharpe_ratio_2017_2018_2_5_bps": 0.5198798810191907,
        "downside_risk_2017_2018_2_5_bps": 0.006230413725009624,
        "sortino_ratio_2017_2018_2_5_bps": 0.8005012059197545,
        "max_drawdown_2017_2018_2_5_bps": 0.007340368191197524,
        "calmar_ratio_2017_2018_2_5_bps": 0.6748715000638514,
        "perc_pos_return_2017_2018_2_5_bps": 0.4806201550387597,
        "profit_loss_ratio_2017_2018_2_5_bps": 1.1791699164913687,
        "sharpe_ratio_2017_2_5_bps": 0.5301560789899584,
        "annual_return_2017_2018_3_0_bps": -0.00042584320851635216,
        "annual_volatility_2017_2018_3_0_bps": 0.009600513279674787,
        "sharpe_ratio_2017_2018_3_0_bps": -0.03958492543469316,
        "downside_risk_2017_2018_3_0_bps": 0.006426279815421146,
        "sortino_ratio_2017_2018_3_0_bps": -0.05913773026171942,
        "max_drawdown_2017_2018_3_0_bps": 0.008447062173669077,
        "calmar_ratio_2017_2018_3_0_bps": -0.05041317321468019,
        "perc_pos_return_2017_2018_3_0_bps": 0.4728682170542636,
        "profit_loss_ratio_2017_2018_3_0_bps": 1.1073862892300919,
        "sharpe_ratio_2017_3_0_bps": -0.034627039026740525
    },
    "COMB": {
        "annual_return_2017_2018": 0.03228759659801761,
        "annual_volatility_2017_2018": 0.009568803338152099,
        "sharpe_ratio_2017_2018": 3.3259017965348425,
        "downside_risk_2017_2018": 0.005311632365263238,
        "sortino_ratio_2017_2018": 5.991547988369007,
        "max_drawdown_2017_2018": 0.0032334065958034234,
        "calmar_ratio_2017_2018": 9.985628358624327,
        "perc_pos_return_2017_2018": 0.5503875968992248,
        "profit_loss_ratio_2017_2018": 1.4370550535159996,
        "sharpe_ratio_2017": 3.361339440691145,
        "annual_return_2017_2018_0_5_bps": 0.026762248216009477,
        "annual_volatility_2017_2018_0_5_bps": 0.009572329352311611,
        "sharpe_ratio_2017_2018_0_5_bps": 2.7639469910319794,
        "downside_risk_2017_2018_0_5_bps": 0.00548724278672301,
        "sortino_ratio_2017_2018_0_5_bps": 4.821622067553745,
        "max_drawdown_2017_2018_0_5_bps": 0.003517752521194853,
        "calmar_ratio_2017_2018_0_5_bps": 7.607768896408696,
        "perc_pos_return_2017_2018_0_5_bps": 0.5426356589147286,
        "profit_loss_ratio_2017_2018_0_5_bps": 1.345853304224835,
        "sharpe_ratio_2017_0_5_bps": 2.7944932264576337,
        "annual_return_2017_2018_1_0_bps": 0.02126635080133865,
        "annual_volatility_2017_2018_1_0_bps": 0.00957656035498459,
        "sharpe_ratio_2017_2018_1_0_bps": 2.2022438982438612,
        "downside_risk_2017_2018_1_0_bps": 0.005666982292760078,
        "sortino_ratio_2017_2018_1_0_bps": 3.721543586764434,
        "max_drawdown_2017_2018_1_0_bps": 0.004043541496111882,
        "calmar_ratio_2017_2018_1_0_bps": 5.259337840798117,
        "perc_pos_return_2017_2018_1_0_bps": 0.5271317829457365,
        "profit_loss_ratio_2017_2018_1_0_bps": 1.3015045186195269,
        "sharpe_ratio_2017_1_0_bps": 2.2278434210348177,
        "annual_return_2017_2018_1_5_bps": 0.015799748034415195,
        "annual_volatility_2017_2018_1_5_bps": 0.00958149541224329,
        "sharpe_ratio_2017_2018_1_5_bps": 1.6409163318367574,
        "downside_risk_2017_2018_1_5_bps": 0.0058507499217255255,
        "sortino_ratio_2017_2018_1_5_bps": 2.6872507825000427,
        "max_drawdown_2017_2018_1_5_bps": 0.005139790405243383,
        "calmar_ratio_2017_2018_1_5_bps": 3.0740062898862575,
        "perc_pos_return_2017_2018_1_5_bps": 0.5155038759689923,
        "profit_loss_ratio_2017_2018_1_5_bps": 1.2393734593343895,
        "sharpe_ratio_2017_1_5_bps": 1.661498612990468,
        "annual_return_2017_2018_2_0_bps": 0.010362284421873147,
        "annual_volatility_2017_2018_2_0_bps": 0.009587133436833782,
        "sharpe_ratio_2017_2018_2_0_bps": 1.0800875017578642,
        "downside_risk_2017_2018_2_0_bps": 0.006038553294321728,
        "sortino_ratio_2017_2018_2_0_bps": 1.7148052684317974,
        "max_drawdown_2017_2018_2_0_bps": 0.0062406738786075205,
        "calmar_ratio_2017_2018_2_0_bps": 1.660443186655554,
        "perc_pos_return_2017_2018_2_0_bps": 0.49612403100775193,
        "profit_loss_ratio_2017_2018_2_0_bps": 1.2180175449636472,
        "sharpe_ratio_2017_2_0_bps": 1.095566958441795,
        "annual_return_2017_2018_2_5_bps": 0.004953805292214453,
        "annual_volatility_2017_2018_2_5_bps": 0.009593473189367544,
        "sharpe_ratio_2017_2018_2_5_bps": 0.5198798810191907,
        "downside_risk_2017_2018_2_5_bps": 0.006230413725009624,
        "sortino_ratio_2017_2018_2_5_bps": 0.8005012059197545,