{
    "ALL": {
        "performance_sw": 2.120089833142882,
        "performance_fw": 1.846255276487217,
        "val_loss": 3.2762088811365793,
        "annual_return_2016_2017": 0.019131202706797357,
        "annual_volatility_2016_2017": 0.008957721203743366,
        "sharpe_ratio_2016_2017": 2.120089833142882,
        "downside_risk_2016_2017": 0.005559604163320248,
        "sortino_ratio_2016_2017": 3.4159219063615893,
        "max_drawdown_2016_2017": 0.0032776434510693006,
        "calmar_ratio_2016_2017": 5.836877315180814,
        "perc_pos_return_2016_2017": 0.5752895752895753,
        "profit_loss_ratio_2016_2017": 1.0622421123258108,
        "sharpe_ratio_2016": 2.230761191122071,
        "annual_return_2016_2017_0_5_bps": 0.015091523635277548,
        "annual_volatility_2016_2017_0_5_bps": 0.008951443208591592,
        "sharpe_ratio_2016_2017_0_5_bps": 1.6778443212129164,
        "downside_risk_2016_2017_0_5_bps": 0.005681328798553567,
        "sortino_ratio_2016_2017_0_5_bps": 2.6435942517565802,
        "max_drawdown_2016_2017_0_5_bps": 0.003468061343923465,
        "calmar_ratio_2016_2017_0_5_bps": 4.351573440798571,
        "perc_pos_return_2016_2017_0_5_bps": 0.5675675675675675,
        "profit_loss_ratio_2016_2017_0_5_bps": 1.016277120042173,
        "sharpe_ratio_2016_0_5_bps": 1.78717036508521,
        "annual_return_2016_2017_1_0_bps": 0.011067790117868403,
        "annual_volatility_2016_2017_1_0_bps": 0.008945585139118944,
        "sharpe_ratio_2016_2017_1_0_bps": 1.2349200733551977,
        "downside_risk_2016_2017_1_0_bps": 0.005805389420802094,
        "sortino_ratio_2016_2017_1_0_bps": 1.902901227714648,
        "max_drawdown_2016_2017_1_0_bps": 0.004390742905355407,
        "calmar_ratio_2016_2017_1_0_bps": 2.5207101295703227,
        "perc_pos_return_2016_2017_1_0_bps": 0.5444015444015444,
        "profit_loss_ratio_2016_2017_1_0_bps": 1.034680757837422,
        "sharpe_ratio_2016_1_0_bps": 1.3429258375701874,
        "annual_return_2016_2017_1_5_bps": 0.0070599394785648695,
        "annual_volatility_2016_2017_1_5_bps": 0.008940147820799669,
        "sharpe_ratio_2016_2017_1_5_bps": 0.7913780957576713,
        "downside_risk_2016_2017_1_5_bps": 0.005931861544438458,
        "sortino_ratio_2016_2017_1_5_bps": 1.1927178517593495,
        "max_drawdown_2016_2017_1_5_bps": 0.0058459403789965165,
        "calmar_ratio_2016_2017_1_5_bps": 1.2076653234319747,
        "perc_pos_return_2016_2017_1_5_bps": 0.525096525096525,
        "profit_loss_ratio_2016_2017_1_5_bps": 1.0360990728033226,
        "sharpe_ratio_2016_1_5_bps": 0.89808649562387,
        "annual_return_2016_2017_2_0_bps": 0.0030679092866636726,
        "annual_volatility_2016_2017_2_0_bps": 0.008935132021756066,
        "sharpe_ratio_2016_2017_2_0_bps": 0.3472798893929819,
        "downside_risk_2016_2017_2_0_bps": 0.006060822523410435,
        "sortino_ratio_2016_2017_2_0_bps": 0.5119753380405995,
        "max_drawdown_2016_2017_2_0_bps": 0.007299035738328418,
        "calmar_ratio_2016_2017_2_0_bps": 0.42031706606854713,
        "perc_pos_return_2016_2017_2_0_bps": 0.5096525096525096,
        "profit_loss_ratio_2016_2017_2_0_bps": 1.0212172523088712,
        "sharpe_ratio_2016_2_0_bps": 0.45271168252551336,
        "annual_return_2016_2017_2_5_bps": -0.0009083626441717119,
        "annual_volatility_2016_2017_2_5_bps": 0.008930538452221703,
        "sharpe_ratio_2016_2017_2_5_bps": -0.09731259121851255,
        "downside_risk_2016_2017_2_5_bps": 0.006192259021256903,
        "sortino_ratio_2016_2017_2_5_bps": -0.14034520112594676,
        "max_drawdown_2016_2017_2_5_bps": 0.00875003198415436,
        "calmar_ratio_2016_2017_2_5_bps": -0.10381249415049994,
        "perc_pos_return_2016_2017_2_5_bps": 0.4942084942084942,
        "profit_loss_ratio_2016_2017_2_5_bps": 1.0064907917271428,
        "sharpe_ratio_2016_2_5_bps": 0.00686115942593878,
        "annual_return_2016_2017_3_0_bps": -0.004868938256868072,
        "annual_volatility_2016_2017_3_0_bps": 0.008926367764043128,
        "sharpe_ratio_2016_2017_3_0_bps": -0.5423369800258959,
        "downside_risk_2016_2017_3_0_bps": 0.006326147787727841,
        "sortino_ratio_2016_2017_3_0_bps": -0.7652523302005302,
        "max_drawdown_2016_2017_3_0_bps": 0.010514405648136233,
        "calmar_ratio_2016_2017_3_0_bps": -0.4630730846618165,
        "perc_pos_return_2016_2017_3_0_bps": 0.47876447876447875,
        "profit_loss_ratio_2016_2017_3_0_bps": 0.9920492491009074,
        "sharpe_ratio_2016_3_0_bps": -0.43940493370371914
    },
    "COMB": {
        "annual_return_2016_2017": 0.019131202706797357,
        "annual_volatility_2016_2017": 0.008957721203743366,
        "sharpe_ratio_2016_2017": 2.120089833142882,
        "downside_risk_2016_2017": 0.005559604163320248,
        "sortino_ratio_2016_2017": 3.4159219063615893,
        "max_drawdown_2016_2017": 0.0032776434510693006,
        "calmar_ratio_2016_2017": 5.836877315180814,
        "perc_pos_return_2016_2017": 0.5752895752895753,
        "profit_loss_ratio_2016_2017": 1.0622421123258108,
        "sharpe_ratio_2016": 2.230761191122071,
        "annual_return_2016_2017_0_5_bps": 0.015091523635277548,
        "annual_volatility_2016_2017_0_5_bps": 0.008951443208591592,
        "sharpe_ratio_2016_2017_0_5_bps": 1.6778443212129164,
        "downside_risk_2016_2017_0_5_bps": 0.005681328798553567,
        "sortino_ratio_2016_2017_0_5_bps": 2.6435942517565802,
        "max_drawdown_2016_2017_0_5_bps": 0.003468061343923465,
        "calmar_ratio_2016_2017_0_5_bps": 4.351573440798571,
        "perc_pos_return_2016_2017_0_5_bps": 0.5675675675675675,
        "profit_loss_ratio_2016_2017_0_5_bps": 1.016277120042173,
        "sharpe_ratio_2016_0_5_bps": 1.78717036508521,
        "annual_return_2016_2017_1_0_bps": 0.011067790117868403,
        "annual_volatility_2016_2017_1_0_bps": 0.008945585139118944,
        "sharpe_ratio_2016_2017_1_0_bps": 1.2349200733551977,
        "downside_risk_2016_2017_1_0_bps": 0.005805389420802094,
        "sortino_ratio_2016_2017_1_0_bps": 1.902901227714648,
        "max_drawdown_2016_2017_1_0_bps": 0.004390742905355407,
        "calmar_ratio_2016_2017_1_0_bps": 2.5207101295703227,
        "perc_pos_return_2016_2017_1_0_bps": 0.5444015444015444,
        "profit_loss_ratio_2016_2017_1_0_bps": 1.034680757837422,
        "sharpe_ratio_2016_1_0_bps": 1.3429258375701874,
        "annual_return_2016_2017_1_5_bps": 0.0070599394785648695,
        "annual_volatility_2016_2017_1_5_bps": 0.008940147820799669,
        "sharpe_ratio_2016_2017_1_5_bps": 0.7913780957576713,
        "downside_risk_2016_2017_1_5_bps": 0.005931861544438458,
        "sortino_ratio_2016_2017_1_5_bps": 1.1927178517593495,
        "max_drawdown_2016_2017_1_5_bps": 0.0058459403789965165,
        "calmar_ratio_2016_2017_1_5_bps": 1.2076653234319747,
        "perc_pos_return_2016_2017_1_5_bps": 0.525096525096525,
        "profit_loss_ratio_2016_2017_1_5_bps": 1.0360990728033226,
        "sharpe_ratio_2016_1_5_bps": 0.89808649562387,
        "annual_return_2016_2017_2_0_bps": 0.0030679092866636726,
        "annual_volatility_2016_2017_2_0_bps": 0.008935132021756066,
        "sharpe_ratio_2016_2017_2_0_bps": 0.3472798893929819,
        "downside_risk_2016_2017_2_0_bps": 0.006060822523410435,
        "sortino_ratio_2016_2017_2_0_bps": 0.5119753380405995,
        "max_drawdown_2016_2017_2_0_bps": 0.007299035738328418,
        "calmar_ratio_2016_2017_2_0_bps": 0.42031706606854713,
        "perc_pos_return_2016_2017_2_0_bps": 0.5096525096525096,
        "profit_loss_ratio_2016_2017_2_0_bps": 1.0212172523088712,
        "sharpe_ratio_2016_2_0_bps": 0.45271168252551336,
        "annual_return_2016_2017_2_5_bps": -0.0009083626441717119,
        "annual_volatility_2016_2017_2_5_bps": 0.008930538452221703,
        "sharpe_ratio_2016_2017_2_5_bps": -0.09731259121851255,
        "downside_risk_2016_2017_2_5_bps": 0.006192259021256903,