{
    "ALL": {
        "performance_sw": 1.3586254628331689,
        "performance_fw": 1.545995075518387,
        "val_loss": 2.2614051154846355,
        "annual_return_2018_2019": 0.01824781965191713,
        "annual_volatility_2018_2019": 0.013376080466655428,
        "sharpe_ratio_2018_2019": 1.3586254628331684,
        "downside_risk_2018_2019": 0.008819974224206715,
        "sortino_ratio_2018_2019": 2.0604463293131623,
        "max_drawdown_2018_2019": 0.006042096730752897,
        "calmar_ratio_2018_2019": 3.0201137891487044,
        "perc_pos_return_2018_2019": 0.5038461538461538,
        "profit_loss_ratio_2018_2019": 1.2333395960929,
        "sharpe_ratio_2018": 1.3428138594664671,
        "annual_return_2018_2019_0_5_bps": 0.013514224640296613,
        "annual_volatility_2018_2019_0_5_bps": 0.013375051561613484,
        "sharpe_ratio_2018_2019_0_5_bps": 1.010327023667333,
        "downside_risk_2018_2019_0_5_bps": 0.0089744195013254,
        "sortino_ratio_2018_2019_0_5_bps": 1.505743745725988,
        "max_drawdown_2018_2019_0_5_bps": 0.006819934936073766,
        "calmar_ratio_2018_2019_0_5_bps": 1.9815767697157456,
        "perc_pos_return_2018_2019_0_5_bps": 0.5,
        "profit_loss_ratio_2018_2019_0_5_bps": 1.1818393535999108,
        "sharpe_ratio_2018_0_5_bps": 1.0075818103063374,
        "annual_return_2018_2019_1_0_bps": 0.008802542569960492,
        "annual_volatility_2018_2019_1_0_bps": 0.013374432734810444,
        "sharpe_ratio_2018_2019_1_0_bps": 0.6619546960924749,
        "downside_risk_2018_2019_1_0_bps": 0.009131347397021138,
        "sortino_ratio_2018_2019_1_0_bps": 0.9695467899150176,
        "max_drawdown_2018_2019_1_0_bps": 0.007602216928879219,
        "calmar_ratio_2018_2019_1_0_bps": 1.1578915272098445,
        "perc_pos_return_2018_2019_1_0_bps": 0.5,
        "profit_loss_ratio_2018_2019_1_0_bps": 1.1154881906234853,
        "sharpe_ratio_2018_1_0_bps": 0.6724247591195861,
        "annual_return_2018_2019_1_5_bps": 0.004112672428392639,
        "annual_volatility_2018_2019_1_5_bps": 0.0133742240431694,
        "sharpe_ratio_2018_2019_1_5_bps": 0.31354051372131664,
        "downside_risk_2018_2019_1_5_bps": 0.009290646246473723,
        "sortino_ratio_2018_2019_1_5_bps": 0.451353002350177,
        "max_drawdown_2018_2019_1_5_bps": 0.008383898157363177,
        "calmar_ratio_2018_2019_1_5_bps": 0.49054417780357634,
        "perc_pos_return_2018_2019_1_5_bps": 0.49615384615384617,
        "profit_loss_ratio_2018_2019_1_5_bps": 1.0694014165480903,
        "sharpe_ratio_2018_1_5_bps": 0.3373675228365147,
        "annual_return_2018_2019_2_0_bps": -0.0005554863332434268,
        "annual_volatility_2018_2019_2_0_bps": 0.013374425505889328,
        "sharpe_ratio_2018_2019_2_0_bps": -0.034883472335811315,
        "downside_risk_2018_2019_2_0_bps": 0.009452235314471062,
        "sortino_ratio_2018_2019_2_0_bps": -0.049358314369067,
        "max_drawdown_2018_2019_2_0_bps": 0.010193702143303531,
        "calmar_ratio_2018_2019_2_0_bps": -0.05449309048217953,
        "perc_pos_return_2018_2019_2_0_bps": 0.49230769230769234,
        "profit_loss_ratio_2018_2019_2_0_bps": 1.0253385952366498,
        "sharpe_ratio_2018_2_0_bps": 0.0024348703333083237,
        "annual_return_2018_2019_2_5_bps": -0.005202033802238493,
        "annual_volatility_2018_2019_2_5_bps": 0.013375037104436273,
        "sharpe_ratio_2018_2019_2_5_bps": -0.38328520821097906,
        "downside_risk_2018_2019_2_5_bps": 0.00961603844386432,
        "sortino_ratio_2018_2019_2_5_bps": -0.5331149528290883,
        "max_drawdown_2018_2019_2_5_bps": 0.012813124603845488,
        "calmar_ratio_2018_2019_2_5_bps": -0.4059926023569031,
        "perc_pos_return_2018_2019_2_5_bps": 0.48846153846153845,
        "profit_loss_ratio_2018_2019_2_5_bps": 0.9831630058487557,
        "sharpe_ratio_2018_2_5_bps": -0.3323484866706882,
        "annual_return_2018_2019_3_0_bps": -0.00982706960644808,
        "annual_volatility_2018_2019_3_0_bps": 0.01337605878255185,
        "sharpe_ratio_2018_2019_3_0_bps": -0.7316326520208206,
        "downside_risk_2018_2019_3_0_bps": 0.009781994261139437,
        "sortino_ratio_2018_2019_3_0_bps": -1.000446442658703,
        "max_drawdown_2018_2019_3_0_bps": 0.015425664444759679,
        "calmar_ratio_2018_2019_3_0_bps": -0.6370597287163522,
        "perc_pos_return_2018_2019_3_0_bps": 0.4807692307692308,
        "profit_loss_ratio_2018_2019_3_0_bps": 0.9574014134980953,
        "sharpe_ratio_2018_3_0_bps": -0.6669579026623872
    },
    "COMB": {
        "annual_return_2018_2019": 0.01824781965191713,
        "annual_volatility_2018_2019": 0.013376080466655428,
        "sharpe_ratio_2018_2019": 1.3586254628331684,
        "downside_risk_2018_2019": 0.008819974224206715,
        "sortino_ratio_2018_2019": 2.0604463293131623,
        "max_drawdown_2018_2019": 0.006042096730752897,
        "calmar_ratio_2018_2019": 3.0201137891487044,
        "perc_pos_return_2018_2019": 0.5038461538461538,
        "profit_loss_ratio_2018_2019": 1.2333395960929,
        "sharpe_ratio_2018": 1.3428138594664671,
        "annual_return_2018_2019_0_5_bps": 0.013514224640296613,
        "annual_volatility_2018_2019_0_5_bps": 0.013375051561613484,
        "sharpe_ratio_2018_2019_0_5_bps": 1.010327023667333,
        "downside_risk_2018_2019_0_5_bps": 0.0089744195013254,
        "sortino_ratio_2018_2019_0_5_bps": 1.505743745725988,
        "max_drawdown_2018_2019_0_5_bps": 0.006819934936073766,
        "calmar_ratio_2018_2019_0_5_bps": 1.9815767697157456,
        "perc_pos_return_2018_2019_0_5_bps": 0.5,
        "profit_loss_ratio_2018_2019_0_5_bps": 1.1818393535999108,
        "sharpe_ratio_2018_0_5_bps": 1.0075818103063374,
        "annual_return_2018_2019_1_0_bps": 0.008802542569960492,
        "annual_volatility_2018_2019_1_0_bps": 0.013374432734810444,
        "sharpe_ratio_2018_2019_1_0_bps": 0.6619546960924749,
        "downside_risk_2018_2019_1_0_bps": 0.009131347397021138,
        "sortino_ratio_2018_2019_1_0_bps": 0.9695467899150176,
        "max_drawdown_2018_2019_1_0_bps": 0.007602216928879219,
        "calmar_ratio_2018_2019_1_0_bps": 1.1578915272098445,
        "perc_pos_return_2018_2019_1_0_bps": 0.5,
        "profit_loss_ratio_2018_2019_1_0_bps": 1.1154881906234853,
        "sharpe_ratio_2018_1_0_bps": 0.6724247591195861,
        "annual_return_2018_2019_1_5_bps": 0.004112672428392639,
        "annual_volatility_2018_2019_1_5_bps": 0.0133742240431694,
        "sharpe_ratio_2018_2019_1_5_bps": 0.31354051372131664,
        "downside_risk_2018_2019_1_5_bps": 0.009290646246473723,
        "sortino_ratio_2018_2019_1_5_bps": 0.451353002350177,
        "max_drawdown_2018_2019_1_5_bps": 0.008383898157363177,
        "calmar_ratio_2018_2019_1_5_bps": 0.49054417780357634,
        "perc_pos_return_2018_2019_1_5_bps": 0.49615384615384617,
        "profit_loss_ratio_2018_2019_1_5_bps": 1.0694014165480903,
        "sharpe_ratio_2018_1_5_bps": 0.3373675228365147,
        "annual_return_2018_2019_2_0_bps": -0.0005554863332434268,
        "annual_volatility_2018_2019_2_0_bps": 0.013374425505889328,
        "sharpe_ratio_2018_2019_2_0_bps": -0.034883472335811315,
        "downside_risk_2018_2019_2_0_bps": 0.009452235314471062,
        "sortino_ratio_2018_2019_2_0_bps": -0.049358314369067,
        "max_drawdown_2018_2019_2_0_bps": 0.010193702143303531,
        "calmar_ratio_2018_2019_2_0_bps": -0.05449309048217953,
        "perc_pos_return_2018_2019_2_0_bps": 0.49230769230769234,
        "profit_loss_ratio_2018_2019_2_0_bps": 1.0253385952366498,
        "sharpe_ratio_2018_2_0_bps": 0.0024348703333083237,
        "annual_return_2018_2019_2_5_bps": -0.005202033802238493,
        "annual_volatility_2018_2019_2_5_bps": 0.013375037104436273,
        "sharpe_ratio_2018_2019_2_5_bps": -0.38328520821097906,
        "downside_risk_2018_2019_2_5_bps": 0.00961603844386432,
        "sortino_ratio_2018_2019_2_5_bps": -0.5331149528290883,