{
    "ALL": {
        "annual_return": 0.022717072513848406,
        "annual_volatility": 0.012970266179404602,
        "sharpe_ratio": 2.236817189044216,
        "downside_risk": 0.0089399468182168,
        "sortino_ratio": 3.728351320997523,
        "max_drawdown": 0.0101040640275682,
        "calmar_ratio": 6.725909048560368,
        "perc_pos_return": 0.5759135752159,
        "profit_loss_ratio": 1.0995799274198834,
        "annual_return_0_5_bps": 0.017164420750328202,
        "annual_volatility_0_5_bps": 0.012965980226078,
        "sharpe_ratio_0_5_bps": 1.774153472399678,
        "downside_risk_0_5_bps": 0.0090925666685816,
        "sortino_ratio_0_5_bps": 2.9041053080988055,
        "max_drawdown_0_5_bps": 0.0107603851052922,
        "calmar_ratio_0_5_bps": 4.803244195039071,
        "perc_pos_return_0_5_bps": 0.5643483376041513,
        "profit_loss_ratio_0_5_bps": 1.0577705036552358,
        "annual_return_1_0_bps": 0.0116430784203242,
        "annual_volatility_1_0_bps": 0.0129624990796562,
        "sharpe_ratio_1_0_bps": 1.3110753696107342,
        "downside_risk_1_0_bps": 0.0092487907720122,
        "sortino_ratio_1_0_bps": 2.117478690579079,
        "max_drawdown_1_0_bps": 0.011522432502262802,
        "calmar_ratio_1_0_bps": 3.1743081555739807,
        "perc_pos_return_1_0_bps": 0.5443007254635156,
        "profit_loss_ratio_1_0_bps": 1.0538896285264943,
        "annual_return_1_5_bps": 0.006152863606727602,
        "annual_volatility_1_5_bps": 0.0129598234609754,
        "sharpe_ratio_1_5_bps": 0.847680897702862,
        "downside_risk_1_5_bps": 0.009408684152503403,
        "sortino_ratio_1_5_bps": 1.3669006685905851,
        "max_drawdown_1_5_bps": 0.012401440787671001,
        "calmar_ratio_1_5_bps": 1.8451925333970525,
        "perc_pos_return_1_5_bps": 0.5319721740651968,
        "profit_loss_ratio_1_5_bps": 1.019316486070299,
        "annual_return_2_0_bps": 0.0006935954743666004,
        "annual_volatility_2_0_bps": 0.0129579539286994,
        "sharpe_ratio_2_0_bps": 0.38406847428739216,
        "downside_risk_2_0_bps": 0.009572274025657601,
        "sortino_ratio_2_0_bps": 0.6508693248617629,
        "max_drawdown_2_0_bps": 0.013832244460249402,
        "calmar_ratio_2_0_bps": 0.8026752765123202,
        "perc_pos_return_2_0_bps": 0.5165428935196372,
        "profit_loss_ratio_2_0_bps": 0.9980059773896764,
        "annual_return_2_5_bps": -0.004734905736538801,
        "annual_volatility_2_5_bps": 0.0129568908786618,
        "sharpe_ratio_2_5_bps": -0.07966319351672735,
        "downside_risk_2_5_bps": 0.0097395751765892,
        "sortino_ratio_2_5_bps": -0.03206745728498359,
        "max_drawdown_2_5_bps": 0.0157634204197602,
        "calmar_ratio_2_5_bps": 0.1179804319357632,
        "perc_pos_return_2_5_bps": 0.5003562852400059,
        "profit_loss_ratio_2_5_bps": 0.9799572955304411,
        "annual_return_3_0_bps": -0.010132818716891201,
        "annual_volatility_3_0_bps": 0.012956634543381801,
        "sharpe_ratio_3_0_bps": -0.5434152211159813,
        "downside_risk_3_0_bps": 0.0099105997962392,
        "sortino_ratio_3_0_bps": -0.6833193889591117,
        "max_drawdown_3_0_bps": 0.0181118864499884,
        "calmar_ratio_3_0_bps": -0.33234761189298584,
        "perc_pos_return_3_0_bps": 0.490326539163748,
        "profit_loss_ratio_3_0_bps": 0.9375539516887959,
        "annual_return_rescaled": 0.29278757001008,
        "annual_volatility_rescaled": 0.1500000000000034,
        "downside_risk_rescaled": 0.10338970721062939,
        "max_drawdown_rescaled": 0.1050875730751398,
        "annual_return_rescaled_0_5_bps": 0.21471690214387557,
        "annual_volatility_rescaled_0_5_bps": 0.150000000000005,
        "downside_risk_rescaled_0_5_bps": 0.1051895017967237,
        "max_drawdown_rescaled_0_5_bps": 0.11161797039780966,
        "annual_return_rescaled_1_0_bps": 0.14145967160313933,
        "annual_volatility_rescaled_1_0_bps": 0.15000000000000444,
        "downside_risk_rescaled_1_0_bps": 0.10702555173015763,
        "max_drawdown_rescaled_1_0_bps": 0.1190483791247845,
        "annual_return_rescaled_1_5_bps": 0.07272669010370938,
        "annual_volatility_rescaled_1_5_bps": 0.15000000000000382,
        "downside_risk_rescaled_1_5_bps": 0.10889829071555672,
        "max_drawdown_rescaled_1_5_bps": 0.12761263991107002,
        "annual_return_rescaled_2_0_bps": 0.008244851310116852,
        "annual_volatility_rescaled_2_0_bps": 0.1500000000000065,
        "downside_risk_rescaled_2_0_bps": 0.11080770249295238,
        "max_drawdown_rescaled_2_0_bps": 0.14325908120029024,
        "annual_return_rescaled_2_5_bps": -0.05224362654257373,
        "annual_volatility_rescaled_2_5_bps": 0.15000000000000693,
        "downside_risk_rescaled_2_5_bps": 0.11275361428677518,
        "max_drawdown_rescaled_2_5_bps": 0.16275906239163343,
        "annual_return_rescaled_3_0_bps": -0.10898193492157582,
        "annual_volatility_rescaled_3_0_bps": 0.1500000000000059,
        "downside_risk_rescaled_3_0_bps": 0.11473581078932633,
        "max_drawdown_rescaled_3_0_bps": 0.18665092108097753,
        "sharpe_ratio_years": 2.3042980433938594,
        "sharpe_ratio_years_0_5_bps": 1.8469835780930617,
        "sharpe_ratio_years_1_0_bps": 1.3892937480722005,
        "sharpe_ratio_years_1_5_bps": 0.9313146192694266,
        "sharpe_ratio_years_2_0_bps": 0.473132695096212,
        "sharpe_ratio_years_2_5_bps": 0.014834829106370462,
        "sharpe_ratio_years_3_0_bps": -0.44349186351932435,
        "sharpe_ratio_years_std": 1.132101535939126,
        "sharpe_ratio_years_std_0_5_bps": 1.0374061551562215,
        "sharpe_ratio_years_std_1_0_bps": 0.9433078654098045,
        "sharpe_ratio_years_std_1_5_bps": 0.8500621119432143,
        "sharpe_ratio_years_std_2_0_bps": 0.7580343489141889,
        "sharpe_ratio_years_std_2_5_bps": 0.6677706002561649,
        "sharpe_ratio_years_std_3_0_bps": 0.5801255369479863
    },
    "COMB": {
        "annual_return": 0.022717072513848406,
        "annual_volatility": 0.012970266179404602,
        "sharpe_ratio": 2.236817189044216,
        "downside_risk": 0.0089399468182168,
        "sortino_ratio": 3.728351320997523,
        "max_drawdown": 0.0101040640275682,
        "calmar_ratio": 6.725909048560368,
        "perc_pos_return": 0.5759135752159,
        "profit_loss_ratio": 1.0995799274198834,
        "annual_return_0_5_bps": 0.017164420750328202,
        "annual_volatility_0_5_bps": 0.012965980226078,
        "sharpe_ratio_0_5_bps": 1.774153472399678,
        "downside_risk_0_5_bps": 0.0090925666685816,
        "sortino_ratio_0_5_bps": 2.9041053080988055,
        "max_drawdown_0_5_bps": 0.0107603851052922,
        "calmar_ratio_0_5_bps": 4.803244195039071,
        "perc_pos_return_0_5_bps": 0.5643483376041513,
        "profit_loss_ratio_0_5_bps": 1.0577705036552358,
        "annual_return_1_0_bps": 0.0116430784203242,
        "annual_volatility_1_0_bps": 0.0129624990796562,
        "sharpe_ratio_1_0_bps": 1.3110753696107342,
        "downside_risk_1_0_bps": 0.0092487907720122,
        "sortino_ratio_1_0_bps": 2.117478690579079,
        "max_drawdown_1_0_bps": 0.011522432502262802,
        "calmar_ratio_1_0_bps": 3.1743081555739807,
        "perc_pos_return_1_0_bps": 0.5443007254635156,
        "profit_loss_ratio_1_0_bps": 1.0538896285264943,
        "annual_return_1_5_bps": 0.006152863606727602,
        "annual_volatility_1_5_bps": 0.0129598234609754,
        "sharpe_ratio_1_5_bps": 0.847680897702862,
        "downside_risk_1_5_bps": 0.009408684152503403,
        "sortino_ratio_1_5_bps": 1.3669006685905851,
        "max_drawdown_1_5_bps": 0.012401440787671001,
        "calmar_ratio_1_5_bps": 1.8451925333970525,
        "perc_pos_return_1_5_bps": 0.5319721740651968,
        "profit_loss_ratio_1_5_bps": 1.019316486070299,
        "annual_return_2_0_bps": 0.0006935954743666004,
        "annual_volatility_2_0_bps": 0.0129579539286994,
        "sharpe_ratio_2_0_bps": 0.38406847428739216,