{
    "ALL": {
        "performance_sw": 1.9057801763465416,
        "performance_fw": 1.4644498216145319,
        "val_loss": 2.503305761275303,
        "annual_return_2016_2017": 0.025823697921706135,
        "annual_volatility_2016_2017": 0.013425959650631343,
        "sharpe_ratio_2016_2017": 1.905780176346542,
        "downside_risk_2016_2017": 0.00823084460180499,
        "sortino_ratio_2016_2017": 3.108663689870982,
        "max_drawdown_2016_2017": 0.006378235931189299,
        "calmar_ratio_2016_2017": 4.0487210257352455,
        "perc_pos_return_2016_2017": 0.5637065637065637,
        "profit_loss_ratio_2016_2017": 1.0820044825941806,
        "sharpe_ratio_2016": 2.041492493787222,
        "annual_return_2016_2017_0_5_bps": 0.01918405738266382,
        "annual_volatility_2016_2017_0_5_bps": 0.013424625045796685,
        "sharpe_ratio_2016_2017_0_5_bps": 1.4222225917847346,
        "downside_risk_2016_2017_0_5_bps": 0.008436558886877409,
        "sortino_ratio_2016_2017_0_5_bps": 2.263103391131306,
        "max_drawdown_2016_2017_0_5_bps": 0.006963581116852048,
        "calmar_ratio_2016_2017_0_5_bps": 2.754912603263557,
        "perc_pos_return_2016_2017_0_5_bps": 0.5482625482625483,
        "profit_loss_ratio_2016_2017_0_5_bps": 1.0581384985796032,
        "sharpe_ratio_2016_0_5_bps": 1.557118480363207,
        "annual_return_2016_2017_1_0_bps": 0.012587208132069705,
        "annual_volatility_2016_2017_1_0_bps": 0.013424348972401889,
        "sharpe_ratio_2016_2017_1_0_bps": 0.9384948445575553,
        "downside_risk_2016_2017_1_0_bps": 0.008647035316300136,
        "sortino_ratio_2016_2017_1_0_bps": 1.456994431188627,
        "max_drawdown_2016_2017_1_0_bps": 0.008449801553871652,
        "calmar_ratio_2016_2017_1_0_bps": 1.4896454137792523,
        "perc_pos_return_2016_2017_1_0_bps": 0.5212355212355212,
        "profit_loss_ratio_2016_2017_1_0_bps": 1.0832915548066346,
        "sharpe_ratio_2016_1_0_bps": 1.0724220539913463,
        "annual_return_2016_2017_1_5_bps": 0.006032875571435392,
        "annual_volatility_2016_2017_1_5_bps": 0.013425131495749634,
        "sharpe_ratio_2016_2017_1_5_bps": 0.4547113434116334,
        "downside_risk_2016_2017_1_5_bps": 0.00886264793845644,
        "sortino_ratio_2016_2017_1_5_bps": 0.6887963529975608,
        "max_drawdown_2016_2017_1_5_bps": 0.010026870177762388,
        "calmar_ratio_2016_2017_1_5_bps": 0.6016708568557231,
        "perc_pos_return_2016_2017_1_5_bps": 0.5135135135135135,
        "profit_loss_ratio_2016_2017_1_5_bps": 1.0260919376210351,
        "sharpe_ratio_2016_1_5_bps": 0.5875101302366403,
        "annual_return_2016_2017_2_0_bps": -0.0004792131431887725,
        "annual_volatility_2016_2017_2_0_bps": 0.013426972430755012,
        "sharpe_ratio_2016_2017_2_0_bps": -0.029013476294036052,
        "downside_risk_2016_2017_2_0_bps": 0.00908340066255855,
        "sortino_ratio_2016_2017_2_0_bps": -0.04288736793546401,
        "max_drawdown_2016_2017_2_0_bps": 0.011871110714457568,
        "calmar_ratio_2016_2017_2_0_bps": -0.04036801228760753,
        "perc_pos_return_2016_2017_2_0_bps": 0.5019305019305019,
        "profit_loss_ratio_2016_2017_2_0_bps": 0.9872708744102672,
        "sharpe_ratio_2016_2_0_bps": 0.10248985794138275,
        "annual_return_2016_2017_2_5_bps": -0.006949329112349134,
        "annual_volatility_2016_2017_2_5_bps": 0.013429871342164328,
        "sharpe_ratio_2016_2017_2_5_bps": -0.5125652878698065,
        "downside_risk_2016_2017_2_5_bps": 0.009309130284026704,
        "sortino_ratio_2016_2017_2_5_bps": -0.7394553154296767,
        "max_drawdown_2016_2017_2_5_bps": 0.0141135761043744,
        "calmar_ratio_2016_2017_2_5_bps": -0.49238612956465655,
        "perc_pos_return_2016_2017_2_5_bps": 0.47876447876447875,
        "profit_loss_ratio_2016_2017_2_5_bps": 0.9951887741832214,
        "sharpe_ratio_2016_2_5_bps": -0.38253149905450284,
        "annual_return_2016_2017_3_0_bps": -0.01337774170430961,
        "annual_volatility_2016_2017_3_0_bps": 0.013433827545069329,
        "sharpe_ratio_2016_2017_3_0_bps": -0.9958300082310917,
        "downside_risk_2016_2017_3_0_bps": 0.009539854590533022,
        "sortino_ratio_2016_2017_3_0_bps": -1.402307390309394,
        "max_drawdown_2016_2017_3_0_bps": 0.020004889793424678,
        "calmar_ratio_2016_2017_3_0_bps": -0.6687235892050094,
        "perc_pos_return_2016_2017_3_0_bps": 0.4749034749034749,
        "profit_loss_ratio_2016_2017_3_0_bps": 0.9288378488554059,
        "sharpe_ratio_2016_3_0_bps": -0.8674466804843117
    },
    "COMB": {
        "annual_return_2016_2017": 0.025823697921706135,
        "annual_volatility_2016_2017": 0.013425959650631343,
        "sharpe_ratio_2016_2017": 1.905780176346542,
        "downside_risk_2016_2017": 0.00823084460180499,
        "sortino_ratio_2016_2017": 3.108663689870982,
        "max_drawdown_2016_2017": 0.006378235931189299,
        "calmar_ratio_2016_2017": 4.0487210257352455,
        "perc_pos_return_2016_2017": 0.5637065637065637,
        "profit_loss_ratio_2016_2017": 1.0820044825941806,
        "sharpe_ratio_2016": 2.041492493787222,
        "annual_return_2016_2017_0_5_bps": 0.01918405738266382,
        "annual_volatility_2016_2017_0_5_bps": 0.013424625045796685,
        "sharpe_ratio_2016_2017_0_5_bps": 1.4222225917847346,
        "downside_risk_2016_2017_0_5_bps": 0.008436558886877409,
        "sortino_ratio_2016_2017_0_5_bps": 2.263103391131306,
        "max_drawdown_2016_2017_0_5_bps": 0.006963581116852048,
        "calmar_ratio_2016_2017_0_5_bps": 2.754912603263557,
        "perc_pos_return_2016_2017_0_5_bps": 0.5482625482625483,
        "profit_loss_ratio_2016_2017_0_5_bps": 1.0581384985796032,
        "sharpe_ratio_2016_0_5_bps": 1.557118480363207,
        "annual_return_2016_2017_1_0_bps": 0.012587208132069705,
        "annual_volatility_2016_2017_1_0_bps": 0.013424348972401889,
        "sharpe_ratio_2016_2017_1_0_bps": 0.9384948445575553,
        "downside_risk_2016_2017_1_0_bps": 0.008647035316300136,
        "sortino_ratio_2016_2017_1_0_bps": 1.456994431188627,
        "max_drawdown_2016_2017_1_0_bps": 0.008449801553871652,
        "calmar_ratio_2016_2017_1_0_bps": 1.4896454137792523,
        "perc_pos_return_2016_2017_1_0_bps": 0.5212355212355212,
        "profit_loss_ratio_2016_2017_1_0_bps": 1.0832915548066346,
        "sharpe_ratio_2016_1_0_bps": 1.0724220539913463,
        "annual_return_2016_2017_1_5_bps": 0.006032875571435392,
        "annual_volatility_2016_2017_1_5_bps": 0.013425131495749634,
        "sharpe_ratio_2016_2017_1_5_bps": 0.4547113434116334,
        "downside_risk_2016_2017_1_5_bps": 0.00886264793845644,
        "sortino_ratio_2016_2017_1_5_bps": 0.6887963529975608,
        "max_drawdown_2016_2017_1_5_bps": 0.010026870177762388,
        "calmar_ratio_2016_2017_1_5_bps": 0.6016708568557231,
        "perc_pos_return_2016_2017_1_5_bps": 0.5135135135135135,
        "profit_loss_ratio_2016_2017_1_5_bps": 1.0260919376210351,
        "sharpe_ratio_2016_1_5_bps": 0.5875101302366403,
        "annual_return_2016_2017_2_0_bps": -0.0004792131431887725,
        "annual_volatility_2016_2017_2_0_bps": 0.013426972430755012,
        "sharpe_ratio_2016_2017_2_0_bps": -0.029013476294036052,
        "downside_risk_2016_2017_2_0_bps": 0.00908340066255855,
        "sortino_ratio_2016_2017_2_0_bps": -0.04288736793546401,
        "max_drawdown_2016_2017_2_0_bps": 0.011871110714457568,
        "calmar_ratio_2016_2017_2_0_bps": -0.04036801228760753,
        "perc_pos_return_2016_2017_2_0_bps": 0.5019305019305019,
        "profit_loss_ratio_2016_2017_2_0_bps": 0.9872708744102672,
        "sharpe_ratio_2016_2_0_bps": 0.10248985794138275,
        "annual_return_2016_2017_2_5_bps": -0.006949329112349134,
        "annual_volatility_2016_2017_2_5_bps": 0.013429871342164328,
        "sharpe_ratio_2016_2017_2_5_bps": -0.5125652878698065,
        "downside_risk_2016_2017_2_5_bps": 0.009309130284026704,