{
    "ALL": {
        "annual_return": 0.0119199818433838,
        "annual_volatility": 0.0120191980377618,
        "sharpe_ratio": 1.1805359059200602,
        "downside_risk": 0.0084847058340314,
        "sortino_ratio": 1.820183521855509,
        "max_drawdown": 0.011087751300930402,
        "calmar_ratio": 1.8401568715256513,
        "perc_pos_return": 0.5620257722583301,
        "profit_loss_ratio": 0.9496296315695508,
        "annual_return_0_5_bps": 0.006562752715835401,
        "annual_volatility_0_5_bps": 0.012019612500787803,
        "sharpe_ratio_0_5_bps": 0.7203247147322308,
        "downside_risk_0_5_bps": 0.008644181120289002,
        "sortino_ratio_0_5_bps": 1.1106222060873316,
        "max_drawdown_0_5_bps": 0.011941477836293601,
        "calmar_ratio_0_5_bps": 1.1144944146426001,
        "perc_pos_return_0_5_bps": 0.5442947394110181,
        "profit_loss_ratio_0_5_bps": 0.9416120744704909,
        "annual_return_1_0_bps": 0.0012352829286178002,
        "annual_volatility_1_0_bps": 0.012020761639698199,
        "sharpe_ratio_1_0_bps": 0.26012793262726513,
        "downside_risk_1_0_bps": 0.0088070882814852,
        "sortino_ratio_1_0_bps": 0.431430815783,
        "max_drawdown_1_0_bps": 0.013019924083629803,
        "calmar_ratio_1_0_bps": 0.451801596229795,
        "perc_pos_return_1_0_bps": 0.5257915057915057,
        "profit_loss_ratio_1_0_bps": 0.9336670524792566,
        "annual_return_1_5_bps": -0.004062601244348001,
        "annual_volatility_1_5_bps": 0.012022645240539,
        "sharpe_ratio_1_5_bps": -0.1999635842107188,
        "downside_risk_1_5_bps": 0.008973502917398601,
        "sortino_ratio_1_5_bps": -0.2184942536497907,
        "max_drawdown_1_5_bps": 0.014460225034823401,
        "calmar_ratio_1_5_bps": -0.04855271915180561,
        "perc_pos_return_1_5_bps": 0.5087969415876389,
        "profit_loss_ratio_1_5_bps": 0.9219152928317683,
        "annual_return_2_0_bps": -0.009331072465395001,
        "annual_volatility_2_0_bps": 0.0120252629511556,
        "sharpe_ratio_2_0_bps": -0.6598591120949131,
        "downside_risk_2_0_bps": 0.009143484229593601,
        "sortino_ratio_2_0_bps": -0.8402102712876403,
        "max_drawdown_2_0_bps": 0.016724881977235404,
        "calmar_ratio_2_0_bps": -0.402276167511772,
        "perc_pos_return_2_0_bps": 0.4933825340802082,
        "profit_loss_ratio_2_0_bps": 0.9028187398012607,
        "annual_return_2_5_bps": -0.014570302339907002,
        "annual_volatility_2_5_bps": 0.012028614281526403,
        "sharpe_ratio_2_5_bps": -1.1194681503516133,
        "downside_risk_2_5_bps": 0.0093170715511352,
        "sortino_ratio_2_5_bps": -1.434747233729824,
        "max_drawdown_2_5_bps": 0.020061694032749,
        "calmar_ratio_2_5_bps": -0.6301292049124513,
        "perc_pos_return_2_5_bps": 0.47488821046960544,
        "profit_loss_ratio_2_5_bps": 0.8962034198479355,
        "annual_return_3_0_bps": -0.019780461423067403,
        "annual_volatility_3_0_bps": 0.012032698604225001,
        "sharpe_ratio_3_0_bps": -1.5787005112973813,
        "downside_risk_3_0_bps": 0.0094943218092186,
        "sortino_ratio_3_0_bps": -2.003096935953855,
        "max_drawdown_3_0_bps": 0.0239148415399636,
        "calmar_ratio_3_0_bps": -0.7783459116999811,
        "perc_pos_return_3_0_bps": 0.46332292681129844,
        "profit_loss_ratio_3_0_bps": 0.8643869842275176,
        "annual_return_rescaled": 0.15657936525868862,
        "annual_volatility_rescaled": 0.15000000000000452,
        "downside_risk_rescaled": 0.1058894171729429,
        "max_drawdown_rescaled": 0.13019636894766085,
        "annual_return_rescaled_0_5_bps": 0.08180633098187998,
        "annual_volatility_rescaled_0_5_bps": 0.15000000000000605,
        "downside_risk_rescaled_0_5_bps": 0.10787595423383474,
        "max_drawdown_rescaled_0_5_bps": 0.13979362467931936,
        "annual_return_rescaled_1_0_bps": 0.012073017096471194,
        "annual_volatility_rescaled_1_0_bps": 0.15000000000000788,
        "downside_risk_rescaled_1_0_bps": 0.10989846415888271,
        "max_drawdown_rescaled_1_0_bps": 0.15149749845948693,
        "annual_return_rescaled_1_5_bps": -0.05296378577863468,
        "annual_volatility_rescaled_1_5_bps": 0.15000000000000532,
        "downside_risk_rescaled_1_5_bps": 0.11195751107013005,
        "max_drawdown_rescaled_1_5_bps": 0.1674667348071051,
        "annual_return_rescaled_2_0_bps": -0.11362431846192018,
        "annual_volatility_rescaled_2_0_bps": 0.15000000000000555,
        "downside_risk_rescaled_2_0_bps": 0.11405344232471273,
        "max_drawdown_rescaled_2_0_bps": 0.19352528659759244,
        "annual_return_rescaled_2_5_bps": -0.17020731122003602,
        "annual_volatility_rescaled_2_5_bps": 0.15000000000000482,
        "downside_risk_rescaled_2_5_bps": 0.11618634532297623,
        "max_drawdown_rescaled_2_5_bps": 0.22701154501222343,
        "annual_return_rescaled_3_0_bps": -0.22299135923673968,
        "annual_volatility_rescaled_3_0_bps": 0.15000000000000782,
        "downside_risk_rescaled_3_0_bps": 0.11835651487878227,
        "max_drawdown_rescaled_3_0_bps": 0.2625786689998386,
        "sharpe_ratio_years": 1.065878586672913,
        "sharpe_ratio_years_0_5_bps": 0.6092371420438484,
        "sharpe_ratio_years_1_0_bps": 0.15253887299650318,
        "sharpe_ratio_years_1_5_bps": -0.304138619390444,
        "sharpe_ratio_years_2_0_bps": -0.7607177446852023,
        "sharpe_ratio_years_2_5_bps": -1.2171209882310328,
        "sharpe_ratio_years_3_0_bps": -1.6732709761573283,
        "sharpe_ratio_years_std": 0.8856527978858187,
        "sharpe_ratio_years_std_0_5_bps": 0.795432606680532,
        "sharpe_ratio_years_std_1_0_bps": 0.7084261677545138,
        "sharpe_ratio_years_std_1_5_bps": 0.6260354999302655,
        "sharpe_ratio_years_std_2_0_bps": 0.5503916436758496,
        "sharpe_ratio_years_std_2_5_bps": 0.4847084490007718,
        "sharpe_ratio_years_std_3_0_bps": 0.43356777811800834
    },
    "COMB": {
        "annual_return": 0.0119199818433838,
        "annual_volatility": 0.0120191980377618,
        "sharpe_ratio": 1.1805359059200602,
        "downside_risk": 0.0084847058340314,
        "sortino_ratio": 1.820183521855509,
        "max_drawdown": 0.011087751300930402,
        "calmar_ratio": 1.8401568715256513,
        "perc_pos_return": 0.5620257722583301,
        "profit_loss_ratio": 0.9496296315695508,
        "annual_return_0_5_bps": 0.006562752715835401,
        "annual_volatility_0_5_bps": 0.012019612500787803,
        "sharpe_ratio_0_5_bps": 0.7203247147322308,
        "downside_risk_0_5_bps": 0.008644181120289002,
        "sortino_ratio_0_5_bps": 1.1106222060873316,
        "max_drawdown_0_5_bps": 0.011941477836293601,
        "calmar_ratio_0_5_bps": 1.1144944146426001,
        "perc_pos_return_0_5_bps": 0.5442947394110181,
        "profit_loss_ratio_0_5_bps": 0.9416120744704909,
        "annual_return_1_0_bps": 0.0012352829286178002,
        "annual_volatility_1_0_bps": 0.012020761639698199,
        "sharpe_ratio_1_0_bps": 0.26012793262726513,
        "downside_risk_1_0_bps": 0.0088070882814852,
        "sortino_ratio_1_0_bps": 0.431430815783,
        "max_drawdown_1_0_bps": 0.013019924083629803,
        "calmar_ratio_1_0_bps": 0.451801596229795,
        "perc_pos_return_1_0_bps": 0.5257915057915057,
        "profit_loss_ratio_1_0_bps": 0.9336670524792566,
        "annual_return_1_5_bps": -0.004062601244348001,
        "annual_volatility_1_5_bps": 0.012022645240539,
        "sharpe_ratio_1_5_bps": -0.1999635842107188,
        "downside_risk_1_5_bps": 0.008973502917398601,
        "sortino_ratio_1_5_bps": -0.2184942536497907,
        "max_drawdown_1_5_bps": 0.014460225034823401,
        "calmar_ratio_1_5_bps": -0.04855271915180561,
        "perc_pos_return_1_5_bps": 0.5087969415876389,
        "profit_loss_ratio_1_5_bps": 0.9219152928317683,
        "annual_return_2_0_bps": -0.009331072465395001,
        "annual_volatility_2_0_bps": 0.0120252629511556,