{
    "ALL": {
        "performance_sw": 1.0891423526781603,
        "performance_fw": 1.5167772385256093,
        "val_loss": 3.22971285173479,
        "annual_return_2017_2018": 0.0102146039210822,
        "annual_volatility_2017_2018": 0.009371347093639442,
        "sharpe_ratio_2017_2018": 1.0891423526781605,
        "downside_risk_2017_2018": 0.006213858763308091,
        "sortino_ratio_2017_2018": 1.642575315937228,
        "max_drawdown_2017_2018": 0.006718584291011089,
        "calmar_ratio_2017_2018": 1.5203506391589812,
        "perc_pos_return_2017_2018": 0.5387596899224806,
        "profit_loss_ratio_2017_2018": 1.0309658832070874,
        "sharpe_ratio_2017": 1.0330650940616228,
        "annual_return_2017_2018_0_5_bps": 0.005256874394215405,
        "annual_volatility_2017_2018_0_5_bps": 0.00937325625644485,
        "sharpe_ratio_2017_2018_0_5_bps": 0.5640427415583017,
        "downside_risk_2017_2018_0_5_bps": 0.006373151520044667,
        "sortino_ratio_2017_2018_0_5_bps": 0.8295608757434032,
        "max_drawdown_2017_2018_0_5_bps": 0.007859863195924535,
        "calmar_ratio_2017_2018_0_5_bps": 0.6688251771279147,
        "perc_pos_return_2017_2018_0_5_bps": 0.5193798449612403,
        "profit_loss_ratio_2017_2018_0_5_bps": 1.0189877998538452,
        "sharpe_ratio_2017_0_5_bps": 0.5095558260632722,
        "annual_return_2017_2018_1_0_bps": 0.0003233733274499162,
        "annual_volatility_2017_2018_1_0_bps": 0.00937580905997941,
        "sharpe_ratio_2017_2018_1_0_bps": 0.039154305377674614,
        "downside_risk_2017_2018_1_0_bps": 0.0065358867081335495,
        "sortino_ratio_2017_2018_1_0_bps": 0.05616732778436357,
        "max_drawdown_2017_2018_1_0_bps": 0.009167510343435525,
        "calmar_ratio_2017_2018_1_0_bps": 0.03527384375207937,
        "perc_pos_return_2017_2018_1_0_bps": 0.5,
        "profit_loss_ratio_2017_2018_1_0_bps": 1.0067183820454888,
        "sharpe_ratio_2017_1_0_bps": -0.013761196905117986,
        "annual_return_2017_2018_1_5_bps": -0.004586017185132518,
        "annual_volatility_2017_2018_1_5_bps": 0.009379004978679394,
        "sharpe_ratio_2017_2018_1_5_bps": -0.48541509300491836,
        "downside_risk_2017_2018_1_5_bps": 0.006702159565839987,
        "sortino_ratio_2017_2018_1_5_bps": -0.6792900899023366,
        "max_drawdown_2017_2018_1_5_bps": 0.012288901347657363,
        "calmar_ratio_2017_2018_1_5_bps": -0.3731836602306806,
        "perc_pos_return_2017_2018_1_5_bps": 0.46511627906976744,
        "profit_loss_ratio_2017_2018_1_5_bps": 1.0584018829535495,
        "sharpe_ratio_2017_1_5_bps": -0.5367935999294895,
        "annual_return_2017_2018_2_0_bps": -0.009471414478099405,
        "annual_volatility_2017_2018_2_0_bps": 0.00938284335538461,
        "sharpe_ratio_2017_2018_2_0_bps": -1.0095579858209638,
        "downside_risk_2017_2018_2_0_bps": 0.00687218406438874,
        "sortino_ratio_2017_2018_2_0_bps": -1.3783863107249663,
        "max_drawdown_2017_2018_2_0_bps": 0.016239799671814496,
        "calmar_ratio_2017_2018_2_0_bps": -0.5832223715504213,
        "perc_pos_return_2017_2018_2_0_bps": 0.4496124031007752,
        "profit_loss_ratio_2017_2018_2_0_bps": 1.030304322797913,
        "sharpe_ratio_2017_2_0_bps": -1.0594493091785364,
        "annual_return_2017_2018_2_5_bps": -0.014332935317438067,
        "annual_volatility_2017_2018_2_5_bps": 0.009387323402012357,
        "sharpe_ratio_2017_2018_2_5_bps": -1.5331674096970895,
        "downside_risk_2017_2018_2_5_bps": 0.007045978707568282,
        "sortino_ratio_2017_2018_2_5_bps": -2.042631535175226,
        "max_drawdown_2017_2018_2_5_bps": 0.020178432453510777,
        "calmar_ratio_2017_2018_2_5_bps": -0.7103096511812704,
        "perc_pos_return_2017_2018_2_5_bps": 0.43023255813953487,
        "profit_loss_ratio_2017_2018_2_5_bps": 1.0196288085148275,
        "sharpe_ratio_2017_2_5_bps": -1.5816366324280227,
        "annual_return_2017_2018_3_0_bps": -0.019170695903245716,
        "annual_volatility_2017_2018_3_0_bps": 0.009392444200363606,
        "sharpe_ratio_2017_2018_3_0_bps": -2.0561370136881925,
        "downside_risk_2017_2018_3_0_bps": 0.007223572558151508,
        "sortino_ratio_2017_2018_3_0_bps": -2.6734904389623146,
        "max_drawdown_2017_2018_3_0_bps": 0.024101379707906646,
        "calmar_ratio_2017_2018_3_0_bps": -0.7954190231257433,
        "perc_pos_return_2017_2018_3_0_bps": 0.41472868217054265,
        "profit_loss_ratio_2017_2018_3_0_bps": 0.9945715802609473,
        "sharpe_ratio_2017_3_0_bps": -2.10326433875902
    },
    "COMB": {
        "annual_return_2017_2018": 0.0102146039210822,
        "annual_volatility_2017_2018": 0.009371347093639442,
        "sharpe_ratio_2017_2018": 1.0891423526781605,
        "downside_risk_2017_2018": 0.006213858763308091,
        "sortino_ratio_2017_2018": 1.642575315937228,
        "max_drawdown_2017_2018": 0.006718584291011089,
        "calmar_ratio_2017_2018": 1.5203506391589812,
        "perc_pos_return_2017_2018": 0.5387596899224806,
        "profit_loss_ratio_2017_2018": 1.0309658832070874,
        "sharpe_ratio_2017": 1.0330650940616228,
        "annual_return_2017_2018_0_5_bps": 0.005256874394215405,
        "annual_volatility_2017_2018_0_5_bps": 0.00937325625644485,
        "sharpe_ratio_2017_2018_0_5_bps": 0.5640427415583017,
        "downside_risk_2017_2018_0_5_bps": 0.006373151520044667,
        "sortino_ratio_2017_2018_0_5_bps": 0.8295608757434032,
        "max_drawdown_2017_2018_0_5_bps": 0.007859863195924535,
        "calmar_ratio_2017_2018_0_5_bps": 0.6688251771279147,
        "perc_pos_return_2017_2018_0_5_bps": 0.5193798449612403,
        "profit_loss_ratio_2017_2018_0_5_bps": 1.0189877998538452,
        "sharpe_ratio_2017_0_5_bps": 0.5095558260632722,
        "annual_return_2017_2018_1_0_bps": 0.0003233733274499162,
        "annual_volatility_2017_2018_1_0_bps": 0.00937580905997941,
        "sharpe_ratio_2017_2018_1_0_bps": 0.039154305377674614,
        "downside_risk_2017_2018_1_0_bps": 0.0065358867081335495,
        "sortino_ratio_2017_2018_1_0_bps": 0.05616732778436357,
        "max_drawdown_2017_2018_1_0_bps": 0.009167510343435525,
        "calmar_ratio_2017_2018_1_0_bps": 0.03527384375207937,
        "perc_pos_return_2017_2018_1_0_bps": 0.5,
        "profit_loss_ratio_2017_2018_1_0_bps": 1.0067183820454888,
        "sharpe_ratio_2017_1_0_bps": -0.013761196905117986,
        "annual_return_2017_2018_1_5_bps": -0.004586017185132518,
        "annual_volatility_2017_2018_1_5_bps": 0.009379004978679394,
        "sharpe_ratio_2017_2018_1_5_bps": -0.48541509300491836,
        "downside_risk_2017_2018_1_5_bps": 0.006702159565839987,
        "sortino_ratio_2017_2018_1_5_bps": -0.6792900899023366,
        "max_drawdown_2017_2018_1_5_bps": 0.012288901347657363,
        "calmar_ratio_2017_2018_1_5_bps": -0.3731836602306806,
        "perc_pos_return_2017_2018_1_5_bps": 0.46511627906976744,
        "profit_loss_ratio_2017_2018_1_5_bps": 1.0584018829535495,
        "sharpe_ratio_2017_1_5_bps": -0.5367935999294895,
        "annual_return_2017_2018_2_0_bps": -0.009471414478099405,
        "annual_volatility_2017_2018_2_0_bps": 0.00938284335538461,
        "sharpe_ratio_2017_2018_2_0_bps": -1.0095579858209638,
        "downside_risk_2017_2018_2_0_bps": 0.00687218406438874,
        "sortino_ratio_2017_2018_2_0_bps": -1.3783863107249663,
        "max_drawdown_2017_2018_2_0_bps": 0.016239799671814496,
        "calmar_ratio_2017_2018_2_0_bps": -0.5832223715504213,
        "perc_pos_return_2017_2018_2_0_bps": 0.4496124031007752,
        "profit_loss_ratio_2017_2018_2_0_bps": 1.030304322797913,
        "sharpe_ratio_2017_2_0_bps": -1.0594493091785364,
        "annual_return_2017_2018_2_5_bps": -0.014332935317438067,
        "annual_volatility_2017_2018_2_5_bps": 0.009387323402012357,
        "sharpe_ratio_2017_2018_2_5_bps": -1.5331674096970895,
        "downside_risk_2017_2018_2_5_bps": 0.007045978707568282,