{
    "ALL": {
        "performance_sw": 2.075521199288711,
        "performance_fw": 2.4934498839772044,
        "val_loss": 5.1539883070193575,
        "annual_return_2021_2022": 0.05570001325580742,
        "annual_volatility_2021_2022": 0.021796331278962987,
        "sharpe_ratio_2021_2022": 2.497890150003702,
        "downside_risk_2021_2022": 0.01321753189413625,
        "sortino_ratio_2021_2022": 4.119138250923596,
        "max_drawdown_2021_2022": 0.01052467363103044,
        "calmar_ratio_2021_2022": 5.292326889033803,
        "perc_pos_return_2021_2022": 0.5589041095890411,
        "profit_loss_ratio_2021_2022": 1.1880820543539845,
        "sharpe_ratio_2021": 2.0755211992887115,
        "annual_return_2021_2022_0_5_bps": 0.0550959728532876,
        "annual_volatility_2021_2022_0_5_bps": 0.021796357029466924,
        "sharpe_ratio_2021_2022_0_5_bps": 2.471625111560593,
        "downside_risk_2021_2022_0_5_bps": 0.01323071500158629,
        "sortino_ratio_2021_2022_0_5_bps": 4.071769618506008,
        "max_drawdown_2021_2022_0_5_bps": 0.010610158612358861,
        "calmar_ratio_2021_2022_0_5_bps": 5.192756759461733,
        "perc_pos_return_2021_2022_0_5_bps": 0.5561643835616439,
        "profit_loss_ratio_2021_2022_0_5_bps": 1.1961447163390297,
        "sharpe_ratio_2021_0_5_bps": 2.053697323611583,
        "annual_return_2021_2022_1_0_bps": 0.05449227693323211,
        "annual_volatility_2021_2022_1_0_bps": 0.02179639086511085,
        "sharpe_ratio_2021_2022_1_0_bps": 2.445359228096736,
        "downside_risk_2021_2022_1_0_bps": 0.01324392367779841,
        "sortino_ratio_2021_2022_1_0_bps": 4.024487518797185,
        "max_drawdown_2021_2022_1_0_bps": 0.010695636310539098,
        "calmar_ratio_2021_2022_1_0_bps": 5.09481393636556,
        "perc_pos_return_2021_2022_1_0_bps": 0.5561643835616439,
        "profit_loss_ratio_2021_2022_1_0_bps": 1.1909607262961162,
        "sharpe_ratio_2021_1_0_bps": 2.0318727457985024,
        "annual_return_2021_2022_1_5_bps": 0.05388892529982736,
        "annual_volatility_2021_2022_1_5_bps": 0.02179643278585711,
        "sharpe_ratio_2021_2022_1_5_bps": 2.419092528849338,
        "downside_risk_2021_2022_1_5_bps": 0.013257157956887235,
        "sortino_ratio_2021_2022_1_5_bps": 3.977291956489148,
        "max_drawdown_2021_2022_1_5_bps": 0.01078110672618077,
        "calmar_ratio_2021_2022_1_5_bps": 4.9984594966455385,
        "perc_pos_return_2021_2022_1_5_bps": 0.5534246575342465,
        "profit_loss_ratio_2021_2022_1_5_bps": 1.199022918084615,
        "sharpe_ratio_2021_1_5_bps": 2.010047490142951,
        "annual_return_2021_2022_2_0_bps": 0.053285917757365464,
        "annual_volatility_2021_2022_2_0_bps": 0.021796482791659057,
        "sharpe_ratio_2021_2022_2_0_bps": 2.39282504305803,
        "downside_risk_2021_2022_2_0_bps": 0.013270417970467433,
        "sortino_ratio_2021_2022_2_0_bps": 3.930182906863491,
        "max_drawdown_2021_2022_2_0_bps": 0.01086656985990172,
        "calmar_ratio_2021_2022_2_0_bps": 4.903655748259037,
        "perc_pos_return_2021_2022_2_0_bps": 0.5506849315068493,
        "profit_loss_ratio_2021_2022_2_0_bps": 1.2071216202531796,
        "sharpe_ratio_2021_2_0_bps": 1.9882215809404207,
        "annual_return_2021_2022_2_5_bps": 0.05268325411026775,
        "annual_volatility_2021_2022_2_5_bps": 0.021796540882461034,
        "sharpe_ratio_2021_2022_2_5_bps": 2.3665567999646977,
        "downside_risk_2021_2022_2_5_bps": 0.013283703729156713,
        "sortino_ratio_2021_2022_2_5_bps": 3.8831603815339926,
        "max_drawdown_2021_2022_2_5_bps": 0.010952025712308685,
        "calmar_ratio_2021_2022_2_5_bps": 4.810366181943717,
        "perc_pos_return_2021_2022_2_5_bps": 0.5506849315068493,
        "profit_loss_ratio_2021_2022_2_5_bps": 1.2018869317039582,
        "sharpe_ratio_2021_2_5_bps": 1.9663950424882797,
        "annual_return_2021_2022_3_0_bps": 0.052080934163048154,
        "annual_volatility_2021_2022_3_0_bps": 0.02179660705819841,
        "sharpe_ratio_2021_2022_3_0_bps": 2.3402878288133167,
        "downside_risk_2021_2022_3_0_bps": 0.013297015164689795,
        "sortino_ratio_2021_2022_3_0_bps": 3.8362244139711934,
        "max_drawdown_2021_2022_3_0_bps": 0.011037474284015364,
        "calmar_ratio_2021_2022_3_0_bps": 4.718555425172998,
        "perc_pos_return_2021_2022_3_0_bps": 0.547945205479452,
        "profit_loss_ratio_2021_2022_3_0_bps": 1.2099930102065914,
        "sharpe_ratio_2021_3_0_bps": 1.9445678990856308
    },
    "COMB": {
        "annual_return_2021_2022": 0.05570001325580742,
        "annual_volatility_2021_2022": 0.021796331278962987,
        "sharpe_ratio_2021_2022": 2.497890150003702,
        "downside_risk_2021_2022": 0.01321753189413625,
        "sortino_ratio_2021_2022": 4.119138250923596,
        "max_drawdown_2021_2022": 0.01052467363103044,
        "calmar_ratio_2021_2022": 5.292326889033803,
        "perc_pos_return_2021_2022": 0.5589041095890411,
        "profit_loss_ratio_2021_2022": 1.1880820543539845,
        "sharpe_ratio_2021": 2.0755211992887115,
        "annual_return_2021_2022_0_5_bps": 0.0550959728532876,
        "annual_volatility_2021_2022_0_5_bps": 0.021796357029466924,
        "sharpe_ratio_2021_2022_0_5_bps": 2.471625111560593,
        "downside_risk_2021_2022_0_5_bps": 0.01323071500158629,
        "sortino_ratio_2021_2022_0_5_bps": 4.071769618506008,
        "max_drawdown_2021_2022_0_5_bps": 0.010610158612358861,
        "calmar_ratio_2021_2022_0_5_bps": 5.192756759461733,
        "perc_pos_return_2021_2022_0_5_bps": 0.5561643835616439,
        "profit_loss_ratio_2021_2022_0_5_bps": 1.1961447163390297,
        "sharpe_ratio_2021_0_5_bps": 2.053697323611583,
        "annual_return_2021_2022_1_0_bps": 0.05449227693323211,
        "annual_volatility_2021_2022_1_0_bps": 0.02179639086511085,
        "sharpe_ratio_2021_2022_1_0_bps": 2.445359228096736,
        "downside_risk_2021_2022_1_0_bps": 0.01324392367779841,
        "sortino_ratio_2021_2022_1_0_bps": 4.024487518797185,
        "max_drawdown_2021_2022_1_0_bps": 0.010695636310539098,
        "calmar_ratio_2021_2022_1_0_bps": 5.09481393636556,
        "perc_pos_return_2021_2022_1_0_bps": 0.5561643835616439,
        "profit_loss_ratio_2021_2022_1_0_bps": 1.1909607262961162,
        "sharpe_ratio_2021_1_0_bps": 2.0318727457985024,
        "annual_return_2021_2022_1_5_bps": 0.05388892529982736,
        "annual_volatility_2021_2022_1_5_bps": 0.02179643278585711,
        "sharpe_ratio_2021_2022_1_5_bps": 2.419092528849338,
        "downside_risk_2021_2022_1_5_bps": 0.013257157956887235,
        "sortino_ratio_2021_2022_1_5_bps": 3.977291956489148,
        "max_drawdown_2021_2022_1_5_bps": 0.01078110672618077,
        "calmar_ratio_2021_2022_1_5_bps": 4.9984594966455385,
        "perc_pos_return_2021_2022_1_5_bps": 0.5534246575342465,
        "profit_loss_ratio_2021_2022_1_5_bps": 1.199022918084615,
        "sharpe_ratio_2021_1_5_bps": 2.010047490142951,
        "annual_return_2021_2022_2_0_bps": 0.053285917757365464,
        "annual_volatility_2021_2022_2_0_bps": 0.021796482791659057,
        "sharpe_ratio_2021_2022_2_0_bps": 2.39282504305803,
        "downside_risk_2021_2022_2_0_bps": 0.013270417970467433,
        "sortino_ratio_2021_2022_2_0_bps": 3.930182906863491,
        "max_drawdown_2021_2022_2_0_bps": 0.01086656985990172,
        "calmar_ratio_2021_2022_2_0_bps": 4.903655748259037,
        "perc_pos_return_2021_2022_2_0_bps": 0.5506849315068493,
        "profit_loss_ratio_2021_2022_2_0_bps": 1.2071216202531796,
        "sharpe_ratio_2021_2_0_bps": 1.9882215809404207,
        "annual_return_2021_2022_2_5_bps": 0.05268325411026775,
        "annual_volatility_2021_2022_2_5_bps": 0.021796540882461034,
        "sharpe_ratio_2021_2022_2_5_bps": 2.3665567999646977,
        "downside_risk_2021_2022_2_5_bps": 0.013283703729156713,
        "sortino_ratio_2021_2022_2_5_bps": 3.8831603815339926,
        "max_drawdown_2021_2022_2_5_bps": 0.010952025712308685,