{
    "ALL": {
        "performance_sw": 1.7988402072715985,
        "performance_fw": 1.831592493624125,
        "val_loss": 4.046693792629234,
        "annual_return_2017_2018": 0.014996748827994066,
        "annual_volatility_2017_2018": 0.008294293666127116,
        "sharpe_ratio_2017_2018": 1.7988402072715983,
        "downside_risk_2017_2018": 0.005242105093186518,
        "sortino_ratio_2017_2018": 2.846205612501012,
        "max_drawdown_2017_2018": 0.007464155147862318,
        "calmar_ratio_2017_2018": 2.009168958966378,
        "perc_pos_return_2017_2018": 0.5581395348837209,
        "profit_loss_ratio_2017_2018": 1.0610102143967006,
        "sharpe_ratio_2017": 1.9188945978704073,
        "annual_return_2017_2018_0_5_bps": 0.009158442329506356,
        "annual_volatility_2017_2018_0_5_bps": 0.008299629343969746,
        "sharpe_ratio_2017_2018_0_5_bps": 1.1026068198336765,
        "downside_risk_2017_2018_0_5_bps": 0.005446995500209544,
        "sortino_ratio_2017_2018_0_5_bps": 1.6800505740092306,
        "max_drawdown_2017_2018_0_5_bps": 0.008505066150702201,
        "calmar_ratio_2017_2018_0_5_bps": 1.0768219984685492,
        "perc_pos_return_2017_2018_0_5_bps": 0.5310077519379846,
        "profit_loss_ratio_2017_2018_0_5_bps": 1.056984994855193,
        "sharpe_ratio_2017_0_5_bps": 1.2191726075333307,
        "annual_return_2017_2018_1_0_bps": 0.003353577735941027,
        "annual_volatility_2017_2018_1_0_bps": 0.00830590051820065,
        "sharpe_ratio_2017_2018_1_0_bps": 0.40722217760087154,
        "downside_risk_2017_2018_1_0_bps": 0.005656236884130246,
        "sortino_ratio_2017_2018_1_0_bps": 0.5979853682309093,
        "max_drawdown_2017_2018_1_0_bps": 0.009732187825200175,
        "calmar_ratio_2017_2018_1_0_bps": 0.34458621187492844,
        "perc_pos_return_2017_2018_1_0_bps": 0.5232558139534884,
        "profit_loss_ratio_2017_2018_1_0_bps": 0.9736440784179384,
        "sharpe_ratio_2017_1_0_bps": 0.5204980360590389,
        "annual_return_2017_2018_1_5_bps": -0.0024180357051121204,
        "annual_volatility_2017_2018_1_5_bps": 0.008313105071683077,
        "sharpe_ratio_2017_2018_1_5_bps": -0.2870809528158431,
        "downside_risk_2017_2018_1_5_bps": 0.005869724340549995,
        "sortino_ratio_2017_2018_1_5_bps": -0.4065836803186871,
        "max_drawdown_2017_2018_1_5_bps": 0.010957819765287468,
        "calmar_ratio_2017_2018_1_5_bps": -0.22066759235920738,
        "perc_pos_return_2017_2018_1_5_bps": 0.5155038759689923,
        "profit_loss_ratio_2017_2018_1_5_bps": 0.8968104940829486,
        "sharpe_ratio_2017_1_5_bps": -0.17692602070956293,
        "annual_return_2017_2018_2_0_bps": -0.008156587662591974,
        "annual_volatility_2017_2018_2_0_bps": 0.00832124058005024,
        "sharpe_ratio_2017_2018_2_0_bps": -0.9800720297865279,
        "downside_risk_2017_2018_2_0_bps": 0.0060872624633595985,
        "sortino_ratio_2017_2018_2_0_bps": -1.33975086415624,
        "max_drawdown_2017_2018_2_0_bps": 0.012237536997651448,
        "calmar_ratio_2017_2018_2_0_bps": -0.6665220022752402,
        "perc_pos_return_2017_2018_2_0_bps": 0.4883720930232558,
        "profit_loss_ratio_2017_2018_2_0_bps": 0.8924030561883783,
        "sharpe_ratio_2017_2_0_bps": -0.8728987066683488,
        "annual_return_2017_2018_2_5_bps": -0.013862266728101647,
        "annual_volatility_2017_2018_2_5_bps": 0.008330304315746316,
        "sharpe_ratio_2017_2018_2_5_bps": -1.6715231087184166,
        "downside_risk_2017_2018_2_5_bps": 0.006308928353331755,
        "sortino_ratio_2017_2018_2_5_bps": -2.2070778722781474,
        "max_drawdown_2017_2018_2_5_bps": 0.015867020921649315,
        "calmar_ratio_2017_2018_2_5_bps": -0.8736527667388188,
        "perc_pos_return_2017_2018_2_5_bps": 0.4728682170542636,
        "profit_loss_ratio_2017_2018_2_5_bps": 0.8475640522894774,
        "sharpe_ratio_2017_2_5_bps": -1.5672216827395402,
        "annual_return_2017_2018_3_0_bps": -0.019535260421990608,
        "annual_volatility_2017_2018_3_0_bps": 0.008340293252544751,
        "sharpe_ratio_2017_2018_3_0_bps": -2.3612092034309353,
        "downside_risk_2017_2018_3_0_bps": 0.006534679092024961,
        "sortino_ratio_2017_2018_3_0_bps": -3.0136410541193217,
        "max_drawdown_2017_2018_3_0_bps": 0.021449086238834143,
        "calmar_ratio_2017_2018_3_0_bps": -0.9107735501860913,
        "perc_pos_return_2017_2018_3_0_bps": 0.46124031007751937,
        "profit_loss_ratio_2017_2018_3_0_bps": 0.7923403833215977,
        "sharpe_ratio_2017_3_0_bps": -2.2596993951670843
    },
    "COMB": {
        "annual_return_2017_2018": 0.014996748827994066,
        "annual_volatility_2017_2018": 0.008294293666127116,
        "sharpe_ratio_2017_2018": 1.7988402072715983,
        "downside_risk_2017_2018": 0.005242105093186518,
        "sortino_ratio_2017_2018": 2.846205612501012,
        "max_drawdown_2017_2018": 0.007464155147862318,
        "calmar_ratio_2017_2018": 2.009168958966378,
        "perc_pos_return_2017_2018": 0.5581395348837209,
        "profit_loss_ratio_2017_2018": 1.0610102143967006,
        "sharpe_ratio_2017": 1.9188945978704073,
        "annual_return_2017_2018_0_5_bps": 0.009158442329506356,
        "annual_volatility_2017_2018_0_5_bps": 0.008299629343969746,
        "sharpe_ratio_2017_2018_0_5_bps": 1.1026068198336765,
        "downside_risk_2017_2018_0_5_bps": 0.005446995500209544,
        "sortino_ratio_2017_2018_0_5_bps": 1.6800505740092306,
        "max_drawdown_2017_2018_0_5_bps": 0.008505066150702201,
        "calmar_ratio_2017_2018_0_5_bps": 1.0768219984685492,
        "perc_pos_return_2017_2018_0_5_bps": 0.5310077519379846,
        "profit_loss_ratio_2017_2018_0_5_bps": 1.056984994855193,
        "sharpe_ratio_2017_0_5_bps": 1.2191726075333307,
        "annual_return_2017_2018_1_0_bps": 0.003353577735941027,
        "annual_volatility_2017_2018_1_0_bps": 0.00830590051820065,
        "sharpe_ratio_2017_2018_1_0_bps": 0.40722217760087154,
        "downside_risk_2017_2018_1_0_bps": 0.005656236884130246,
        "sortino_ratio_2017_2018_1_0_bps": 0.5979853682309093,
        "max_drawdown_2017_2018_1_0_bps": 0.009732187825200175,
        "calmar_ratio_2017_2018_1_0_bps": 0.34458621187492844,
        "perc_pos_return_2017_2018_1_0_bps": 0.5232558139534884,
        "profit_loss_ratio_2017_2018_1_0_bps": 0.9736440784179384,
        "sharpe_ratio_2017_1_0_bps": 0.5204980360590389,
        "annual_return_2017_2018_1_5_bps": -0.0024180357051121204,
        "annual_volatility_2017_2018_1_5_bps": 0.008313105071683077,
        "sharpe_ratio_2017_2018_1_5_bps": -0.2870809528158431,
        "downside_risk_2017_2018_1_5_bps": 0.005869724340549995,
        "sortino_ratio_2017_2018_1_5_bps": -0.4065836803186871,
        "max_drawdown_2017_2018_1_5_bps": 0.010957819765287468,
        "calmar_ratio_2017_2018_1_5_bps": -0.22066759235920738,
        "perc_pos_return_2017_2018_1_5_bps": 0.5155038759689923,
        "profit_loss_ratio_2017_2018_1_5_bps": 0.8968104940829486,
        "sharpe_ratio_2017_1_5_bps": -0.17692602070956293,
        "annual_return_2017_2018_2_0_bps": -0.008156587662591974,
        "annual_volatility_2017_2018_2_0_bps": 0.00832124058005024,
        "sharpe_ratio_2017_2018_2_0_bps": -0.9800720297865279,
        "downside_risk_2017_2018_2_0_bps": 0.0060872624633595985,
        "sortino_ratio_2017_2018_2_0_bps": -1.33975086415624,
        "max_drawdown_2017_2018_2_0_bps": 0.012237536997651448,
        "calmar_ratio_2017_2018_2_0_bps": -0.6665220022752402,
        "perc_pos_return_2017_2018_2_0_bps": 0.4883720930232558,
        "profit_loss_ratio_2017_2018_2_0_bps": 0.8924030561883783,
        "sharpe_ratio_2017_2_0_bps": -0.8728987066683488,
        "annual_return_2017_2018_2_5_bps": -0.013862266728101647,
        "annual_volatility_2017_2018_2_5_bps": 0.008330304315746316,
        "sharpe_ratio_2017_2018_2_5_bps": -1.6715231087184166,
        "downside_risk_2017_2018_2_5_bps": 0.006308928353331755,