{
    "ALL": {
        "performance_sw": 1.6249922051495946,
        "performance_fw": 1.7617494869067358,
        "val_loss": 3.8697872321186497,
        "annual_return_2019_2020": 0.013550137235735615,
        "annual_volatility_2019_2020": 0.008303960548028316,
        "sharpe_ratio_2019_2020": 1.6249922051495944,
        "downside_risk_2019_2020": 0.005813638981836057,
        "sortino_ratio_2019_2020": 2.3210713985810907,
        "max_drawdown_2019_2020": 0.005601544041413272,
        "calmar_ratio_2019_2020": 2.4190003926697523,
        "perc_pos_return_2019_2020": 0.5692307692307692,
        "profit_loss_ratio_2019_2020": 0.9981519484888314,
        "sharpe_ratio_2019": 1.5041428791433835,
        "annual_return_2019_2020_0_5_bps": 0.008912260123953075,
        "annual_volatility_2019_2020_0_5_bps": 0.008305138475279743,
        "sharpe_ratio_2019_2020_0_5_bps": 1.0725051203124103,
        "downside_risk_2019_2020_0_5_bps": 0.005947387942588138,
        "sortino_ratio_2019_2020_0_5_bps": 1.4976832898115802,
        "max_drawdown_2019_2020_0_5_bps": 0.006137623964347075,
        "calmar_ratio_2019_2020_0_5_bps": 1.4520700804942792,
        "perc_pos_return_2019_2020_0_5_bps": 0.5576923076923077,
        "profit_loss_ratio_2019_2020_0_5_bps": 0.9525950271807111,
        "sharpe_ratio_2019_0_5_bps": 0.9539182766966731,
        "annual_return_2019_2020_1_0_bps": 0.004295515884846335,
        "annual_volatility_2019_2020_1_0_bps": 0.00830699412320765,
        "sharpe_ratio_2019_2020_1_0_bps": 0.5201322948809413,
        "downside_risk_2019_2020_1_0_bps": 0.00608476876544721,
        "sortino_ratio_2019_2020_1_0_bps": 0.7100904049800696,
        "max_drawdown_2019_2020_1_0_bps": 0.006789073775464271,
        "calmar_ratio_2019_2020_1_0_bps": 0.632710149707069,
        "perc_pos_return_2019_2020_1_0_bps": 0.5384615384615384,
        "profit_loss_ratio_2019_2020_1_0_bps": 0.9369925266397582,
        "sharpe_ratio_2019_1_0_bps": 0.40361486030783317,
        "annual_return_2019_2020_1_5_bps": -0.0003001913677763701,
        "annual_volatility_2019_2020_1_5_bps": 0.00830952703777503,
        "sharpe_ratio_2019_2020_1_5_bps": -0.03199119573228261,
        "downside_risk_2019_2020_1_5_bps": 0.006225939928271053,
        "sortino_ratio_2019_2020_1_5_bps": -0.042697441506149764,
        "max_drawdown_2019_2020_1_5_bps": 0.007801202093984397,
        "calmar_ratio_2019_2020_1_5_bps": -0.03848014243956728,
        "perc_pos_return_2019_2020_1_5_bps": 0.5230769230769231,
        "profit_loss_ratio_2019_2020_1_5_bps": 0.906775232334531,
        "sharpe_ratio_2019_1_5_bps": -0.14665244697975044,
        "annual_return_2019_2020_2_0_bps": -0.004874957086875686,
        "annual_volatility_2019_2020_2_0_bps": 0.008312736599886671,
        "sharpe_ratio_2019_2020_2_0_bps": -0.5837306728507372,
        "downside_risk_2019_2020_2_0_bps": 0.0063709658301990355,
        "sortino_ratio_2019_2020_2_0_bps": -0.761642654820392,
        "max_drawdown_2019_2020_2_0_bps": 0.00937866807450806,
        "calmar_ratio_2019_2020_2_0_bps": -0.5197920480975539,
        "perc_pos_return_2019_2020_2_0_bps": 0.5,
        "profit_loss_ratio_2019_2020_2_0_bps": 0.9046017194747193,
        "sharpe_ratio_2019_2_0_bps": -0.6967687849478493,
        "annual_return_2019_2020_2_5_bps": -0.009428876294155453,
        "annual_volatility_2019_2020_2_5_bps": 0.008316622026144378,
        "sharpe_ratio_2019_2020_2_5_bps": -1.1349520179929808,
        "downside_risk_2019_2020_2_5_bps": 0.0065198528278192025,
        "sortino_ratio_2019_2020_2_5_bps": -1.447726996410536,
        "max_drawdown_2019_2020_2_5_bps": 0.011427944308864228,
        "calmar_ratio_2019_2020_2_5_bps": -0.8250719498905701,
        "perc_pos_return_2019_2020_2_5_bps": 0.47692307692307695,
        "profit_loss_ratio_2019_2020_2_5_bps": 0.9023508216850017,
        "sharpe_ratio_2019_2_5_bps": -1.2466194759900033,
        "annual_return_2019_2020_3_0_bps": -0.013962043581987937,
        "annual_volatility_2019_2020_3_0_bps": 0.008321182369800438,
        "sharpe_ratio_2019_2020_3_0_bps": -1.6855218346294267,
        "downside_risk_2019_2020_3_0_bps": 0.0066726191621185515,
        "sortino_ratio_2019_2020_3_0_bps": -2.101953405921488,
        "max_drawdown_2019_2020_3_0_bps": 0.015437896250388081,
        "calmar_ratio_2019_2020_3_0_bps": -0.9044006615627409,
        "perc_pos_return_2019_2020_3_0_bps": 0.47307692307692306,
        "profit_loss_ratio_2019_2020_3_0_bps": 0.8333723158390647,
        "sharpe_ratio_2019_3_0_bps": -1.7960901444277293
    },
    "COMB": {
        "annual_return_2019_2020": 0.013550137235735615,
        "annual_volatility_2019_2020": 0.008303960548028316,
        "sharpe_ratio_2019_2020": 1.6249922051495944,
        "downside_risk_2019_2020": 0.005813638981836057,
        "sortino_ratio_2019_2020": 2.3210713985810907,
        "max_drawdown_2019_2020": 0.005601544041413272,
        "calmar_ratio_2019_2020": 2.4190003926697523,
        "perc_pos_return_2019_2020": 0.5692307692307692,
        "profit_loss_ratio_2019_2020": 0.9981519484888314,
        "sharpe_ratio_2019": 1.5041428791433835,
        "annual_return_2019_2020_0_5_bps": 0.008912260123953075,
        "annual_volatility_2019_2020_0_5_bps": 0.008305138475279743,
        "sharpe_ratio_2019_2020_0_5_bps": 1.0725051203124103,
        "downside_risk_2019_2020_0_5_bps": 0.005947387942588138,
        "sortino_ratio_2019_2020_0_5_bps": 1.4976832898115802,
        "max_drawdown_2019_2020_0_5_bps": 0.006137623964347075,
        "calmar_ratio_2019_2020_0_5_bps": 1.4520700804942792,
        "perc_pos_return_2019_2020_0_5_bps": 0.5576923076923077,
        "profit_loss_ratio_2019_2020_0_5_bps": 0.9525950271807111,
        "sharpe_ratio_2019_0_5_bps": 0.9539182766966731,
        "annual_return_2019_2020_1_0_bps": 0.004295515884846335,
        "annual_volatility_2019_2020_1_0_bps": 0.00830699412320765,
        "sharpe_ratio_2019_2020_1_0_bps": 0.5201322948809413,
        "downside_risk_2019_2020_1_0_bps": 0.00608476876544721,
        "sortino_ratio_2019_2020_1_0_bps": 0.7100904049800696,
        "max_drawdown_2019_2020_1_0_bps": 0.006789073775464271,
        "calmar_ratio_2019_2020_1_0_bps": 0.632710149707069,
        "perc_pos_return_2019_2020_1_0_bps": 0.5384615384615384,
        "profit_loss_ratio_2019_2020_1_0_bps": 0.9369925266397582,
        "sharpe_ratio_2019_1_0_bps": 0.40361486030783317,
        "annual_return_2019_2020_1_5_bps": -0.0003001913677763701,
        "annual_volatility_2019_2020_1_5_bps": 0.00830952703777503,
        "sharpe_ratio_2019_2020_1_5_bps": -0.03199119573228261,
        "downside_risk_2019_2020_1_5_bps": 0.006225939928271053,
        "sortino_ratio_2019_2020_1_5_bps": -0.042697441506149764,
        "max_drawdown_2019_2020_1_5_bps": 0.007801202093984397,
        "calmar_ratio_2019_2020_1_5_bps": -0.03848014243956728,
        "perc_pos_return_2019_2020_1_5_bps": 0.5230769230769231,
        "profit_loss_ratio_2019_2020_1_5_bps": 0.906775232334531,
        "sharpe_ratio_2019_1_5_bps": -0.14665244697975044,
        "annual_return_2019_2020_2_0_bps": -0.004874957086875686,
        "annual_volatility_2019_2020_2_0_bps": 0.008312736599886671,
        "sharpe_ratio_2019_2020_2_0_bps": -0.5837306728507372,
        "downside_risk_2019_2020_2_0_bps": 0.0063709658301990355,
        "sortino_ratio_2019_2020_2_0_bps": -0.761642654820392,
        "max_drawdown_2019_2020_2_0_bps": 0.00937866807450806,
        "calmar_ratio_2019_2020_2_0_bps": -0.5197920480975539,
        "perc_pos_return_2019_2020_2_0_bps": 0.5,
        "profit_loss_ratio_2019_2020_2_0_bps": 0.9046017194747193,
        "sharpe_ratio_2019_2_0_bps": -0.6967687849478493,
        "annual_return_2019_2020_2_5_bps": -0.009428876294155453,
        "annual_volatility_2019_2020_2_5_bps": 0.008316622026144378,
        "sharpe_ratio_2019_2020_2_5_bps": -1.1349520179929808,
        "downside_risk_2019_2020_2_5_bps": 0.0065198528278192025,