{
    "ALL": {
        "performance_sw": 1.666459011567787,
        "performance_fw": 1.8118341719588595,
        "val_loss": 3.415715107623588,
        "annual_return_2017_2018": 0.012892789905243784,
        "annual_volatility_2017_2018": 0.0077051273606655426,
        "sharpe_ratio_2017_2018": 1.6664590115677875,
        "downside_risk_2017_2018": 0.005000187236008096,
        "sortino_ratio_2017_2018": 2.56795962219,
        "max_drawdown_2017_2018": 0.005583876820024369,
        "calmar_ratio_2017_2018": 2.3089316474548442,
        "perc_pos_return_2017_2018": 0.5697674418604651,
        "profit_loss_ratio_2017_2018": 0.9925304766046611,
        "sharpe_ratio_2017": 1.785156156017542,
        "annual_return_2017_2018_0_5_bps": 0.007925983344022836,
        "annual_volatility_2017_2018_0_5_bps": 0.007710244380259195,
        "sharpe_ratio_2017_2018_0_5_bps": 1.0277844321804908,
        "downside_risk_2017_2018_0_5_bps": 0.005165591075199156,
        "sortino_ratio_2017_2018_0_5_bps": 1.5340875859074836,
        "max_drawdown_2017_2018_0_5_bps": 0.0064807585260756315,
        "calmar_ratio_2017_2018_0_5_bps": 1.2230024174072025,
        "perc_pos_return_2017_2018_0_5_bps": 0.5581395348837209,
        "profit_loss_ratio_2017_2018_0_5_bps": 0.9374818918862386,
        "sharpe_ratio_2017_0_5_bps": 1.1490046317235558,
        "annual_return_2017_2018_1_0_bps": 0.002983429851395769,
        "annual_volatility_2017_2018_1_0_bps": 0.007716125509108338,
        "sharpe_ratio_2017_2018_1_0_bps": 0.38991840602708017,
        "downside_risk_2017_2018_1_0_bps": 0.005334615674795179,
        "sortino_ratio_2017_2018_1_0_bps": 0.5639880251227155,
        "max_drawdown_2017_2018_1_0_bps": 0.0074459820917514175,
        "calmar_ratio_2017_2018_1_0_bps": 0.4006764741887819,
        "perc_pos_return_2017_2018_1_0_bps": 0.5310077519379846,
        "profit_loss_ratio_2017_2018_1_0_bps": 0.9418519803694239,
        "sharpe_ratio_2017_1_0_bps": 0.5133260298906624,
        "annual_return_2017_2018_1_5_bps": -0.001934988502803825,
        "annual_volatility_2017_2018_1_5_bps": 0.007722769001534263,
        "sharpe_ratio_2017_2018_1_5_bps": -0.24695163399627731,
        "downside_risk_2017_2018_1_5_bps": 0.005507510520309065,
        "sortino_ratio_2017_2018_1_5_bps": -0.34628175776914566,
        "max_drawdown_2017_2018_1_5_bps": 0.008650667545334285,
        "calmar_ratio_2017_2018_1_5_bps": -0.2236808307177931,
        "perc_pos_return_2017_2018_1_5_bps": 0.5077519379844961,
        "profit_loss_ratio_2017_2018_1_5_bps": 0.9307273249923359,
        "sharpe_ratio_2017_1_5_bps": -0.12170664382947433,
        "annual_return_2017_2018_2_0_bps": -0.006829389077720682,
        "annual_volatility_2017_2018_2_0_bps": 0.007730172891957643,
        "sharpe_ratio_2017_2018_2_0_bps": -0.8826400524785538,
        "downside_risk_2017_2018_2_0_bps": 0.005684321595452933,
        "sortino_ratio_2017_2018_2_0_bps": -1.2003121379486494,
        "max_drawdown_2017_2018_2_0_bps": 0.010035373641496462,
        "calmar_ratio_2017_2018_2_0_bps": -0.6805316196181304,
        "perc_pos_return_2017_2018_2_0_bps": 0.49224806201550386,
        "profit_loss_ratio_2017_2018_2_0_bps": 0.8914215898327963,
        "sharpe_ratio_2017_2_0_bps": -0.7559214778651515,
        "annual_return_2017_2018_2_5_bps": -0.01169988866424998,
        "annual_volatility_2017_2018_2_5_bps": 0.007738334997776152,
        "sharpe_ratio_2017_2018_2_5_bps": -1.516963273562127,
        "downside_risk_2017_2018_2_5_bps": 0.0058649869064342245,
        "sortino_ratio_2017_2018_2_5_bps": -2.0014997778202686,
        "max_drawdown_2017_2018_2_5_bps": 0.014697349455940895,
        "calmar_ratio_2017_2018_2_5_bps": -0.7960543293417239,
        "perc_pos_return_2017_2018_2_5_bps": 0.4728682170542636,
        "profit_loss_ratio_2017_2018_2_5_bps": 0.8671122414970353,
        "sharpe_ratio_2017_2_5_bps": -1.3891478837196352,
        "annual_return_2017_2018_3_0_bps": -0.016546603487757716,
        "annual_volatility_2017_2018_3_0_bps": 0.007747252922540342,
        "sharpe_ratio_2017_2018_3_0_bps": -2.149740035569526,
        "downside_risk_2017_2018_3_0_bps": 0.006049537121946537,
        "sortino_ratio_2017_2018_3_0_bps": -2.7530337342419853,
        "max_drawdown_2017_2018_3_0_bps": 0.019503955705458424,
        "calmar_ratio_2017_2018_3_0_bps": -0.848371670733796,
        "perc_pos_return_2017_2018_3_0_bps": 0.437984496124031,
        "profit_loss_ratio_2017_2018_3_0_bps": 0.8986203427407258,
        "sharpe_ratio_2017_3_0_bps": -2.021216820515563
    },
    "COMB": {
        "annual_return_2017_2018": 0.012892789905243784,
        "annual_volatility_2017_2018": 0.0077051273606655426,
        "sharpe_ratio_2017_2018": 1.6664590115677875,
        "downside_risk_2017_2018": 0.005000187236008096,
        "sortino_ratio_2017_2018": 2.56795962219,
        "max_drawdown_2017_2018": 0.005583876820024369,
        "calmar_ratio_2017_2018": 2.3089316474548442,
        "perc_pos_return_2017_2018": 0.5697674418604651,
        "profit_loss_ratio_2017_2018": 0.9925304766046611,
        "sharpe_ratio_2017": 1.785156156017542,
        "annual_return_2017_2018_0_5_bps": 0.007925983344022836,
        "annual_volatility_2017_2018_0_5_bps": 0.007710244380259195,
        "sharpe_ratio_2017_2018_0_5_bps": 1.0277844321804908,
        "downside_risk_2017_2018_0_5_bps": 0.005165591075199156,
        "sortino_ratio_2017_2018_0_5_bps": 1.5340875859074836,
        "max_drawdown_2017_2018_0_5_bps": 0.0064807585260756315,
        "calmar_ratio_2017_2018_0_5_bps": 1.2230024174072025,
        "perc_pos_return_2017_2018_0_5_bps": 0.5581395348837209,
        "profit_loss_ratio_2017_2018_0_5_bps": 0.9374818918862386,
        "sharpe_ratio_2017_0_5_bps": 1.1490046317235558,
        "annual_return_2017_2018_1_0_bps": 0.002983429851395769,
        "annual_volatility_2017_2018_1_0_bps": 0.007716125509108338,
        "sharpe_ratio_2017_2018_1_0_bps": 0.38991840602708017,
        "downside_risk_2017_2018_1_0_bps": 0.005334615674795179,
        "sortino_ratio_2017_2018_1_0_bps": 0.5639880251227155,
        "max_drawdown_2017_2018_1_0_bps": 0.0074459820917514175,
        "calmar_ratio_2017_2018_1_0_bps": 0.4006764741887819,
        "perc_pos_return_2017_2018_1_0_bps": 0.5310077519379846,
        "profit_loss_ratio_2017_2018_1_0_bps": 0.9418519803694239,
        "sharpe_ratio_2017_1_0_bps": 0.5133260298906624,
        "annual_return_2017_2018_1_5_bps": -0.001934988502803825,
        "annual_volatility_2017_2018_1_5_bps": 0.007722769001534263,
        "sharpe_ratio_2017_2018_1_5_bps": -0.24695163399627731,
        "downside_risk_2017_2018_1_5_bps": 0.005507510520309065,
        "sortino_ratio_2017_2018_1_5_bps": -0.34628175776914566,
        "max_drawdown_2017_2018_1_5_bps": 0.008650667545334285,
        "calmar_ratio_2017_2018_1_5_bps": -0.2236808307177931,
        "perc_pos_return_2017_2018_1_5_bps": 0.5077519379844961,
        "profit_loss_ratio_2017_2018_1_5_bps": 0.9307273249923359,
        "sharpe_ratio_2017_1_5_bps": -0.12170664382947433,
        "annual_return_2017_2018_2_0_bps": -0.006829389077720682,
        "annual_volatility_2017_2018_2_0_bps": 0.007730172891957643,
        "sharpe_ratio_2017_2018_2_0_bps": -0.8826400524785538,
        "downside_risk_2017_2018_2_0_bps": 0.005684321595452933,
        "sortino_ratio_2017_2018_2_0_bps": -1.2003121379486494,
        "max_drawdown_2017_2018_2_0_bps": 0.010035373641496462,
        "calmar_ratio_2017_2018_2_0_bps": -0.6805316196181304,
        "perc_pos_return_2017_2018_2_0_bps": 0.49224806201550386,
        "profit_loss_ratio_2017_2018_2_0_bps": 0.8914215898327963,
        "sharpe_ratio_2017_2_0_bps": -0.7559214778651515,
        "annual_return_2017_2018_2_5_bps": -0.01169988866424998,
        "annual_volatility_2017_2018_2_5_bps": 0.007738334997776152,
        "sharpe_ratio_2017_2018_2_5_bps": -1.516963273562127,
        "downside_risk_2017_2018_2_5_bps": 0.0058649869064342245,