{
    "ALL": {
        "performance_sw": 2.198571742432458,
        "performance_fw": 2.0517014009466403,
        "val_loss": 2.924436838028209,
        "annual_return_2018_2019": 0.030475543404027583,
        "annual_volatility_2018_2019": 0.013697807624485012,
        "sharpe_ratio_2018_2019": 2.1985717424324576,
        "downside_risk_2018_2019": 0.008663560000309855,
        "sortino_ratio_2018_2019": 3.4761244540802525,
        "max_drawdown_2018_2019": 0.0041948958314064555,
        "calmar_ratio_2018_2019": 7.264910650668007,
        "perc_pos_return_2018_2019": 0.5769230769230769,
        "profit_loss_ratio_2018_2019": 1.0581982755108374,
        "sharpe_ratio_2018": 2.3204475592569644,
        "annual_return_2018_2019_0_5_bps": 0.024176249346813394,
        "annual_volatility_2018_2019_0_5_bps": 0.013694221666697568,
        "sharpe_ratio_2018_2019_0_5_bps": 1.7513337250155132,
        "downside_risk_2018_2019_0_5_bps": 0.008856441863146823,
        "sortino_ratio_2018_2019_0_5_bps": 2.707989575647035,
        "max_drawdown_2018_2019_0_5_bps": 0.004752745127962403,
        "calmar_ratio_2018_2019_0_5_bps": 5.086796934381002,
        "perc_pos_return_2018_2019_0_5_bps": 0.573076923076923,
        "profit_loss_ratio_2018_2019_0_5_bps": 0.9980056961674806,
        "sharpe_ratio_2018_0_5_bps": 1.9042176360064165,
        "annual_return_2018_2019_1_0_bps": 0.01791530336591096,
        "annual_volatility_2018_2019_1_0_bps": 0.013691183497137776,
        "sharpe_ratio_2018_2019_1_0_bps": 1.3038092516044635,
        "downside_risk_2018_2019_1_0_bps": 0.009052596059289335,
        "sortino_ratio_2018_2019_1_0_bps": 1.9718864723523224,
        "max_drawdown_2018_2019_1_0_bps": 0.005494062339124248,
        "calmar_ratio_2018_2019_1_0_bps": 3.260848213958682,
        "perc_pos_return_2018_2019_1_0_bps": 0.5576923076923077,
        "profit_loss_ratio_2018_2019_1_0_bps": 0.9863326409982431,
        "sharpe_ratio_2018_1_0_bps": 1.488366739902405,
        "annual_return_2018_2019_1_5_bps": 0.011692472981270186,
        "annual_volatility_2018_2019_1_5_bps": 0.013688693480546117,
        "sharpe_ratio_2018_2019_1_5_bps": 0.8560518351801142,
        "downside_risk_2018_2019_1_5_bps": 0.009252018019476116,
        "sortino_ratio_2018_2019_1_5_bps": 1.2665594847061372,
        "max_drawdown_2018_2019_1_5_bps": 0.006234845680982726,
        "calmar_ratio_2018_2019_1_5_bps": 1.8753428039019624,
        "perc_pos_return_2018_2019_1_5_bps": 0.5307692307692308,
        "profit_loss_ratio_2018_2019_1_5_bps": 1.0202637883134678,
        "sharpe_ratio_2018_1_5_bps": 1.0729322265388177,
        "annual_return_2018_2019_2_0_bps": 0.005507527116322075,
        "annual_volatility_2018_2019_2_0_bps": 0.013686751916097301,
        "sharpe_ratio_2018_2019_2_0_bps": 0.4081151375971829,
        "downside_risk_2018_2019_2_0_bps": 0.009454924771080661,
        "sortino_ratio_2018_2019_2_0_bps": 0.5907789619417695,
        "max_drawdown_2018_2019_2_0_bps": 0.008899863318325209,
        "calmar_ratio_2018_2019_2_0_bps": 0.6188327752159783,
        "perc_pos_return_2018_2019_2_0_bps": 0.5153846153846153,
        "profit_loss_ratio_2018_2019_2_0_bps": 1.0067925725064308,
        "sharpe_ratio_2018_2_0_bps": 0.657951212849608,
        "annual_return_2018_2019_2_5_bps": -0.0006397639104290809,
        "annual_volatility_2018_2019_2_5_bps": 0.013685359037220754,
        "sharpe_ratio_2018_2019_2_5_bps": -0.0399470624599326,
        "downside_risk_2018_2019_2_5_bps": 0.009661390533696867,
        "sortino_ratio_2018_2019_2_5_bps": -0.05658501127138199,
        "max_drawdown_2018_2019_2_5_bps": 0.013592453095008058,
        "calmar_ratio_2018_2019_2_5_bps": -0.04706758272088793,
        "perc_pos_return_2018_2019_2_5_bps": 0.49615384615384617,
        "profit_loss_ratio_2018_2019_2_5_bps": 1.0087357752015729,
        "sharpe_ratio_2018_2_5_bps": 0.2434605612686803,
        "annual_return_2018_2019_3_0_bps": -0.006749628393814211,
        "annual_volatility_2018_2019_3_0_bps": 0.013684515011460424,
        "sharpe_ratio_2018_2019_3_0_bps": -0.48808090169040436,
        "downside_risk_2018_2019_3_0_bps": 0.00987150287986113,
        "sortino_ratio_2018_2019_3_0_bps": -0.6766092769537275,
        "max_drawdown_2018_2019_3_0_bps": 0.018756309150723998,
        "calmar_ratio_2018_2019_3_0_bps": -0.35985909272313704,
        "perc_pos_return_2018_2019_3_0_bps": 0.49230769230769234,
        "profit_loss_ratio_2018_2019_3_0_bps": 0.9503548648935242,
        "sharpe_ratio_2018_3_0_bps": -0.1705031358241834
    },
    "COMB": {
        "annual_return_2018_2019": 0.030475543404027583,
        "annual_volatility_2018_2019": 0.013697807624485012,
        "sharpe_ratio_2018_2019": 2.1985717424324576,
        "downside_risk_2018_2019": 0.008663560000309855,
        "sortino_ratio_2018_2019": 3.4761244540802525,
        "max_drawdown_2018_2019": 0.0041948958314064555,
        "calmar_ratio_2018_2019": 7.264910650668007,
        "perc_pos_return_2018_2019": 0.5769230769230769,
        "profit_loss_ratio_2018_2019": 1.0581982755108374,
        "sharpe_ratio_2018": 2.3204475592569644,
        "annual_return_2018_2019_0_5_bps": 0.024176249346813394,
        "annual_volatility_2018_2019_0_5_bps": 0.013694221666697568,
        "sharpe_ratio_2018_2019_0_5_bps": 1.7513337250155132,
        "downside_risk_2018_2019_0_5_bps": 0.008856441863146823,
        "sortino_ratio_2018_2019_0_5_bps": 2.707989575647035,
        "max_drawdown_2018_2019_0_5_bps": 0.004752745127962403,
        "calmar_ratio_2018_2019_0_5_bps": 5.086796934381002,
        "perc_pos_return_2018_2019_0_5_bps": 0.573076923076923,
        "profit_loss_ratio_2018_2019_0_5_bps": 0.9980056961674806,
        "sharpe_ratio_2018_0_5_bps": 1.9042176360064165,
        "annual_return_2018_2019_1_0_bps": 0.01791530336591096,
        "annual_volatility_2018_2019_1_0_bps": 0.013691183497137776,
        "sharpe_ratio_2018_2019_1_0_bps": 1.3038092516044635,
        "downside_risk_2018_2019_1_0_bps": 0.009052596059289335,
        "sortino_ratio_2018_2019_1_0_bps": 1.9718864723523224,
        "max_drawdown_2018_2019_1_0_bps": 0.005494062339124248,
        "calmar_ratio_2018_2019_1_0_bps": 3.260848213958682,
        "perc_pos_return_2018_2019_1_0_bps": 0.5576923076923077,
        "profit_loss_ratio_2018_2019_1_0_bps": 0.9863326409982431,
        "sharpe_ratio_2018_1_0_bps": 1.488366739902405,
        "annual_return_2018_2019_1_5_bps": 0.011692472981270186,
        "annual_volatility_2018_2019_1_5_bps": 0.013688693480546117,
        "sharpe_ratio_2018_2019_1_5_bps": 0.8560518351801142,
        "downside_risk_2018_2019_1_5_bps": 0.009252018019476116,
        "sortino_ratio_2018_2019_1_5_bps": 1.2665594847061372,
        "max_drawdown_2018_2019_1_5_bps": 0.006234845680982726,
        "calmar_ratio_2018_2019_1_5_bps": 1.8753428039019624,
        "perc_pos_return_2018_2019_1_5_bps": 0.5307692307692308,
        "profit_loss_ratio_2018_2019_1_5_bps": 1.0202637883134678,
        "sharpe_ratio_2018_1_5_bps": 1.0729322265388177,
        "annual_return_2018_2019_2_0_bps": 0.005507527116322075,
        "annual_volatility_2018_2019_2_0_bps": 0.013686751916097301,
        "sharpe_ratio_2018_2019_2_0_bps": 0.4081151375971829,
        "downside_risk_2018_2019_2_0_bps": 0.009454924771080661,
        "sortino_ratio_2018_2019_2_0_bps": 0.5907789619417695,
        "max_drawdown_2018_2019_2_0_bps": 0.008899863318325209,
        "calmar_ratio_2018_2019_2_0_bps": 0.6188327752159783,
        "perc_pos_return_2018_2019_2_0_bps": 0.5153846153846153,
        "profit_loss_ratio_2018_2019_2_0_bps": 1.0067925725064308,
        "sharpe_ratio_2018_2_0_bps": 0.657951212849608,
        "annual_return_2018_2019_2_5_bps": -0.0006397639104290809,
        "annual_volatility_2018_2019_2_5_bps": 0.013685359037220754,
        "sharpe_ratio_2018_2019_2_5_bps": -0.0399470624599326,
        "downside_risk_2018_2019_2_5_bps": 0.009661390533696867,