{
    "ALL": {
        "performance_sw": 2.6203072232535307,
        "performance_fw": 2.5971072680353084,
        "val_loss": 3.2308396272887814,
        "annual_return_2017_2018": 0.023319942955617234,
        "annual_volatility_2017_2018": 0.008812674877908048,
        "sharpe_ratio_2017_2018": 2.6203072232535307,
        "downside_risk_2017_2018": 0.005191220581219127,
        "sortino_ratio_2017_2018": 4.448263231639521,
        "max_drawdown_2017_2018": 0.004317131682723464,
        "calmar_ratio_2017_2018": 5.4017214830254705,
        "perc_pos_return_2017_2018": 0.5542635658914729,
        "profit_loss_ratio_2017_2018": 1.2195617326967019,
        "sharpe_ratio_2017": 2.7544623835233475,
        "annual_return_2017_2018_0_5_bps": 0.017494856486279797,
        "annual_volatility_2017_2018_0_5_bps": 0.008816752675152563,
        "sharpe_ratio_2017_2018_0_5_bps": 1.9715751202064515,
        "downside_risk_2017_2018_0_5_bps": 0.005389853745324513,
        "sortino_ratio_2017_2018_0_5_bps": 3.22511352565428,
        "max_drawdown_2017_2018_0_5_bps": 0.004614780953987655,
        "calmar_ratio_2017_2018_0_5_bps": 3.791048082393251,
        "perc_pos_return_2017_2018_0_5_bps": 0.5271317829457365,
        "profit_loss_ratio_2017_2018_0_5_bps": 1.2260490560255455,
        "sharpe_ratio_2017_0_5_bps": 2.12165636866886,
        "annual_return_2017_2018_1_0_bps": 0.01170279056920931,
        "annual_volatility_2017_2018_1_0_bps": 0.008821615207677746,
        "sharpe_ratio_2017_2018_1_0_bps": 1.3233250960392586,
        "downside_risk_2017_2018_1_0_bps": 0.0055933363521808496,
        "sortino_ratio_2017_2018_1_0_bps": 2.087102233244007,
        "max_drawdown_2017_2018_1_0_bps": 0.005391773247140832,
        "calmar_ratio_2017_2018_1_0_bps": 2.1704901213000944,
        "perc_pos_return_2017_2018_1_0_bps": 0.5155038759689923,
        "profit_loss_ratio_2017_2018_1_0_bps": 1.1585381101613486,
        "sharpe_ratio_2017_1_0_bps": 1.489573265493184,
        "annual_return_2017_2018_1_5_bps": 0.005943558802504079,
        "annual_volatility_2017_2018_1_5_bps": 0.008827261178659888,
        "sharpe_ratio_2017_2018_1_5_bps": 0.6757293398000677,
        "downside_risk_2017_2018_1_5_bps": 0.0058014282643878735,
        "sortino_ratio_2017_2018_1_5_bps": 1.0281673920047998,
        "max_drawdown_2017_2018_1_5_bps": 0.006643414546197832,
        "calmar_ratio_2017_2018_1_5_bps": 0.8946542115011782,
        "perc_pos_return_2017_2018_1_5_bps": 0.5077519379844961,
        "profit_loss_ratio_2017_2018_1_5_bps": 1.0785474959106605,
        "sharpe_ratio_2017_1_5_bps": 0.8583445512409061,
        "annual_return_2017_2018_2_0_bps": 0.00021697583211932603,
        "annual_volatility_2017_2018_2_0_bps": 0.008833689085916701,
        "sharpe_ratio_2017_2018_2_0_bps": 0.028958902966545116,
        "downside_risk_2017_2018_2_0_bps": 0.006013914870209606,
        "sortino_ratio_2017_2018_2_0_bps": 0.042537008021660654,
        "max_drawdown_2017_2018_2_0_bps": 0.008339277183869932,
        "calmar_ratio_2017_2018_2_0_bps": 0.026018541815471353,
        "perc_pos_return_2017_2018_2_0_bps": 0.49224806201550386,
        "profit_loss_ratio_2017_2018_2_0_bps": 1.0362142694924392,
        "sharpe_ratio_2017_2_0_bps": 0.22810056580768695,
        "annual_return_2017_2018_2_5_bps": -0.005477142654032874,
        "annual_volatility_2017_2018_2_5_bps": 0.00884089722389277,
        "sharpe_ratio_2017_2018_2_5_bps": -0.6168165221522741,
        "downside_risk_2017_2018_2_5_bps": 0.006230632877327695,
        "sortino_ratio_2017_2018_2_5_bps": -0.8752259338197605,
        "max_drawdown_2017_2018_2_5_bps": 0.010547807831929977,
        "calmar_ratio_2017_2018_2_5_bps": -0.519268339100059,
        "perc_pos_return_2017_2018_2_5_bps": 0.4806201550387597,
        "profit_loss_ratio_2017_2018_2_5_bps": 0.9806079000141713,
        "sharpe_ratio_2017_2_5_bps": -0.4010296177867653,
        "annual_return_2017_2018_3_0_bps": -0.011138979931896387,
        "annual_volatility_2017_2018_3_0_bps": 0.008848883685903504,
        "sharpe_ratio_2017_2018_3_0_bps": -1.2614288194963943,
        "downside_risk_2017_2018_3_0_bps": 0.006451496572452748,
        "sortino_ratio_2017_2018_3_0_bps": -1.7301779170792413,
        "max_drawdown_2017_2018_3_0_bps": 0.015057089862612082,
        "calmar_ratio_2017_2018_3_0_bps": -0.7397830545964487,
        "perc_pos_return_2017_2018_3_0_bps": 0.46124031007751937,
        "profit_loss_ratio_2017_2018_3_0_bps": 0.9577941596307924,
        "sharpe_ratio_2017_3_0_bps": -1.0289183196436842
    },
    "COMB": {
        "annual_return_2017_2018": 0.023319942955617234,
        "annual_volatility_2017_2018": 0.008812674877908048,
        "sharpe_ratio_2017_2018": 2.6203072232535307,
        "downside_risk_2017_2018": 0.005191220581219127,
        "sortino_ratio_2017_2018": 4.448263231639521,
        "max_drawdown_2017_2018": 0.004317131682723464,
        "calmar_ratio_2017_2018": 5.4017214830254705,
        "perc_pos_return_2017_2018": 0.5542635658914729,
        "profit_loss_ratio_2017_2018": 1.2195617326967019,
        "sharpe_ratio_2017": 2.7544623835233475,
        "annual_return_2017_2018_0_5_bps": 0.017494856486279797,
        "annual_volatility_2017_2018_0_5_bps": 0.008816752675152563,
        "sharpe_ratio_2017_2018_0_5_bps": 1.9715751202064515,
        "downside_risk_2017_2018_0_5_bps": 0.005389853745324513,
        "sortino_ratio_2017_2018_0_5_bps": 3.22511352565428,
        "max_drawdown_2017_2018_0_5_bps": 0.004614780953987655,
        "calmar_ratio_2017_2018_0_5_bps": 3.791048082393251,
        "perc_pos_return_2017_2018_0_5_bps": 0.5271317829457365,
        "profit_loss_ratio_2017_2018_0_5_bps": 1.2260490560255455,
        "sharpe_ratio_2017_0_5_bps": 2.12165636866886,
        "annual_return_2017_2018_1_0_bps": 0.01170279056920931,
        "annual_volatility_2017_2018_1_0_bps": 0.008821615207677746,
        "sharpe_ratio_2017_2018_1_0_bps": 1.3233250960392586,
        "downside_risk_2017_2018_1_0_bps": 0.0055933363521808496,
        "sortino_ratio_2017_2018_1_0_bps": 2.087102233244007,
        "max_drawdown_2017_2018_1_0_bps": 0.005391773247140832,
        "calmar_ratio_2017_2018_1_0_bps": 2.1704901213000944,
        "perc_pos_return_2017_2018_1_0_bps": 0.5155038759689923,
        "profit_loss_ratio_2017_2018_1_0_bps": 1.1585381101613486,
        "sharpe_ratio_2017_1_0_bps": 1.489573265493184,
        "annual_return_2017_2018_1_5_bps": 0.005943558802504079,
        "annual_volatility_2017_2018_1_5_bps": 0.008827261178659888,
        "sharpe_ratio_2017_2018_1_5_bps": 0.6757293398000677,
        "downside_risk_2017_2018_1_5_bps": 0.0058014282643878735,
        "sortino_ratio_2017_2018_1_5_bps": 1.0281673920047998,
        "max_drawdown_2017_2018_1_5_bps": 0.006643414546197832,
        "calmar_ratio_2017_2018_1_5_bps": 0.8946542115011782,
        "perc_pos_return_2017_2018_1_5_bps": 0.5077519379844961,
        "profit_loss_ratio_2017_2018_1_5_bps": 1.0785474959106605,
        "sharpe_ratio_2017_1_5_bps": 0.8583445512409061,
        "annual_return_2017_2018_2_0_bps": 0.00021697583211932603,
        "annual_volatility_2017_2018_2_0_bps": 0.008833689085916701,
        "sharpe_ratio_2017_2018_2_0_bps": 0.028958902966545116,
        "downside_risk_2017_2018_2_0_bps": 0.006013914870209606,
        "sortino_ratio_2017_2018_2_0_bps": 0.042537008021660654,
        "max_drawdown_2017_2018_2_0_bps": 0.008339277183869932,
        "calmar_ratio_2017_2018_2_0_bps": 0.026018541815471353,
        "perc_pos_return_2017_2018_2_0_bps": 0.49224806201550386,
        "profit_loss_ratio_2017_2018_2_0_bps": 1.0362142694924392,
        "sharpe_ratio_2017_2_0_bps": 0.22810056580768695,
        "annual_return_2017_2018_2_5_bps": -0.005477142654032874,
        "annual_volatility_2017_2018_2_5_bps": 0.00884089722389277,
        "sharpe_ratio_2017_2018_2_5_bps": -0.6168165221522741,
        "downside_risk_2017_2018_2_5_bps": 0.006230632877327695,