{
    "ALL": {
        "performance_sw": 0.4351537731732198,
        "performance_fw": 0.4687552506703174,
        "val_loss": 3.224087025910936,
        "annual_return_2017_2018": 0.004031969156677251,
        "annual_volatility_2017_2018": 0.009347063514808596,
        "sharpe_ratio_2017_2018": 0.4351537731732195,
        "downside_risk_2017_2018": 0.006573101723695103,
        "sortino_ratio_2017_2018": 0.618796137278122,
        "max_drawdown_2017_2018": 0.009662936474807721,
        "calmar_ratio_2017_2018": 0.41726127116627676,
        "perc_pos_return_2017_2018": 0.5542635658914729,
        "profit_loss_ratio_2017_2018": 0.86286972568898,
        "sharpe_ratio_2017": 0.765364555877272,
        "annual_return_2017_2018_0_5_bps": -0.0029534064884197964,
        "annual_volatility_2017_2018_0_5_bps": 0.009364459363539327,
        "sharpe_ratio_2017_2018_0_5_bps": -0.31118512300955,
        "downside_risk_2017_2018_0_5_bps": 0.006822994898094266,
        "sortino_ratio_2017_2018_0_5_bps": -0.4270969687775746,
        "max_drawdown_2017_2018_0_5_bps": 0.011461150136521988,
        "calmar_ratio_2017_2018_0_5_bps": -0.25768849140266475,
        "perc_pos_return_2017_2018_0_5_bps": 0.5310077519379846,
        "profit_loss_ratio_2017_2018_0_5_bps": 0.8396463638369933,
        "sharpe_ratio_2017_0_5_bps": 0.04908085298108294,
        "annual_return_2017_2018_1_0_bps": -0.009890385643602784,
        "annual_volatility_2017_2018_1_0_bps": 0.00938306606411267,
        "sharpe_ratio_2017_2018_1_0_bps": -1.05462018138485,
        "downside_risk_2017_2018_1_0_bps": 0.007078821621618514,
        "sortino_ratio_2017_2018_1_0_bps": -1.397912161574993,
        "max_drawdown_2017_2018_1_0_bps": 0.014215562826500048,
        "calmar_ratio_2017_2018_1_0_bps": -0.6957435146475908,
        "perc_pos_return_2017_2018_1_0_bps": 0.5116279069767442,
        "profit_loss_ratio_2017_2018_1_0_bps": 0.8036071191732452,
        "sharpe_ratio_2017_1_0_bps": -0.6641682655716271,
        "annual_return_2017_2018_1_5_bps": -0.016779302206122337,
        "annual_volatility_2017_2018_1_5_bps": 0.009402876428318963,
        "sharpe_ratio_2017_2018_1_5_bps": -1.794882806198637,
        "downside_risk_2017_2018_1_5_bps": 0.00734070390073157,
        "sortino_ratio_2017_2018_1_5_bps": -2.299106660373292,
        "max_drawdown_2017_2018_1_5_bps": 0.02029586259367138,
        "calmar_ratio_2017_2018_1_5_bps": -0.826735110601036,
        "perc_pos_return_2017_2018_1_5_bps": 0.4806201550387597,
        "profit_loss_ratio_2017_2018_1_5_bps": 0.8054902934485618,
        "sharpe_ratio_2017_1_5_bps": -1.3741855423901825,
        "annual_return_2017_2018_2_0_bps": -0.023620487779308696,
        "annual_volatility_2017_2018_2_0_bps": 0.009423882865336346,
        "sharpe_ratio_2017_2018_2_0_bps": -2.5317113939603537,
        "downside_risk_2017_2018_2_0_bps": 0.007608903277693604,
        "sortino_ratio_2017_2018_2_0_bps": -3.135609792210649,
        "max_drawdown_2017_2018_2_0_bps": 0.026788423763036355,
        "calmar_ratio_2017_2018_2_0_bps": -0.8817423521536608,
        "perc_pos_return_2017_2018_2_0_bps": 0.4418604651162791,
        "profit_loss_ratio_2017_2018_2_0_bps": 0.834106839122301,
        "sharpe_ratio_2017_2_0_bps": -2.080779355598568,
        "annual_return_2017_2018_2_5_bps": -0.030414271688245398,
        "annual_volatility_2017_2018_2_5_bps": 0.009446077395593033,
        "sharpe_ratio_2017_2018_2_5_bps": -3.2648517188126664,
        "downside_risk_2017_2018_2_5_bps": 0.00788353207785225,
        "sortino_ratio_2017_2018_2_5_bps": -3.9119574470535157,
        "max_drawdown_2017_2018_2_5_bps": 0.03328181151683366,
        "calmar_ratio_2017_2018_2_5_bps": -0.9138406325287346,
        "perc_pos_return_2017_2018_2_5_bps": 0.43410852713178294,
        "profit_loss_ratio_2017_2018_2_5_bps": 0.7626019290417172,
        "sharpe_ratio_2017_2_5_bps": -2.783763909569136,
        "annual_return_2017_2018_3_0_bps": -0.037160980995377235,
        "annual_volatility_2017_2018_3_0_bps": 0.009469451665122823,
        "sharpe_ratio_2017_2018_3_0_bps": -3.994057285899716,
        "downside_risk_2017_2018_3_0_bps": 0.008164513677817491,
        "sortino_ratio_2017_2018_3_0_bps": -4.632429304309686,
        "max_drawdown_2017_2018_3_0_bps": 0.04015452570927916,
        "calmar_ratio_2017_2018_3_0_bps": -0.9254493818311953,
        "perc_pos_return_2017_2018_3_0_bps": 0.40310077519379844,
        "profit_loss_ratio_2017_2018_3_0_bps": 0.7684323524917408,
        "sharpe_ratio_2017_3_0_bps": -3.4829594063286136
    },
    "COMB": {
        "annual_return_2017_2018": 0.004031969156677251,
        "annual_volatility_2017_2018": 0.009347063514808596,
        "sharpe_ratio_2017_2018": 0.4351537731732195,
        "downside_risk_2017_2018": 0.006573101723695103,
        "sortino_ratio_2017_2018": 0.618796137278122,
        "max_drawdown_2017_2018": 0.009662936474807721,
        "calmar_ratio_2017_2018": 0.41726127116627676,
        "perc_pos_return_2017_2018": 0.5542635658914729,
        "profit_loss_ratio_2017_2018": 0.86286972568898,
        "sharpe_ratio_2017": 0.765364555877272,
        "annual_return_2017_2018_0_5_bps": -0.0029534064884197964,
        "annual_volatility_2017_2018_0_5_bps": 0.009364459363539327,
        "sharpe_ratio_2017_2018_0_5_bps": -0.31118512300955,
        "downside_risk_2017_2018_0_5_bps": 0.006822994898094266,
        "sortino_ratio_2017_2018_0_5_bps": -0.4270969687775746,
        "max_drawdown_2017_2018_0_5_bps": 0.011461150136521988,
        "calmar_ratio_2017_2018_0_5_bps": -0.25768849140266475,
        "perc_pos_return_2017_2018_0_5_bps": 0.5310077519379846,
        "profit_loss_ratio_2017_2018_0_5_bps": 0.8396463638369933,
        "sharpe_ratio_2017_0_5_bps": 0.04908085298108294,
        "annual_return_2017_2018_1_0_bps": -0.009890385643602784,
        "annual_volatility_2017_2018_1_0_bps": 0.00938306606411267,
        "sharpe_ratio_2017_2018_1_0_bps": -1.05462018138485,
        "downside_risk_2017_2018_1_0_bps": 0.007078821621618514,
        "sortino_ratio_2017_2018_1_0_bps": -1.397912161574993,
        "max_drawdown_2017_2018_1_0_bps": 0.014215562826500048,
        "calmar_ratio_2017_2018_1_0_bps": -0.6957435146475908,
        "perc_pos_return_2017_2018_1_0_bps": 0.5116279069767442,
        "profit_loss_ratio_2017_2018_1_0_bps": 0.8036071191732452,
        "sharpe_ratio_2017_1_0_bps": -0.6641682655716271,
        "annual_return_2017_2018_1_5_bps": -0.016779302206122337,
        "annual_volatility_2017_2018_1_5_bps": 0.009402876428318963,
        "sharpe_ratio_2017_2018_1_5_bps": -1.794882806198637,
        "downside_risk_2017_2018_1_5_bps": 0.00734070390073157,
        "sortino_ratio_2017_2018_1_5_bps": -2.299106660373292,
        "max_drawdown_2017_2018_1_5_bps": 0.02029586259367138,
        "calmar_ratio_2017_2018_1_5_bps": -0.826735110601036,
        "perc_pos_return_2017_2018_1_5_bps": 0.4806201550387597,
        "profit_loss_ratio_2017_2018_1_5_bps": 0.8054902934485618,
        "sharpe_ratio_2017_1_5_bps": -1.3741855423901825,
        "annual_return_2017_2018_2_0_bps": -0.023620487779308696,
        "annual_volatility_2017_2018_2_0_bps": 0.009423882865336346,
        "sharpe_ratio_2017_2018_2_0_bps": -2.5317113939603537,
        "downside_risk_2017_2018_2_0_bps": 0.007608903277693604,
        "sortino_ratio_2017_2018_2_0_bps": -3.135609792210649,
        "max_drawdown_2017_2018_2_0_bps": 0.026788423763036355,
        "calmar_ratio_2017_2018_2_0_bps": -0.8817423521536608,
        "perc_pos_return_2017_2018_2_0_bps": 0.4418604651162791,
        "profit_loss_ratio_2017_2018_2_0_bps": 0.834106839122301,
        "sharpe_ratio_2017_2_0_bps": -2.080779355598568,
        "annual_return_2017_2018_2_5_bps": -0.030414271688245398,
        "annual_volatility_2017_2018_2_5_bps": 0.009446077395593033,
        "sharpe_ratio_2017_2018_2_5_bps": -3.2648517188126664,
        "downside_risk_2017_2018_2_5_bps": 0.00788353207785225,