{
    "ALL": {
        "performance_sw": 1.0696220016347153,
        "performance_fw": 0.3961362592138171,
        "val_loss": 2.9112365621369594,
        "annual_return_2016_2017": 0.01354520331625797,
        "annual_volatility_2016_2017": 0.012653334868288714,
        "sharpe_ratio_2016_2017": 1.0696220016347153,
        "downside_risk_2016_2017": 0.006904057495739718,
        "sortino_ratio_2016_2017": 1.9603378705239496,
        "max_drawdown_2016_2017": 0.004892470092236415,
        "calmar_ratio_2016_2017": 2.7685817308831564,
        "perc_pos_return_2016_2017": 0.5057915057915058,
        "profit_loss_ratio_2016_2017": 1.2027808277116563,
        "sharpe_ratio_2016": 1.1852030554358808,
        "annual_return_2016_2017_0_5_bps": 0.009299549963094345,
        "annual_volatility_2016_2017_0_5_bps": 0.012649117636046208,
        "sharpe_ratio_2016_2017_0_5_bps": 0.7381015209556032,
        "downside_risk_2016_2017_0_5_bps": 0.007049265294659806,
        "sortino_ratio_2016_2017_0_5_bps": 1.3244405729750048,
        "max_drawdown_2016_2017_0_5_bps": 0.005317763391361168,
        "calmar_ratio_2016_2017_0_5_bps": 1.7487709171494321,
        "perc_pos_return_2016_2017_0_5_bps": 0.4942084942084942,
        "profit_loss_ratio_2016_2017_0_5_bps": 1.180870704557874,
        "sharpe_ratio_2016_0_5_bps": 0.8550437626169587,
        "annual_return_2016_2017_1_0_bps": 0.0050716057565254324,
        "annual_volatility_2016_2017_1_0_bps": 0.012645313912597605,
        "sharpe_ratio_2016_2017_1_0_bps": 0.4063466196384259,
        "downside_risk_2016_2017_1_0_bps": 0.00719676678334213,
        "sortino_ratio_2016_2017_1_0_bps": 0.7139845874322698,
        "max_drawdown_2016_2017_1_0_bps": 0.0066182596711875175,
        "calmar_ratio_2016_2017_1_0_bps": 0.7663050421857249,
        "perc_pos_return_2016_2017_1_0_bps": 0.4826254826254826,
        "profit_loss_ratio_2016_2017_1_0_bps": 1.1596468316216064,
        "sharpe_ratio_2016_1_0_bps": 0.5246479231684886,
        "annual_return_2016_2017_1_5_bps": 0.0008612971443857642,
        "annual_volatility_2016_2017_1_5_bps": 0.012641924071194582,
        "sharpe_ratio_2016_2017_1_5_bps": 0.07438963832509893,
        "downside_risk_2016_2017_1_5_bps": 0.007346545247535956,
        "sortino_ratio_2016_2017_1_5_bps": 0.12800957833955334,
        "max_drawdown_2016_2017_1_5_bps": 0.007917077187084379,
        "calmar_ratio_2016_2017_1_5_bps": 0.10878978744717203,
        "perc_pos_return_2016_2017_1_5_bps": 0.4671814671814672,
        "profit_loss_ratio_2016_2017_1_5_bps": 1.1569830467990538,
        "sharpe_ratio_2016_1_5_bps": 0.19404426241829978,
        "annual_return_2016_2017_2_0_bps": -0.003331449121300456,
        "annual_volatility_2016_2017_2_0_bps": 0.012638948444854048,
        "sharpe_ratio_2016_2017_2_0_bps": -0.25773696744510693,
        "downside_risk_2016_2017_2_0_bps": 0.0074985856741960335,
        "sortino_ratio_2016_2017_2_0_bps": -0.43441848708636516,
        "max_drawdown_2016_2017_2_0_bps": 0.009214218078298492,
        "calmar_ratio_2016_2017_2_0_bps": -0.3615552717540678,
        "perc_pos_return_2016_2017_2_0_bps": 0.4555984555984556,
        "profit_loss_ratio_2016_2017_2_0_bps": 1.137090548664482,
        "sharpe_ratio_2016_2_0_bps": -0.13673838927500956,
        "annual_return_2016_2017_2_5_bps": -0.007506705985597217,
        "annual_volatility_2016_2017_2_5_bps": 0.012636387326195061,
        "sharpe_ratio_2016_2017_2_5_bps": -0.5900006429589165,
        "downside_risk_2016_2017_2_5_bps": 0.007652895450437844,
        "sortino_ratio_2016_2017_2_5_bps": -0.9742033842506551,
        "max_drawdown_2016_2017_2_5_bps": 0.012323221276305474,
        "calmar_ratio_2016_2017_2_5_bps": -0.609151277680193,
        "perc_pos_return_2016_2017_2_5_bps": 0.4517374517374517,
        "profit_loss_ratio_2016_2017_2_5_bps": 1.083694697684133,
        "sharpe_ratio_2016_2_5_bps": -0.46767110895827513,
        "annual_return_2016_2017_3_0_bps": -0.011664546091875505,
        "annual_volatility_2016_2017_3_0_bps": 0.012634240967295299,
        "sharpe_ratio_2016_2017_3_0_bps": -0.9223687501734414,
        "downside_risk_2016_2017_3_0_bps": 0.007809409842060339,
        "sortino_ratio_2016_2017_3_0_bps": -1.4922291550932048,
        "max_drawdown_2016_2017_3_0_bps": 0.015981043150311,
        "calmar_ratio_2016_2017_3_0_bps": -0.729898917246119,
        "perc_pos_return_2016_2017_3_0_bps": 0.44015444015444016,
        "profit_loss_ratio_2016_2017_3_0_bps": 1.065917569797005,
        "sharpe_ratio_2016_3_0_bps": -0.7987248936204914
    },
    "COMB": {
        "annual_return_2016_2017": 0.01354520331625797,
        "annual_volatility_2016_2017": 0.012653334868288714,
        "sharpe_ratio_2016_2017": 1.0696220016347153,
        "downside_risk_2016_2017": 0.006904057495739718,
        "sortino_ratio_2016_2017": 1.9603378705239496,
        "max_drawdown_2016_2017": 0.004892470092236415,
        "calmar_ratio_2016_2017": 2.7685817308831564,
        "perc_pos_return_2016_2017": 0.5057915057915058,
        "profit_loss_ratio_2016_2017": 1.2027808277116563,
        "sharpe_ratio_2016": 1.1852030554358808,
        "annual_return_2016_2017_0_5_bps": 0.009299549963094345,
        "annual_volatility_2016_2017_0_5_bps": 0.012649117636046208,
        "sharpe_ratio_2016_2017_0_5_bps": 0.7381015209556032,
        "downside_risk_2016_2017_0_5_bps": 0.007049265294659806,
        "sortino_ratio_2016_2017_0_5_bps": 1.3244405729750048,
        "max_drawdown_2016_2017_0_5_bps": 0.005317763391361168,
        "calmar_ratio_2016_2017_0_5_bps": 1.7487709171494321,
        "perc_pos_return_2016_2017_0_5_bps": 0.4942084942084942,
        "profit_loss_ratio_2016_2017_0_5_bps": 1.180870704557874,
        "sharpe_ratio_2016_0_5_bps": 0.8550437626169587,
        "annual_return_2016_2017_1_0_bps": 0.0050716057565254324,
        "annual_volatility_2016_2017_1_0_bps": 0.012645313912597605,
        "sharpe_ratio_2016_2017_1_0_bps": 0.4063466196384259,
        "downside_risk_2016_2017_1_0_bps": 0.00719676678334213,
        "sortino_ratio_2016_2017_1_0_bps": 0.7139845874322698,
        "max_drawdown_2016_2017_1_0_bps": 0.0066182596711875175,
        "calmar_ratio_2016_2017_1_0_bps": 0.7663050421857249,
        "perc_pos_return_2016_2017_1_0_bps": 0.4826254826254826,
        "profit_loss_ratio_2016_2017_1_0_bps": 1.1596468316216064,
        "sharpe_ratio_2016_1_0_bps": 0.5246479231684886,
        "annual_return_2016_2017_1_5_bps": 0.0008612971443857642,
        "annual_volatility_2016_2017_1_5_bps": 0.012641924071194582,
        "sharpe_ratio_2016_2017_1_5_bps": 0.07438963832509893,
        "downside_risk_2016_2017_1_5_bps": 0.007346545247535956,
        "sortino_ratio_2016_2017_1_5_bps": 0.12800957833955334,
        "max_drawdown_2016_2017_1_5_bps": 0.007917077187084379,
        "calmar_ratio_2016_2017_1_5_bps": 0.10878978744717203,
        "perc_pos_return_2016_2017_1_5_bps": 0.4671814671814672,
        "profit_loss_ratio_2016_2017_1_5_bps": 1.1569830467990538,
        "sharpe_ratio_2016_1_5_bps": 0.19404426241829978,
        "annual_return_2016_2017_2_0_bps": -0.003331449121300456,
        "annual_volatility_2016_2017_2_0_bps": 0.012638948444854048,
        "sharpe_ratio_2016_2017_2_0_bps": -0.25773696744510693,
        "downside_risk_2016_2017_2_0_bps": 0.0074985856741960335,
        "sortino_ratio_2016_2017_2_0_bps": -0.43441848708636516,
        "max_drawdown_2016_2017_2_0_bps": 0.009214218078298492,
        "calmar_ratio_2016_2017_2_0_bps": -0.3615552717540678,
        "perc_pos_return_2016_2017_2_0_bps": 0.4555984555984556,
        "profit_loss_ratio_2016_2017_2_0_bps": 1.137090548664482,
        "sharpe_ratio_2016_2_0_bps": -0.13673838927500956,
        "annual_return_2016_2017_2_5_bps": -0.007506705985597217,
        "annual_volatility_2016_2017_2_5_bps": 0.012636387326195061,
        "sharpe_ratio_2016_2017_2_5_bps": -0.5900006429589165,
        "downside_risk_2016_2017_2_5_bps": 0.007652895450437844,