{
    "ALL": {
        "performance_sw": 1.7515169313456418,
        "performance_fw": 1.6189234102329129,
        "val_loss": 2.959349760076373,
        "annual_return_2018_2019": 0.016616552363060366,
        "annual_volatility_2018_2019": 0.009434612426782344,
        "sharpe_ratio_2018_2019": 1.7515169313456413,
        "downside_risk_2018_2019": 0.006471322882755995,
        "sortino_ratio_2018_2019": 2.5535556957336794,
        "max_drawdown_2018_2019": 0.00484499749786082,
        "calmar_ratio_2018_2019": 3.4296307418934613,
        "perc_pos_return_2018_2019": 0.6038461538461538,
        "profit_loss_ratio_2018_2019": 0.8775966951616118,
        "sharpe_ratio_2018": 1.6201424611564779,
        "annual_return_2018_2019_0_5_bps": 0.011311983585022611,
        "annual_volatility_2018_2019_0_5_bps": 0.009431164320300882,
        "sharpe_ratio_2018_2019_0_5_bps": 1.1974171235066573,
        "downside_risk_2018_2019_0_5_bps": 0.006629596281796226,
        "sortino_ratio_2018_2019_0_5_bps": 1.7034276555786831,
        "max_drawdown_2018_2019_0_5_bps": 0.004992213720971789,
        "calmar_ratio_2018_2019_0_5_bps": 2.2659253423991252,
        "perc_pos_return_2018_2019_0_5_bps": 0.5884615384615385,
        "profit_loss_ratio_2018_2019_0_5_bps": 0.8539484107174898,
        "sharpe_ratio_2018_0_5_bps": 1.0847871210200726,
        "annual_return_2018_2019_1_0_bps": 0.0060349764783702575,
        "annual_volatility_2018_2019_1_0_bps": 0.009428518691980347,
        "sharpe_ratio_2018_2019_1_0_bps": 0.6428572817518866,
        "downside_risk_2018_2019_1_0_bps": 0.006791275079551673,
        "sortino_ratio_2018_2019_1_0_bps": 0.8924968914193162,
        "max_drawdown_2018_2019_1_0_bps": 0.005865000051252167,
        "calmar_ratio_2018_2019_1_0_bps": 1.0289814877464154,
        "perc_pos_return_2018_2019_1_0_bps": 0.573076923076923,
        "profit_loss_ratio_2018_2019_1_0_bps": 0.8296738932030366,
        "sharpe_ratio_2018_1_0_bps": 0.5493094469867793,
        "annual_return_2018_2019_1_5_bps": 0.0007853884440731651,
        "annual_volatility_2018_2019_1_5_bps": 0.009426676217475328,
        "sharpe_ratio_2018_2019_1_5_bps": 0.08797863888397019,
        "downside_risk_2018_2019_1_5_bps": 0.006956435542631331,
        "sortino_ratio_2018_2019_1_5_bps": 0.11921998525406659,
        "max_drawdown_2018_2019_1_5_bps": 0.007370683983306765,
        "calmar_ratio_2018_2019_1_5_bps": 0.10655570715715455,
        "perc_pos_return_2018_2019_1_5_bps": 0.5615384615384615,
        "profit_loss_ratio_2018_2019_1_5_bps": 0.7924650468135345,
        "sharpe_ratio_2018_1_5_bps": 0.013818546124952362,
        "annual_return_2018_2019_2_0_bps": -0.0044369223822512405,
        "annual_volatility_2018_2019_2_0_bps": 0.009425637367774816,
        "sharpe_ratio_2018_2019_2_0_bps": -0.4670771259138654,
        "downside_risk_2018_2019_2_0_bps": 0.007125044881517039,
        "sortino_ratio_2018_2019_2_0_bps": -0.6178907901432373,
        "max_drawdown_2018_2019_2_0_bps": 0.011118739536289616,
        "calmar_ratio_2018_2019_2_0_bps": -0.3990490439828997,
        "perc_pos_return_2018_2019_2_0_bps": 0.5384615384615384,
        "profit_loss_ratio_2018_2019_2_0_bps": 0.7920840559851101,
        "sharpe_ratio_2018_2_0_bps": -0.5215764811317493,
        "annual_return_2018_2019_2_5_bps": -0.009632097134116724,
        "annual_volatility_2018_2019_2_5_bps": 0.009425402408600745,
        "sharpe_ratio_2018_2019_2_5_bps": -1.0221680675739797,
        "downside_risk_2018_2019_2_5_bps": 0.007297304285283337,
        "sortino_ratio_2018_2019_2_5_bps": -1.3202608784638992,
        "max_drawdown_2018_2019_2_5_bps": 0.015551786613133485,
        "calmar_ratio_2018_2019_2_5_bps": -0.6193563076529366,
        "perc_pos_return_2018_2019_2_5_bps": 0.5192307692307693,
        "profit_loss_ratio_2018_2019_2_5_bps": 0.7786100616664547,
        "sharpe_ratio_2018_2_5_bps": -1.056766652075978,
        "annual_return_2018_2019_3_0_bps": -0.014800276217912911,
        "annual_volatility_2018_2019_3_0_bps": 0.009425971400068338,
        "sharpe_ratio_2018_2019_3_0_bps": -1.5771521564831763,
        "downside_risk_2018_2019_3_0_bps": 0.007473491259831892,
        "sortino_ratio_2018_2019_3_0_bps": -1.9891896041236452,
        "max_drawdown_2018_2019_3_0_bps": 0.020046256953976476,
        "calmar_ratio_2018_2019_3_0_bps": -0.7383062210512599,
        "perc_pos_return_2018_2019_3_0_bps": 0.48846153846153845,
        "profit_loss_ratio_2018_2019_3_0_bps": 0.8010744644938544,
        "sharpe_ratio_2018_3_0_bps": -1.591643212518275
    },
    "COMB": {
        "annual_return_2018_2019": 0.016616552363060366,
        "annual_volatility_2018_2019": 0.009434612426782344,
        "sharpe_ratio_2018_2019": 1.7515169313456413,
        "downside_risk_2018_2019": 0.006471322882755995,
        "sortino_ratio_2018_2019": 2.5535556957336794,
        "max_drawdown_2018_2019": 0.00484499749786082,
        "calmar_ratio_2018_2019": 3.4296307418934613,
        "perc_pos_return_2018_2019": 0.6038461538461538,
        "profit_loss_ratio_2018_2019": 0.8775966951616118,
        "sharpe_ratio_2018": 1.6201424611564779,
        "annual_return_2018_2019_0_5_bps": 0.011311983585022611,
        "annual_volatility_2018_2019_0_5_bps": 0.009431164320300882,
        "sharpe_ratio_2018_2019_0_5_bps": 1.1974171235066573,
        "downside_risk_2018_2019_0_5_bps": 0.006629596281796226,
        "sortino_ratio_2018_2019_0_5_bps": 1.7034276555786831,
        "max_drawdown_2018_2019_0_5_bps": 0.004992213720971789,
        "calmar_ratio_2018_2019_0_5_bps": 2.2659253423991252,
        "perc_pos_return_2018_2019_0_5_bps": 0.5884615384615385,
        "profit_loss_ratio_2018_2019_0_5_bps": 0.8539484107174898,
        "sharpe_ratio_2018_0_5_bps": 1.0847871210200726,
        "annual_return_2018_2019_1_0_bps": 0.0060349764783702575,
        "annual_volatility_2018_2019_1_0_bps": 0.009428518691980347,
        "sharpe_ratio_2018_2019_1_0_bps": 0.6428572817518866,
        "downside_risk_2018_2019_1_0_bps": 0.006791275079551673,
        "sortino_ratio_2018_2019_1_0_bps": 0.8924968914193162,
        "max_drawdown_2018_2019_1_0_bps": 0.005865000051252167,
        "calmar_ratio_2018_2019_1_0_bps": 1.0289814877464154,
        "perc_pos_return_2018_2019_1_0_bps": 0.573076923076923,
        "profit_loss_ratio_2018_2019_1_0_bps": 0.8296738932030366,
        "sharpe_ratio_2018_1_0_bps": 0.5493094469867793,
        "annual_return_2018_2019_1_5_bps": 0.0007853884440731651,
        "annual_volatility_2018_2019_1_5_bps": 0.009426676217475328,
        "sharpe_ratio_2018_2019_1_5_bps": 0.08797863888397019,
        "downside_risk_2018_2019_1_5_bps": 0.006956435542631331,
        "sortino_ratio_2018_2019_1_5_bps": 0.11921998525406659,
        "max_drawdown_2018_2019_1_5_bps": 0.007370683983306765,
        "calmar_ratio_2018_2019_1_5_bps": 0.10655570715715455,
        "perc_pos_return_2018_2019_1_5_bps": 0.5615384615384615,
        "profit_loss_ratio_2018_2019_1_5_bps": 0.7924650468135345,
        "sharpe_ratio_2018_1_5_bps": 0.013818546124952362,
        "annual_return_2018_2019_2_0_bps": -0.0044369223822512405,
        "annual_volatility_2018_2019_2_0_bps": 0.009425637367774816,
        "sharpe_ratio_2018_2019_2_0_bps": -0.4670771259138654,
        "downside_risk_2018_2019_2_0_bps": 0.007125044881517039,
        "sortino_ratio_2018_2019_2_0_bps": -0.6178907901432373,
        "max_drawdown_2018_2019_2_0_bps": 0.011118739536289616,
        "calmar_ratio_2018_2019_2_0_bps": -0.3990490439828997,
        "perc_pos_return_2018_2019_2_0_bps": 0.5384615384615384,
        "profit_loss_ratio_2018_2019_2_0_bps": 0.7920840559851101,
        "sharpe_ratio_2018_2_0_bps": -0.5215764811317493,
        "annual_return_2018_2019_2_5_bps": -0.009632097134116724,
        "annual_volatility_2018_2019_2_5_bps": 0.009425402408600745,
        "sharpe_ratio_2018_2019_2_5_bps": -1.0221680675739797,
        "downside_risk_2018_2019_2_5_bps": 0.007297304285283337,