{
    "ALL": {
        "performance_sw": 1.911914931557261,
        "performance_fw": 1.636848087731127,
        "val_loss": 3.102259904997785,
        "annual_return_2021_2022": 0.1188591391644922,
        "annual_volatility_2021_2022": 0.04934475924208914,
        "sharpe_ratio_2021_2022": 2.300989976309831,
        "downside_risk_2021_2022": 0.03417327106262533,
        "sortino_ratio_2021_2022": 3.3225322852879478,
        "max_drawdown_2021_2022": 0.0300485575008893,
        "calmar_ratio_2021_2022": 3.955568887490673,
        "perc_pos_return_2021_2022": 0.5863013698630137,
        "profit_loss_ratio_2021_2022": 0.9856411329039099,
        "sharpe_ratio_2021": 1.911914931557261,
        "annual_return_2021_2022_0_5_bps": 0.11843622543193844,
        "annual_volatility_2021_2022_0_5_bps": 0.049344959294892535,
        "sharpe_ratio_2021_2022_0_5_bps": 2.2933169864980583,
        "downside_risk_2021_2022_0_5_bps": 0.03418216310623901,
        "sortino_ratio_2021_2022_0_5_bps": 3.3106048027831623,
        "max_drawdown_2021_2022_0_5_bps": 0.030053541343455392,
        "calmar_ratio_2021_2022_0_5_bps": 3.940840917162985,
        "perc_pos_return_2021_2022_0_5_bps": 0.5863013698630137,
        "profit_loss_ratio_2021_2022_0_5_bps": 0.9845581472804708,
        "sharpe_ratio_2021_0_5_bps": 1.905539369759142,
        "annual_return_2021_2022_1_0_bps": 0.11801347081859515,
        "annual_volatility_2021_2022_1_0_bps": 0.04934516477709654,
        "sharpe_ratio_2021_2022_1_0_bps": 2.285643807414029,
        "downside_risk_2021_2022_1_0_bps": 0.03419106089299034,
        "sortino_ratio_2021_2022_1_0_bps": 3.298682970136157,
        "max_drawdown_2021_2022_1_0_bps": 0.030058525164533143,
        "calmar_ratio_2021_2022_1_0_bps": 3.9261231272199075,
        "perc_pos_return_2021_2022_1_0_bps": 0.5863013698630137,
        "profit_loss_ratio_2021_2022_1_0_bps": 0.9834763274654139,
        "sharpe_ratio_2021_1_0_bps": 1.8991636506928662,
        "annual_return_2021_2022_1_5_bps": 0.11759087526487932,
        "annual_volatility_2021_2022_1_5_bps": 0.0493453756886333,
        "sharpe_ratio_2021_2022_1_5_bps": 2.277970441596048,
        "downside_risk_2021_2022_1_5_bps": 0.03419996441839671,
        "sortino_ratio_2021_2022_1_5_bps": 3.286766789374003,
        "max_drawdown_2021_2022_1_5_bps": 0.03006350896412245,
        "calmar_ratio_2021_2022_1_5_bps": 3.911415510584986,
        "perc_pos_return_2021_2022_1_5_bps": 0.5863013698630137,
        "profit_loss_ratio_2021_2022_1_5_bps": 0.9823956715773035,
        "sharpe_ratio_2021_1_5_bps": 1.8927877764675352,
        "annual_return_2021_2022_2_0_bps": 0.11716843871121263,
        "annual_volatility_2021_2022_2_0_bps": 0.04934559202943324,
        "sharpe_ratio_2021_2022_2_0_bps": 2.2702968915825346,
        "downside_risk_2021_2022_2_0_bps": 0.034208873677977376,
        "sortino_ratio_2021_2022_2_0_bps": 3.2748562625095468,
        "max_drawdown_2021_2022_2_0_bps": 0.03006849274222305,
        "calmar_ratio_2021_2022_2_0_bps": 3.8967180601866787,
        "perc_pos_return_2021_2022_2_0_bps": 0.5863013698630137,
        "profit_loss_ratio_2021_2022_2_0_bps": 0.9813161777387519,
        "sharpe_ratio_2021_2_0_bps": 1.8864117491923464,
        "annual_return_2021_2022_2_5_bps": 0.11674616109805425,
        "annual_volatility_2021_2022_2_5_bps": 0.04934581379942494,
        "sharpe_ratio_2021_2022_2_5_bps": 2.262623159912029,
        "downside_risk_2021_2022_2_5_bps": 0.03421778866725329,
        "sortino_ratio_2021_2022_2_5_bps": 3.2629513915414523,
        "max_drawdown_2021_2022_2_5_bps": 0.030073476498835086,
        "calmar_ratio_2021_2022_2_5_bps": 3.882030768959368,
        "perc_pos_return_2021_2022_2_5_bps": 0.5863013698630137,
        "profit_loss_ratio_2021_2022_2_5_bps": 0.980237844076405,
        "sharpe_ratio_2021_2_5_bps": 1.8800355709765975,
        "annual_return_2021_2022_3_0_bps": 0.11632404236587734,
        "annual_volatility_2021_2022_3_0_bps": 0.04934604099853517,
        "sharpe_ratio_2021_2022_3_0_bps": 2.254949249123185,
        "downside_risk_2021_2022_3_0_bps": 0.03422670938174726,
        "sortino_ratio_2021_2022_3_0_bps": 3.251052178454217,
        "max_drawdown_2021_2022_3_0_bps": 0.03007846023395958,
        "calmar_ratio_2021_2022_3_0_bps": 3.867353629842516,
        "perc_pos_return_2021_2022_3_0_bps": 0.5863013698630137,
        "profit_loss_ratio_2021_2022_3_0_bps": 0.9791606687209344,
        "sharpe_ratio_2021_3_0_bps": 1.8736592439296806
    },
    "COMB": {
        "annual_return_2021_2022": 0.1188591391644922,
        "annual_volatility_2021_2022": 0.04934475924208914,
        "sharpe_ratio_2021_2022": 2.300989976309831,
        "downside_risk_2021_2022": 0.03417327106262533,
        "sortino_ratio_2021_2022": 3.3225322852879478,
        "max_drawdown_2021_2022": 0.0300485575008893,
        "calmar_ratio_2021_2022": 3.955568887490673,
        "perc_pos_return_2021_2022": 0.5863013698630137,
        "profit_loss_ratio_2021_2022": 0.9856411329039099,
        "sharpe_ratio_2021": 1.911914931557261,
        "annual_return_2021_2022_0_5_bps": 0.11843622543193844,
        "annual_volatility_2021_2022_0_5_bps": 0.049344959294892535,
        "sharpe_ratio_2021_2022_0_5_bps": 2.2933169864980583,
        "downside_risk_2021_2022_0_5_bps": 0.03418216310623901,
        "sortino_ratio_2021_2022_0_5_bps": 3.3106048027831623,
        "max_drawdown_2021_2022_0_5_bps": 0.030053541343455392,
        "calmar_ratio_2021_2022_0_5_bps": 3.940840917162985,
        "perc_pos_return_2021_2022_0_5_bps": 0.5863013698630137,
        "profit_loss_ratio_2021_2022_0_5_bps": 0.9845581472804708,
        "sharpe_ratio_2021_0_5_bps": 1.905539369759142,
        "annual_return_2021_2022_1_0_bps": 0.11801347081859515,
        "annual_volatility_2021_2022_1_0_bps": 0.04934516477709654,
        "sharpe_ratio_2021_2022_1_0_bps": 2.285643807414029,
        "downside_risk_2021_2022_1_0_bps": 0.03419106089299034,
        "sortino_ratio_2021_2022_1_0_bps": 3.298682970136157,
        "max_drawdown_2021_2022_1_0_bps": 0.030058525164533143,
        "calmar_ratio_2021_2022_1_0_bps": 3.9261231272199075,
        "perc_pos_return_2021_2022_1_0_bps": 0.5863013698630137,
        "profit_loss_ratio_2021_2022_1_0_bps": 0.9834763274654139,
        "sharpe_ratio_2021_1_0_bps": 1.8991636506928662,
        "annual_return_2021_2022_1_5_bps": 0.11759087526487932,
        "annual_volatility_2021_2022_1_5_bps": 0.0493453756886333,
        "sharpe_ratio_2021_2022_1_5_bps": 2.277970441596048,
        "downside_risk_2021_2022_1_5_bps": 0.03419996441839671,
        "sortino_ratio_2021_2022_1_5_bps": 3.286766789374003,
        "max_drawdown_2021_2022_1_5_bps": 0.03006350896412245,
        "calmar_ratio_2021_2022_1_5_bps": 3.911415510584986,
        "perc_pos_return_2021_2022_1_5_bps": 0.5863013698630137,
        "profit_loss_ratio_2021_2022_1_5_bps": 0.9823956715773035,
        "sharpe_ratio_2021_1_5_bps": 1.8927877764675352,
        "annual_return_2021_2022_2_0_bps": 0.11716843871121263,
        "annual_volatility_2021_2022_2_0_bps": 0.04934559202943324,
        "sharpe_ratio_2021_2022_2_0_bps": 2.2702968915825346,
        "downside_risk_2021_2022_2_0_bps": 0.034208873677977376,
        "sortino_ratio_2021_2022_2_0_bps": 3.2748562625095468,
        "max_drawdown_2021_2022_2_0_bps": 0.03006849274222305,
        "calmar_ratio_2021_2022_2_0_bps": 3.8967180601866787,
        "perc_pos_return_2021_2022_2_0_bps": 0.5863013698630137,
        "profit_loss_ratio_2021_2022_2_0_bps": 0.9813161777387519,
        "sharpe_ratio_2021_2_0_bps": 1.8864117491923464,
        "annual_return_2021_2022_2_5_bps": 0.11674616109805425,
        "annual_volatility_2021_2022_2_5_bps": 0.04934581379942494,
        "sharpe_ratio_2021_2022_2_5_bps": 2.262623159912029,
        "downside_risk_2021_2022_2_5_bps": 0.03421778866725329,
        "sortino_ratio_2021_2022_2_5_bps": 3.2629513915414523,
        "max_drawdown_2021_2022_2_5_bps": 0.030073476498835086,