{
    "ALL": {
        "performance_sw": 2.281931242880492,
        "performance_fw": 2.760945598689829,
        "val_loss": 2.8977452827947667,
        "annual_return_2018_2019": 0.024525328461262763,
        "annual_volatility_2018_2019": 0.010643179306986062,
        "sharpe_ratio_2018_2019": 2.2819312428804923,
        "downside_risk_2018_2019": 0.007193230875893898,
        "sortino_ratio_2018_2019": 3.3763692286843927,
        "max_drawdown_2018_2019": 0.0051439771787518945,
        "calmar_ratio_2018_2019": 4.767775518633512,
        "perc_pos_return_2018_2019": 0.6192307692307693,
        "profit_loss_ratio_2018_2019": 0.9077565840004177,
        "sharpe_ratio_2018": 2.0545618901963865,
        "annual_return_2018_2019_0_5_bps": 0.018947825374372895,
        "annual_volatility_2018_2019_0_5_bps": 0.010647106637497373,
        "sharpe_ratio_2018_2019_0_5_bps": 1.7683414953245697,
        "downside_risk_2018_2019_0_5_bps": 0.007351677790483768,
        "sortino_ratio_2018_2019_0_5_bps": 2.561010018230589,
        "max_drawdown_2018_2019_0_5_bps": 0.00571423627963019,
        "calmar_ratio_2018_2019_0_5_bps": 3.315898126564544,
        "perc_pos_return_2018_2019_0_5_bps": 0.6038461538461538,
        "profit_loss_ratio_2018_2019_0_5_bps": 0.8882704867914261,
        "sharpe_ratio_2018_0_5_bps": 1.5734176704759706,
        "annual_return_2018_2019_1_0_bps": 0.013400559842714266,
        "annual_volatility_2018_2019_1_0_bps": 0.010651633622438986,
        "sharpe_ratio_2018_2019_1_0_bps": 1.2550598372170438,
        "downside_risk_2018_2019_1_0_bps": 0.007513776596713283,
        "sortino_ratio_2018_2019_1_0_bps": 1.7791901832856674,
        "max_drawdown_2018_2019_1_0_bps": 0.0065581516555797735,
        "calmar_ratio_2018_2019_1_0_bps": 2.043344000944667,
        "perc_pos_return_2018_2019_1_0_bps": 0.5807692307692308,
        "profit_loss_ratio_2018_2019_1_0_bps": 0.8957304399350137,
        "sharpe_ratio_2018_1_0_bps": 1.093028898870148,
        "annual_return_2018_2019_1_5_bps": 0.007883368622699338,
        "annual_volatility_2018_2019_1_5_bps": 0.010656759497612429,
        "sharpe_ratio_2018_2019_1_5_bps": 0.7421725760150137,
        "downside_risk_2018_2019_1_5_bps": 0.007679694017929637,
        "sortino_ratio_2018_2019_1_5_bps": 1.0298788766648939,
        "max_drawdown_2018_2019_1_5_bps": 0.007401370745110891,
        "calmar_ratio_2018_2019_1_5_bps": 1.0651227852498593,
        "perc_pos_return_2018_2019_1_5_bps": 0.5538461538461539,
        "profit_loss_ratio_2018_2019_1_5_bps": 0.9155080339658552,
        "sharpe_ratio_2018_1_5_bps": 0.6134511220475332,
        "annual_return_2018_2019_2_0_bps": 0.0023960893483438994,
        "annual_volatility_2018_2019_2_0_bps": 0.010662483399287452,
        "sharpe_ratio_2018_2019_2_0_bps": 0.2297655850531789,
        "downside_risk_2018_2019_2_0_bps": 0.007849563482160581,
        "sortino_ratio_2018_2019_2_0_bps": 0.31210292673278256,
        "max_drawdown_2018_2019_2_0_bps": 0.008682098241750863,
        "calmar_ratio_2018_2019_2_0_bps": 0.2759804463881182,
        "perc_pos_return_2018_2019_2_0_bps": 0.5423076923076923,
        "profit_loss_ratio_2018_2019_2_0_bps": 0.8781486636684894,
        "sharpe_ratio_2018_2_0_bps": 0.13473929711301297,
        "annual_return_2018_2019_2_5_bps": -0.0030614394734129746,
        "annual_volatility_2018_2019_2_5_bps": 0.01066880436492563,
        "sharpe_ratio_2018_2019_2_5_bps": -0.2820757671304693,
        "downside_risk_2018_2019_2_5_bps": 0.008023384868190776,
        "sortino_ratio_2018_2019_2_5_bps": -0.3750799974126007,
        "max_drawdown_2018_2019_2_5_bps": 0.011828353475395714,
        "calmar_ratio_2018_2019_2_5_bps": -0.2588221158406458,
        "perc_pos_return_2018_2019_2_5_bps": 0.5192307692307693,
        "profit_loss_ratio_2018_2019_2_5_bps": 0.8818016869193535,
        "sharpe_ratio_2018_2_5_bps": -0.3430522370241858,
        "annual_return_2018_2019_3_0_bps": -0.008489378467412267,
        "annual_volatility_2018_2019_3_0_bps": 0.010675721333983937,
        "sharpe_ratio_2018_2019_3_0_bps": -0.7932666864019168,
        "downside_risk_2018_2019_3_0_bps": 0.008201170496632855,
        "sortino_ratio_2018_2019_3_0_bps": -1.0326201718445762,
        "max_drawdown_2018_2019_3_0_bps": 0.016372807865682862,
        "calmar_ratio_2018_2019_3_0_bps": -0.5185047388973437,
        "perc_pos_return_2018_2019_3_0_bps": 0.5076923076923077,
        "profit_loss_ratio_2018_2019_3_0_bps": 0.8450507204695079,
        "sharpe_ratio_2018_3_0_bps": -0.8198697873989799
    },
    "COMB": {
        "annual_return_2018_2019": 0.024525328461262763,
        "annual_volatility_2018_2019": 0.010643179306986062,
        "sharpe_ratio_2018_2019": 2.2819312428804923,
        "downside_risk_2018_2019": 0.007193230875893898,
        "sortino_ratio_2018_2019": 3.3763692286843927,
        "max_drawdown_2018_2019": 0.0051439771787518945,
        "calmar_ratio_2018_2019": 4.767775518633512,
        "perc_pos_return_2018_2019": 0.6192307692307693,
        "profit_loss_ratio_2018_2019": 0.9077565840004177,
        "sharpe_ratio_2018": 2.0545618901963865,
        "annual_return_2018_2019_0_5_bps": 0.018947825374372895,
        "annual_volatility_2018_2019_0_5_bps": 0.010647106637497373,
        "sharpe_ratio_2018_2019_0_5_bps": 1.7683414953245697,
        "downside_risk_2018_2019_0_5_bps": 0.007351677790483768,
        "sortino_ratio_2018_2019_0_5_bps": 2.561010018230589,
        "max_drawdown_2018_2019_0_5_bps": 0.00571423627963019,
        "calmar_ratio_2018_2019_0_5_bps": 3.315898126564544,
        "perc_pos_return_2018_2019_0_5_bps": 0.6038461538461538,
        "profit_loss_ratio_2018_2019_0_5_bps": 0.8882704867914261,
        "sharpe_ratio_2018_0_5_bps": 1.5734176704759706,
        "annual_return_2018_2019_1_0_bps": 0.013400559842714266,
        "annual_volatility_2018_2019_1_0_bps": 0.010651633622438986,
        "sharpe_ratio_2018_2019_1_0_bps": 1.2550598372170438,
        "downside_risk_2018_2019_1_0_bps": 0.007513776596713283,
        "sortino_ratio_2018_2019_1_0_bps": 1.7791901832856674,
        "max_drawdown_2018_2019_1_0_bps": 0.0065581516555797735,
        "calmar_ratio_2018_2019_1_0_bps": 2.043344000944667,
        "perc_pos_return_2018_2019_1_0_bps": 0.5807692307692308,
        "profit_loss_ratio_2018_2019_1_0_bps": 0.8957304399350137,
        "sharpe_ratio_2018_1_0_bps": 1.093028898870148,
        "annual_return_2018_2019_1_5_bps": 0.007883368622699338,
        "annual_volatility_2018_2019_1_5_bps": 0.010656759497612429,
        "sharpe_ratio_2018_2019_1_5_bps": 0.7421725760150137,
        "downside_risk_2018_2019_1_5_bps": 0.007679694017929637,
        "sortino_ratio_2018_2019_1_5_bps": 1.0298788766648939,
        "max_drawdown_2018_2019_1_5_bps": 0.007401370745110891,
        "calmar_ratio_2018_2019_1_5_bps": 1.0651227852498593,
        "perc_pos_return_2018_2019_1_5_bps": 0.5538461538461539,
        "profit_loss_ratio_2018_2019_1_5_bps": 0.9155080339658552,
        "sharpe_ratio_2018_1_5_bps": 0.6134511220475332,
        "annual_return_2018_2019_2_0_bps": 0.0023960893483438994,
        "annual_volatility_2018_2019_2_0_bps": 0.010662483399287452,
        "sharpe_ratio_2018_2019_2_0_bps": 0.2297655850531789,
        "downside_risk_2018_2019_2_0_bps": 0.007849563482160581,
        "sortino_ratio_2018_2019_2_0_bps": 0.31210292673278256,
        "max_drawdown_2018_2019_2_0_bps": 0.008682098241750863,
        "calmar_ratio_2018_2019_2_0_bps": 0.2759804463881182,
        "perc_pos_return_2018_2019_2_0_bps": 0.5423076923076923,
        "profit_loss_ratio_2018_2019_2_0_bps": 0.8781486636684894,
        "sharpe_ratio_2018_2_0_bps": 0.13473929711301297,
        "annual_return_2018_2019_2_5_bps": -0.0030614394734129746,
        "annual_volatility_2018_2019_2_5_bps": 0.01066880436492563,
        "sharpe_ratio_2018_2019_2_5_bps": -0.2820757671304693,
        "downside_risk_2018_2019_2_5_bps": 0.008023384868190776,