{
    "ALL": {
        "performance_sw": 2.6073852963683275,
        "performance_fw": 2.447825184291452,
        "val_loss": 2.927310933710958,
        "annual_return_2018_2019": 0.023142536528578894,
        "annual_volatility_2018_2019": 0.008789773974929568,
        "sharpe_ratio_2018_2019": 2.6073852963683275,
        "downside_risk_2018_2019": 0.005581569634451378,
        "sortino_ratio_2018_2019": 4.106072112613717,
        "max_drawdown_2018_2019": 0.0036909386995833027,
        "calmar_ratio_2018_2019": 6.270095065841009,
        "perc_pos_return_2018_2019": 0.5846153846153846,
        "profit_loss_ratio_2018_2019": 1.1066853941859656,
        "sharpe_ratio_2018": 2.3698200905103475,
        "annual_return_2018_2019_0_5_bps": 0.01733699371973363,
        "annual_volatility_2018_2019_0_5_bps": 0.00878394606691687,
        "sharpe_ratio_2018_2019_0_5_bps": 1.961241381229193,
        "downside_risk_2018_2019_0_5_bps": 0.005748143509899915,
        "sortino_ratio_2018_2019_0_5_bps": 2.9970439129176745,
        "max_drawdown_2018_2019_0_5_bps": 0.003766864600448457,
        "calmar_ratio_2018_2019_0_5_bps": 4.602499839699469,
        "perc_pos_return_2018_2019_0_5_bps": 0.5615384615384615,
        "profit_loss_ratio_2018_2019_0_5_bps": 1.0897181292979883,
        "sharpe_ratio_2018_0_5_bps": 1.7551819410058307,
        "annual_return_2018_2019_1_0_bps": 0.011564253400839108,
        "annual_volatility_2018_2019_1_0_bps": 0.00877918785576924,
        "sharpe_ratio_2018_2019_1_0_bps": 1.3140793661946724,
        "downside_risk_2018_2019_1_0_bps": 0.005920397066817331,
        "sortino_ratio_2018_2019_1_0_bps": 1.9486107913054198,
        "max_drawdown_2018_2019_1_0_bps": 0.004322445371002307,
        "calmar_ratio_2018_2019_1_0_bps": 2.6753960798254206,
        "perc_pos_return_2018_2019_1_0_bps": 0.5461538461538461,
        "profit_loss_ratio_2018_2019_1_0_bps": 1.0389427372927929,
        "sharpe_ratio_2018_1_0_bps": 1.1401500636126736,
        "annual_return_2018_2019_1_5_bps": 0.005824131018929313,
        "annual_volatility_2018_2019_1_5_bps": 0.008775501081504938,
        "sharpe_ratio_2018_2019_1_5_bps": 0.6661341221669754,
        "downside_risk_2018_2019_1_5_bps": 0.006098247105238166,
        "sortino_ratio_2018_2019_1_5_bps": 0.9585804918404228,
        "max_drawdown_2018_2019_1_5_bps": 0.006331959234213894,
        "calmar_ratio_2018_2019_1_5_bps": 0.9197991969783066,
        "perc_pos_return_2018_2019_1_5_bps": 0.5269230769230769,
        "profit_loss_ratio_2018_2019_1_5_bps": 1.0054575789420517,
        "sharpe_ratio_2018_1_5_bps": 0.524904277245058,
        "annual_return_2018_2019_2_0_bps": 0.00011644305494185048,
        "annual_volatility_2018_2019_2_0_bps": 0.00877288709492657,
        "sharpe_ratio_2018_2019_2_0_bps": 0.017642060603239456,
        "downside_risk_2018_2019_2_0_bps": 0.006281700613678222,
        "sortino_ratio_2018_2019_2_0_bps": 0.024638519934722887,
        "max_drawdown_2018_2019_2_0_bps": 0.008473324204224534,
        "calmar_ratio_2018_2019_2_0_bps": 0.013742310825755447,
        "perc_pos_return_2018_2019_2_0_bps": 0.49230769230769234,
        "profit_loss_ratio_2018_2019_2_0_bps": 1.034345371473299,
        "sharpe_ratio_2018_2_0_bps": -0.0903753212964737,
        "annual_return_2018_2019_2_5_bps": -0.0055589929820540895,
        "annual_volatility_2018_2019_2_5_bps": 0.008771346855152316,
        "sharpe_ratio_2018_2019_2_5_bps": -0.6311592950703535,
        "downside_risk_2018_2019_2_5_bps": 0.006470887961270702,
        "sortino_ratio_2018_2019_2_5_bps": -0.8555421035026479,
        "max_drawdown_2018_2019_2_5_bps": 0.010816926870742129,
        "calmar_ratio_2018_2019_2_5_bps": -0.5139161102299934,
        "perc_pos_return_2018_2019_2_5_bps": 0.46923076923076923,
        "profit_loss_ratio_2018_2019_2_5_bps": 1.0163065450791948,
        "sharpe_ratio_2018_2_5_bps": -0.7055086208104797,
        "annual_return_2018_2019_3_0_bps": -0.011202358560590597,
        "annual_volatility_2018_2019_3_0_bps": 0.008770880927858856,
        "sharpe_ratio_2018_2019_3_0_bps": -1.280031742987737,
        "downside_risk_2018_2019_3_0_bps": 0.006665746495860769,
        "sortino_ratio_2018_2019_3_0_bps": -1.6842833745022716,
        "max_drawdown_2018_2019_3_0_bps": 0.013938904317552334,
        "calmar_ratio_2018_2019_3_0_bps": -0.8036756911003552,
        "perc_pos_return_2018_2019_3_0_bps": 0.46153846153846156,
        "profit_loss_ratio_2018_2019_3_0_bps": 0.939226639763516,
        "sharpe_ratio_2018_3_0_bps": -1.3203157591779207
    },
    "COMB": {
        "annual_return_2018_2019": 0.023142536528578894,
        "annual_volatility_2018_2019": 0.008789773974929568,
        "sharpe_ratio_2018_2019": 2.6073852963683275,
        "downside_risk_2018_2019": 0.005581569634451378,
        "sortino_ratio_2018_2019": 4.106072112613717,
        "max_drawdown_2018_2019": 0.0036909386995833027,
        "calmar_ratio_2018_2019": 6.270095065841009,
        "perc_pos_return_2018_2019": 0.5846153846153846,
        "profit_loss_ratio_2018_2019": 1.1066853941859656,
        "sharpe_ratio_2018": 2.3698200905103475,
        "annual_return_2018_2019_0_5_bps": 0.01733699371973363,
        "annual_volatility_2018_2019_0_5_bps": 0.00878394606691687,
        "sharpe_ratio_2018_2019_0_5_bps": 1.961241381229193,
        "downside_risk_2018_2019_0_5_bps": 0.005748143509899915,
        "sortino_ratio_2018_2019_0_5_bps": 2.9970439129176745,
        "max_drawdown_2018_2019_0_5_bps": 0.003766864600448457,
        "calmar_ratio_2018_2019_0_5_bps": 4.602499839699469,
        "perc_pos_return_2018_2019_0_5_bps": 0.5615384615384615,
        "profit_loss_ratio_2018_2019_0_5_bps": 1.0897181292979883,
        "sharpe_ratio_2018_0_5_bps": 1.7551819410058307,
        "annual_return_2018_2019_1_0_bps": 0.011564253400839108,
        "annual_volatility_2018_2019_1_0_bps": 0.00877918785576924,
        "sharpe_ratio_2018_2019_1_0_bps": 1.3140793661946724,
        "downside_risk_2018_2019_1_0_bps": 0.005920397066817331,
        "sortino_ratio_2018_2019_1_0_bps": 1.9486107913054198,
        "max_drawdown_2018_2019_1_0_bps": 0.004322445371002307,
        "calmar_ratio_2018_2019_1_0_bps": 2.6753960798254206,
        "perc_pos_return_2018_2019_1_0_bps": 0.5461538461538461,
        "profit_loss_ratio_2018_2019_1_0_bps": 1.0389427372927929,
        "sharpe_ratio_2018_1_0_bps": 1.1401500636126736,
        "annual_return_2018_2019_1_5_bps": 0.005824131018929313,
        "annual_volatility_2018_2019_1_5_bps": 0.008775501081504938,
        "sharpe_ratio_2018_2019_1_5_bps": 0.6661341221669754,
        "downside_risk_2018_2019_1_5_bps": 0.006098247105238166,
        "sortino_ratio_2018_2019_1_5_bps": 0.9585804918404228,
        "max_drawdown_2018_2019_1_5_bps": 0.006331959234213894,
        "calmar_ratio_2018_2019_1_5_bps": 0.9197991969783066,
        "perc_pos_return_2018_2019_1_5_bps": 0.5269230769230769,
        "profit_loss_ratio_2018_2019_1_5_bps": 1.0054575789420517,
        "sharpe_ratio_2018_1_5_bps": 0.524904277245058,
        "annual_return_2018_2019_2_0_bps": 0.00011644305494185048,
        "annual_volatility_2018_2019_2_0_bps": 0.00877288709492657,
        "sharpe_ratio_2018_2019_2_0_bps": 0.017642060603239456,
        "downside_risk_2018_2019_2_0_bps": 0.006281700613678222,
        "sortino_ratio_2018_2019_2_0_bps": 0.024638519934722887,
        "max_drawdown_2018_2019_2_0_bps": 0.008473324204224534,
        "calmar_ratio_2018_2019_2_0_bps": 0.013742310825755447,
        "perc_pos_return_2018_2019_2_0_bps": 0.49230769230769234,
        "profit_loss_ratio_2018_2019_2_0_bps": 1.034345371473299,
        "sharpe_ratio_2018_2_0_bps": -0.0903753212964737,
        "annual_return_2018_2019_2_5_bps": -0.0055589929820540895,
        "annual_volatility_2018_2019_2_5_bps": 0.008771346855152316,
        "sharpe_ratio_2018_2019_2_5_bps": -0.6311592950703535,
        "downside_risk_2018_2019_2_5_bps": 0.006470887961270702,