{
    "ALL": {
        "performance_sw": 2.093132507647575,
        "performance_fw": 2.1661349785638833,
        "val_loss": 3.147343809443117,
        "annual_return_2019_2020": 0.02889332555000479,
        "annual_volatility_2019_2020": 0.013653275314356072,
        "sharpe_ratio_2019_2020": 2.093132507647575,
        "downside_risk_2019_2020": 0.0074248672600885,
        "sortino_ratio_2019_2020": 3.848973105547508,
        "max_drawdown_2019_2020": 0.007990385706944469,
        "calmar_ratio_2019_2020": 3.616011367873457,
        "perc_pos_return_2019_2020": 0.5538461538461539,
        "profit_loss_ratio_2019_2020": 1.2246346605492346,
        "sharpe_ratio_2019": 2.1293772004415272,
        "annual_return_2019_2020_0_5_bps": 0.023738699447620526,
        "annual_volatility_2019_2020_0_5_bps": 0.013650454740582806,
        "sharpe_ratio_2019_2020_0_5_bps": 1.7255904508598399,
        "downside_risk_2019_2020_0_5_bps": 0.007566940931482481,
        "sortino_ratio_2019_2020_0_5_bps": 3.112895232503066,
        "max_drawdown_2019_2020_0_5_bps": 0.008760199516823403,
        "calmar_ratio_2019_2020_0_5_bps": 2.70983547829383,
        "perc_pos_return_2019_2020_0_5_bps": 0.5346153846153846,
        "profit_loss_ratio_2019_2020_0_5_bps": 1.229078337716195,
        "sharpe_ratio_2019_0_5_bps": 1.762036244707543,
        "annual_return_2019_2020_1_0_bps": 0.0186097888999206,
        "annual_volatility_2019_2020_1_0_bps": 0.013648103711652898,
        "sharpe_ratio_2019_2020_1_0_bps": 1.3578497566899723,
        "downside_risk_2019_2020_1_0_bps": 0.007712644359773081,
        "sortino_ratio_2019_2020_1_0_bps": 2.4028171713459687,
        "max_drawdown_2019_2020_1_0_bps": 0.009550077436585296,
        "calmar_ratio_2019_2020_1_0_bps": 1.94865319401794,
        "perc_pos_return_2019_2020_1_0_bps": 0.5230769230769231,
        "profit_loss_ratio_2019_2020_1_0_bps": 1.1956916377893925,
        "sharpe_ratio_2019_1_0_bps": 1.3944370172574942,
        "annual_return_2019_2020_1_5_bps": 0.013506466157343189,
        "annual_volatility_2019_2020_1_5_bps": 0.01364622247025187,
        "sharpe_ratio_2019_2020_1_5_bps": 0.9899482649868687,
        "downside_risk_2019_2020_1_5_bps": 0.00786195623873432,
        "sortino_ratio_2019_2020_1_5_bps": 1.7182815380597252,
        "max_drawdown_2019_2020_1_5_bps": 0.010366807916409542,
        "calmar_ratio_2019_2020_1_5_bps": 1.3028567970246565,
        "perc_pos_return_2019_2020_1_5_bps": 0.5038461538461538,
        "profit_loss_ratio_2019_2020_1_5_bps": 1.1995941326599509,
        "sharpe_ratio_2019_1_5_bps": 1.0266116859416035,
        "annual_return_2019_2020_2_0_bps": 0.008428604102282744,
        "annual_volatility_2019_2020_2_0_bps": 0.013644811210691768,
        "sharpe_ratio_2019_2020_2_0_bps": 0.6219239006622869,
        "downside_risk_2019_2020_2_0_bps": 0.008014916107701341,
        "sortino_ratio_2019_2020_2_0_bps": 1.0587801666195729,
        "max_drawdown_2019_2020_2_0_bps": 0.011182881826175875,
        "calmar_ratio_2019_2020_2_0_bps": 0.7537059081277093,
        "perc_pos_return_2019_2020_2_0_bps": 0.49615384615384617,
        "profit_loss_ratio_2019_2020_2_0_bps": 1.1493444978904532,
        "sharpe_ratio_2019_2_0_bps": 0.6585925271517166,
        "annual_return_2019_2020_2_5_bps": 0.0033760762459631444,
        "annual_volatility_2019_2020_2_5_bps": 0.013643870078810915,
        "sharpe_ratio_2019_2020_2_5_bps": 0.25381465418930527,
        "downside_risk_2019_2020_2_5_bps": 0.008171452983523888,
        "sortino_ratio_2019_2020_2_5_bps": 0.42379417379500095,
        "max_drawdown_2019_2020_2_5_bps": 0.01199829968013892,
        "calmar_ratio_2019_2020_2_5_bps": 0.2813795567676682,
        "perc_pos_return_2019_2020_2_5_bps": 0.49230769230769234,
        "profit_loss_ratio_2019_2020_2_5_bps": 1.0846375747226698,
        "sharpe_ratio_2019_2_5_bps": 0.29041191177119635,
        "annual_return_2019_2020_3_0_bps": -0.001651243274657932,
        "annual_volatility_2019_2020_3_0_bps": 0.013643399171898591,
        "sharpe_ratio_2019_2020_3_0_bps": -0.11434143797923092,
        "downside_risk_2019_2020_3_0_bps": 0.00833150178637993,
        "sortino_ratio_2019_2020_3_0_bps": -0.18724185869944607,
        "max_drawdown_2019_2020_3_0_bps": 0.012813061992162554,
        "calmar_ratio_2019_2020_3_0_bps": -0.12887187119425147,
        "perc_pos_return_2019_2020_3_0_bps": 0.46923076923076923,
        "profit_loss_ratio_2019_2020_3_0_bps": 1.1057502917525595,
        "sharpe_ratio_2019_3_0_bps": -0.07789770897609029
    },
    "COMB": {
        "annual_return_2019_2020": 0.02889332555000479,
        "annual_volatility_2019_2020": 0.013653275314356072,
        "sharpe_ratio_2019_2020": 2.093132507647575,
        "downside_risk_2019_2020": 0.0074248672600885,
        "sortino_ratio_2019_2020": 3.848973105547508,
        "max_drawdown_2019_2020": 0.007990385706944469,
        "calmar_ratio_2019_2020": 3.616011367873457,
        "perc_pos_return_2019_2020": 0.5538461538461539,
        "profit_loss_ratio_2019_2020": 1.2246346605492346,
        "sharpe_ratio_2019": 2.1293772004415272,
        "annual_return_2019_2020_0_5_bps": 0.023738699447620526,
        "annual_volatility_2019_2020_0_5_bps": 0.013650454740582806,
        "sharpe_ratio_2019_2020_0_5_bps": 1.7255904508598399,
        "downside_risk_2019_2020_0_5_bps": 0.007566940931482481,
        "sortino_ratio_2019_2020_0_5_bps": 3.112895232503066,
        "max_drawdown_2019_2020_0_5_bps": 0.008760199516823403,
        "calmar_ratio_2019_2020_0_5_bps": 2.70983547829383,
        "perc_pos_return_2019_2020_0_5_bps": 0.5346153846153846,
        "profit_loss_ratio_2019_2020_0_5_bps": 1.229078337716195,
        "sharpe_ratio_2019_0_5_bps": 1.762036244707543,
        "annual_return_2019_2020_1_0_bps": 0.0186097888999206,
        "annual_volatility_2019_2020_1_0_bps": 0.013648103711652898,
        "sharpe_ratio_2019_2020_1_0_bps": 1.3578497566899723,
        "downside_risk_2019_2020_1_0_bps": 0.007712644359773081,
        "sortino_ratio_2019_2020_1_0_bps": 2.4028171713459687,
        "max_drawdown_2019_2020_1_0_bps": 0.009550077436585296,
        "calmar_ratio_2019_2020_1_0_bps": 1.94865319401794,
        "perc_pos_return_2019_2020_1_0_bps": 0.5230769230769231,
        "profit_loss_ratio_2019_2020_1_0_bps": 1.1956916377893925,
        "sharpe_ratio_2019_1_0_bps": 1.3944370172574942,
        "annual_return_2019_2020_1_5_bps": 0.013506466157343189,
        "annual_volatility_2019_2020_1_5_bps": 0.01364622247025187,
        "sharpe_ratio_2019_2020_1_5_bps": 0.9899482649868687,
        "downside_risk_2019_2020_1_5_bps": 0.00786195623873432,
        "sortino_ratio_2019_2020_1_5_bps": 1.7182815380597252,
        "max_drawdown_2019_2020_1_5_bps": 0.010366807916409542,
        "calmar_ratio_2019_2020_1_5_bps": 1.3028567970246565,
        "perc_pos_return_2019_2020_1_5_bps": 0.5038461538461538,
        "profit_loss_ratio_2019_2020_1_5_bps": 1.1995941326599509,
        "sharpe_ratio_2019_1_5_bps": 1.0266116859416035,
        "annual_return_2019_2020_2_0_bps": 0.008428604102282744,
        "annual_volatility_2019_2020_2_0_bps": 0.013644811210691768,
        "sharpe_ratio_2019_2020_2_0_bps": 0.6219239006622869,
        "downside_risk_2019_2020_2_0_bps": 0.008014916107701341,
        "sortino_ratio_2019_2020_2_0_bps": 1.0587801666195729,
        "max_drawdown_2019_2020_2_0_bps": 0.011182881826175875,
        "calmar_ratio_2019_2020_2_0_bps": 0.7537059081277093,
        "perc_pos_return_2019_2020_2_0_bps": 0.49615384615384617,
        "profit_loss_ratio_2019_2020_2_0_bps": 1.1493444978904532,
        "sharpe_ratio_2019_2_0_bps": 0.6585925271517166,
        "annual_return_2019_2020_2_5_bps": 0.0033760762459631444,
        "annual_volatility_2019_2020_2_5_bps": 0.013643870078810915,
        "sharpe_ratio_2019_2020_2_5_bps": 0.25381465418930527,
        "downside_risk_2019_2020_2_5_bps": 0.008171452983523888,
        "sortino_ratio_2019_2020_2_5_bps": 0.42379417379500095,