{
    "ALL": {
        "annual_return": -0.0046718859897945005,
        "annual_volatility": 0.04438594600036,
        "sharpe_ratio": -0.08085273686330201,
        "downside_risk": 0.0327765707829695,
        "sortino_ratio": -0.11302438264113102,
        "max_drawdown": 0.05606023943897301,
        "calmar_ratio": -0.1074189603901135,
        "perc_pos_return": 0.5089793767875955,
        "profit_loss_ratio": 0.9669739403634735,
        "annual_return_0_5_bps": -0.0053021854146445,
        "annual_volatility_0_5_bps": 0.044385737921713006,
        "sharpe_ratio_0_5_bps": -0.09483714707148401,
        "downside_risk_0_5_bps": 0.03278938827642,
        "sortino_ratio_0_5_bps": -0.13249049440961502,
        "max_drawdown_0_5_bps": 0.056190889993989,
        "calmar_ratio_0_5_bps": -0.12132246849705101,
        "perc_pos_return_0_5_bps": 0.5089793767875955,
        "profit_loss_ratio_0_5_bps": 0.964591454509251,
        "annual_return_1_0_bps": -0.0059320513519445,
        "annual_volatility_1_0_bps": 0.044385537614452505,
        "sharpe_ratio_1_0_bps": -0.10882171664281401,
        "downside_risk_1_0_bps": 0.0328022231567585,
        "sortino_ratio_1_0_bps": -0.1519395145542195,
        "max_drawdown_1_0_bps": 0.056321520477716006,
        "calmar_ratio_1_0_bps": -0.1350981930649735,
        "perc_pos_return_1_0_bps": 0.5089793767875955,
        "profit_loss_ratio_1_0_bps": 0.9622150331191861,
        "annual_return_1_5_bps": -0.0065614841193535,
        "annual_volatility_1_5_bps": 0.044385345078839004,
        "sharpe_ratio_1_5_bps": -0.12280643797621801,
        "downside_risk_1_5_bps": 0.032815075402551006,
        "sortino_ratio_1_5_bps": -0.17137143480844452,
        "max_drawdown_1_5_bps": 0.056452130893442504,
        "calmar_ratio_1_5_bps": -0.14874800671197452,
        "perc_pos_return_1_5_bps": 0.5089793767875955,
        "profit_loss_ratio_1_5_bps": 0.959844652219715,
        "annual_return_2_0_bps": -0.007190484034293,
        "annual_volatility_2_0_bps": 0.044385160315129,
        "sharpe_ratio_2_0_bps": -0.136791303469493,
        "downside_risk_2_0_bps": 0.0328279449923735,
        "sortino_ratio_2_0_bps": -0.190786247036288,
        "max_drawdown_2_0_bps": 0.05658272124445551,
        "calmar_ratio_2_0_bps": -0.16227374444290302,
        "perc_pos_return_2_0_bps": 0.5089793767875955,
        "profit_loss_ratio_2_0_bps": 0.9574802879674671,
        "annual_return_2_5_bps": -0.0078190514139325,
        "annual_volatility_2_5_bps": 0.0443849833235745,
        "sharpe_ratio_2_5_bps": -0.15077630551933352,
        "downside_risk_2_5_bps": 0.032840831904811504,
        "sortino_ratio_2_5_bps": -0.21018394323177553,
        "max_drawdown_2_5_bps": 0.056713291534045,
        "calmar_ratio_2_5_bps": -0.17567720459615202,
        "perc_pos_return_2_5_bps": 0.5089793767875955,
        "profit_loss_ratio_2_5_bps": 0.9551219166483615,
        "annual_return_3_0_bps": -0.0084471865752055,
        "annual_volatility_3_0_bps": 0.04438481410442251,
        "sharpe_ratio_3_0_bps": -0.1647614365213495,
        "downside_risk_3_0_bps": 0.0328537361190705,
        "sortino_ratio_3_0_bps": -0.22956451551197402,
        "max_drawdown_3_0_bps": 0.05684384176549451,
        "calmar_ratio_3_0_bps": -0.188960149762562,
        "perc_pos_return_3_0_bps": 0.5062396507601985,
        "profit_loss_ratio_3_0_bps": 0.9654133704598761,
        "annual_return_rescaled": -0.016550488395055074,
        "annual_volatility_rescaled": 0.12463645764920815,
        "downside_risk_rescaled": 0.0920371433841847,
        "max_drawdown_rescaled": 0.1785369591363251,
        "annual_return_rescaled_0_5_bps": -0.018001266624420975,
        "annual_volatility_rescaled_0_5_bps": 0.12463645764920792,
        "downside_risk_rescaled_0_5_bps": 0.09207356674942821,
        "max_drawdown_rescaled_0_5_bps": 0.17892931335813306,
        "annual_return_rescaled_1_0_bps": -0.019449732433129252,
        "annual_volatility_rescaled_1_0_bps": 0.12463645764920717,
        "downside_risk_rescaled_1_0_bps": 0.092110023151911,
        "max_drawdown_rescaled_1_0_bps": 0.17932143560559827,
        "annual_return_rescaled_1_5_bps": -0.020895888972977117,
        "annual_volatility_rescaled_1_5_bps": 0.1246364576492073,
        "downside_risk_rescaled_1_5_bps": 0.09214651251220166,
        "max_drawdown_rescaled_1_5_bps": 0.17971332581733618,
        "annual_return_rescaled_2_0_bps": -0.022339739393697378,
        "annual_volatility_rescaled_2_0_bps": 0.12463645764920783,
        "downside_risk_rescaled_2_0_bps": 0.09218303475086934,
        "max_drawdown_rescaled_2_0_bps": 0.18010498393233237,
        "annual_return_rescaled_2_5_bps": -0.023781286842947613,
        "annual_volatility_rescaled_2_5_bps": 0.12463645764920775,
        "downside_risk_rescaled_2_5_bps": 0.09221958978848513,
        "max_drawdown_rescaled_2_5_bps": 0.18049640988994345,
        "annual_return_rescaled_3_0_bps": -0.02522053446631245,
        "annual_volatility_rescaled_3_0_bps": 0.12463645764920714,
        "downside_risk_rescaled_3_0_bps": 0.0922561775473287,
        "max_drawdown_rescaled_3_0_bps": 0.18088760362989978,
        "sharpe_ratio_years": -0.06670536654903651,
        "sharpe_ratio_years_0_5_bps": -0.0783313286098245,
        "sharpe_ratio_years_1_0_bps": -0.08995742360249351,
        "sharpe_ratio_years_1_5_bps": -0.10158364520847402,
        "sharpe_ratio_years_2_0_bps": -0.11320998710825801,
        "sharpe_ratio_years_2_5_bps": -0.12483644298141951,
        "sharpe_ratio_years_3_0_bps": -0.1364630065066325,
        "sharpe_ratio_years_std": 0.005934244995788502,
        "sharpe_ratio_years_std_0_5_bps": 0.007152328564625499,
        "sharpe_ratio_years_std_1_0_bps": 0.008370026618178497,
        "sharpe_ratio_years_std_1_5_bps": 0.009587340866472997,
        "sharpe_ratio_years_std_2_0_bps": 0.010804273021012,
        "sharpe_ratio_years_std_2_5_bps": 0.0120208247947695,
        "sharpe_ratio_years_std_3_0_bps": 0.013236997902175501
    },
    "COMB": {
        "annual_return": -0.0046718859897945005,
        "annual_volatility": 0.04438594600036,
        "sharpe_ratio": -0.08085273686330201,
        "downside_risk": 0.0327765707829695,
        "sortino_ratio": -0.11302438264113102,
        "max_drawdown": 0.05606023943897301,
        "calmar_ratio": -0.1074189603901135,
        "perc_pos_return": 0.5089793767875955,
        "profit_loss_ratio": 0.9669739403634735,
        "annual_return_0_5_bps": -0.0053021854146445,
        "annual_volatility_0_5_bps": 0.044385737921713006,
        "sharpe_ratio_0_5_bps": -0.09483714707148401,
        "downside_risk_0_5_bps": 0.03278938827642,
        "sortino_ratio_0_5_bps": -0.13249049440961502,
        "max_drawdown_0_5_bps": 0.056190889993989,
        "calmar_ratio_0_5_bps": -0.12132246849705101,
        "perc_pos_return_0_5_bps": 0.5089793767875955,
        "profit_loss_ratio_0_5_bps": 0.964591454509251,
        "annual_return_1_0_bps": -0.0059320513519445,
        "annual_volatility_1_0_bps": 0.044385537614452505,
        "sharpe_ratio_1_0_bps": -0.10882171664281401,
        "downside_risk_1_0_bps": 0.0328022231567585,
        "sortino_ratio_1_0_bps": -0.1519395145542195,
        "max_drawdown_1_0_bps": 0.056321520477716006,
        "calmar_ratio_1_0_bps": -0.1350981930649735,
        "perc_pos_return_1_0_bps": 0.5089793767875955,
        "profit_loss_ratio_1_0_bps": 0.9622150331191861,
        "annual_return_1_5_bps": -0.0065614841193535,
        "annual_volatility_1_5_bps": 0.044385345078839004,
        "sharpe_ratio_1_5_bps": -0.12280643797621801,
        "downside_risk_1_5_bps": 0.032815075402551006,
        "sortino_ratio_1_5_bps": -0.17137143480844452,
        "max_drawdown_1_5_bps": 0.056452130893442504,
        "calmar_ratio_1_5_bps": -0.14874800671197452,
        "perc_pos_return_1_5_bps": 0.5089793767875955,
        "profit_loss_ratio_1_5_bps": 0.959844652219715,
        "annual_return_2_0_bps": -0.007190484034293,