{
    "ALL": {
        "annual_return": 0.010859773522416802,
        "annual_volatility": 0.0139351174618098,
        "sharpe_ratio": 1.5227704061331768,
        "downside_risk": 0.010342637468647201,
        "sortino_ratio": 2.866004482746388,
        "max_drawdown": 0.017103143633315603,
        "calmar_ratio": 3.16123300091862,
        "perc_pos_return": 0.5497478720734528,
        "profit_loss_ratio": 1.0666093269459231,
        "annual_return_0_5_bps": 0.0053095304253521994,
        "annual_volatility_0_5_bps": 0.013932847181540201,
        "sharpe_ratio_0_5_bps": 1.0361691949669112,
        "downside_risk_0_5_bps": 0.0105038818887972,
        "sortino_ratio_0_5_bps": 1.9772097997059315,
        "max_drawdown_0_5_bps": 0.0186466958152678,
        "calmar_ratio_0_5_bps": 2.13580545493702,
        "perc_pos_return_0_5_bps": 0.535868956101514,
        "profit_loss_ratio_0_5_bps": 1.0262164754568022,
        "annual_return_1_0_bps": -0.00020895153022559843,
        "annual_volatility_1_0_bps": 0.013931407302171999,
        "sharpe_ratio_1_0_bps": 0.5492621278689566,
        "downside_risk_1_0_bps": 0.0106692183985032,
        "sortino_ratio_1_0_bps": 1.1428486893548673,
        "max_drawdown_1_0_bps": 0.0203193519789888,
        "calmar_ratio_1_0_bps": 1.265932622368915,
        "perc_pos_return_1_0_bps": 0.5181081541546654,
        "profit_loss_ratio_1_0_bps": 1.0127403159041304,
        "annual_return_1_5_bps": -0.005695861416847001,
        "annual_volatility_1_5_bps": 0.0139307982766084,
        "sharpe_ratio_1_5_bps": 0.06219854448535713,
        "downside_risk_1_5_bps": 0.010838688590471402,
        "sortino_ratio_1_5_bps": 0.3595090255018602,
        "max_drawdown_1_5_bps": 0.022138697641843202,
        "calmar_ratio_1_5_bps": 0.561008175312322,
        "perc_pos_return_1_5_bps": 0.5003950334182888,
        "profit_loss_ratio_1_5_bps": 0.9930225912873365,
        "annual_return_2_0_bps": -0.0111513871411686,
        "annual_volatility_2_0_bps": 0.0139310203202952,
        "sharpe_ratio_2_0_bps": -0.4248721805903358,
        "downside_risk_2_0_bps": 0.011012283398742601,
        "sortino_ratio_2_0_bps": -0.376005856533375,
        "max_drawdown_2_0_bps": 0.024164038425182405,
        "calmar_ratio_2_0_bps": 0.03439190818732123,
        "perc_pos_return_2_0_bps": 0.48882979580653946,
        "profit_loss_ratio_2_0_bps": 0.9494229308780728,
        "annual_return_2_5_bps": -0.0165757154513836,
        "annual_volatility_2_5_bps": 0.013932073411204601,
        "sharpe_ratio_2_5_bps": -0.9118008975509184,
        "downside_risk_2_5_bps": 0.011189920365486201,
        "sortino_ratio_2_5_bps": -1.0667271516301178,
        "max_drawdown_2_5_bps": 0.026743453279947205,
        "calmar_ratio_2_5_bps": -0.36947034596537803,
        "perc_pos_return_2_5_bps": 0.47109277690673,
        "profit_loss_ratio_2_5_bps": 0.9266466690982854,
        "annual_return_3_0_bps": -0.0219690319445736,
        "annual_volatility_3_0_bps": 0.0139339572902068,
        "sharpe_ratio_3_0_bps": -1.3984389390259047,
        "downside_risk_3_0_bps": 0.011371567283197001,
        "sortino_ratio_3_0_bps": -1.715548855589428,
        "max_drawdown_3_0_bps": 0.0297269196564106,
        "calmar_ratio_3_0_bps": -0.6340792234017801,
        "perc_pos_return_3_0_bps": 0.45413396785489785,
        "profit_loss_ratio_3_0_bps": 0.9064477129617188,
        "annual_return_rescaled": 0.13801140394642827,
        "annual_volatility_rescaled": 0.15000000000000518,
        "downside_risk_rescaled": 0.11132992775617992,
        "max_drawdown_rescaled": 0.16471281825667178,
        "annual_return_rescaled_0_5_bps": 0.0709849219596379,
        "annual_volatility_rescaled_0_5_bps": 0.15000000000000377,
        "downside_risk_rescaled_0_5_bps": 0.11308401382649029,
        "max_drawdown_rescaled_0_5_bps": 0.1781384161804913,
        "annual_return_rescaled_1_0_bps": 0.008035691589899186,
        "annual_volatility_rescaled_1_0_bps": 0.15000000000000477,
        "downside_risk_rescaled_1_0_bps": 0.11487588619464444,
        "max_drawdown_rescaled_1_0_bps": 0.19224160059075918,
        "annual_return_rescaled_1_5_bps": -0.05108161246810241,
        "annual_volatility_rescaled_1_5_bps": 0.15000000000000385,
        "downside_risk_rescaled_1_5_bps": 0.11670568019785965,
        "max_drawdown_rescaled_1_5_bps": 0.20754266610877203,
        "annual_return_rescaled_2_0_bps": -0.10659835793557164,
        "annual_volatility_rescaled_2_0_bps": 0.15000000000000588,
        "downside_risk_rescaled_2_0_bps": 0.11857297396982111,
        "max_drawdown_rescaled_2_0_bps": 0.22451791983997132,
        "annual_return_rescaled_2_5_bps": -0.15873265515409082,
        "annual_volatility_rescaled_2_5_bps": 0.150000000000002,
        "downside_risk_rescaled_2_5_bps": 0.1204765439631608,
        "max_drawdown_rescaled_2_5_bps": 0.2456804339979611,
        "annual_return_rescaled_3_0_bps": -0.2076900311308713,
        "annual_volatility_rescaled_3_0_bps": 0.15000000000000374,
        "downside_risk_rescaled_3_0_bps": 0.12241569691608448,
        "max_drawdown_rescaled_3_0_bps": 0.2692587038136424,
        "sharpe_ratio_years": 1.5368492033171703,
        "sharpe_ratio_years_0_5_bps": 1.058780312179169,
        "sharpe_ratio_years_1_0_bps": 0.5806207436290154,
        "sharpe_ratio_years_1_5_bps": 0.10249887940706,
        "sharpe_ratio_years_2_0_bps": -0.3754571027273802,
        "sharpe_ratio_years_2_5_bps": -0.8531194279809753,
        "sharpe_ratio_years_3_0_bps": -1.3303609214771452,
        "sharpe_ratio_years_std": 1.7973979516019098,
        "sharpe_ratio_years_std_0_5_bps": 1.608865961884536,
        "sharpe_ratio_years_std_1_0_bps": 1.4244994223101164,
        "sharpe_ratio_years_std_1_5_bps": 1.2461708381343157,
        "sharpe_ratio_years_std_2_0_bps": 1.0768392844226502,
        "sharpe_ratio_years_std_2_5_bps": 0.921344213391875,
        "sharpe_ratio_years_std_3_0_bps": 0.7876697653178325
    },
    "COMB": {
        "annual_return": 0.010859773522416802,
        "annual_volatility": 0.0139351174618098,
        "sharpe_ratio": 1.5227704061331768,
        "downside_risk": 0.010342637468647201,
        "sortino_ratio": 2.866004482746388,
        "max_drawdown": 0.017103143633315603,
        "calmar_ratio": 3.16123300091862,
        "perc_pos_return": 0.5497478720734528,
        "profit_loss_ratio": 1.0666093269459231,
        "annual_return_0_5_bps": 0.0053095304253521994,
        "annual_volatility_0_5_bps": 0.013932847181540201,
        "sharpe_ratio_0_5_bps": 1.0361691949669112,
        "downside_risk_0_5_bps": 0.0105038818887972,
        "sortino_ratio_0_5_bps": 1.9772097997059315,
        "max_drawdown_0_5_bps": 0.0186466958152678,
        "calmar_ratio_0_5_bps": 2.13580545493702,
        "perc_pos_return_0_5_bps": 0.535868956101514,
        "profit_loss_ratio_0_5_bps": 1.0262164754568022,
        "annual_return_1_0_bps": -0.00020895153022559843,
        "annual_volatility_1_0_bps": 0.013931407302171999,
        "sharpe_ratio_1_0_bps": 0.5492621278689566,
        "downside_risk_1_0_bps": 0.0106692183985032,
        "sortino_ratio_1_0_bps": 1.1428486893548673,
        "max_drawdown_1_0_bps": 0.0203193519789888,
        "calmar_ratio_1_0_bps": 1.265932622368915,
        "perc_pos_return_1_0_bps": 0.5181081541546654,
        "profit_loss_ratio_1_0_bps": 1.0127403159041304,
        "annual_return_1_5_bps": -0.005695861416847001,
        "annual_volatility_1_5_bps": 0.0139307982766084,
        "sharpe_ratio_1_5_bps": 0.06219854448535713,
        "downside_risk_1_5_bps": 0.010838688590471402,
        "sortino_ratio_1_5_bps": 0.3595090255018602,
        "max_drawdown_1_5_bps": 0.022138697641843202,
        "calmar_ratio_1_5_bps": 0.561008175312322,
        "perc_pos_return_1_5_bps": 0.5003950334182888,
        "profit_loss_ratio_1_5_bps": 0.9930225912873365,
        "annual_return_2_0_bps": -0.0111513871411686,
        "annual_volatility_2_0_bps": 0.0139310203202952,