{
    "ALL": {
        "performance_sw": 2.7474443592276936,
        "performance_fw": 3.2504756765299034,
        "val_loss": 3.620152936965339,
        "annual_return_2019_2020": 0.029238276913054362,
        "annual_volatility_2019_2020": 0.010510001613691058,
        "sharpe_ratio_2019_2020": 2.7474443592276936,
        "downside_risk_2019_2020": 0.006209845390813328,
        "sortino_ratio_2019_2020": 4.649978031937361,
        "max_drawdown_2019_2020": 0.00572811544524973,
        "calmar_ratio_2019_2020": 5.104344909336871,
        "perc_pos_return_2019_2020": 0.5807692307692308,
        "profit_loss_ratio_2019_2020": 1.1408277947807046,
        "sharpe_ratio_2019": 2.592255611783943,
        "annual_return_2019_2020_0_5_bps": 0.023500407082497565,
        "annual_volatility_2019_2020_0_5_bps": 0.010499532130167018,
        "sharpe_ratio_2019_2020_0_5_bps": 2.2176694092374425,
        "downside_risk_2019_2020_0_5_bps": 0.0063833092105553225,
        "sortino_ratio_2019_2020_0_5_bps": 3.647714758651239,
        "max_drawdown_2019_2020_0_5_bps": 0.005843357786986252,
        "calmar_ratio_2019_2020_0_5_bps": 4.021729960611919,
        "perc_pos_return_2019_2020_0_5_bps": 0.573076923076923,
        "profit_loss_ratio_2019_2020_0_5_bps": 1.0781407487873629,
        "sharpe_ratio_2019_0_5_bps": 2.0641272057374915,
        "annual_return_2019_2020_1_0_bps": 0.017794390891896494,
        "annual_volatility_2019_2020_1_0_bps": 0.01048980576098104,
        "sharpe_ratio_2019_2020_1_0_bps": 1.686717388949048,
        "downside_risk_2019_2020_1_0_bps": 0.0065606377159984595,
        "sortino_ratio_2019_2020_1_0_bps": 2.696892977430912,
        "max_drawdown_2019_2020_1_0_bps": 0.007269452834059692,
        "calmar_ratio_2019_2020_1_0_bps": 2.447830847532861,
        "perc_pos_return_2019_2020_1_0_bps": 0.5461538461538461,
        "profit_loss_ratio_2019_2020_1_0_bps": 1.1008612132322175,
        "sharpe_ratio_2019_1_0_bps": 1.5347911378340209,
        "annual_return_2019_2020_1_5_bps": 0.012120052251546332,
        "annual_volatility_2019_2020_1_5_bps": 0.010480824574998524,
        "sharpe_ratio_2019_2020_1_5_bps": 1.1546977305565587,
        "downside_risk_2019_2020_1_5_bps": 0.006741987166359016,
        "sortino_ratio_2019_2020_1_5_bps": 1.7950470762536235,
        "max_drawdown_2019_2020_1_5_bps": 0.009027113655601961,
        "calmar_ratio_2019_2020_1_5_bps": 1.3426276342521712,
        "perc_pos_return_2019_2020_1_5_bps": 0.5115384615384615,
        "profit_loss_ratio_2019_2020_1_5_bps": 1.157400422409057,
        "sharpe_ratio_2019_1_5_bps": 1.004338595340725,
        "annual_return_2019_2020_2_0_bps": 0.006477216041077538,
        "annual_volatility_2019_2020_2_0_bps": 0.010472590489404018,
        "sharpe_ratio_2019_2020_2_0_bps": 0.6217211419722304,
        "downside_risk_2019_2020_2_0_bps": 0.0069276685141006055,
        "sortino_ratio_2019_2020_2_0_bps": 0.9398589013355945,
        "max_drawdown_2019_2020_2_0_bps": 0.0107817046783087,
        "calmar_ratio_2019_2020_2_0_bps": 0.6007599200995369,
        "perc_pos_return_2019_2020_2_0_bps": 0.5,
        "profit_loss_ratio_2019_2020_2_0_bps": 1.1088992484614615,
        "sharpe_ratio_2019_2_0_bps": 0.47286190550703194,
        "annual_return_2019_2020_2_5_bps": 0.0008657081041310022,
        "annual_volatility_2019_2020_2_5_bps": 0.010465105267683577,
        "sharpe_ratio_2019_2020_2_5_bps": 0.08789949669096683,
        "downside_risk_2019_2020_2_5_bps": 0.007117719717199139,
        "sortino_ratio_2019_2020_2_5_bps": 0.1292376663307766,
        "max_drawdown_2019_2020_2_5_bps": 0.01253323119003968,
        "calmar_ratio_2019_2020_2_5_bps": 0.06907301804334316,
        "perc_pos_return_2019_2020_2_5_bps": 0.4807692307692308,
        "profit_loss_ratio_2019_2020_2_5_bps": 1.0958600082840317,
        "sharpe_ratio_2019_2_5_bps": -0.05954553970320971,
        "annual_return_2019_2020_3_0_bps": -0.00471464475693717,
        "annual_volatility_2019_2020_3_0_bps": 0.01045837051775859,
        "sharpe_ratio_2019_2020_3_0_bps": -0.4466542793500287,
        "downside_risk_2019_2020_3_0_bps": 0.007312187476901744,
        "sortino_ratio_2019_2020_3_0_bps": -0.6388342697094416,
        "max_drawdown_2019_2020_3_0_bps": 0.014281698469673292,
        "calmar_ratio_2019_2020_3_0_bps": -0.33011793148753,
        "perc_pos_return_2019_2020_3_0_bps": 0.46153846153846156,
        "profit_loss_ratio_2019_2020_3_0_bps": 1.0835735371892687,
        "sharpe_ratio_2019_3_0_bps": -0.5927893611874586
    },
    "COMB": {
        "annual_return_2019_2020": 0.029238276913054362,
        "annual_volatility_2019_2020": 0.010510001613691058,
        "sharpe_ratio_2019_2020": 2.7474443592276936,
        "downside_risk_2019_2020": 0.006209845390813328,
        "sortino_ratio_2019_2020": 4.649978031937361,
        "max_drawdown_2019_2020": 0.00572811544524973,
        "calmar_ratio_2019_2020": 5.104344909336871,
        "perc_pos_return_2019_2020": 0.5807692307692308,
        "profit_loss_ratio_2019_2020": 1.1408277947807046,
        "sharpe_ratio_2019": 2.592255611783943,
        "annual_return_2019_2020_0_5_bps": 0.023500407082497565,
        "annual_volatility_2019_2020_0_5_bps": 0.010499532130167018,
        "sharpe_ratio_2019_2020_0_5_bps": 2.2176694092374425,
        "downside_risk_2019_2020_0_5_bps": 0.0063833092105553225,
        "sortino_ratio_2019_2020_0_5_bps": 3.647714758651239,
        "max_drawdown_2019_2020_0_5_bps": 0.005843357786986252,
        "calmar_ratio_2019_2020_0_5_bps": 4.021729960611919,
        "perc_pos_return_2019_2020_0_5_bps": 0.573076923076923,
        "profit_loss_ratio_2019_2020_0_5_bps": 1.0781407487873629,
        "sharpe_ratio_2019_0_5_bps": 2.0641272057374915,
        "annual_return_2019_2020_1_0_bps": 0.017794390891896494,
        "annual_volatility_2019_2020_1_0_bps": 0.01048980576098104,
        "sharpe_ratio_2019_2020_1_0_bps": 1.686717388949048,
        "downside_risk_2019_2020_1_0_bps": 0.0065606377159984595,
        "sortino_ratio_2019_2020_1_0_bps": 2.696892977430912,
        "max_drawdown_2019_2020_1_0_bps": 0.007269452834059692,
        "calmar_ratio_2019_2020_1_0_bps": 2.447830847532861,
        "perc_pos_return_2019_2020_1_0_bps": 0.5461538461538461,
        "profit_loss_ratio_2019_2020_1_0_bps": 1.1008612132322175,
        "sharpe_ratio_2019_1_0_bps": 1.5347911378340209,
        "annual_return_2019_2020_1_5_bps": 0.012120052251546332,
        "annual_volatility_2019_2020_1_5_bps": 0.010480824574998524,
        "sharpe_ratio_2019_2020_1_5_bps": 1.1546977305565587,
        "downside_risk_2019_2020_1_5_bps": 0.006741987166359016,
        "sortino_ratio_2019_2020_1_5_bps": 1.7950470762536235,
        "max_drawdown_2019_2020_1_5_bps": 0.009027113655601961,
        "calmar_ratio_2019_2020_1_5_bps": 1.3426276342521712,
        "perc_pos_return_2019_2020_1_5_bps": 0.5115384615384615,
        "profit_loss_ratio_2019_2020_1_5_bps": 1.157400422409057,
        "sharpe_ratio_2019_1_5_bps": 1.004338595340725,
        "annual_return_2019_2020_2_0_bps": 0.006477216041077538,
        "annual_volatility_2019_2020_2_0_bps": 0.010472590489404018,
        "sharpe_ratio_2019_2020_2_0_bps": 0.6217211419722304,
        "downside_risk_2019_2020_2_0_bps": 0.0069276685141006055,
        "sortino_ratio_2019_2020_2_0_bps": 0.9398589013355945,
        "max_drawdown_2019_2020_2_0_bps": 0.0107817046783087,
        "calmar_ratio_2019_2020_2_0_bps": 0.6007599200995369,
        "perc_pos_return_2019_2020_2_0_bps": 0.5,
        "profit_loss_ratio_2019_2020_2_0_bps": 1.1088992484614615,
        "sharpe_ratio_2019_2_0_bps": 0.47286190550703194,
        "annual_return_2019_2020_2_5_bps": 0.0008657081041310022,
        "annual_volatility_2019_2020_2_5_bps": 0.010465105267683577,
        "sharpe_ratio_2019_2020_2_5_bps": 0.08789949669096683,
        "downside_risk_2019_2020_2_5_bps": 0.007117719717199139,
        "sortino_ratio_2019_2020_2_5_bps": 0.1292376663307766,