{
    "ALL": {
        "performance_sw": 2.2929303517483404,
        "performance_fw": 2.6537476222533622,
        "val_loss": 3.177441611292966,
        "annual_return_2019_2020": 0.010395310471410069,
        "annual_volatility_2019_2020": 0.004514752841062217,
        "sharpe_ratio_2019_2020": 2.29293035174834,
        "downside_risk_2019_2020": 0.002637091143579561,
        "sortino_ratio_2019_2020": 3.9255426742140913,
        "max_drawdown_2019_2020": 0.002505116289182922,
        "calmar_ratio_2019_2020": 4.149631901839033,
        "perc_pos_return_2019_2020": 0.5230769230769231,
        "profit_loss_ratio_2019_2020": 1.355050787832415,
        "sharpe_ratio_2019": 2.2677558123966692,
        "annual_return_2019_2020_0_5_bps": 0.007310162756443361,
        "annual_volatility_2019_2020_0_5_bps": 0.00451412914810456,
        "sharpe_ratio_2019_2020_0_5_bps": 1.6157770864212633,
        "downside_risk_2019_2020_0_5_bps": 0.0027399777839363284,
        "sortino_ratio_2019_2020_0_5_bps": 2.6620020371753417,
        "max_drawdown_2019_2020_0_5_bps": 0.002781847640533642,
        "calmar_ratio_2019_2020_0_5_bps": 2.6278084572025855,
        "perc_pos_return_2019_2020_0_5_bps": 0.5076923076923077,
        "profit_loss_ratio_2019_2020_0_5_bps": 1.280466625610644,
        "sharpe_ratio_2019_0_5_bps": 1.5945195793031346,
        "annual_return_2019_2020_1_0_bps": 0.004234394997514546,
        "annual_volatility_2019_2020_1_0_bps": 0.0045141667779959906,
        "sharpe_ratio_2019_2020_1_0_bps": 0.9382991975485061,
        "downside_risk_2019_2020_1_0_bps": 0.0028459382409037567,
        "sortino_ratio_2019_2020_1_0_bps": 1.4883102537209987,
        "max_drawdown_2019_2020_1_0_bps": 0.0033153527895591565,
        "calmar_ratio_2019_2020_1_0_bps": 1.2772079673842476,
        "perc_pos_return_2019_2020_1_0_bps": 0.49230769230769234,
        "profit_loss_ratio_2019_2020_1_0_bps": 1.2111714588242368,
        "sharpe_ratio_2019_1_0_bps": 0.9210920626794733,
        "annual_return_2019_2020_1_5_bps": 0.0011679787985221513,
        "annual_volatility_2019_2020_1_5_bps": 0.004514865714200795,
        "sharpe_ratio_2019_2020_1_5_bps": 0.2607943984757625,
        "downside_risk_2019_2020_1_5_bps": 0.002954940012415021,
        "sortino_ratio_2019_2020_1_5_bps": 0.3984688972320387,
        "max_drawdown_2019_2020_1_5_bps": 0.003848581274722243,
        "calmar_ratio_2019_2020_1_5_bps": 0.3034829499882254,
        "perc_pos_return_2019_2020_1_5_bps": 0.46923076923076923,
        "profit_loss_ratio_2019_2020_1_5_bps": 1.1826342413833482,
        "sharpe_ratio_2019_1_5_bps": 0.2477293458946029,
        "annual_return_2019_2020_2_0_bps": -0.0018891141510536391,
        "annual_volatility_2019_2020_2_0_bps": 0.004516225649685438,
        "sharpe_ratio_2019_2020_2_0_bps": -0.41643970762556476,
        "downside_risk_2019_2020_2_0_bps": 0.003066960737890757,
        "sortino_ratio_2019_2020_2_0_bps": -0.6132245730734458,
        "max_drawdown_2019_2020_2_0_bps": 0.004450842966550632,
        "calmar_ratio_2019_2020_2_0_bps": -0.4244396320541696,
        "perc_pos_return_2019_2020_2_0_bps": 0.4653846153846154,
        "profit_loss_ratio_2019_2020_2_0_bps": 1.0701823063372977,
        "sharpe_ratio_2019_2_0_bps": -0.42531276848636207,
        "annual_return_2019_2020_2_5_bps": -0.00493691207639213,
        "annual_volatility_2019_2020_2_5_bps": 0.004518245987592432,
        "sharpe_ratio_2019_2020_2_5_bps": -1.0931062806117227,
        "downside_risk_2019_2020_2_5_bps": 0.003181831865758381,
        "sortino_ratio_2019_2020_2_5_bps": -1.5522262881130657,
        "max_drawdown_2019_2020_2_5_bps": 0.0054105120281796835,
        "calmar_ratio_2019_2020_2_5_bps": -0.9124667038311914,
        "perc_pos_return_2019_2020_2_5_bps": 0.4423076923076923,
        "profit_loss_ratio_2019_2020_2_5_bps": 1.0474430633291523,
        "sharpe_ratio_2019_2_5_bps": -1.0977792437569762,
        "annual_return_2019_2020_3_0_bps": -0.00797544311758458,
        "annual_volatility_2019_2020_3_0_bps": 0.004520925842548319,
        "sharpe_ratio_2019_2020_3_0_bps": -1.7689098919477475,
        "downside_risk_2019_2020_3_0_bps": 0.003299598583140223,
        "sortino_ratio_2019_2020_3_0_bps": -2.423661618873374,
        "max_drawdown_2019_2020_3_0_bps": 0.008528776229991545,
        "calmar_ratio_2019_2020_3_0_bps": -0.9351216285331578,
        "perc_pos_return_2019_2020_3_0_bps": 0.40384615384615385,
        "profit_loss_ratio_2019_2020_3_0_bps": 1.0947317257843896,
        "sharpe_ratio_2019_3_0_bps": -1.76941629043934
    },
    "COMB": {
        "annual_return_2019_2020": 0.010395310471410069,
        "annual_volatility_2019_2020": 0.004514752841062217,
        "sharpe_ratio_2019_2020": 2.29293035174834,
        "downside_risk_2019_2020": 0.002637091143579561,
        "sortino_ratio_2019_2020": 3.9255426742140913,
        "max_drawdown_2019_2020": 0.002505116289182922,
        "calmar_ratio_2019_2020": 4.149631901839033,
        "perc_pos_return_2019_2020": 0.5230769230769231,
        "profit_loss_ratio_2019_2020": 1.355050787832415,
        "sharpe_ratio_2019": 2.2677558123966692,
        "annual_return_2019_2020_0_5_bps": 0.007310162756443361,
        "annual_volatility_2019_2020_0_5_bps": 0.00451412914810456,
        "sharpe_ratio_2019_2020_0_5_bps": 1.6157770864212633,
        "downside_risk_2019_2020_0_5_bps": 0.0027399777839363284,
        "sortino_ratio_2019_2020_0_5_bps": 2.6620020371753417,
        "max_drawdown_2019_2020_0_5_bps": 0.002781847640533642,
        "calmar_ratio_2019_2020_0_5_bps": 2.6278084572025855,
        "perc_pos_return_2019_2020_0_5_bps": 0.5076923076923077,
        "profit_loss_ratio_2019_2020_0_5_bps": 1.280466625610644,
        "sharpe_ratio_2019_0_5_bps": 1.5945195793031346,
        "annual_return_2019_2020_1_0_bps": 0.004234394997514546,
        "annual_volatility_2019_2020_1_0_bps": 0.0045141667779959906,
        "sharpe_ratio_2019_2020_1_0_bps": 0.9382991975485061,
        "downside_risk_2019_2020_1_0_bps": 0.0028459382409037567,
        "sortino_ratio_2019_2020_1_0_bps": 1.4883102537209987,
        "max_drawdown_2019_2020_1_0_bps": 0.0033153527895591565,
        "calmar_ratio_2019_2020_1_0_bps": 1.2772079673842476,
        "perc_pos_return_2019_2020_1_0_bps": 0.49230769230769234,
        "profit_loss_ratio_2019_2020_1_0_bps": 1.2111714588242368,
        "sharpe_ratio_2019_1_0_bps": 0.9210920626794733,
        "annual_return_2019_2020_1_5_bps": 0.0011679787985221513,
        "annual_volatility_2019_2020_1_5_bps": 0.004514865714200795,
        "sharpe_ratio_2019_2020_1_5_bps": 0.2607943984757625,
        "downside_risk_2019_2020_1_5_bps": 0.002954940012415021,
        "sortino_ratio_2019_2020_1_5_bps": 0.3984688972320387,
        "max_drawdown_2019_2020_1_5_bps": 0.003848581274722243,
        "calmar_ratio_2019_2020_1_5_bps": 0.3034829499882254,
        "perc_pos_return_2019_2020_1_5_bps": 0.46923076923076923,
        "profit_loss_ratio_2019_2020_1_5_bps": 1.1826342413833482,
        "sharpe_ratio_2019_1_5_bps": 0.2477293458946029,
        "annual_return_2019_2020_2_0_bps": -0.0018891141510536391,
        "annual_volatility_2019_2020_2_0_bps": 0.004516225649685438,
        "sharpe_ratio_2019_2020_2_0_bps": -0.41643970762556476,
        "downside_risk_2019_2020_2_0_bps": 0.003066960737890757,
        "sortino_ratio_2019_2020_2_0_bps": -0.6132245730734458,
        "max_drawdown_2019_2020_2_0_bps": 0.004450842966550632,
        "calmar_ratio_2019_2020_2_0_bps": -0.4244396320541696,
        "perc_pos_return_2019_2020_2_0_bps": 0.4653846153846154,
        "profit_loss_ratio_2019_2020_2_0_bps": 1.0701823063372977,
        "sharpe_ratio_2019_2_0_bps": -0.42531276848636207,
        "annual_return_2019_2020_2_5_bps": -0.00493691207639213,
        "annual_volatility_2019_2020_2_5_bps": 0.004518245987592432,
        "sharpe_ratio_2019_2020_2_5_bps": -1.0931062806117227,
        "downside_risk_2019_2020_2_5_bps": 0.003181831865758381,