{
    "ALL": {
        "performance_sw": 3.191882255732826,
        "performance_fw": 3.1930677678484956,
        "val_loss": 2.960165113335276,
        "annual_return_2019_2020": 0.020009705112064013,
        "annual_volatility_2019_2020": 0.006213307701613238,
        "sharpe_ratio_2019_2020": 3.191882255732827,
        "downside_risk_2019_2020": 0.00363148007688712,
        "sortino_ratio_2019_2020": 5.461174557561497,
        "max_drawdown_2019_2020": 0.0021680496618113423,
        "calmar_ratio_2019_2020": 9.229357364141967,
        "perc_pos_return_2019_2020": 0.6038461538461538,
        "profit_loss_ratio_2019_2020": 1.1247816186452675,
        "sharpe_ratio_2019": 3.0493253774130684,
        "annual_return_2019_2020_0_5_bps": 0.01584092709016871,
        "annual_volatility_2019_2020_0_5_bps": 0.006209083006300349,
        "sharpe_ratio_2019_2020_0_5_bps": 2.5344256255670023,
        "downside_risk_2019_2020_0_5_bps": 0.003756439615174225,
        "sortino_ratio_2019_2020_0_5_bps": 4.189195273863158,
        "max_drawdown_2019_2020_0_5_bps": 0.0027293557072726442,
        "calmar_ratio_2019_2020_0_5_bps": 5.803907144810388,
        "perc_pos_return_2019_2020_0_5_bps": 0.5807692307692308,
        "profit_loss_ratio_2019_2020_0_5_bps": 1.108566284452198,
        "sharpe_ratio_2019_0_5_bps": 2.405919696834783,
        "annual_return_2019_2020_1_0_bps": 0.011689114871451967,
        "annual_volatility_2019_2020_1_0_bps": 0.00620559935114107,
        "sharpe_ratio_2019_2020_1_0_bps": 1.875849680909955,
        "downside_risk_2019_2020_1_0_bps": 0.0038847966620771117,
        "sortino_ratio_2019_2020_1_0_bps": 2.996494430797041,
        "max_drawdown_2019_2020_1_0_bps": 0.003291744682344116,
        "calmar_ratio_2019_2020_1_0_bps": 3.551039342190998,
        "perc_pos_return_2019_2020_1_0_bps": 0.5538461538461539,
        "profit_loss_ratio_2019_2020_1_0_bps": 1.1072054007188257,
        "sharpe_ratio_2019_1_0_bps": 1.7609877232670383,
        "annual_return_2019_2020_1_5_bps": 0.007554199702512587,
        "annual_volatility_2019_2020_1_5_bps": 0.006202857984686611,
        "sharpe_ratio_2019_2020_1_5_bps": 1.2163883264090238,
        "downside_risk_2019_2020_1_5_bps": 0.004016696833198907,
        "sortino_ratio_2019_2020_1_5_bps": 1.8784300524211768,
        "max_drawdown_2019_2020_1_5_bps": 0.003853826679022271,
        "calmar_ratio_2019_2020_1_5_bps": 1.9601814849725192,
        "perc_pos_return_2019_2020_1_5_bps": 0.5192307692307693,
        "profit_loss_ratio_2019_2020_1_5_bps": 1.1380005765822485,
        "sharpe_ratio_2019_1_5_bps": 1.1147244711540798,
        "annual_return_2019_2020_2_0_bps": 0.0034361131073765705,
        "annual_volatility_2019_2020_2_0_bps": 0.006200859891422456,
        "sharpe_ratio_2019_2020_2_0_bps": 0.5562771266562705,
        "downside_risk_2019_2020_2_0_bps": 0.00415241049809743,
        "sortino_ratio_2019_2020_2_0_bps": 0.8306973804201334,
        "max_drawdown_2019_2020_2_0_bps": 0.004415601859341652,
        "calmar_ratio_2019_2020_2_0_bps": 0.7781754824899182,
        "perc_pos_return_2019_2020_2_0_bps": 0.4846153846153846,
        "profit_loss_ratio_2019_2020_2_0_bps": 1.1684643317571357,
        "sharpe_ratio_2019_2_0_bps": 0.4673272460735533,
        "annual_return_2019_2020_2_5_bps": -0.0006652131135971295,
        "annual_volatility_2019_2020_2_5_bps": 0.006199605790005223,
        "sharpe_ratio_2019_2020_2_5_bps": -0.10424711158095452,
        "downside_risk_2019_2020_2_5_bps": 0.004292125073653091,
        "sortino_ratio_2019_2020_2_5_bps": -0.15057599335019803,
        "max_drawdown_2019_2020_2_5_bps": 0.004977070385250467,
        "calmar_ratio_2019_2020_2_5_bps": -0.1336555568047594,
        "perc_pos_return_2019_2020_2_5_bps": 0.47692307692307695,
        "profit_loss_ratio_2019_2020_2_5_bps": 1.077635947516518,
        "sharpe_ratio_2019_2_5_bps": -0.18100464784528655,
        "annual_return_2019_2020_3_0_bps": -0.004749846884853359,
        "annual_volatility_2019_2020_3_0_bps": 0.006199096131972315,
        "sharpe_ratio_2019_2020_3_0_bps": -0.7649467624543991,
        "downside_risk_2019_2020_3_0_bps": 0.0044357104246986615,
        "sortino_ratio_2019_2020_3_0_bps": -1.0690460066761358,
        "max_drawdown_2019_2020_3_0_bps": 0.0068905870559234006,
        "calmar_ratio_2019_2020_3_0_bps": -0.6893239786833862,
        "perc_pos_return_2019_2020_3_0_bps": 0.46153846153846156,
        "profit_loss_ratio_2019_2020_3_0_bps": 1.0254463335541089,
        "sharpe_ratio_2019_3_0_bps": -0.8300702080330195
    },
    "COMB": {
        "annual_return_2019_2020": 0.020009705112064013,
        "annual_volatility_2019_2020": 0.006213307701613238,
        "sharpe_ratio_2019_2020": 3.191882255732827,
        "downside_risk_2019_2020": 0.00363148007688712,
        "sortino_ratio_2019_2020": 5.461174557561497,
        "max_drawdown_2019_2020": 0.0021680496618113423,
        "calmar_ratio_2019_2020": 9.229357364141967,
        "perc_pos_return_2019_2020": 0.6038461538461538,
        "profit_loss_ratio_2019_2020": 1.1247816186452675,
        "sharpe_ratio_2019": 3.0493253774130684,
        "annual_return_2019_2020_0_5_bps": 0.01584092709016871,
        "annual_volatility_2019_2020_0_5_bps": 0.006209083006300349,
        "sharpe_ratio_2019_2020_0_5_bps": 2.5344256255670023,
        "downside_risk_2019_2020_0_5_bps": 0.003756439615174225,
        "sortino_ratio_2019_2020_0_5_bps": 4.189195273863158,
        "max_drawdown_2019_2020_0_5_bps": 0.0027293557072726442,
        "calmar_ratio_2019_2020_0_5_bps": 5.803907144810388,
        "perc_pos_return_2019_2020_0_5_bps": 0.5807692307692308,
        "profit_loss_ratio_2019_2020_0_5_bps": 1.108566284452198,
        "sharpe_ratio_2019_0_5_bps": 2.405919696834783,
        "annual_return_2019_2020_1_0_bps": 0.011689114871451967,
        "annual_volatility_2019_2020_1_0_bps": 0.00620559935114107,
        "sharpe_ratio_2019_2020_1_0_bps": 1.875849680909955,
        "downside_risk_2019_2020_1_0_bps": 0.0038847966620771117,
        "sortino_ratio_2019_2020_1_0_bps": 2.996494430797041,
        "max_drawdown_2019_2020_1_0_bps": 0.003291744682344116,
        "calmar_ratio_2019_2020_1_0_bps": 3.551039342190998,
        "perc_pos_return_2019_2020_1_0_bps": 0.5538461538461539,
        "profit_loss_ratio_2019_2020_1_0_bps": 1.1072054007188257,
        "sharpe_ratio_2019_1_0_bps": 1.7609877232670383,
        "annual_return_2019_2020_1_5_bps": 0.007554199702512587,
        "annual_volatility_2019_2020_1_5_bps": 0.006202857984686611,
        "sharpe_ratio_2019_2020_1_5_bps": 1.2163883264090238,
        "downside_risk_2019_2020_1_5_bps": 0.004016696833198907,
        "sortino_ratio_2019_2020_1_5_bps": 1.8784300524211768,
        "max_drawdown_2019_2020_1_5_bps": 0.003853826679022271,
        "calmar_ratio_2019_2020_1_5_bps": 1.9601814849725192,
        "perc_pos_return_2019_2020_1_5_bps": 0.5192307692307693,
        "profit_loss_ratio_2019_2020_1_5_bps": 1.1380005765822485,
        "sharpe_ratio_2019_1_5_bps": 1.1147244711540798,
        "annual_return_2019_2020_2_0_bps": 0.0034361131073765705,
        "annual_volatility_2019_2020_2_0_bps": 0.006200859891422456,
        "sharpe_ratio_2019_2020_2_0_bps": 0.5562771266562705,
        "downside_risk_2019_2020_2_0_bps": 0.00415241049809743,
        "sortino_ratio_2019_2020_2_0_bps": 0.8306973804201334,
        "max_drawdown_2019_2020_2_0_bps": 0.004415601859341652,
        "calmar_ratio_2019_2020_2_0_bps": 0.7781754824899182,
        "perc_pos_return_2019_2020_2_0_bps": 0.4846153846153846,
        "profit_loss_ratio_2019_2020_2_0_bps": 1.1684643317571357,
        "sharpe_ratio_2019_2_0_bps": 0.4673272460735533,
        "annual_return_2019_2020_2_5_bps": -0.0006652131135971295,
        "annual_volatility_2019_2020_2_5_bps": 0.006199605790005223,
        "sharpe_ratio_2019_2020_2_5_bps": -0.10424711158095452,
        "downside_risk_2019_2020_2_5_bps": 0.004292125073653091,
        "sortino_ratio_2019_2020_2_5_bps": -0.15057599335019803,