{
    "ALL": {
        "performance_sw": 1.7078455987757053,
        "performance_fw": 0.9222476394270008,
        "val_loss": 2.5958537559671058,
        "annual_return_2016_2017": 0.02091761479214793,
        "annual_volatility_2016_2017": 0.012165247503613037,
        "sharpe_ratio_2016_2017": 1.707845598775706,
        "downside_risk_2016_2017": 0.007467462355226293,
        "sortino_ratio_2016_2017": 2.7822523125974383,
        "max_drawdown_2016_2017": 0.004200612910778587,
        "calmar_ratio_2016_2017": 4.979657787194401,
        "perc_pos_return_2016_2017": 0.5482625482625483,
        "profit_loss_ratio_2016_2017": 1.1217289187531356,
        "sharpe_ratio_2016": 1.7244006265979064,
        "annual_return_2016_2017_0_5_bps": 0.015593777045363355,
        "annual_volatility_2016_2017_0_5_bps": 0.012154482988145738,
        "sharpe_ratio_2016_2017_0_5_bps": 1.2791542565299792,
        "downside_risk_2016_2017_0_5_bps": 0.007624807276895169,
        "sortino_ratio_2016_2017_0_5_bps": 2.0390625081528335,
        "max_drawdown_2016_2017_0_5_bps": 0.004279351662374328,
        "calmar_ratio_2016_2017_0_5_bps": 3.6439578412005065,
        "perc_pos_return_2016_2017_0_5_bps": 0.5366795366795367,
        "profit_loss_ratio_2016_2017_0_5_bps": 1.0877178585657243,
        "sharpe_ratio_2016_0_5_bps": 1.2977844747362657,
        "annual_return_2016_2017_1_0_bps": 0.010297585029579892,
        "annual_volatility_2016_2017_1_0_bps": 0.012144298324901041,
        "sharpe_ratio_2016_2017_1_0_bps": 0.8496623367852828,
        "downside_risk_2016_2017_1_0_bps": 0.007785497455747019,
        "sortino_ratio_2016_2017_1_0_bps": 1.3253556310311514,
        "max_drawdown_2016_2017_1_0_bps": 0.004358085835310271,
        "calmar_ratio_2016_2017_1_0_bps": 2.3628687957787236,
        "perc_pos_return_2016_2017_1_0_bps": 0.5057915057915058,
        "profit_loss_ratio_2016_2017_1_0_bps": 1.1390850962468022,
        "sharpe_ratio_2016_1_0_bps": 0.8702347323132718,
        "annual_return_2016_2017_1_5_bps": 0.00502889579172594,
        "annual_volatility_2016_2017_1_5_bps": 0.012134694973890907,
        "sharpe_ratio_2016_2017_1_5_bps": 0.41942934267809046,
        "downside_risk_2016_2017_1_5_bps": 0.007949751179190959,
        "sortino_ratio_2016_2017_1_5_bps": 0.6402272249502231,
        "max_drawdown_2016_2017_1_5_bps": 0.004673408399892343,
        "calmar_ratio_2016_2017_1_5_bps": 1.076065980418443,
        "perc_pos_return_2016_2017_1_5_bps": 0.4942084942084942,
        "profit_loss_ratio_2016_2017_1_5_bps": 1.1037927349309213,
        "sharpe_ratio_2016_1_5_bps": 0.4418031640356651,
        "annual_return_2016_2017_2_0_bps": -0.00021243288521299863,
        "annual_volatility_2016_2017_2_0_bps": 0.012125674316286963,
        "sharpe_ratio_2016_2017_2_0_bps": -0.011484608337994261,
        "downside_risk_2016_2017_2_0_bps": 0.008117618176954904,
        "sortino_ratio_2016_2017_2_0_bps": -0.017155108471592476,
        "max_drawdown_2016_2017_2_0_bps": 0.005346628397687838,
        "calmar_ratio_2016_2017_2_0_bps": -0.039732120770702095,
        "perc_pos_return_2016_2017_2_0_bps": 0.4749034749034749,
        "profit_loss_ratio_2016_2017_2_0_bps": 1.103409188492495,
        "sharpe_ratio_2016_2_0_bps": 0.012542186709222917,
        "annual_return_2016_2017_2_5_bps": -0.005426542485956198,
        "annual_volatility_2016_2017_2_5_bps": 0.01211723765344472,
        "sharpe_ratio_2016_2017_2_5_bps": -0.44301882415299354,
        "downside_risk_2016_2017_2_5_bps": 0.008289106761441309,
        "sortino_ratio_2016_2017_2_5_bps": -0.6476167495130734,
        "max_drawdown_2016_2017_2_5_bps": 0.00745094966521248,
        "calmar_ratio_2016_2017_2_5_bps": -0.7283021265452944,
        "perc_pos_return_2016_2017_2_5_bps": 0.46332046332046334,
        "profit_loss_ratio_2016_2017_2_5_bps": 1.069765229394881,
        "sharpe_ratio_2016_2_5_bps": -0.4174951597199424,
        "annual_return_2016_2017_3_0_bps": -0.01061357376669636,
        "annual_volatility_2016_2017_3_0_bps": 0.01210938620597942,
        "sharpe_ratio_2016_2017_3_0_bps": -0.8751120786645338,
        "downside_risk_2016_2017_3_0_bps": 0.008464166990635772,
        "sortino_ratio_2016_2017_3_0_bps": -1.2519920915773781,
        "max_drawdown_2016_2017_3_0_bps": 0.012711892506601133,
        "calmar_ratio_2016_2017_3_0_bps": -0.8349326240121099,
        "perc_pos_return_2016_2017_3_0_bps": 0.444015444015444,
        "profit_loss_ratio_2016_2017_3_0_bps": 1.0704111397532896,
        "sharpe_ratio_2016_3_0_bps": -0.84825524207873
    },
    "COMB": {
        "annual_return_2016_2017": 0.02091761479214793,
        "annual_volatility_2016_2017": 0.012165247503613037,
        "sharpe_ratio_2016_2017": 1.707845598775706,
        "downside_risk_2016_2017": 0.007467462355226293,
        "sortino_ratio_2016_2017": 2.7822523125974383,
        "max_drawdown_2016_2017": 0.004200612910778587,
        "calmar_ratio_2016_2017": 4.979657787194401,
        "perc_pos_return_2016_2017": 0.5482625482625483,
        "profit_loss_ratio_2016_2017": 1.1217289187531356,
        "sharpe_ratio_2016": 1.7244006265979064,
        "annual_return_2016_2017_0_5_bps": 0.015593777045363355,
        "annual_volatility_2016_2017_0_5_bps": 0.012154482988145738,
        "sharpe_ratio_2016_2017_0_5_bps": 1.2791542565299792,
        "downside_risk_2016_2017_0_5_bps": 0.007624807276895169,
        "sortino_ratio_2016_2017_0_5_bps": 2.0390625081528335,
        "max_drawdown_2016_2017_0_5_bps": 0.004279351662374328,
        "calmar_ratio_2016_2017_0_5_bps": 3.6439578412005065,
        "perc_pos_return_2016_2017_0_5_bps": 0.5366795366795367,
        "profit_loss_ratio_2016_2017_0_5_bps": 1.0877178585657243,
        "sharpe_ratio_2016_0_5_bps": 1.2977844747362657,
        "annual_return_2016_2017_1_0_bps": 0.010297585029579892,
        "annual_volatility_2016_2017_1_0_bps": 0.012144298324901041,
        "sharpe_ratio_2016_2017_1_0_bps": 0.8496623367852828,
        "downside_risk_2016_2017_1_0_bps": 0.007785497455747019,
        "sortino_ratio_2016_2017_1_0_bps": 1.3253556310311514,
        "max_drawdown_2016_2017_1_0_bps": 0.004358085835310271,
        "calmar_ratio_2016_2017_1_0_bps": 2.3628687957787236,
        "perc_pos_return_2016_2017_1_0_bps": 0.5057915057915058,
        "profit_loss_ratio_2016_2017_1_0_bps": 1.1390850962468022,
        "sharpe_ratio_2016_1_0_bps": 0.8702347323132718,
        "annual_return_2016_2017_1_5_bps": 0.00502889579172594,
        "annual_volatility_2016_2017_1_5_bps": 0.012134694973890907,
        "sharpe_ratio_2016_2017_1_5_bps": 0.41942934267809046,
        "downside_risk_2016_2017_1_5_bps": 0.007949751179190959,
        "sortino_ratio_2016_2017_1_5_bps": 0.6402272249502231,
        "max_drawdown_2016_2017_1_5_bps": 0.004673408399892343,
        "calmar_ratio_2016_2017_1_5_bps": 1.076065980418443,
        "perc_pos_return_2016_2017_1_5_bps": 0.4942084942084942,
        "profit_loss_ratio_2016_2017_1_5_bps": 1.1037927349309213,
        "sharpe_ratio_2016_1_5_bps": 0.4418031640356651,
        "annual_return_2016_2017_2_0_bps": -0.00021243288521299863,
        "annual_volatility_2016_2017_2_0_bps": 0.012125674316286963,
        "sharpe_ratio_2016_2017_2_0_bps": -0.011484608337994261,
        "downside_risk_2016_2017_2_0_bps": 0.008117618176954904,
        "sortino_ratio_2016_2017_2_0_bps": -0.017155108471592476,
        "max_drawdown_2016_2017_2_0_bps": 0.005346628397687838,
        "calmar_ratio_2016_2017_2_0_bps": -0.039732120770702095,
        "perc_pos_return_2016_2017_2_0_bps": 0.4749034749034749,
        "profit_loss_ratio_2016_2017_2_0_bps": 1.103409188492495,
        "sharpe_ratio_2016_2_0_bps": 0.012542186709222917,
        "annual_return_2016_2017_2_5_bps": -0.005426542485956198,
        "annual_volatility_2016_2017_2_5_bps": 0.01211723765344472,
        "sharpe_ratio_2016_2017_2_5_bps": -0.44301882415299354,
        "downside_risk_2016_2017_2_5_bps": 0.008289106761441309,