{
    "ALL": {
        "performance_sw": 1.338750573961508,
        "performance_fw": 1.2914897572868305,
        "val_loss": 4.7121238969802635,
        "annual_return_2022_2023": 0.06965760873549165,
        "annual_volatility_2022_2023": 0.04235425460383522,
        "sharpe_ratio_2022_2023": 1.6111865651655457,
        "downside_risk_2022_2023": 0.03030222288790661,
        "sortino_ratio_2022_2023": 2.2520000017072874,
        "max_drawdown_2022_2023": 0.019653066127098207,
        "calmar_ratio_2022_2023": 3.5443634232444654,
        "perc_pos_return_2022_2023": 0.6,
        "profit_loss_ratio_2022_2023": 0.9315670515096985,
        "sharpe_ratio_2022": 1.3332416138107563,
        "annual_return_2022_2023_0_5_bps": 0.06893352041896761,
        "annual_volatility_2022_2023_0_5_bps": 0.04235522630316339,
        "sharpe_ratio_2022_2023_0_5_bps": 1.5951599700261638,
        "downside_risk_2022_2023_0_5_bps": 0.030314498154073687,
        "sortino_ratio_2022_2023_0_5_bps": 2.2287474850091256,
        "max_drawdown_2022_2023_0_5_bps": 0.019662486469001414,
        "calmar_ratio_2022_2023_0_5_bps": 3.5058394332600646,
        "perc_pos_return_2022_2023_0_5_bps": 0.6,
        "profit_loss_ratio_2022_2023_0_5_bps": 0.9285398819379354,
        "sharpe_ratio_2022_0_5_bps": 1.31993257521452,
        "annual_return_2022_2023_1_0_bps": 0.06820992061655828,
        "annual_volatility_2022_2023_1_0_bps": 0.04235620471708043,
        "sharpe_ratio_2022_2023_1_0_bps": 1.5791338598885005,
        "downside_risk_2022_2023_1_0_bps": 0.030326787094366817,
        "sortino_ratio_2022_2023_1_0_bps": 2.2055127975470503,
        "max_drawdown_2022_2023_1_0_bps": 0.019671906736265413,
        "calmar_ratio_2022_2023_1_0_bps": 3.4673771857006837,
        "perc_pos_return_2022_2023_1_0_bps": 0.6,
        "profit_loss_ratio_2022_2023_1_0_bps": 0.9255218906318885,
        "sharpe_ratio_2022_1_0_bps": 1.3066239446549155,
        "annual_return_2022_2023_1_5_bps": 0.0674868089997982,
        "annual_volatility_2022_2023_1_5_bps": 0.042357189845121046,
        "sharpe_ratio_2022_2023_1_5_bps": 1.5631082423576386,
        "downside_risk_2022_2023_1_5_bps": 0.030339089699486906,
        "sortino_ratio_2022_2023_1_5_bps": 2.182295949740895,
        "max_drawdown_2022_2023_1_5_bps": 0.01968132692889003,
        "calmar_ratio_2022_2023_1_5_bps": 3.428976574782413,
        "perc_pos_return_2022_2023_1_5_bps": 0.5972602739726027,
        "profit_loss_ratio_2022_2023_1_5_bps": 0.9330913143759344,
        "sharpe_ratio_2022_1_5_bps": 1.2933157284221788,
        "annual_return_2022_2023_2_0_bps": 0.06676418524042504,
        "annual_volatility_2022_2023_2_0_bps": 0.042358181686816786,
        "sharpe_ratio_2022_2023_2_0_bps": 1.5470831250368973,
        "downside_risk_2022_2023_2_0_bps": 0.030351406027313517,
        "sortino_ratio_2022_2023_2_0_bps": 2.1590969471380883,
        "max_drawdown_2022_2023_2_0_bps": 0.01969074704687677,
        "calmar_ratio_2022_2023_2_0_bps": 3.390637494935205,
        "perc_pos_return_2022_2023_2_0_bps": 0.5972602739726027,
        "profit_loss_ratio_2022_2023_2_0_bps": 0.9300545721579676,
        "sharpe_ratio_2022_2_0_bps": 1.2800079328050766,
        "annual_return_2022_2023_2_5_bps": 0.06604204901040744,
        "annual_volatility_2022_2023_2_5_bps": 0.04235918024169604,
        "sharpe_ratio_2022_2023_2_5_bps": 1.5310585155278178,
        "downside_risk_2022_2023_2_5_bps": 0.030363736080600195,
        "sortino_ratio_2022_2023_2_5_bps": 2.1359157992834343,
        "max_drawdown_2022_2023_2_5_bps": 0.019700167090225196,
        "calmar_ratio_2022_2023_2_5_bps": 3.352359840804401,
        "perc_pos_return_2022_2023_2_5_bps": 0.5972602739726027,
        "profit_loss_ratio_2022_2023_2_5_bps": 0.9270270568558493,
        "sharpe_ratio_2022_2_5_bps": 1.2667005640908866,
        "annual_return_2022_2023_3_0_bps": 0.06532039998193206,
        "annual_volatility_2022_2023_3_0_bps": 0.04236018550928406,
        "sharpe_ratio_2022_2023_3_0_bps": 1.515034421430141,
        "downside_risk_2022_2023_3_0_bps": 0.0303760798426329,
        "sortino_ratio_2022_2023_3_0_bps": 2.1127525170202794,
        "max_drawdown_2022_2023_3_0_bps": 0.019709587058936703,
        "calmar_ratio_2022_2023_3_0_bps": 3.3141435072489025,
        "perc_pos_return_2022_2023_3_0_bps": 0.5972602739726027,
        "profit_loss_ratio_2022_2023_3_0_bps": 0.924008726480422,
        "sharpe_ratio_2022_3_0_bps": 1.2533936285653895
    },
    "COMB": {
        "annual_return_2022_2023": 0.06965760873549165,
        "annual_volatility_2022_2023": 0.04235425460383522,
        "sharpe_ratio_2022_2023": 1.6111865651655457,
        "downside_risk_2022_2023": 0.03030222288790661,
        "sortino_ratio_2022_2023": 2.2520000017072874,
        "max_drawdown_2022_2023": 0.019653066127098207,
        "calmar_ratio_2022_2023": 3.5443634232444654,
        "perc_pos_return_2022_2023": 0.6,
        "profit_loss_ratio_2022_2023": 0.9315670515096985,
        "sharpe_ratio_2022": 1.3332416138107563,
        "annual_return_2022_2023_0_5_bps": 0.06893352041896761,
        "annual_volatility_2022_2023_0_5_bps": 0.04235522630316339,
        "sharpe_ratio_2022_2023_0_5_bps": 1.5951599700261638,
        "downside_risk_2022_2023_0_5_bps": 0.030314498154073687,
        "sortino_ratio_2022_2023_0_5_bps": 2.2287474850091256,
        "max_drawdown_2022_2023_0_5_bps": 0.019662486469001414,
        "calmar_ratio_2022_2023_0_5_bps": 3.5058394332600646,
        "perc_pos_return_2022_2023_0_5_bps": 0.6,
        "profit_loss_ratio_2022_2023_0_5_bps": 0.9285398819379354,
        "sharpe_ratio_2022_0_5_bps": 1.31993257521452,
        "annual_return_2022_2023_1_0_bps": 0.06820992061655828,
        "annual_volatility_2022_2023_1_0_bps": 0.04235620471708043,
        "sharpe_ratio_2022_2023_1_0_bps": 1.5791338598885005,
        "downside_risk_2022_2023_1_0_bps": 0.030326787094366817,
        "sortino_ratio_2022_2023_1_0_bps": 2.2055127975470503,
        "max_drawdown_2022_2023_1_0_bps": 0.019671906736265413,
        "calmar_ratio_2022_2023_1_0_bps": 3.4673771857006837,
        "perc_pos_return_2022_2023_1_0_bps": 0.6,
        "profit_loss_ratio_2022_2023_1_0_bps": 0.9255218906318885,
        "sharpe_ratio_2022_1_0_bps": 1.3066239446549155,
        "annual_return_2022_2023_1_5_bps": 0.0674868089997982,
        "annual_volatility_2022_2023_1_5_bps": 0.042357189845121046,
        "sharpe_ratio_2022_2023_1_5_bps": 1.5631082423576386,
        "downside_risk_2022_2023_1_5_bps": 0.030339089699486906,
        "sortino_ratio_2022_2023_1_5_bps": 2.182295949740895,
        "max_drawdown_2022_2023_1_5_bps": 0.01968132692889003,
        "calmar_ratio_2022_2023_1_5_bps": 3.428976574782413,
        "perc_pos_return_2022_2023_1_5_bps": 0.5972602739726027,
        "profit_loss_ratio_2022_2023_1_5_bps": 0.9330913143759344,
        "sharpe_ratio_2022_1_5_bps": 1.2933157284221788,
        "annual_return_2022_2023_2_0_bps": 0.06676418524042504,
        "annual_volatility_2022_2023_2_0_bps": 0.042358181686816786,
        "sharpe_ratio_2022_2023_2_0_bps": 1.5470831250368973,
        "downside_risk_2022_2023_2_0_bps": 0.030351406027313517,
        "sortino_ratio_2022_2023_2_0_bps": 2.1590969471380883,
        "max_drawdown_2022_2023_2_0_bps": 0.01969074704687677,
        "calmar_ratio_2022_2023_2_0_bps": 3.390637494935205,
        "perc_pos_return_2022_2023_2_0_bps": 0.5972602739726027,
        "profit_loss_ratio_2022_2023_2_0_bps": 0.9300545721579676,
        "sharpe_ratio_2022_2_0_bps": 1.2800079328050766,
        "annual_return_2022_2023_2_5_bps": 0.06604204901040744,
        "annual_volatility_2022_2023_2_5_bps": 0.04235918024169604,
        "sharpe_ratio_2022_2023_2_5_bps": 1.5310585155278178,
        "downside_risk_2022_2023_2_5_bps": 0.030363736080600195,
        "sortino_ratio_2022_2023_2_5_bps": 2.1359157992834343,
        "max_drawdown_2022_2023_2_5_bps": 0.019700167090225196,
        "calmar_ratio_2022_2023_2_5_bps": 3.352359840804401,