{
    "ALL": {
        "performance_sw": 2.9314544521891324,
        "performance_fw": 3.337961819768364,
        "val_loss": 3.7826475549706404,
        "annual_return_2019_2020": 0.037611519202553456,
        "annual_volatility_2019_2020": 0.01262289873823113,
        "sharpe_ratio_2019_2020": 2.931454452189133,
        "downside_risk_2019_2020": 0.006786468141904168,
        "sortino_ratio_2019_2020": 5.452534651601221,
        "max_drawdown_2019_2020": 0.004815613557991481,
        "calmar_ratio_2019_2020": 7.810327541780708,
        "perc_pos_return_2019_2020": 0.5692307692307692,
        "profit_loss_ratio_2019_2020": 1.3107784913802667,
        "sharpe_ratio_2019": 3.0570988941360393,
        "annual_return_2019_2020_0_5_bps": 0.031709007918047094,
        "annual_volatility_2019_2020_0_5_bps": 0.012623087443450332,
        "sharpe_ratio_2019_2020_0_5_bps": 2.4794162314886043,
        "downside_risk_2019_2020_0_5_bps": 0.006953663708529602,
        "sortino_ratio_2019_2020_0_5_bps": 4.5009205521974955,
        "max_drawdown_2019_2020_0_5_bps": 0.0048922441721958075,
        "calmar_ratio_2019_2020_0_5_bps": 6.481485143006466,
        "perc_pos_return_2019_2020_0_5_bps": 0.5576923076923077,
        "profit_loss_ratio_2019_2020_0_5_bps": 1.2610067234083189,
        "sharpe_ratio_2019_0_5_bps": 2.602365606410715,
        "annual_return_2019_2020_1_0_bps": 0.025839933259764747,
        "annual_volatility_2019_2020_1_0_bps": 0.012623869571654435,
        "sharpe_ratio_2019_2020_1_0_bps": 2.027296222176291,
        "downside_risk_2019_2020_1_0_bps": 0.007125421767574888,
        "sortino_ratio_2019_2020_1_0_bps": 3.591692383505253,
        "max_drawdown_2019_2020_1_0_bps": 0.0049688703750956605,
        "calmar_ratio_2019_2020_1_0_bps": 5.20036372638666,
        "perc_pos_return_2019_2020_1_0_bps": 0.5423076923076923,
        "profit_loss_ratio_2019_2020_1_0_bps": 1.2322519414435582,
        "sharpe_ratio_2019_1_0_bps": 2.1477292825188514,
        "annual_return_2019_2020_1_5_bps": 0.020004106609109007,
        "annual_volatility_2019_2020_1_5_bps": 0.012625245012556583,
        "sharpe_ratio_2019_2020_1_5_bps": 1.5751582060509064,
        "downside_risk_2019_2020_1_5_bps": 0.007301805381975034,
        "sortino_ratio_2019_2020_1_5_bps": 2.72353989795777,
        "max_drawdown_2019_2020_1_5_bps": 0.005358266890462937,
        "calmar_ratio_2019_2020_1_5_bps": 3.7333165775512005,
        "perc_pos_return_2019_2020_1_5_bps": 0.5269230769230769,
        "profit_loss_ratio_2019_2020_1_5_bps": 1.2038775171358977,
        "sharpe_ratio_2019_1_5_bps": 1.6932451031627047,
        "annual_return_2019_2020_2_0_bps": 0.014201340406986063,
        "annual_volatility_2019_2020_2_0_bps": 0.012627213572273968,
        "sharpe_ratio_2019_2020_2_0_bps": 1.1230659398317662,
        "downside_risk_2019_2020_2_0_bps": 0.007482833647485204,
        "sortino_ratio_2019_2020_2_0_bps": 1.8951635364456147,
        "max_drawdown_2019_2020_2_0_bps": 0.00582507558329653,
        "calmar_ratio_2019_2020_2_0_bps": 2.4379667188711793,
        "perc_pos_return_2019_2020_2_0_bps": 0.5038461538461538,
        "profit_loss_ratio_2019_2020_2_0_bps": 1.2132040578944319,
        "sharpe_ratio_2019_2_0_bps": 1.238968106630066,
        "annual_return_2019_2020_2_5_bps": 0.00843144814794683,
        "annual_volatility_2019_2020_2_5_bps": 0.012629774973464406,
        "sharpe_ratio_2019_2020_2_5_bps": 0.671083110259716,
        "downside_risk_2019_2020_2_5_bps": 0.007668534127986397,
        "sortino_ratio_2019_2020_2_5_bps": 1.1052475648691342,
        "max_drawdown_2019_2020_2_5_bps": 0.00629167754669356,
        "calmar_ratio_2019_2020_2_5_bps": 1.340095401484422,
        "perc_pos_return_2019_2020_2_5_bps": 0.49230769230769234,
        "profit_loss_ratio_2019_2020_2_5_bps": 1.1677353456254707,
        "sharpe_ratio_2019_2_5_bps": 0.7849531557384591,
        "annual_return_2019_2020_3_0_bps": 0.002694244374233268,
        "annual_volatility_2019_2020_3_0_bps": 0.012632928855521534,
        "sharpe_ratio_2019_2020_3_0_bps": 0.21927328933959808,
        "downside_risk_2019_2020_3_0_bps": 0.00785886367015668,
        "sortino_ratio_2019_2020_3_0_bps": 0.35247638595162245,
        "max_drawdown_2019_2020_3_0_bps": 0.006924393342650715,
        "calmar_ratio_2019_2020_3_0_bps": 0.3890946456837024,
        "perc_pos_return_2019_2020_3_0_bps": 0.4807692307692308,
        "profit_loss_ratio_2019_2020_3_0_bps": 1.124630172708009,
        "sharpe_ratio_2019_3_0_bps": 0.3312549050566436
    },
    "COMB": {
        "annual_return_2019_2020": 0.037611519202553456,
        "annual_volatility_2019_2020": 0.01262289873823113,
        "sharpe_ratio_2019_2020": 2.931454452189133,
        "downside_risk_2019_2020": 0.006786468141904168,
        "sortino_ratio_2019_2020": 5.452534651601221,
        "max_drawdown_2019_2020": 0.004815613557991481,
        "calmar_ratio_2019_2020": 7.810327541780708,
        "perc_pos_return_2019_2020": 0.5692307692307692,
        "profit_loss_ratio_2019_2020": 1.3107784913802667,
        "sharpe_ratio_2019": 3.0570988941360393,
        "annual_return_2019_2020_0_5_bps": 0.031709007918047094,
        "annual_volatility_2019_2020_0_5_bps": 0.012623087443450332,
        "sharpe_ratio_2019_2020_0_5_bps": 2.4794162314886043,
        "downside_risk_2019_2020_0_5_bps": 0.006953663708529602,
        "sortino_ratio_2019_2020_0_5_bps": 4.5009205521974955,
        "max_drawdown_2019_2020_0_5_bps": 0.0048922441721958075,
        "calmar_ratio_2019_2020_0_5_bps": 6.481485143006466,
        "perc_pos_return_2019_2020_0_5_bps": 0.5576923076923077,
        "profit_loss_ratio_2019_2020_0_5_bps": 1.2610067234083189,
        "sharpe_ratio_2019_0_5_bps": 2.602365606410715,
        "annual_return_2019_2020_1_0_bps": 0.025839933259764747,
        "annual_volatility_2019_2020_1_0_bps": 0.012623869571654435,
        "sharpe_ratio_2019_2020_1_0_bps": 2.027296222176291,
        "downside_risk_2019_2020_1_0_bps": 0.007125421767574888,
        "sortino_ratio_2019_2020_1_0_bps": 3.591692383505253,
        "max_drawdown_2019_2020_1_0_bps": 0.0049688703750956605,
        "calmar_ratio_2019_2020_1_0_bps": 5.20036372638666,
        "perc_pos_return_2019_2020_1_0_bps": 0.5423076923076923,
        "profit_loss_ratio_2019_2020_1_0_bps": 1.2322519414435582,
        "sharpe_ratio_2019_1_0_bps": 2.1477292825188514,
        "annual_return_2019_2020_1_5_bps": 0.020004106609109007,
        "annual_volatility_2019_2020_1_5_bps": 0.012625245012556583,
        "sharpe_ratio_2019_2020_1_5_bps": 1.5751582060509064,
        "downside_risk_2019_2020_1_5_bps": 0.007301805381975034,
        "sortino_ratio_2019_2020_1_5_bps": 2.72353989795777,
        "max_drawdown_2019_2020_1_5_bps": 0.005358266890462937,
        "calmar_ratio_2019_2020_1_5_bps": 3.7333165775512005,
        "perc_pos_return_2019_2020_1_5_bps": 0.5269230769230769,
        "profit_loss_ratio_2019_2020_1_5_bps": 1.2038775171358977,
        "sharpe_ratio_2019_1_5_bps": 1.6932451031627047,
        "annual_return_2019_2020_2_0_bps": 0.014201340406986063,
        "annual_volatility_2019_2020_2_0_bps": 0.012627213572273968,
        "sharpe_ratio_2019_2020_2_0_bps": 1.1230659398317662,
        "downside_risk_2019_2020_2_0_bps": 0.007482833647485204,
        "sortino_ratio_2019_2020_2_0_bps": 1.8951635364456147,
        "max_drawdown_2019_2020_2_0_bps": 0.00582507558329653,
        "calmar_ratio_2019_2020_2_0_bps": 2.4379667188711793,
        "perc_pos_return_2019_2020_2_0_bps": 0.5038461538461538,
        "profit_loss_ratio_2019_2020_2_0_bps": 1.2132040578944319,
        "sharpe_ratio_2019_2_0_bps": 1.238968106630066,
        "annual_return_2019_2020_2_5_bps": 0.00843144814794683,
        "annual_volatility_2019_2020_2_5_bps": 0.012629774973464406,
        "sharpe_ratio_2019_2020_2_5_bps": 0.671083110259716,
        "downside_risk_2019_2020_2_5_bps": 0.007668534127986397,
        "sortino_ratio_2019_2020_2_5_bps": 1.1052475648691342,