{
    "ALL": {
        "performance_sw": -0.006521623682437281,
        "performance_fw": 0.22257788243100582,
        "val_loss": 3.428680255738441,
        "annual_return_2022_2023": -0.003311100974209391,
        "annual_volatility_2022_2023": 0.0739898904392927,
        "sharpe_ratio_2022_2023": -0.007848775316760839,
        "downside_risk_2022_2023": 0.055909327809419505,
        "sortino_ratio_2022_2023": -0.010386997099112305,
        "max_drawdown_2022_2023": 0.0515147869704731,
        "calmar_ratio_2022_2023": -0.06427476786630654,
        "perc_pos_return_2022_2023": 0.5397260273972603,
        "profit_loss_ratio_2022_2023": 0.8515835967936098,
        "sharpe_ratio_2022": -0.006521623682437335,
        "annual_return_2022_2023_0_5_bps": -0.00478681513171586,
        "annual_volatility_2022_2023_0_5_bps": 0.07398807717209621,
        "sharpe_ratio_2022_2023_0_5_bps": -0.027876836182590004,
        "downside_risk_2022_2023_0_5_bps": 0.05593490293032807,
        "sortino_ratio_2022_2023_0_5_bps": -0.03687417692242085,
        "max_drawdown_2022_2023_0_5_bps": 0.05171405960939453,
        "calmar_ratio_2022_2023_0_5_bps": -0.09256312824542348,
        "perc_pos_return_2022_2023_0_5_bps": 0.5397260273972603,
        "profit_loss_ratio_2022_2023_0_5_bps": 0.8485074625270344,
        "sharpe_ratio_2022_0_5_bps": -0.023163134081768327,
        "annual_return_2022_2023_1_0_bps": -0.006260351757531257,
        "annual_volatility_2022_2023_1_0_bps": 0.07398628376367673,
        "sharpe_ratio_2022_2023_1_0_bps": -0.04790586589176794,
        "downside_risk_2022_2023_1_0_bps": 0.05596052593690852,
        "sortino_ratio_2022_2023_1_0_bps": -0.06333709214614988,
        "max_drawdown_2022_2023_1_0_bps": 0.05191329130901394,
        "calmar_ratio_2022_2023_1_0_bps": -0.12059246485194908,
        "perc_pos_return_2022_2023_1_0_bps": 0.5397260273972603,
        "profit_loss_ratio_2022_2023_1_0_bps": 0.845441325352344,
        "sharpe_ratio_2022_1_0_bps": -0.039805449502452704,
        "annual_return_2022_2023_1_5_bps": -0.007731714053821559,
        "annual_volatility_2022_2023_1_5_bps": 0.07398451021547846,
        "sharpe_ratio_2022_2023_1_5_bps": -0.06793584838496435,
        "downside_risk_2022_2023_1_5_bps": 0.055986196800779535,
        "sortino_ratio_2022_2023_1_5_bps": -0.08977570822893631,
        "max_drawdown_2022_2023_1_5_bps": 0.05211248207755233,
        "calmar_ratio_2022_2023_1_5_bps": -0.1483658759971448,
        "perc_pos_return_2022_2023_1_5_bps": 0.536986301369863,
        "profit_loss_ratio_2022_2023_1_5_bps": 0.8517228520998131,
        "sharpe_ratio_2022_1_5_bps": -0.05644855660063686,
        "annual_return_2022_2023_2_0_bps": -0.009200905218047395,
        "annual_volatility_2022_2023_2_0_bps": 0.07398275652892966,
        "sharpe_ratio_2022_2023_2_0_bps": -0.08796676759822221,
        "downside_risk_2022_2023_2_0_bps": 0.056011915737111805,
        "sortino_ratio_2022_2023_2_0_bps": -0.11618999036564273,
        "max_drawdown_2022_2023_2_0_bps": 0.05231163192322853,
        "calmar_ratio_2022_2023_2_0_bps": -0.17588641148780165,
        "perc_pos_return_2022_2023_2_0_bps": 0.5287671232876713,
        "profit_loss_ratio_2022_2023_2_0_bps": 0.877133320350919,
        "sharpe_ratio_2022_2_0_bps": -0.0730924420286228,
        "annual_return_2022_2023_2_5_bps": -0.010667928442991914,
        "annual_volatility_2022_2023_2_5_bps": 0.0739810227054428,
        "sharpe_ratio_2022_2023_2_5_bps": -0.10799860746301926,
        "downside_risk_2022_2023_2_5_bps": 0.05603768374708868,
        "sortino_ratio_2022_2023_2_5_bps": -0.14257990153443711,
        "max_drawdown_2022_2023_2_5_bps": 0.052510740854259975,
        "calmar_ratio_2022_2023_2_5_bps": -0.2031570735709106,
        "perc_pos_return_2022_2023_2_5_bps": 0.5287671232876713,
        "profit_loss_ratio_2022_2023_2_5_bps": 0.8739609897649148,
        "sharpe_ratio_2022_2_5_bps": -0.08973709243491924,
        "annual_return_2022_2023_3_0_bps": -0.01213278691675368,
        "annual_volatility_2022_2023_3_0_bps": 0.07397930874641438,
        "sharpe_ratio_2022_2023_3_0_bps": -0.12803135190633289,
        "downside_risk_2022_2023_3_0_bps": 0.05606350094830927,
        "sortino_ratio_2022_2023_3_0_bps": -0.1689454056861762,
        "max_drawdown_2022_2023_3_0_bps": 0.05270980887886353,
        "calmar_ratio_2022_2023_3_0_bps": -0.2301808178556855,
        "perc_pos_return_2022_2023_3_0_bps": 0.5287671232876713,
        "profit_loss_ratio_2022_2023_3_0_bps": 0.8707991732846742,
        "sharpe_ratio_2022_3_0_bps": -0.1063824944642955
    },
    "COMB": {
        "annual_return_2022_2023": -0.003311100974209391,
        "annual_volatility_2022_2023": 0.0739898904392927,
        "sharpe_ratio_2022_2023": -0.007848775316760839,
        "downside_risk_2022_2023": 0.055909327809419505,
        "sortino_ratio_2022_2023": -0.010386997099112305,
        "max_drawdown_2022_2023": 0.0515147869704731,
        "calmar_ratio_2022_2023": -0.06427476786630654,
        "perc_pos_return_2022_2023": 0.5397260273972603,
        "profit_loss_ratio_2022_2023": 0.8515835967936098,
        "sharpe_ratio_2022": -0.006521623682437335,
        "annual_return_2022_2023_0_5_bps": -0.00478681513171586,
        "annual_volatility_2022_2023_0_5_bps": 0.07398807717209621,
        "sharpe_ratio_2022_2023_0_5_bps": -0.027876836182590004,
        "downside_risk_2022_2023_0_5_bps": 0.05593490293032807,
        "sortino_ratio_2022_2023_0_5_bps": -0.03687417692242085,
        "max_drawdown_2022_2023_0_5_bps": 0.05171405960939453,
        "calmar_ratio_2022_2023_0_5_bps": -0.09256312824542348,
        "perc_pos_return_2022_2023_0_5_bps": 0.5397260273972603,
        "profit_loss_ratio_2022_2023_0_5_bps": 0.8485074625270344,
        "sharpe_ratio_2022_0_5_bps": -0.023163134081768327,
        "annual_return_2022_2023_1_0_bps": -0.006260351757531257,
        "annual_volatility_2022_2023_1_0_bps": 0.07398628376367673,
        "sharpe_ratio_2022_2023_1_0_bps": -0.04790586589176794,
        "downside_risk_2022_2023_1_0_bps": 0.05596052593690852,
        "sortino_ratio_2022_2023_1_0_bps": -0.06333709214614988,
        "max_drawdown_2022_2023_1_0_bps": 0.05191329130901394,
        "calmar_ratio_2022_2023_1_0_bps": -0.12059246485194908,
        "perc_pos_return_2022_2023_1_0_bps": 0.5397260273972603,
        "profit_loss_ratio_2022_2023_1_0_bps": 0.845441325352344,
        "sharpe_ratio_2022_1_0_bps": -0.039805449502452704,
        "annual_return_2022_2023_1_5_bps": -0.007731714053821559,
        "annual_volatility_2022_2023_1_5_bps": 0.07398451021547846,
        "sharpe_ratio_2022_2023_1_5_bps": -0.06793584838496435,
        "downside_risk_2022_2023_1_5_bps": 0.055986196800779535,
        "sortino_ratio_2022_2023_1_5_bps": -0.08977570822893631,
        "max_drawdown_2022_2023_1_5_bps": 0.05211248207755233,
        "calmar_ratio_2022_2023_1_5_bps": -0.1483658759971448,
        "perc_pos_return_2022_2023_1_5_bps": 0.536986301369863,
        "profit_loss_ratio_2022_2023_1_5_bps": 0.8517228520998131,
        "sharpe_ratio_2022_1_5_bps": -0.05644855660063686,
        "annual_return_2022_2023_2_0_bps": -0.009200905218047395,
        "annual_volatility_2022_2023_2_0_bps": 0.07398275652892966,
        "sharpe_ratio_2022_2023_2_0_bps": -0.08796676759822221,
        "downside_risk_2022_2023_2_0_bps": 0.056011915737111805,
        "sortino_ratio_2022_2023_2_0_bps": -0.11618999036564273,
        "max_drawdown_2022_2023_2_0_bps": 0.05231163192322853,
        "calmar_ratio_2022_2023_2_0_bps": -0.17588641148780165,
        "perc_pos_return_2022_2023_2_0_bps": 0.5287671232876713,
        "profit_loss_ratio_2022_2023_2_0_bps": 0.877133320350919,
        "sharpe_ratio_2022_2_0_bps": -0.0730924420286228,
        "annual_return_2022_2023_2_5_bps": -0.010667928442991914,
        "annual_volatility_2022_2023_2_5_bps": 0.0739810227054428,
        "sharpe_ratio_2022_2023_2_5_bps": -0.10799860746301926,