{
    "ALL": {
        "annual_return": 0.1339848947146715,
        "annual_volatility": 0.079399696025349,
        "sharpe_ratio": 2.0427951535849154,
        "downside_risk": 0.055355734489043004,
        "sortino_ratio": 3.278227454240837,
        "max_drawdown": 0.060207732457441,
        "calmar_ratio": 3.180360500575704,
        "perc_pos_return": 0.5958904109589036,
        "profit_loss_ratio": 0.96903515102003,
        "annual_return_0_5_bps": 0.132863766355935,
        "annual_volatility_0_5_bps": 0.07939961332936502,
        "sharpe_ratio_0_5_bps": 2.0215642140784884,
        "downside_risk_0_5_bps": 0.055375091360867004,
        "sortino_ratio_0_5_bps": 3.2388549569588942,
        "max_drawdown_0_5_bps": 0.060260278186524005,
        "calmar_ratio_0_5_bps": 3.1341917325786666,
        "perc_pos_return_0_5_bps": 0.594520547945205,
        "profit_loss_ratio_0_5_bps": 0.9712527568599456,
        "annual_return_1_0_bps": 0.1317445966362885,
        "annual_volatility_1_0_bps": 0.07939954755016,
        "sharpe_ratio_1_0_bps": 2.000332674929517,
        "downside_risk_1_0_bps": 0.055394503310144505,
        "sortino_ratio_1_0_bps": 3.1995806977612378,
        "max_drawdown_1_0_bps": 0.060312819451654,
        "calmar_ratio_1_0_bps": 3.088394338250624,
        "perc_pos_return_1_0_bps": 0.5931506849315065,
        "profit_loss_ratio_1_0_bps": 0.9718823626889356,
        "annual_return_1_5_bps": 0.1306273819641775,
        "annual_volatility_1_5_bps": 0.0793994986871285,
        "sharpe_ratio_1_5_bps": 1.9791005821400145,
        "downside_risk_1_5_bps": 0.05541397011726001,
        "sortino_ratio_1_5_bps": 3.1604047839607707,
        "max_drawdown_1_5_bps": 0.06036535625321901,
        "calmar_ratio_1_5_bps": 3.042964458027474,
        "perc_pos_return_1_5_bps": 0.5931506849315065,
        "profit_loss_ratio_1_5_bps": 0.9678025681474671,
        "annual_return_2_0_bps": 0.129512118754629,
        "annual_volatility_2_0_bps": 0.079399466739629,
        "sharpe_ratio_2_0_bps": 1.9578679817120959,
        "downside_risk_2_0_bps": 0.0554334915549015,
        "sortino_ratio_2_0_bps": 3.1213273182273618,
        "max_drawdown_2_0_bps": 0.060417888591605004,
        "calmar_ratio_2_0_bps": 2.9978982842855912,
        "perc_pos_return_2_0_bps": 0.5931506849315065,
        "profit_loss_ratio_2_0_bps": 0.9637533396174396,
        "annual_return_2_5_bps": 0.1283988034292495,
        "annual_volatility_2_5_bps": 0.07939945170698151,
        "sharpe_ratio_2_5_bps": 1.9366349196474686,
        "downside_risk_2_5_bps": 0.05545306740913951,
        "sortino_ratio_2_5_bps": 3.0823483947162633,
        "max_drawdown_2_5_bps": 0.0604704164671995,
        "calmar_ratio_2_5_bps": 2.953192060473842,
        "perc_pos_return_2_5_bps": 0.591780821917808,
        "profit_loss_ratio_2_5_bps": 0.9659169668617091,
        "annual_return_3_0_bps": 0.127287432416206,
        "annual_volatility_3_0_bps": 0.0793994535884725,
        "sharpe_ratio_3_0_bps": 1.91540144194692,
        "downside_risk_3_0_bps": 0.05547269771433651,
        "sortino_ratio_3_0_bps": 3.0434680591149674,
        "max_drawdown_3_0_bps": 0.060522939880387504,
        "calmar_ratio_3_0_bps": 2.9088420802636072,
        "perc_pos_return_3_0_bps": 0.5904109589041096,
        "profit_loss_ratio_3_0_bps": 0.9680702151500855,
        "annual_return_rescaled": 0.17309857367336112,
        "annual_volatility_rescaled": 0.12463645764920643,
        "downside_risk_rescaled": 0.08689381701262021,
        "max_drawdown_rescaled": 0.11107444211326628,
        "annual_return_rescaled_0_5_bps": 0.17157985862606306,
        "annual_volatility_rescaled_0_5_bps": 0.12463645764920647,
        "downside_risk_rescaled_0_5_bps": 0.08692429269888047,
        "max_drawdown_rescaled_0_5_bps": 0.11117082925066515,
        "annual_return_rescaled_1_0_bps": 0.17006455914755814,
        "annual_volatility_rescaled_1_0_bps": 0.12463645764920672,
        "downside_risk_rescaled_1_0_bps": 0.08695483637928782,
        "max_drawdown_rescaled_1_0_bps": 0.11126717852839328,
        "annual_return_rescaled_1_5_bps": 0.16855266814600167,
        "annual_volatility_rescaled_1_5_bps": 0.12463645764920694,
        "downside_risk_rescaled_1_5_bps": 0.08698544769041351,
        "max_drawdown_rescaled_1_5_bps": 0.11136348989211409,
        "annual_return_rescaled_2_0_bps": 0.1670441785396234,
        "annual_volatility_rescaled_2_0_bps": 0.1246364576492064,
        "downside_risk_rescaled_2_0_bps": 0.0870161262566991,
        "max_drawdown_rescaled_2_0_bps": 0.11145976328760476,
        "annual_return_rescaled_2_5_bps": 0.16553908325674493,
        "annual_volatility_rescaled_2_5_bps": 0.12463645764920717,
        "downside_risk_rescaled_2_5_bps": 0.08704687172355041,
        "max_drawdown_rescaled_2_5_bps": 0.11155599866076348,
        "annual_return_rescaled_3_0_bps": 0.16403737523576312,
        "annual_volatility_rescaled_3_0_bps": 0.12463645764920667,
        "downside_risk_rescaled_3_0_bps": 0.087077684126078,
        "max_drawdown_rescaled_3_0_bps": 0.11165219595760037,
        "sharpe_ratio_years": 1.6973783443052715,
        "sharpe_ratio_years_0_5_bps": 1.679737350354301,
        "sharpe_ratio_years_1_0_bps": 1.6620958581545127,
        "sharpe_ratio_years_1_5_bps": 1.644453905929427,
        "sharpe_ratio_years_2_0_bps": 1.6268115319026482,
        "sharpe_ratio_years_2_5_bps": 1.609168774297442,
        "sharpe_ratio_years_3_0_bps": 1.5915256713363106,
        "sharpe_ratio_years_std": 0.7842740221189985,
        "sharpe_ratio_years_std_0_5_bps": 0.767455801936081,
        "sharpe_ratio_years_std_1_0_bps": 0.7506370997562275,
        "sharpe_ratio_years_std_1_5_bps": 0.7338179537861409,
        "sharpe_ratio_years_std_2_0_bps": 0.716998402232604,
        "sharpe_ratio_years_std_2_5_bps": 0.7001784833020609,
        "sharpe_ratio_years_std_3_0_bps": 0.6833582352001895
    },
    "COMB": {
        "annual_return": 0.1339848947146715,
        "annual_volatility": 0.079399696025349,
        "sharpe_ratio": 2.0427951535849154,
        "downside_risk": 0.055355734489043004,
        "sortino_ratio": 3.278227454240837,
        "max_drawdown": 0.060207732457441,
        "calmar_ratio": 3.180360500575704,
        "perc_pos_return": 0.5958904109589036,
        "profit_loss_ratio": 0.96903515102003,
        "annual_return_0_5_bps": 0.132863766355935,
        "annual_volatility_0_5_bps": 0.07939961332936502,
        "sharpe_ratio_0_5_bps": 2.0215642140784884,
        "downside_risk_0_5_bps": 0.055375091360867004,
        "sortino_ratio_0_5_bps": 3.2388549569588942,
        "max_drawdown_0_5_bps": 0.060260278186524005,
        "calmar_ratio_0_5_bps": 3.1341917325786666,
        "perc_pos_return_0_5_bps": 0.594520547945205,
        "profit_loss_ratio_0_5_bps": 0.9712527568599456,
        "annual_return_1_0_bps": 0.1317445966362885,
        "annual_volatility_1_0_bps": 0.07939954755016,
        "sharpe_ratio_1_0_bps": 2.000332674929517,
        "downside_risk_1_0_bps": 0.055394503310144505,
        "sortino_ratio_1_0_bps": 3.1995806977612378,
        "max_drawdown_1_0_bps": 0.060312819451654,
        "calmar_ratio_1_0_bps": 3.088394338250624,
        "perc_pos_return_1_0_bps": 0.5931506849315065,
        "profit_loss_ratio_1_0_bps": 0.9718823626889356,
        "annual_return_1_5_bps": 0.1306273819641775,
        "annual_volatility_1_5_bps": 0.0793994986871285,
        "sharpe_ratio_1_5_bps": 1.9791005821400145,
        "downside_risk_1_5_bps": 0.05541397011726001,
        "sortino_ratio_1_5_bps": 3.1604047839607707,
        "max_drawdown_1_5_bps": 0.06036535625321901,
        "calmar_ratio_1_5_bps": 3.042964458027474,
        "perc_pos_return_1_5_bps": 0.5931506849315065,
        "profit_loss_ratio_1_5_bps": 0.9678025681474671,
        "annual_return_2_0_bps": 0.129512118754629,
        "annual_volatility_2_0_bps": 0.079399466739629,
        "sharpe_ratio_2_0_bps": 1.9578679817120959,
        "downside_risk_2_0_bps": 0.0554334915549015,