{
    "ALL": {
        "performance_sw": 1.8854247288328616,
        "performance_fw": 2.0753375604516506,
        "val_loss": 3.4265281667772785,
        "annual_return_2019_2020": 0.020477091987821883,
        "annual_volatility_2019_2020": 0.010782156116087915,
        "sharpe_ratio_2019_2020": 1.885424728832861,
        "downside_risk_2019_2020": 0.0061875978440001506,
        "sortino_ratio_2019_2020": 3.2854339089151923,
        "max_drawdown_2019_2020": 0.006577448432625579,
        "calmar_ratio_2019_2020": 3.1132272943792367,
        "perc_pos_return_2019_2020": 0.5076923076923077,
        "profit_loss_ratio_2019_2020": 1.3463506517595993,
        "sharpe_ratio_2019": 1.7005205132888472,
        "annual_return_2019_2020_0_5_bps": 0.01484329931066597,
        "annual_volatility_2019_2020_0_5_bps": 0.010787056628914417,
        "sharpe_ratio_2019_2020_0_5_bps": 1.3713262288613668,
        "downside_risk_2019_2020_0_5_bps": 0.006382719071351111,
        "sortino_ratio_2019_2020_0_5_bps": 2.317597488167669,
        "max_drawdown_2019_2020_0_5_bps": 0.007788697660704552,
        "calmar_ratio_2019_2020_0_5_bps": 1.9057485548005302,
        "perc_pos_return_2019_2020_0_5_bps": 0.4807692307692308,
        "profit_loss_ratio_2019_2020_0_5_bps": 1.3695673714250396,
        "sharpe_ratio_2019_0_5_bps": 1.1864700684159126,
        "annual_return_2019_2020_1_0_bps": 0.009240478299703314,
        "annual_volatility_2019_2020_1_0_bps": 0.01079272099605879,
        "sharpe_ratio_2019_2020_1_0_bps": 0.8576339189031121,
        "downside_risk_2019_2020_1_0_bps": 0.006582483192020772,
        "sortino_ratio_2019_2020_1_0_bps": 1.4061871991861807,
        "max_drawdown_2019_2020_1_0_bps": 0.008998501109368676,
        "calmar_ratio_2019_2020_1_0_bps": 1.0268908329724722,
        "perc_pos_return_2019_2020_1_0_bps": 0.47307692307692306,
        "profit_loss_ratio_2019_2020_1_0_bps": 1.2913597470179832,
        "sharpe_ratio_2019_1_0_bps": 0.6727788796990811,
        "annual_return_2019_2020_1_5_bps": 0.003668459409035929,
        "annual_volatility_2019_2020_1_5_bps": 0.010799148015550921,
        "sharpe_ratio_2019_2020_1_5_bps": 0.344456202855612,
        "downside_risk_2019_2020_1_5_bps": 0.006786644915686317,
        "sortino_ratio_2019_2020_1_5_bps": 0.5481108214332162,
        "max_drawdown_2019_2020_1_5_bps": 0.01020686046735762,
        "calmar_ratio_2019_2020_1_5_bps": 0.35941114515751094,
        "perc_pos_return_2019_2020_1_5_bps": 0.46153846153846156,
        "profit_loss_ratio_2019_2020_1_5_bps": 1.2377929994840542,
        "sharpe_ratio_2019_1_5_bps": 0.15954105519882733,
        "annual_return_2019_2020_2_0_bps": -0.0018729259830376765,
        "annual_volatility_2019_2020_2_0_bps": 0.010806336326638825,
        "sharpe_ratio_2019_2020_2_0_bps": -0.16809920675660056,
        "downside_risk_2019_2020_2_0_bps": 0.006995061543044026,
        "sortino_ratio_2019_2020_2_0_bps": -0.25968843208526293,
        "max_drawdown_2019_2020_2_0_bps": 0.011413777421481707,
        "calmar_ratio_2019_2020_2_0_bps": -0.16409343847135738,
        "perc_pos_return_2019_2020_2_0_bps": 0.4423076923076923,
        "profit_loss_ratio_2019_2020_2_0_bps": 1.2251163131873846,
        "sharpe_ratio_2019_2_0_bps": -0.3531498190339676,
        "annual_return_2019_2020_2_5_bps": -0.00738384557904892,
        "annual_volatility_2019_2020_2_5_bps": 0.01081428441121916,
        "sharpe_ratio_2019_2020_2_5_bps": -0.6799253994827664,
        "downside_risk_2019_2020_2_5_bps": 0.007207666008383454,
        "sortino_ratio_2019_2020_2_5_bps": -1.020150856028297,
        "max_drawdown_2019_2020_2_5_bps": 0.01261925365662723,
        "calmar_ratio_2019_2020_2_5_bps": -0.5851253790410306,
        "perc_pos_return_2019_2020_2_5_bps": 0.4346153846153846,
        "profit_loss_ratio_2019_2020_2_5_bps": 1.158503248945016,
        "sharpe_ratio_2019_2_5_bps": -0.8652007627785588,
        "annual_return_2019_2020_3_0_bps": -0.012864466167344157,
        "annual_volatility_2019_2020_3_0_bps": 0.01082299059542643,
        "sharpe_ratio_2019_2020_3_0_bps": -1.1909163755377,
        "downside_risk_2019_2020_3_0_bps": 0.007424333352626847,
        "sortino_ratio_2019_2020_3_0_bps": -1.736085399212769,
        "max_drawdown_2019_2020_3_0_bps": 0.01543691813466543,
        "calmar_ratio_2019_2020_3_0_bps": -0.8333571542661402,
        "perc_pos_return_2019_2020_3_0_bps": 0.4269230769230769,
        "profit_loss_ratio_2019_2020_3_0_bps": 1.0964661210728268,
        "sharpe_ratio_2019_3_0_bps": -1.3765194840845831
    },
    "COMB": {
        "annual_return_2019_2020": 0.020477091987821883,
        "annual_volatility_2019_2020": 0.010782156116087915,
        "sharpe_ratio_2019_2020": 1.885424728832861,
        "downside_risk_2019_2020": 0.0061875978440001506,
        "sortino_ratio_2019_2020": 3.2854339089151923,
        "max_drawdown_2019_2020": 0.006577448432625579,
        "calmar_ratio_2019_2020": 3.1132272943792367,
        "perc_pos_return_2019_2020": 0.5076923076923077,
        "profit_loss_ratio_2019_2020": 1.3463506517595993,
        "sharpe_ratio_2019": 1.7005205132888472,
        "annual_return_2019_2020_0_5_bps": 0.01484329931066597,
        "annual_volatility_2019_2020_0_5_bps": 0.010787056628914417,
        "sharpe_ratio_2019_2020_0_5_bps": 1.3713262288613668,
        "downside_risk_2019_2020_0_5_bps": 0.006382719071351111,
        "sortino_ratio_2019_2020_0_5_bps": 2.317597488167669,
        "max_drawdown_2019_2020_0_5_bps": 0.007788697660704552,
        "calmar_ratio_2019_2020_0_5_bps": 1.9057485548005302,
        "perc_pos_return_2019_2020_0_5_bps": 0.4807692307692308,
        "profit_loss_ratio_2019_2020_0_5_bps": 1.3695673714250396,
        "sharpe_ratio_2019_0_5_bps": 1.1864700684159126,
        "annual_return_2019_2020_1_0_bps": 0.009240478299703314,
        "annual_volatility_2019_2020_1_0_bps": 0.01079272099605879,
        "sharpe_ratio_2019_2020_1_0_bps": 0.8576339189031121,
        "downside_risk_2019_2020_1_0_bps": 0.006582483192020772,
        "sortino_ratio_2019_2020_1_0_bps": 1.4061871991861807,
        "max_drawdown_2019_2020_1_0_bps": 0.008998501109368676,
        "calmar_ratio_2019_2020_1_0_bps": 1.0268908329724722,
        "perc_pos_return_2019_2020_1_0_bps": 0.47307692307692306,
        "profit_loss_ratio_2019_2020_1_0_bps": 1.2913597470179832,
        "sharpe_ratio_2019_1_0_bps": 0.6727788796990811,
        "annual_return_2019_2020_1_5_bps": 0.003668459409035929,
        "annual_volatility_2019_2020_1_5_bps": 0.010799148015550921,
        "sharpe_ratio_2019_2020_1_5_bps": 0.344456202855612,
        "downside_risk_2019_2020_1_5_bps": 0.006786644915686317,
        "sortino_ratio_2019_2020_1_5_bps": 0.5481108214332162,
        "max_drawdown_2019_2020_1_5_bps": 0.01020686046735762,
        "calmar_ratio_2019_2020_1_5_bps": 0.35941114515751094,
        "perc_pos_return_2019_2020_1_5_bps": 0.46153846153846156,
        "profit_loss_ratio_2019_2020_1_5_bps": 1.2377929994840542,
        "sharpe_ratio_2019_1_5_bps": 0.15954105519882733,
        "annual_return_2019_2020_2_0_bps": -0.0018729259830376765,
        "annual_volatility_2019_2020_2_0_bps": 0.010806336326638825,
        "sharpe_ratio_2019_2020_2_0_bps": -0.16809920675660056,
        "downside_risk_2019_2020_2_0_bps": 0.006995061543044026,
        "sortino_ratio_2019_2020_2_0_bps": -0.25968843208526293,
        "max_drawdown_2019_2020_2_0_bps": 0.011413777421481707,
        "calmar_ratio_2019_2020_2_0_bps": -0.16409343847135738,
        "perc_pos_return_2019_2020_2_0_bps": 0.4423076923076923,
        "profit_loss_ratio_2019_2020_2_0_bps": 1.2251163131873846,
        "sharpe_ratio_2019_2_0_bps": -0.3531498190339676,
        "annual_return_2019_2020_2_5_bps": -0.00738384557904892,
        "annual_volatility_2019_2020_2_5_bps": 0.01081428441121916,
        "sharpe_ratio_2019_2020_2_5_bps": -0.6799253994827664,
        "downside_risk_2019_2020_2_5_bps": 0.007207666008383454,