{
    "ALL": {
        "performance_sw": 3.274246150503812,
        "performance_fw": 3.4454202856386265,
        "val_loss": 3.395109468079463,
        "annual_return_2020_2021": 0.033073142037614245,
        "annual_volatility_2020_2021": 0.009953265238763522,
        "sharpe_ratio_2020_2021": 3.274246150503813,
        "downside_risk_2020_2021": 0.006215585993982492,
        "sortino_ratio_2020_2021": 5.243180679105036,
        "max_drawdown_2020_2021": 0.005741362870852741,
        "calmar_ratio_2020_2021": 5.760503695998233,
        "perc_pos_return_2020_2021": 0.5769230769230769,
        "profit_loss_ratio_2020_2021": 1.293139061673094,
        "sharpe_ratio_2020": 3.2218144251900096,
        "annual_return_2020_2021_0_5_bps": 0.02751143878653517,
        "annual_volatility_2020_2021_0_5_bps": 0.009960462705102603,
        "sharpe_ratio_2020_2021_0_5_bps": 2.7298611808786912,
        "downside_risk_2020_2021_0_5_bps": 0.00637157826211732,
        "sortino_ratio_2020_2021_0_5_bps": 4.267495330617487,
        "max_drawdown_2020_2021_0_5_bps": 0.006785033859730873,
        "calmar_ratio_2020_2021_0_5_bps": 4.0547238754128205,
        "perc_pos_return_2020_2021_0_5_bps": 0.5653846153846154,
        "profit_loss_ratio_2020_2021_0_5_bps": 1.2320624963657691,
        "sharpe_ratio_2020_0_5_bps": 2.6740175345167314,
        "annual_return_2020_2021_1_0_bps": 0.021979531465029734,
        "annual_volatility_2020_2021_1_0_bps": 0.009970428590451993,
        "sharpe_ratio_2020_2021_1_0_bps": 2.185655348096357,
        "downside_risk_2020_2021_1_0_bps": 0.006534221126902818,
        "sortino_ratio_2020_2021_1_0_bps": 3.335044858187017,
        "max_drawdown_2020_2021_1_0_bps": 0.007870322440078311,
        "calmar_ratio_2020_2021_1_0_bps": 2.7927104171873083,
        "perc_pos_return_2020_2021_1_0_bps": 0.5461538461538461,
        "profit_loss_ratio_2020_2021_1_0_bps": 1.2114201462015621,
        "sharpe_ratio_2020_1_0_bps": 2.1263627910275957,
        "annual_return_2020_2021_1_5_bps": 0.01647726122853821,
        "annual_volatility_2020_2021_1_5_bps": 0.009983154603924868,
        "sharpe_ratio_2020_2021_1_5_bps": 1.6420822186179447,
        "downside_risk_2020_2021_1_5_bps": 0.006703476348975828,
        "sortino_ratio_2020_2021_1_5_bps": 2.445471544525324,
        "max_drawdown_2020_2021_1_5_bps": 0.009334491439606116,
        "calmar_ratio_2020_2021_1_5_bps": 1.7652018147047006,
        "perc_pos_return_2020_2021_1_5_bps": 0.5269230769230769,
        "profit_loss_ratio_2020_2021_1_5_bps": 1.1909888170969154,
        "sharpe_ratio_2020_1_5_bps": 1.5793285207750472,
        "annual_return_2020_2021_2_0_bps": 0.011004470075153705,
        "annual_volatility_2020_2021_2_0_bps": 0.009998630206454842,
        "sharpe_ratio_2020_2021_2_0_bps": 1.0995906962341588,
        "downside_risk_2020_2021_2_0_bps": 0.0068794310967108824,
        "sortino_ratio_2020_2021_2_0_bps": 1.5981555154117457,
        "max_drawdown_2020_2021_2_0_bps": 0.010940956574759166,
        "calmar_ratio_2020_2021_2_0_bps": 1.0058051140191038,
        "perc_pos_return_2020_2021_2_0_bps": 0.5230769230769231,
        "profit_loss_ratio_2020_2021_2_0_bps": 1.101243280395674,
        "sharpe_ratio_2020_2_0_bps": 1.033388197491055,
        "annual_return_2020_2021_2_5_bps": 0.005561000841171948,
        "annual_volatility_2020_2021_2_5_bps": 0.010016842654050088,
        "sharpe_ratio_2020_2021_2_5_bps": 0.5586232141847385,
        "downside_risk_2020_2021_2_5_bps": 0.007061924539960828,
        "sortino_ratio_2020_2021_2_5_bps": 0.7923676906662733,
        "max_drawdown_2020_2021_2_5_bps": 0.012929501297447894,
        "calmar_ratio_2020_2021_2_5_bps": 0.4301017273009295,
        "perc_pos_return_2020_2021_2_5_bps": 0.5076923076923077,
        "profit_loss_ratio_2020_2021_2_5_bps": 1.0671251841234326,
        "sharpe_ratio_2020_2_5_bps": 0.4890084418946611,
        "annual_return_2020_2021_3_0_bps": 0.0001466971966737063,
        "annual_volatility_2020_2021_3_0_bps": 0.010037777049604377,
        "sharpe_ratio_2020_2021_3_0_bps": 0.01961399697363076,
        "downside_risk_2020_2021_3_0_bps": 0.007250834959328688,
        "sortino_ratio_2020_2021_3_0_bps": 0.027152863053326013,
        "max_drawdown_2020_2021_3_0_bps": 0.015138209534619602,
        "calmar_ratio_2020_2021_3_0_bps": 0.009690524915659556,
        "perc_pos_return_2020_2021_3_0_bps": 0.49615384615384617,
        "profit_loss_ratio_2020_2021_3_0_bps": 1.0189181446849753,
        "sharpe_ratio_2020_3_0_bps": -0.053352901641897515
    },
    "COMB": {
        "annual_return_2020_2021": 0.033073142037614245,
        "annual_volatility_2020_2021": 0.009953265238763522,
        "sharpe_ratio_2020_2021": 3.274246150503813,
        "downside_risk_2020_2021": 0.006215585993982492,
        "sortino_ratio_2020_2021": 5.243180679105036,
        "max_drawdown_2020_2021": 0.005741362870852741,
        "calmar_ratio_2020_2021": 5.760503695998233,
        "perc_pos_return_2020_2021": 0.5769230769230769,
        "profit_loss_ratio_2020_2021": 1.293139061673094,
        "sharpe_ratio_2020": 3.2218144251900096,
        "annual_return_2020_2021_0_5_bps": 0.02751143878653517,
        "annual_volatility_2020_2021_0_5_bps": 0.009960462705102603,
        "sharpe_ratio_2020_2021_0_5_bps": 2.7298611808786912,
        "downside_risk_2020_2021_0_5_bps": 0.00637157826211732,
        "sortino_ratio_2020_2021_0_5_bps": 4.267495330617487,
        "max_drawdown_2020_2021_0_5_bps": 0.006785033859730873,
        "calmar_ratio_2020_2021_0_5_bps": 4.0547238754128205,
        "perc_pos_return_2020_2021_0_5_bps": 0.5653846153846154,
        "profit_loss_ratio_2020_2021_0_5_bps": 1.2320624963657691,
        "sharpe_ratio_2020_0_5_bps": 2.6740175345167314,
        "annual_return_2020_2021_1_0_bps": 0.021979531465029734,
        "annual_volatility_2020_2021_1_0_bps": 0.009970428590451993,
        "sharpe_ratio_2020_2021_1_0_bps": 2.185655348096357,
        "downside_risk_2020_2021_1_0_bps": 0.006534221126902818,
        "sortino_ratio_2020_2021_1_0_bps": 3.335044858187017,
        "max_drawdown_2020_2021_1_0_bps": 0.007870322440078311,
        "calmar_ratio_2020_2021_1_0_bps": 2.7927104171873083,
        "perc_pos_return_2020_2021_1_0_bps": 0.5461538461538461,
        "profit_loss_ratio_2020_2021_1_0_bps": 1.2114201462015621,
        "sharpe_ratio_2020_1_0_bps": 2.1263627910275957,
        "annual_return_2020_2021_1_5_bps": 0.01647726122853821,
        "annual_volatility_2020_2021_1_5_bps": 0.009983154603924868,
        "sharpe_ratio_2020_2021_1_5_bps": 1.6420822186179447,
        "downside_risk_2020_2021_1_5_bps": 0.006703476348975828,
        "sortino_ratio_2020_2021_1_5_bps": 2.445471544525324,
        "max_drawdown_2020_2021_1_5_bps": 0.009334491439606116,
        "calmar_ratio_2020_2021_1_5_bps": 1.7652018147047006,
        "perc_pos_return_2020_2021_1_5_bps": 0.5269230769230769,
        "profit_loss_ratio_2020_2021_1_5_bps": 1.1909888170969154,
        "sharpe_ratio_2020_1_5_bps": 1.5793285207750472,
        "annual_return_2020_2021_2_0_bps": 0.011004470075153705,
        "annual_volatility_2020_2021_2_0_bps": 0.009998630206454842,
        "sharpe_ratio_2020_2021_2_0_bps": 1.0995906962341588,
        "downside_risk_2020_2021_2_0_bps": 0.0068794310967108824,
        "sortino_ratio_2020_2021_2_0_bps": 1.5981555154117457,
        "max_drawdown_2020_2021_2_0_bps": 0.010940956574759166,
        "calmar_ratio_2020_2021_2_0_bps": 1.0058051140191038,
        "perc_pos_return_2020_2021_2_0_bps": 0.5230769230769231,
        "profit_loss_ratio_2020_2021_2_0_bps": 1.101243280395674,
        "sharpe_ratio_2020_2_0_bps": 1.033388197491055,
        "annual_return_2020_2021_2_5_bps": 0.005561000841171948,
        "annual_volatility_2020_2021_2_5_bps": 0.010016842654050088,
        "sharpe_ratio_2020_2021_2_5_bps": 0.5586232141847385,
        "downside_risk_2020_2021_2_5_bps": 0.007061924539960828,
        "sortino_ratio_2020_2021_2_5_bps": 0.7923676906662733,