{
    "ALL": {
        "performance_sw": 1.9290635829935252,
        "performance_fw": 1.8461603075363187,
        "val_loss": 3.184516496497466,
        "annual_return_2020_2021": 0.023944778662226662,
        "annual_volatility_2020_2021": 0.012306050400476744,
        "sharpe_ratio_2020_2021": 1.9290635829935256,
        "downside_risk_2020_2021": 0.008450212265798106,
        "sortino_ratio_2020_2021": 2.8092967290450024,
        "max_drawdown_2020_2021": 0.0066679751755470505,
        "calmar_ratio_2020_2021": 3.591011968676413,
        "perc_pos_return_2020_2021": 0.6,
        "profit_loss_ratio_2020_2021": 0.9465078763858898,
        "sharpe_ratio_2020": 2.127791703337728,
        "annual_return_2020_2021_0_5_bps": 0.018550464216902984,
        "annual_volatility_2020_2021_0_5_bps": 0.012300779897607594,
        "sharpe_ratio_2020_2021_0_5_bps": 1.5004377903990578,
        "downside_risk_2020_2021_0_5_bps": 0.008592335989681527,
        "sortino_ratio_2020_2021_0_5_bps": 2.1480252904350836,
        "max_drawdown_2020_2021_0_5_bps": 0.006841576346900248,
        "calmar_ratio_2020_2021_0_5_bps": 2.711431295407198,
        "perc_pos_return_2020_2021_0_5_bps": 0.5846153846153846,
        "profit_loss_ratio_2020_2021_0_5_bps": 0.9338856641712349,
        "sharpe_ratio_2020_0_5_bps": 1.6891021537360813,
        "annual_return_2020_2021_1_0_bps": 0.01318443970608274,
        "annual_volatility_2020_2021_1_0_bps": 0.012296800902479551,
        "sharpe_ratio_2020_2021_1_0_bps": 1.0713320030093336,
        "downside_risk_2020_2021_1_0_bps": 0.008738121341168822,
        "sortino_ratio_2020_2021_1_0_bps": 1.5076417260758974,
        "max_drawdown_2020_2021_1_0_bps": 0.007102553448498511,
        "calmar_ratio_2020_2021_1_0_bps": 1.8562957395089998,
        "perc_pos_return_2020_2021_1_0_bps": 0.5615384615384615,
        "profit_loss_ratio_2020_2021_1_0_bps": 0.9495623780234802,
        "sharpe_ratio_2020_1_0_bps": 1.2498491428296066,
        "annual_return_2020_2021_1_5_bps": 0.007846557437820145,
        "annual_volatility_2020_2021_1_5_bps": 0.012294114669083667,
        "sharpe_ratio_2020_2021_1_5_bps": 0.6418809231553619,
        "downside_risk_2020_2021_1_5_bps": 0.008887634702164556,
        "sortino_ratio_2020_2021_1_5_bps": 0.8879030178015064,
        "max_drawdown_2020_2021_1_5_bps": 0.007485649993591606,
        "calmar_ratio_2020_2021_1_5_bps": 1.0482132406053595,
        "perc_pos_return_2020_2021_1_5_bps": 0.5461538461538461,
        "profit_loss_ratio_2020_2021_1_5_bps": 0.9345788629285832,
        "sharpe_ratio_2020_1_5_bps": 0.8101803998883325,
        "annual_return_2020_2021_2_0_bps": 0.002536670487713666,
        "annual_volatility_2020_2021_2_0_bps": 0.012292722044911619,
        "sharpe_ratio_2020_2021_2_0_bps": 0.2122197992720469,
        "downside_risk_2020_2021_2_0_bps": 0.009041073730180057,
        "sortino_ratio_2020_2021_2_0_bps": 0.28854526384072027,
        "max_drawdown_2020_2021_2_0_bps": 0.008265261457400171,
        "calmar_ratio_2020_2021_2_0_bps": 0.3069074705970128,
        "perc_pos_return_2020_2021_2_0_bps": 0.5192307692307693,
        "profit_loss_ratio_2020_2021_2_0_bps": 0.962635659080915,
        "sharpe_ratio_2020_2_0_bps": 0.3702443537808826,
        "annual_return_2020_2021_2_5_bps": -0.0027453673050671368,
        "annual_volatility_2020_2021_2_5_bps": 0.012292623469620125,
        "sharpe_ratio_2020_2021_2_5_bps": -0.21751578660332188,
        "downside_risk_2020_2021_2_5_bps": 0.009198559858869729,
        "sortino_ratio_2020_2021_2_5_bps": -0.29068024826023414,
        "max_drawdown_2020_2021_2_5_bps": 0.011702726611350849,
        "calmar_ratio_2020_2021_2_5_bps": -0.23459210799680796,
        "perc_pos_return_2020_2021_2_5_bps": 0.5038461538461538,
        "profit_loss_ratio_2020_2021_2_5_bps": 0.9462271066218373,
        "sharpe_ratio_2020_2_5_bps": -0.06981011687825846,
        "annual_return_2020_2021_3_0_bps": -0.00799970134172523,
        "annual_volatility_2020_2021_3_0_bps": 0.01229381897433733,
        "sharpe_ratio_2020_2021_3_0_bps": -0.6471901325627619,
        "downside_risk_2020_2021_3_0_bps": 0.009360024074460427,
        "sortino_ratio_2020_2021_3_0_bps": -0.8500446439463495,
        "max_drawdown_2020_2021_3_0_bps": 0.015171798067205441,
        "calmar_ratio_2020_2021_3_0_bps": -0.5272744407939993,
        "perc_pos_return_2020_2021_3_0_bps": 0.49615384615384617,
        "profit_loss_ratio_2020_2021_3_0_bps": 0.9017311687157368,
        "sharpe_ratio_2020_3_0_bps": -0.509833935350532
    },
    "COMB": {
        "annual_return_2020_2021": 0.023944778662226662,
        "annual_volatility_2020_2021": 0.012306050400476744,
        "sharpe_ratio_2020_2021": 1.9290635829935256,
        "downside_risk_2020_2021": 0.008450212265798106,
        "sortino_ratio_2020_2021": 2.8092967290450024,
        "max_drawdown_2020_2021": 0.0066679751755470505,
        "calmar_ratio_2020_2021": 3.591011968676413,
        "perc_pos_return_2020_2021": 0.6,
        "profit_loss_ratio_2020_2021": 0.9465078763858898,
        "sharpe_ratio_2020": 2.127791703337728,
        "annual_return_2020_2021_0_5_bps": 0.018550464216902984,
        "annual_volatility_2020_2021_0_5_bps": 0.012300779897607594,
        "sharpe_ratio_2020_2021_0_5_bps": 1.5004377903990578,
        "downside_risk_2020_2021_0_5_bps": 0.008592335989681527,
        "sortino_ratio_2020_2021_0_5_bps": 2.1480252904350836,
        "max_drawdown_2020_2021_0_5_bps": 0.006841576346900248,
        "calmar_ratio_2020_2021_0_5_bps": 2.711431295407198,
        "perc_pos_return_2020_2021_0_5_bps": 0.5846153846153846,
        "profit_loss_ratio_2020_2021_0_5_bps": 0.9338856641712349,
        "sharpe_ratio_2020_0_5_bps": 1.6891021537360813,
        "annual_return_2020_2021_1_0_bps": 0.01318443970608274,
        "annual_volatility_2020_2021_1_0_bps": 0.012296800902479551,
        "sharpe_ratio_2020_2021_1_0_bps": 1.0713320030093336,
        "downside_risk_2020_2021_1_0_bps": 0.008738121341168822,
        "sortino_ratio_2020_2021_1_0_bps": 1.5076417260758974,
        "max_drawdown_2020_2021_1_0_bps": 0.007102553448498511,
        "calmar_ratio_2020_2021_1_0_bps": 1.8562957395089998,
        "perc_pos_return_2020_2021_1_0_bps": 0.5615384615384615,
        "profit_loss_ratio_2020_2021_1_0_bps": 0.9495623780234802,
        "sharpe_ratio_2020_1_0_bps": 1.2498491428296066,
        "annual_return_2020_2021_1_5_bps": 0.007846557437820145,
        "annual_volatility_2020_2021_1_5_bps": 0.012294114669083667,
        "sharpe_ratio_2020_2021_1_5_bps": 0.6418809231553619,
        "downside_risk_2020_2021_1_5_bps": 0.008887634702164556,
        "sortino_ratio_2020_2021_1_5_bps": 0.8879030178015064,
        "max_drawdown_2020_2021_1_5_bps": 0.007485649993591606,
        "calmar_ratio_2020_2021_1_5_bps": 1.0482132406053595,
        "perc_pos_return_2020_2021_1_5_bps": 0.5461538461538461,
        "profit_loss_ratio_2020_2021_1_5_bps": 0.9345788629285832,
        "sharpe_ratio_2020_1_5_bps": 0.8101803998883325,
        "annual_return_2020_2021_2_0_bps": 0.002536670487713666,
        "annual_volatility_2020_2021_2_0_bps": 0.012292722044911619,
        "sharpe_ratio_2020_2021_2_0_bps": 0.2122197992720469,
        "downside_risk_2020_2021_2_0_bps": 0.009041073730180057,
        "sortino_ratio_2020_2021_2_0_bps": 0.28854526384072027,
        "max_drawdown_2020_2021_2_0_bps": 0.008265261457400171,
        "calmar_ratio_2020_2021_2_0_bps": 0.3069074705970128,
        "perc_pos_return_2020_2021_2_0_bps": 0.5192307692307693,
        "profit_loss_ratio_2020_2021_2_0_bps": 0.962635659080915,
        "sharpe_ratio_2020_2_0_bps": 0.3702443537808826,
        "annual_return_2020_2021_2_5_bps": -0.0027453673050671368,
        "annual_volatility_2020_2021_2_5_bps": 0.012292623469620125,
        "sharpe_ratio_2020_2021_2_5_bps": -0.21751578660332188,
        "downside_risk_2020_2021_2_5_bps": 0.009198559858869729,
        "sortino_ratio_2020_2021_2_5_bps": -0.29068024826023414,