{
    "ALL": {
        "performance_sw": -0.08978152265032384,
        "performance_fw": 0.04300369154372061,
        "val_loss": 4.1199955500640115,
        "annual_return_2022_2023": -0.009900670898151609,
        "annual_volatility_2022_2023": 0.06962962923181894,
        "sharpe_ratio_2022_2023": -0.10805207923553607,
        "downside_risk_2022_2023": 0.05365857229472975,
        "sortino_ratio_2022_2023": -0.14021294069422074,
        "max_drawdown_2022_2023": 0.04286527225295277,
        "calmar_ratio_2022_2023": -0.23097184218792874,
        "perc_pos_return_2022_2023": 0.5467032967032966,
        "profit_loss_ratio_2022_2023": 0.8125582984078408,
        "sharpe_ratio_2022": -0.08822400908155355,
        "annual_return_2022_2023_0_5_bps": -0.010889999344186219,
        "annual_volatility_2022_2023_0_5_bps": 0.06962952058920359,
        "sharpe_ratio_2022_2023_0_5_bps": -0.12240957258196551,
        "downside_risk_2022_2023_0_5_bps": 0.05367626485598276,
        "sortino_ratio_2022_2023_0_5_bps": -0.1587912250839408,
        "max_drawdown_2022_2023_0_5_bps": 0.042890069618575125,
        "calmar_ratio_2022_2023_0_5_bps": -0.2539049118136638,
        "perc_pos_return_2022_2023_0_5_bps": 0.5467032967032966,
        "profit_loss_ratio_2022_2023_0_5_bps": 0.810376630051721,
        "sharpe_ratio_2022_0_5_bps": -0.10016609199293079,
        "annual_return_2022_2023_1_0_bps": -0.011878342524214602,
        "annual_volatility_2022_2023_1_0_bps": 0.06962942048980625,
        "sharpe_ratio_2022_2023_1_0_bps": -0.13676709395161268,
        "downside_risk_2022_2023_1_0_bps": 0.053693979601650794,
        "sortino_ratio_2022_2023_1_0_bps": -0.17735719282824208,
        "max_drawdown_2022_2023_1_0_bps": 0.042914866472458624,
        "calmar_ratio_2022_2023_1_0_bps": -0.2767885234324972,
        "perc_pos_return_2022_2023_1_0_bps": 0.5467032967032966,
        "profit_loss_ratio_2022_2023_1_0_bps": 0.8082001494063811,
        "sharpe_ratio_2022_1_0_bps": -0.1121082025841606,
        "annual_return_2022_2023_1_5_bps": -0.01286570141618082,
        "annual_volatility_2022_2023_1_5_bps": 0.06962932893366373,
        "sharpe_ratio_2022_2023_1_5_bps": -0.15112463805970042,
        "downside_risk_2022_2023_1_5_bps": 0.053711716509783805,
        "sortino_ratio_2022_2023_1_5_bps": -0.1959108331889376,
        "max_drawdown_2022_2023_1_5_bps": 0.0429396628146106,
        "calmar_ratio_2022_2023_1_5_bps": -0.29962278632060313,
        "perc_pos_return_2022_2023_1_5_bps": 0.5467032967032966,
        "profit_loss_ratio_2022_2023_1_5_bps": 0.8060288379902869,
        "sharpe_ratio_2022_1_5_bps": -0.12405033644419794,
        "annual_return_2022_2023_2_0_bps": -0.013852076997056817,
        "annual_volatility_2022_2023_2_0_bps": 0.06962924592080975,
        "sharpe_ratio_2022_2023_2_0_bps": -0.1654821996213837,
        "downside_risk_2022_2023_2_0_bps": 0.05372947555883618,
        "sortino_ratio_2022_2023_2_0_bps": -0.2144521355012355,
        "max_drawdown_2022_2023_2_0_bps": 0.04296445864503935,
        "calmar_ratio_2022_2023_2_0_bps": -0.3224078094757088,
        "perc_pos_return_2022_2023_2_0_bps": 0.5439560439560439,
        "profit_loss_ratio_2022_2023_2_0_bps": 0.8128191045627174,
        "sharpe_ratio_2022_2_0_bps": -0.13599248916193174,
        "annual_return_2022_2023_2_5_bps": -0.014837470242859863,
        "annual_volatility_2022_2023_2_5_bps": 0.06962917145127488,
        "sharpe_ratio_2022_2023_2_5_bps": -0.17983977335175763,
        "downside_risk_2022_2023_2_5_bps": 0.05374725679597698,
        "sortino_ratio_2022_2023_2_5_bps": -0.23298108887680458,
        "max_drawdown_2022_2023_2_5_bps": 0.04315673359035587,
        "calmar_ratio_2022_2023_2_5_bps": -0.3438042921342767,
        "perc_pos_return_2022_2023_2_5_bps": 0.5439560439560439,
        "profit_loss_ratio_2022_2023_2_5_bps": 0.8106341867933154,
        "sharpe_ratio_2022_2_5_bps": -0.14793465632619102,
        "annual_return_2022_2023_3_0_bps": -0.015821882128636222,
        "annual_volatility_2022_2023_3_0_bps": 0.06962910552508653,
        "sharpe_ratio_2022_2023_3_0_bps": -0.19419735396586882,
        "downside_risk_2022_2023_3_0_bps": 0.05376506024982332,
        "sortino_ratio_2022_2023_3_0_bps": -0.25149768249402266,
        "max_drawdown_2022_2023_3_0_bps": 0.04356181597854063,
        "calmar_ratio_2022_2023_3_0_bps": -0.3632052928287099,
        "perc_pos_return_2022_2023_3_0_bps": 0.5439560439560439,
        "profit_loss_ratio_2022_2023_3_0_bps": 0.8084544691576415,
        "sharpe_ratio_2022_3_0_bps": -0.15987683352575535
    },
    "COMB": {
        "annual_return_2022_2023": -0.009900670898151609,
        "annual_volatility_2022_2023": 0.06962962923181894,
        "sharpe_ratio_2022_2023": -0.10805207923553607,
        "downside_risk_2022_2023": 0.05365857229472975,
        "sortino_ratio_2022_2023": -0.14021294069422074,
        "max_drawdown_2022_2023": 0.04286527225295277,
        "calmar_ratio_2022_2023": -0.23097184218792874,
        "perc_pos_return_2022_2023": 0.5467032967032966,
        "profit_loss_ratio_2022_2023": 0.8125582984078408,
        "sharpe_ratio_2022": -0.08822400908155355,
        "annual_return_2022_2023_0_5_bps": -0.010889999344186219,
        "annual_volatility_2022_2023_0_5_bps": 0.06962952058920359,
        "sharpe_ratio_2022_2023_0_5_bps": -0.12240957258196551,
        "downside_risk_2022_2023_0_5_bps": 0.05367626485598276,
        "sortino_ratio_2022_2023_0_5_bps": -0.1587912250839408,
        "max_drawdown_2022_2023_0_5_bps": 0.042890069618575125,
        "calmar_ratio_2022_2023_0_5_bps": -0.2539049118136638,
        "perc_pos_return_2022_2023_0_5_bps": 0.5467032967032966,
        "profit_loss_ratio_2022_2023_0_5_bps": 0.810376630051721,
        "sharpe_ratio_2022_0_5_bps": -0.10016609199293079,
        "annual_return_2022_2023_1_0_bps": -0.011878342524214602,
        "annual_volatility_2022_2023_1_0_bps": 0.06962942048980625,
        "sharpe_ratio_2022_2023_1_0_bps": -0.13676709395161268,
        "downside_risk_2022_2023_1_0_bps": 0.053693979601650794,
        "sortino_ratio_2022_2023_1_0_bps": -0.17735719282824208,
        "max_drawdown_2022_2023_1_0_bps": 0.042914866472458624,
        "calmar_ratio_2022_2023_1_0_bps": -0.2767885234324972,
        "perc_pos_return_2022_2023_1_0_bps": 0.5467032967032966,
        "profit_loss_ratio_2022_2023_1_0_bps": 0.8082001494063811,
        "sharpe_ratio_2022_1_0_bps": -0.1121082025841606,
        "annual_return_2022_2023_1_5_bps": -0.01286570141618082,
        "annual_volatility_2022_2023_1_5_bps": 0.06962932893366373,
        "sharpe_ratio_2022_2023_1_5_bps": -0.15112463805970042,
        "downside_risk_2022_2023_1_5_bps": 0.053711716509783805,
        "sortino_ratio_2022_2023_1_5_bps": -0.1959108331889376,
        "max_drawdown_2022_2023_1_5_bps": 0.0429396628146106,
        "calmar_ratio_2022_2023_1_5_bps": -0.29962278632060313,
        "perc_pos_return_2022_2023_1_5_bps": 0.5467032967032966,
        "profit_loss_ratio_2022_2023_1_5_bps": 0.8060288379902869,
        "sharpe_ratio_2022_1_5_bps": -0.12405033644419794,
        "annual_return_2022_2023_2_0_bps": -0.013852076997056817,
        "annual_volatility_2022_2023_2_0_bps": 0.06962924592080975,
        "sharpe_ratio_2022_2023_2_0_bps": -0.1654821996213837,
        "downside_risk_2022_2023_2_0_bps": 0.05372947555883618,
        "sortino_ratio_2022_2023_2_0_bps": -0.2144521355012355,
        "max_drawdown_2022_2023_2_0_bps": 0.04296445864503935,
        "calmar_ratio_2022_2023_2_0_bps": -0.3224078094757088,
        "perc_pos_return_2022_2023_2_0_bps": 0.5439560439560439,
        "profit_loss_ratio_2022_2023_2_0_bps": 0.8128191045627174,
        "sharpe_ratio_2022_2_0_bps": -0.13599248916193174,
        "annual_return_2022_2023_2_5_bps": -0.014837470242859863,
        "annual_volatility_2022_2023_2_5_bps": 0.06962917145127488,
        "sharpe_ratio_2022_2023_2_5_bps": -0.17983977335175763,
        "downside_risk_2022_2023_2_5_bps": 0.05374725679597698,