{
    "ALL": {
        "performance_sw": 3.10703716749327,
        "performance_fw": 3.3446263679955943,
        "val_loss": 3.0257187852924976,
        "annual_return_2019_2020": 0.028398678543181566,
        "annual_volatility_2019_2020": 0.00902629386591395,
        "sharpe_ratio_2019_2020": 3.1070371674932686,
        "downside_risk_2019_2020": 0.0051052875177075106,
        "sortino_ratio_2019_2020": 5.493330283326441,
        "max_drawdown_2019_2020": 0.0035451072642064757,
        "calmar_ratio_2019_2020": 8.010668345613013,
        "perc_pos_return_2019_2020": 0.5692307692307692,
        "profit_loss_ratio_2019_2020": 1.292010457000754,
        "sharpe_ratio_2019": 2.950227310433589,
        "annual_return_2019_2020_0_5_bps": 0.024597603919668032,
        "annual_volatility_2019_2020_0_5_bps": 0.009028020358513663,
        "sharpe_ratio_2019_2020_0_5_bps": 2.696239479026539,
        "downside_risk_2019_2020_0_5_bps": 0.005222812939895035,
        "sortino_ratio_2019_2020_0_5_bps": 4.66065034076619,
        "max_drawdown_2019_2020_0_5_bps": 0.0036619162232488208,
        "calmar_ratio_2019_2020_0_5_bps": 6.717139994493169,
        "perc_pos_return_2019_2020_0_5_bps": 0.55,
        "profit_loss_ratio_2019_2020_0_5_bps": 1.3007201886658704,
        "sharpe_ratio_2019_0_5_bps": 2.542549106964125,
        "annual_return_2019_2020_1_0_bps": 0.02081051907151643,
        "annual_volatility_2019_2020_1_0_bps": 0.009030167830534827,
        "sharpe_ratio_2019_2020_1_0_bps": 2.2854923272036505,
        "downside_risk_2019_2020_1_0_bps": 0.00534281258243867,
        "sortino_ratio_2019_2020_1_0_bps": 3.8628304795652055,
        "max_drawdown_2019_2020_1_0_bps": 0.0041554979204484295,
        "calmar_ratio_2019_2020_1_0_bps": 5.007948378246504,
        "perc_pos_return_2019_2020_1_0_bps": 0.5423076923076923,
        "profit_loss_ratio_2019_2020_1_0_bps": 1.2492895171689196,
        "sharpe_ratio_2019_1_0_bps": 2.134938101677765,
        "annual_return_2019_2020_1_5_bps": 0.01703737272824002,
        "annual_volatility_2019_2020_1_5_bps": 0.009032735981722393,
        "sharpe_ratio_2019_2020_1_5_bps": 1.874853168108216,
        "downside_risk_2019_2020_1_5_bps": 0.005465319302380949,
        "sortino_ratio_2019_2020_1_5_bps": 3.0986393904999474,
        "max_drawdown_2019_2020_1_5_bps": 0.004696592662652977,
        "calmar_ratio_2019_2020_1_5_bps": 3.627602807396985,
        "perc_pos_return_2019_2020_1_5_bps": 0.5307692307692308,
        "profit_loss_ratio_2019_2020_1_5_bps": 1.2187540846240104,
        "sharpe_ratio_2019_1_5_bps": 1.7274422713413131,
        "annual_return_2019_2020_2_0_bps": 0.01327811380645616,
        "annual_volatility_2019_2020_2_0_bps": 0.009035724453377613,
        "sharpe_ratio_2019_2020_2_0_bps": 1.4643793225721828,
        "downside_risk_2019_2020_2_0_bps": 0.005590347329018166,
        "sortino_ratio_2019_2020_2_0_bps": 2.3668883658271564,
        "max_drawdown_2019_2020_2_0_bps": 0.005237401223228916,
        "calmar_ratio_2019_2020_2_0_bps": 2.5352485403572067,
        "perc_pos_return_2019_2020_2_0_bps": 0.5153846153846153,
        "profit_loss_ratio_2019_2020_2_0_bps": 1.207663619465882,
        "sharpe_ratio_2019_2_0_bps": 1.3201094818492787,
        "annual_return_2019_2020_2_5_bps": 0.009532691409196437,
        "annual_volatility_2019_2020_2_5_bps": 0.009039132828607918,
        "sharpe_ratio_2019_2020_2_5_bps": 1.0541279364540734,
        "downside_risk_2019_2020_2_5_bps": 0.0057178185458187985,
        "sortino_ratio_2019_2020_2_5_bps": 1.666440157133433,
        "max_drawdown_2019_2020_2_5_bps": 0.0057779237494106845,
        "calmar_ratio_2019_2020_2_5_bps": 1.6498472154757524,
        "perc_pos_return_2019_2020_2_5_bps": 0.5076923076923077,
        "profit_loss_ratio_2019_2020_2_5_bps": 1.1607142055392958,
        "sharpe_ratio_2019_2_5_bps": 0.9129874603151993,
        "annual_return_2019_2020_3_0_bps": 0.005801054825234964,
        "annual_volatility_2019_2020_3_0_bps": 0.009042960632616736,
        "sharpe_ratio_2019_2020_3_0_bps": 0.6441559412426489,
        "downside_risk_2019_2020_3_0_bps": 0.005847667499199172,
        "sortino_ratio_2019_2020_3_0_bps": 0.996136804755261,
        "max_drawdown_2019_2020_3_0_bps": 0.006318160388360346,
        "calmar_ratio_2019_2020_3_0_bps": 0.918155676440563,
        "perc_pos_return_2019_2020_3_0_bps": 0.5038461538461538,
        "profit_loss_ratio_2019_2020_3_0_bps": 1.0989043084571624,
        "sharpe_ratio_2019_3_0_bps": 0.5061237673777491
    },
    "COMB": {
        "annual_return_2019_2020": 0.028398678543181566,
        "annual_volatility_2019_2020": 0.00902629386591395,
        "sharpe_ratio_2019_2020": 3.1070371674932686,
        "downside_risk_2019_2020": 0.0051052875177075106,
        "sortino_ratio_2019_2020": 5.493330283326441,
        "max_drawdown_2019_2020": 0.0035451072642064757,
        "calmar_ratio_2019_2020": 8.010668345613013,
        "perc_pos_return_2019_2020": 0.5692307692307692,
        "profit_loss_ratio_2019_2020": 1.292010457000754,
        "sharpe_ratio_2019": 2.950227310433589,
        "annual_return_2019_2020_0_5_bps": 0.024597603919668032,
        "annual_volatility_2019_2020_0_5_bps": 0.009028020358513663,
        "sharpe_ratio_2019_2020_0_5_bps": 2.696239479026539,
        "downside_risk_2019_2020_0_5_bps": 0.005222812939895035,
        "sortino_ratio_2019_2020_0_5_bps": 4.66065034076619,
        "max_drawdown_2019_2020_0_5_bps": 0.0036619162232488208,
        "calmar_ratio_2019_2020_0_5_bps": 6.717139994493169,
        "perc_pos_return_2019_2020_0_5_bps": 0.55,
        "profit_loss_ratio_2019_2020_0_5_bps": 1.3007201886658704,
        "sharpe_ratio_2019_0_5_bps": 2.542549106964125,
        "annual_return_2019_2020_1_0_bps": 0.02081051907151643,
        "annual_volatility_2019_2020_1_0_bps": 0.009030167830534827,
        "sharpe_ratio_2019_2020_1_0_bps": 2.2854923272036505,
        "downside_risk_2019_2020_1_0_bps": 0.00534281258243867,
        "sortino_ratio_2019_2020_1_0_bps": 3.8628304795652055,
        "max_drawdown_2019_2020_1_0_bps": 0.0041554979204484295,
        "calmar_ratio_2019_2020_1_0_bps": 5.007948378246504,
        "perc_pos_return_2019_2020_1_0_bps": 0.5423076923076923,
        "profit_loss_ratio_2019_2020_1_0_bps": 1.2492895171689196,
        "sharpe_ratio_2019_1_0_bps": 2.134938101677765,
        "annual_return_2019_2020_1_5_bps": 0.01703737272824002,
        "annual_volatility_2019_2020_1_5_bps": 0.009032735981722393,
        "sharpe_ratio_2019_2020_1_5_bps": 1.874853168108216,
        "downside_risk_2019_2020_1_5_bps": 0.005465319302380949,
        "sortino_ratio_2019_2020_1_5_bps": 3.0986393904999474,
        "max_drawdown_2019_2020_1_5_bps": 0.004696592662652977,
        "calmar_ratio_2019_2020_1_5_bps": 3.627602807396985,
        "perc_pos_return_2019_2020_1_5_bps": 0.5307692307692308,
        "profit_loss_ratio_2019_2020_1_5_bps": 1.2187540846240104,
        "sharpe_ratio_2019_1_5_bps": 1.7274422713413131,
        "annual_return_2019_2020_2_0_bps": 0.01327811380645616,
        "annual_volatility_2019_2020_2_0_bps": 0.009035724453377613,
        "sharpe_ratio_2019_2020_2_0_bps": 1.4643793225721828,
        "downside_risk_2019_2020_2_0_bps": 0.005590347329018166,
        "sortino_ratio_2019_2020_2_0_bps": 2.3668883658271564,
        "max_drawdown_2019_2020_2_0_bps": 0.005237401223228916,
        "calmar_ratio_2019_2020_2_0_bps": 2.5352485403572067,
        "perc_pos_return_2019_2020_2_0_bps": 0.5153846153846153,
        "profit_loss_ratio_2019_2020_2_0_bps": 1.207663619465882,
        "sharpe_ratio_2019_2_0_bps": 1.3201094818492787,
        "annual_return_2019_2020_2_5_bps": 0.009532691409196437,
        "annual_volatility_2019_2020_2_5_bps": 0.009039132828607918,
        "sharpe_ratio_2019_2020_2_5_bps": 1.0541279364540734,
        "downside_risk_2019_2020_2_5_bps": 0.0057178185458187985,
        "sortino_ratio_2019_2020_2_5_bps": 1.666440157133433,