{
    "ALL": {
        "performance_sw": 0.6032222583381266,
        "performance_fw": 0.6827633747224902,
        "val_loss": 5.091385507632888,
        "annual_return_2022_2023": 0.03744768445102542,
        "annual_volatility_2022_2023": 0.05254235510807145,
        "sharpe_ratio_2022_2023": 0.7259781002873755,
        "downside_risk_2022_2023": 0.03983805247292783,
        "sortino_ratio_2022_2023": 0.9574915634217754,
        "max_drawdown_2022_2023": 0.037345992054319134,
        "calmar_ratio_2022_2023": 1.0027229801944577,
        "perc_pos_return_2022_2023": 0.6,
        "profit_loss_ratio_2022_2023": 0.767656932226464,
        "sharpe_ratio_2022": 0.5978510490613413,
        "annual_return_2022_2023_0_5_bps": 0.03659576680826593,
        "annual_volatility_2022_2023_0_5_bps": 0.052542829106574984,
        "sharpe_ratio_2022_2023_0_5_bps": 0.7103355681168101,
        "downside_risk_2022_2023_0_5_bps": 0.03985104047939833,
        "sortino_ratio_2022_2023_0_5_bps": 0.9365637613195618,
        "max_drawdown_2022_2023_0_5_bps": 0.0373634504611008,
        "calmar_ratio_2022_2023_0_5_bps": 0.9794536199585177,
        "perc_pos_return_2022_2023_0_5_bps": 0.6,
        "profit_loss_ratio_2022_2023_0_5_bps": 0.7653487536820344,
        "sharpe_ratio_2022_0_5_bps": 0.5848556324163475,
        "annual_return_2022_2023_1_0_bps": 0.03574454651642678,
        "annual_volatility_2022_2023_1_0_bps": 0.052543308636187766,
        "sharpe_ratio_2022_2023_1_0_bps": 0.6946932450432894,
        "downside_risk_2022_2023_1_0_bps": 0.039864047213444595,
        "sortino_ratio_2022_2023_1_0_bps": 0.9156491659350092,
        "max_drawdown_2022_2023_1_0_bps": 0.03738090860454411,
        "calmar_ratio_2022_2023_1_0_bps": 0.9562246572059404,
        "perc_pos_return_2022_2023_1_0_bps": 0.6,
        "profit_loss_ratio_2022_2023_1_0_bps": 0.7630467824500073,
        "sharpe_ratio_2022_1_0_bps": 0.5718603901795849,
        "annual_return_2022_2023_1_5_bps": 0.03489402300649358,
        "annual_volatility_2022_2023_1_5_bps": 0.05254379369675836,
        "sharpe_ratio_2022_2023_1_5_bps": 0.679051136002892,
        "downside_risk_2022_2023_1_5_bps": 0.03987707265674144,
        "sortino_ratio_2022_2023_1_5_bps": 0.894747794222891,
        "max_drawdown_2022_2023_1_5_bps": 0.037398366484652536,
        "calmar_ratio_2022_2023_1_5_bps": 0.9330360196564552,
        "perc_pos_return_2022_2023_1_5_bps": 0.6,
        "profit_loss_ratio_2022_2023_1_5_bps": 0.7607509935243103,
        "sharpe_ratio_2022_1_5_bps": 0.55886532644023,
        "annual_return_2022_2023_2_0_bps": 0.034044195709912906,
        "annual_volatility_2022_2023_2_0_bps": 0.052544284288133576,
        "sharpe_ratio_2022_2023_2_0_bps": 0.6634092459312199,
        "downside_risk_2022_2023_2_0_bps": 0.039890116790961314,
        "sortino_ratio_2022_2023_2_0_bps": 0.8738596630402667,
        "max_drawdown_2022_2023_2_0_bps": 0.037415824101428255,
        "calmar_ratio_2022_2023_2_0_bps": 0.9098876351787573,
        "perc_pos_return_2022_2023_2_0_bps": 0.6,
        "profit_loss_ratio_2022_2023_2_0_bps": 0.7584613620330057,
        "sharpe_ratio_2022_2_0_bps": 0.5458704452870621,
        "annual_return_2022_2023_2_5_bps": 0.03319506405858896,
        "annual_volatility_2022_2023_2_5_bps": 0.05254478041015851,
        "sharpe_ratio_2022_2023_2_5_bps": 0.6477675797633928,
        "downside_risk_2022_2023_2_5_bps": 0.03990317959777432,
        "sortino_ratio_2022_2023_2_5_bps": 0.8529847891466219,
        "max_drawdown_2022_2023_2_5_bps": 0.037433281454876406,
        "calmar_ratio_2022_2023_2_5_bps": 0.8867794317899604,
        "perc_pos_return_2022_2023_2_5_bps": 0.6,
        "profit_loss_ratio_2022_2023_2_5_bps": 0.7561778632373939,
        "sharpe_ratio_2022_2_5_bps": 0.5328757508084614,
        "annual_return_2022_2023_3_0_bps": 0.032346627484894475,
        "annual_volatility_2022_2023_3_0_bps": 0.052545282062676515,
        "sharpe_ratio_2022_2023_3_0_bps": 0.6321261424340413,
        "downside_risk_2022_2023_3_0_bps": 0.03991626105884836,
        "sortino_ratio_2022_2023_3_0_bps": 0.832123189204,
        "max_drawdown_2022_2023_3_0_bps": 0.03745073854499849,
        "calmar_ratio_2022_2023_3_0_bps": 0.8637113376556985,
        "perc_pos_return_2022_2023_3_0_bps": 0.6,
        "profit_loss_ratio_2022_2023_3_0_bps": 0.75390047253112,
        "sharpe_ratio_2022_3_0_bps": 0.5198812470924017
    },
    "COMB": {
        "annual_return_2022_2023": 0.03744768445102542,
        "annual_volatility_2022_2023": 0.05254235510807145,
        "sharpe_ratio_2022_2023": 0.7259781002873755,
        "downside_risk_2022_2023": 0.03983805247292783,
        "sortino_ratio_2022_2023": 0.9574915634217754,
        "max_drawdown_2022_2023": 0.037345992054319134,
        "calmar_ratio_2022_2023": 1.0027229801944577,
        "perc_pos_return_2022_2023": 0.6,
        "profit_loss_ratio_2022_2023": 0.767656932226464,
        "sharpe_ratio_2022": 0.5978510490613413,
        "annual_return_2022_2023_0_5_bps": 0.03659576680826593,
        "annual_volatility_2022_2023_0_5_bps": 0.052542829106574984,
        "sharpe_ratio_2022_2023_0_5_bps": 0.7103355681168101,
        "downside_risk_2022_2023_0_5_bps": 0.03985104047939833,
        "sortino_ratio_2022_2023_0_5_bps": 0.9365637613195618,
        "max_drawdown_2022_2023_0_5_bps": 0.0373634504611008,
        "calmar_ratio_2022_2023_0_5_bps": 0.9794536199585177,
        "perc_pos_return_2022_2023_0_5_bps": 0.6,
        "profit_loss_ratio_2022_2023_0_5_bps": 0.7653487536820344,
        "sharpe_ratio_2022_0_5_bps": 0.5848556324163475,
        "annual_return_2022_2023_1_0_bps": 0.03574454651642678,
        "annual_volatility_2022_2023_1_0_bps": 0.052543308636187766,
        "sharpe_ratio_2022_2023_1_0_bps": 0.6946932450432894,
        "downside_risk_2022_2023_1_0_bps": 0.039864047213444595,
        "sortino_ratio_2022_2023_1_0_bps": 0.9156491659350092,
        "max_drawdown_2022_2023_1_0_bps": 0.03738090860454411,
        "calmar_ratio_2022_2023_1_0_bps": 0.9562246572059404,
        "perc_pos_return_2022_2023_1_0_bps": 0.6,
        "profit_loss_ratio_2022_2023_1_0_bps": 0.7630467824500073,
        "sharpe_ratio_2022_1_0_bps": 0.5718603901795849,
        "annual_return_2022_2023_1_5_bps": 0.03489402300649358,
        "annual_volatility_2022_2023_1_5_bps": 0.05254379369675836,
        "sharpe_ratio_2022_2023_1_5_bps": 0.679051136002892,
        "downside_risk_2022_2023_1_5_bps": 0.03987707265674144,
        "sortino_ratio_2022_2023_1_5_bps": 0.894747794222891,
        "max_drawdown_2022_2023_1_5_bps": 0.037398366484652536,
        "calmar_ratio_2022_2023_1_5_bps": 0.9330360196564552,
        "perc_pos_return_2022_2023_1_5_bps": 0.6,
        "profit_loss_ratio_2022_2023_1_5_bps": 0.7607509935243103,
        "sharpe_ratio_2022_1_5_bps": 0.55886532644023,
        "annual_return_2022_2023_2_0_bps": 0.034044195709912906,
        "annual_volatility_2022_2023_2_0_bps": 0.052544284288133576,
        "sharpe_ratio_2022_2023_2_0_bps": 0.6634092459312199,
        "downside_risk_2022_2023_2_0_bps": 0.039890116790961314,
        "sortino_ratio_2022_2023_2_0_bps": 0.8738596630402667,
        "max_drawdown_2022_2023_2_0_bps": 0.037415824101428255,
        "calmar_ratio_2022_2023_2_0_bps": 0.9098876351787573,
        "perc_pos_return_2022_2023_2_0_bps": 0.6,
        "profit_loss_ratio_2022_2023_2_0_bps": 0.7584613620330057,
        "sharpe_ratio_2022_2_0_bps": 0.5458704452870621,
        "annual_return_2022_2023_2_5_bps": 0.03319506405858896,
        "annual_volatility_2022_2023_2_5_bps": 0.05254478041015851,
        "sharpe_ratio_2022_2023_2_5_bps": 0.6477675797633928,
        "downside_risk_2022_2023_2_5_bps": 0.03990317959777432,
        "sortino_ratio_2022_2023_2_5_bps": 0.8529847891466219,
        "max_drawdown_2022_2023_2_5_bps": 0.037433281454876406,
        "calmar_ratio_2022_2023_2_5_bps": 0.8867794317899604,
        "perc_pos_return_2022_2023_2_5_bps": 0.6,