{
    "ALL": {
        "performance_sw": 2.3123271612543626,
        "performance_fw": 2.4146896773302235,
        "val_loss": 2.60906232765319,
        "annual_return_2018_2019": 0.023254568356330108,
        "annual_volatility_2018_2019": 0.00996346753065054,
        "sharpe_ratio_2018_2019": 2.3123271612543617,
        "downside_risk_2018_2019": 0.006668402538351316,
        "sortino_ratio_2018_2019": 3.4549198940673485,
        "max_drawdown_2018_2019": 0.005774419348975558,
        "calmar_ratio_2018_2019": 4.027169997699545,
        "perc_pos_return_2018_2019": 0.5884615384615385,
        "profit_loss_ratio_2018_2019": 1.0212263553417953,
        "sharpe_ratio_2018": 1.6417623448112886,
        "annual_return_2018_2019_0_5_bps": 0.01796796204365947,
        "annual_volatility_2018_2019_0_5_bps": 0.009959222761639285,
        "sharpe_ratio_2018_2019_0_5_bps": 1.7931601480260062,
        "downside_risk_2018_2019_0_5_bps": 0.00682092366769248,
        "sortino_ratio_2018_2019_0_5_bps": 2.6181910590895967,
        "max_drawdown_2018_2019_0_5_bps": 0.005920805328000433,
        "calmar_ratio_2018_2019_0_5_bps": 3.0347158956039495,
        "perc_pos_return_2018_2019_0_5_bps": 0.5846153846153846,
        "profit_loss_ratio_2018_2019_0_5_bps": 0.953776907937094,
        "sharpe_ratio_2018_0_5_bps": 1.159416768934866,
        "annual_return_2018_2019_1_0_bps": 0.012708555329585147,
        "annual_volatility_2018_2019_1_0_bps": 0.00995553682997755,
        "sharpe_ratio_2018_2019_1_0_bps": 1.27347890406022,
        "downside_risk_2018_2019_1_0_bps": 0.006976590228846538,
        "sortino_ratio_2018_2019_1_0_bps": 1.8172439136743002,
        "max_drawdown_2018_2019_1_0_bps": 0.006105331082698086,
        "calmar_ratio_2018_2019_1_0_bps": 2.081550559248123,
        "perc_pos_return_2018_2019_1_0_bps": 0.5807692307692308,
        "profit_loss_ratio_2018_2019_1_0_bps": 0.8904262178526685,
        "sharpe_ratio_2018_1_0_bps": 0.6763487615547482,
        "annual_return_2018_2019_1_5_bps": 0.007476208855699662,
        "annual_volatility_2018_2019_1_5_bps": 0.009952410356571106,
        "sharpe_ratio_2018_2019_1_5_bps": 0.7533703528117073,
        "downside_risk_2018_2019_1_5_bps": 0.007135276387528492,
        "sortino_ratio_2018_2019_1_5_bps": 1.0508143615518668,
        "max_drawdown_2018_2019_1_5_bps": 0.006962443492858326,
        "calmar_ratio_2018_2019_1_5_bps": 1.0737909562021333,
        "perc_pos_return_2018_2019_1_5_bps": 0.5615384615384615,
        "profit_loss_ratio_2018_2019_1_5_bps": 0.8845009152626704,
        "sharpe_ratio_2018_1_5_bps": 0.19261560976849942,
        "annual_return_2018_2019_2_0_bps": 0.0022707839746061165,
        "annual_volatility_2018_2019_2_0_bps": 0.009949843868804533,
        "sharpe_ratio_2018_2019_2_0_bps": 0.23292181287475885,
        "downside_risk_2018_2019_2_0_bps": 0.007297043500220776,
        "sortino_ratio_2018_2019_2_0_bps": 0.31759926765855756,
        "max_drawdown_2018_2019_2_0_bps": 0.008306878080372239,
        "calmar_ratio_2018_2019_2_0_bps": 0.27336189993826904,
        "perc_pos_return_2018_2019_2_0_bps": 0.5423076923076923,
        "profit_loss_ratio_2018_2019_2_0_bps": 0.8772644892490773,
        "sharpe_ratio_2018_2_0_bps": -0.2917249269400245,
        "annual_return_2018_2019_2_5_bps": -0.0029078572536767044,
        "annual_volatility_2018_2019_2_5_bps": 0.009947837800097538,
        "sharpe_ratio_2018_2019_2_5_bps": -0.2877790747797753,
        "downside_risk_2018_2019_2_5_bps": 0.007461905259050476,
        "sortino_ratio_2018_2019_2_5_bps": -0.3836526274169866,
        "max_drawdown_2018_2019_2_5_bps": 0.01149323930999349,
        "calmar_ratio_2018_2019_2_5_bps": -0.2530058911370872,
        "perc_pos_return_2018_2019_2_5_bps": 0.5384615384615384,
        "profit_loss_ratio_2018_2019_2_5_bps": 0.8169679769871092,
        "sharpe_ratio_2018_2_5_bps": -0.7766146497265851,
        "annual_return_2018_2019_3_0_bps": -0.008059852065313455,
        "annual_volatility_2018_2019_3_0_bps": 0.009946392489539643,
        "sharpe_ratio_2018_2019_3_0_bps": -0.8086444202301645,
        "downside_risk_2018_2019_3_0_bps": 0.0076297312841722194,
        "sortino_ratio_2018_2019_3_0_bps": -1.0541779898291757,
        "max_drawdown_2018_2019_3_0_bps": 0.014829556592026887,
        "calmar_ratio_2018_2019_3_0_bps": -0.5434991946857559,
        "perc_pos_return_2018_2019_3_0_bps": 0.5307692307692308,
        "profit_loss_ratio_2018_2019_3_0_bps": 0.7719682304439139,
        "sharpe_ratio_2018_3_0_bps": -1.2619949540688713
    },
    "COMB": {
        "annual_return_2018_2019": 0.023254568356330108,
        "annual_volatility_2018_2019": 0.00996346753065054,
        "sharpe_ratio_2018_2019": 2.3123271612543617,
        "downside_risk_2018_2019": 0.006668402538351316,
        "sortino_ratio_2018_2019": 3.4549198940673485,
        "max_drawdown_2018_2019": 0.005774419348975558,
        "calmar_ratio_2018_2019": 4.027169997699545,
        "perc_pos_return_2018_2019": 0.5884615384615385,
        "profit_loss_ratio_2018_2019": 1.0212263553417953,
        "sharpe_ratio_2018": 1.6417623448112886,
        "annual_return_2018_2019_0_5_bps": 0.01796796204365947,
        "annual_volatility_2018_2019_0_5_bps": 0.009959222761639285,
        "sharpe_ratio_2018_2019_0_5_bps": 1.7931601480260062,
        "downside_risk_2018_2019_0_5_bps": 0.00682092366769248,
        "sortino_ratio_2018_2019_0_5_bps": 2.6181910590895967,
        "max_drawdown_2018_2019_0_5_bps": 0.005920805328000433,
        "calmar_ratio_2018_2019_0_5_bps": 3.0347158956039495,
        "perc_pos_return_2018_2019_0_5_bps": 0.5846153846153846,
        "profit_loss_ratio_2018_2019_0_5_bps": 0.953776907937094,
        "sharpe_ratio_2018_0_5_bps": 1.159416768934866,
        "annual_return_2018_2019_1_0_bps": 0.012708555329585147,
        "annual_volatility_2018_2019_1_0_bps": 0.00995553682997755,
        "sharpe_ratio_2018_2019_1_0_bps": 1.27347890406022,
        "downside_risk_2018_2019_1_0_bps": 0.006976590228846538,
        "sortino_ratio_2018_2019_1_0_bps": 1.8172439136743002,
        "max_drawdown_2018_2019_1_0_bps": 0.006105331082698086,
        "calmar_ratio_2018_2019_1_0_bps": 2.081550559248123,
        "perc_pos_return_2018_2019_1_0_bps": 0.5807692307692308,
        "profit_loss_ratio_2018_2019_1_0_bps": 0.8904262178526685,
        "sharpe_ratio_2018_1_0_bps": 0.6763487615547482,
        "annual_return_2018_2019_1_5_bps": 0.007476208855699662,
        "annual_volatility_2018_2019_1_5_bps": 0.009952410356571106,
        "sharpe_ratio_2018_2019_1_5_bps": 0.7533703528117073,
        "downside_risk_2018_2019_1_5_bps": 0.007135276387528492,
        "sortino_ratio_2018_2019_1_5_bps": 1.0508143615518668,
        "max_drawdown_2018_2019_1_5_bps": 0.006962443492858326,
        "calmar_ratio_2018_2019_1_5_bps": 1.0737909562021333,
        "perc_pos_return_2018_2019_1_5_bps": 0.5615384615384615,
        "profit_loss_ratio_2018_2019_1_5_bps": 0.8845009152626704,
        "sharpe_ratio_2018_1_5_bps": 0.19261560976849942,
        "annual_return_2018_2019_2_0_bps": 0.0022707839746061165,
        "annual_volatility_2018_2019_2_0_bps": 0.009949843868804533,
        "sharpe_ratio_2018_2019_2_0_bps": 0.23292181287475885,
        "downside_risk_2018_2019_2_0_bps": 0.007297043500220776,
        "sortino_ratio_2018_2019_2_0_bps": 0.31759926765855756,
        "max_drawdown_2018_2019_2_0_bps": 0.008306878080372239,
        "calmar_ratio_2018_2019_2_0_bps": 0.27336189993826904,
        "perc_pos_return_2018_2019_2_0_bps": 0.5423076923076923,
        "profit_loss_ratio_2018_2019_2_0_bps": 0.8772644892490773,
        "sharpe_ratio_2018_2_0_bps": -0.2917249269400245,
        "annual_return_2018_2019_2_5_bps": -0.0029078572536767044,
        "annual_volatility_2018_2019_2_5_bps": 0.009947837800097538,
        "sharpe_ratio_2018_2019_2_5_bps": -0.2877790747797753,
        "downside_risk_2018_2019_2_5_bps": 0.007461905259050476,