{
    "ALL": {
        "performance_sw": 1.1089559153928399,
        "performance_fw": 0.6485912712677405,
        "val_loss": 2.700352219957905,
        "annual_return_2016_2017": 0.014683729143066593,
        "annual_volatility_2016_2017": 0.013223612666990946,
        "sharpe_ratio_2016_2017": 1.1089559153928399,
        "downside_risk_2016_2017": 0.007949493691385276,
        "sortino_ratio_2016_2017": 1.8446965378203706,
        "max_drawdown_2016_2017": 0.009793537101900139,
        "calmar_ratio_2016_2017": 1.4993284847226096,
        "perc_pos_return_2016_2017": 0.525096525096525,
        "profit_loss_ratio_2016_2017": 1.1194027813479046,
        "sharpe_ratio_2016": 1.2595952437869211,
        "annual_return_2016_2017_0_5_bps": 0.009661690797885925,
        "annual_volatility_2016_2017_0_5_bps": 0.013223680716982138,
        "sharpe_ratio_2016_2017_0_5_bps": 0.7337227961514852,
        "downside_risk_2016_2017_0_5_bps": 0.008106016064920514,
        "sortino_ratio_2016_2017_0_5_bps": 1.196952474973136,
        "max_drawdown_2016_2017_0_5_bps": 0.010311167246813904,
        "calmar_ratio_2016_2017_0_5_bps": 0.9370123252409989,
        "perc_pos_return_2016_2017_0_5_bps": 0.5135135135135135,
        "profit_loss_ratio_2016_2017_0_5_bps": 1.0908037056493056,
        "sharpe_ratio_2016_0_5_bps": 0.8841160751173917,
        "annual_return_2016_2017_1_0_bps": 0.004664404037448833,
        "annual_volatility_2016_2017_1_0_bps": 0.013224214286146726,
        "sharpe_ratio_2016_2017_1_0_bps": 0.3584809191423989,
        "downside_risk_2016_2017_1_0_bps": 0.008265671138244144,
        "sortino_ratio_2016_2017_1_0_bps": 0.5735321927217347,
        "max_drawdown_2016_2017_1_0_bps": 0.01082853709925689,
        "calmar_ratio_2016_2017_1_0_bps": 0.4307510788109068,
        "perc_pos_return_2016_2017_1_0_bps": 0.5057915057915058,
        "profit_loss_ratio_2016_2017_1_0_bps": 1.0467384732197662,
        "sharpe_ratio_2016_1_0_bps": 0.5085149581959244,
        "annual_return_2016_2017_1_5_bps": -0.0003082526148511233,
        "annual_volatility_2016_2017_1_5_bps": 0.013225213318140805,
        "sharpe_ratio_2016_2017_1_5_bps": -0.01673008981316536,
        "downside_risk_2016_2017_1_5_bps": 0.008428341053944025,
        "sortino_ratio_2016_2017_1_5_bps": -0.026251786110058826,
        "max_drawdown_2016_2017_1_5_bps": 0.011345646784950631,
        "calmar_ratio_2016_2017_1_5_bps": -0.027169241268818912,
        "perc_pos_return_2016_2017_1_5_bps": 0.4942084942084942,
        "profit_loss_ratio_2016_2017_1_5_bps": 1.0201547842588357,
        "sharpe_ratio_2016_1_5_bps": 0.13282746206631424,
        "annual_return_2016_2017_2_0_bps": -0.00525640004196648,
        "annual_volatility_2016_2017_2_0_bps": 0.013226677707492945,
        "sharpe_ratio_2016_2017_2_0_bps": -0.39187062844354253,
        "downside_risk_2016_2017_2_0_bps": 0.008594009938006622,
        "sortino_ratio_2016_2017_2_0_bps": -0.6031115326657027,
        "max_drawdown_2016_2017_2_0_bps": 0.011862496429559126,
        "calmar_ratio_2016_2017_2_0_bps": -0.44311077968955276,
        "perc_pos_return_2016_2017_2_0_bps": 0.4826254826254826,
        "profit_loss_ratio_2016_2017_2_0_bps": 0.9943182654485352,
        "sharpe_ratio_2016_2_0_bps": -0.2429107996698254,
        "annual_return_2016_2017_2_5_bps": -0.01018015853606613,
        "annual_volatility_2016_2017_2_5_bps": 0.013228607299659802,
        "sharpe_ratio_2016_2017_2_5_bps": -0.7669011389098415,
        "downside_risk_2016_2017_2_5_bps": 0.008762643573741513,
        "sortino_ratio_2016_2017_2_5_bps": -1.1577595184518465,
        "max_drawdown_2016_2017_2_5_bps": 0.01366364361024871,
        "calmar_ratio_2016_2017_2_5_bps": -0.7450544544670562,
        "perc_pos_return_2016_2017_2_5_bps": 0.4671814671814672,
        "profit_loss_ratio_2016_2017_2_5_bps": 0.9844122235090872,
        "sharpe_ratio_2016_2_5_bps": -0.6186641857182766,
        "annual_return_2016_2017_3_0_bps": -0.01507964780142057,
        "annual_volatility_2016_2017_3_0_bps": 0.013231001891107656,
        "sharpe_ratio_2016_2017_3_0_bps": -1.141782128630633,
        "downside_risk_2016_2017_3_0_bps": 0.008934226946714157,
        "sortino_ratio_2016_2017_3_0_bps": -1.6909041591674447,
        "max_drawdown_2016_2017_3_0_bps": 0.018237903637355928,
        "calmar_ratio_2016_2017_3_0_bps": -0.8268301062043976,
        "perc_pos_return_2016_2017_3_0_bps": 0.44787644787644787,
        "profit_loss_ratio_2016_2017_3_0_bps": 0.9903271623723573,
        "sharpe_ratio_2016_3_0_bps": -0.9943970439897839
    },
    "COMB": {
        "annual_return_2016_2017": 0.014683729143066593,
        "annual_volatility_2016_2017": 0.013223612666990946,
        "sharpe_ratio_2016_2017": 1.1089559153928399,
        "downside_risk_2016_2017": 0.007949493691385276,
        "sortino_ratio_2016_2017": 1.8446965378203706,
        "max_drawdown_2016_2017": 0.009793537101900139,
        "calmar_ratio_2016_2017": 1.4993284847226096,
        "perc_pos_return_2016_2017": 0.525096525096525,
        "profit_loss_ratio_2016_2017": 1.1194027813479046,
        "sharpe_ratio_2016": 1.2595952437869211,
        "annual_return_2016_2017_0_5_bps": 0.009661690797885925,
        "annual_volatility_2016_2017_0_5_bps": 0.013223680716982138,
        "sharpe_ratio_2016_2017_0_5_bps": 0.7337227961514852,
        "downside_risk_2016_2017_0_5_bps": 0.008106016064920514,
        "sortino_ratio_2016_2017_0_5_bps": 1.196952474973136,
        "max_drawdown_2016_2017_0_5_bps": 0.010311167246813904,
        "calmar_ratio_2016_2017_0_5_bps": 0.9370123252409989,
        "perc_pos_return_2016_2017_0_5_bps": 0.5135135135135135,
        "profit_loss_ratio_2016_2017_0_5_bps": 1.0908037056493056,
        "sharpe_ratio_2016_0_5_bps": 0.8841160751173917,
        "annual_return_2016_2017_1_0_bps": 0.004664404037448833,
        "annual_volatility_2016_2017_1_0_bps": 0.013224214286146726,
        "sharpe_ratio_2016_2017_1_0_bps": 0.3584809191423989,
        "downside_risk_2016_2017_1_0_bps": 0.008265671138244144,
        "sortino_ratio_2016_2017_1_0_bps": 0.5735321927217347,
        "max_drawdown_2016_2017_1_0_bps": 0.01082853709925689,
        "calmar_ratio_2016_2017_1_0_bps": 0.4307510788109068,
        "perc_pos_return_2016_2017_1_0_bps": 0.5057915057915058,
        "profit_loss_ratio_2016_2017_1_0_bps": 1.0467384732197662,
        "sharpe_ratio_2016_1_0_bps": 0.5085149581959244,
        "annual_return_2016_2017_1_5_bps": -0.0003082526148511233,
        "annual_volatility_2016_2017_1_5_bps": 0.013225213318140805,
        "sharpe_ratio_2016_2017_1_5_bps": -0.01673008981316536,
        "downside_risk_2016_2017_1_5_bps": 0.008428341053944025,
        "sortino_ratio_2016_2017_1_5_bps": -0.026251786110058826,
        "max_drawdown_2016_2017_1_5_bps": 0.011345646784950631,
        "calmar_ratio_2016_2017_1_5_bps": -0.027169241268818912,
        "perc_pos_return_2016_2017_1_5_bps": 0.4942084942084942,
        "profit_loss_ratio_2016_2017_1_5_bps": 1.0201547842588357,
        "sharpe_ratio_2016_1_5_bps": 0.13282746206631424,
        "annual_return_2016_2017_2_0_bps": -0.00525640004196648,
        "annual_volatility_2016_2017_2_0_bps": 0.013226677707492945,
        "sharpe_ratio_2016_2017_2_0_bps": -0.39187062844354253,
        "downside_risk_2016_2017_2_0_bps": 0.008594009938006622,
        "sortino_ratio_2016_2017_2_0_bps": -0.6031115326657027,
        "max_drawdown_2016_2017_2_0_bps": 0.011862496429559126,
        "calmar_ratio_2016_2017_2_0_bps": -0.44311077968955276,
        "perc_pos_return_2016_2017_2_0_bps": 0.4826254826254826,
        "profit_loss_ratio_2016_2017_2_0_bps": 0.9943182654485352,
        "sharpe_ratio_2016_2_0_bps": -0.2429107996698254,
        "annual_return_2016_2017_2_5_bps": -0.01018015853606613,
        "annual_volatility_2016_2017_2_5_bps": 0.013228607299659802,
        "sharpe_ratio_2016_2017_2_5_bps": -0.7669011389098415,
        "downside_risk_2016_2017_2_5_bps": 0.008762643573741513,