{
    "ALL": {
        "performance_sw": 0.8504124871653549,
        "performance_fw": 1.3956562756501958,
        "val_loss": 5.284974659897515,
        "annual_return_2022_2023": 0.03966938125359487,
        "annual_volatility_2022_2023": 0.03874492888137171,
        "sharpe_ratio_2022_2023": 1.0234715867313104,
        "downside_risk_2022_2023": 0.028691621951404244,
        "sortino_ratio_2022_2023": 1.3820875622567756,
        "max_drawdown_2022_2023": 0.026061175693630742,
        "calmar_ratio_2022_2023": 1.522163916161692,
        "perc_pos_return_2022_2023": 0.5808219178082191,
        "profit_loss_ratio_2022_2023": 0.8737416586902504,
        "sharpe_ratio_2022": 0.8454378385222665,
        "annual_return_2022_2023_0_5_bps": 0.0389951881343753,
        "annual_volatility_2022_2023_0_5_bps": 0.03874592007058454,
        "sharpe_ratio_2022_2023_0_5_bps": 1.0067027936989073,
        "downside_risk_2022_2023_0_5_bps": 0.0287035083498162,
        "sortino_ratio_2022_2023_0_5_bps": 1.3589149278938855,
        "max_drawdown_2022_2023_0_5_bps": 0.026093955856999872,
        "calmar_ratio_2022_2023_0_5_bps": 1.494414581985069,
        "perc_pos_return_2022_2023_0_5_bps": 0.5808219178082191,
        "profit_loss_ratio_2022_2023_0_5_bps": 0.8710311177779463,
        "sharpe_ratio_2022_0_5_bps": 0.8315041997797629,
        "annual_return_2022_2023_1_0_bps": 0.03832143083361239,
        "annual_volatility_2022_2023_1_0_bps": 0.038746915657013416,
        "sharpe_ratio_2022_2023_1_0_bps": 0.9899347462520397,
        "downside_risk_2022_2023_1_0_bps": 0.028715410596614057,
        "sortino_ratio_2022_2023_1_0_bps": 1.3357607403843834,
        "max_drawdown_2022_2023_1_0_bps": 0.02612673497186903,
        "calmar_ratio_2022_2023_1_0_bps": 1.4667516195526742,
        "perc_pos_return_2022_2023_1_0_bps": 0.5808219178082191,
        "profit_loss_ratio_2022_2023_1_0_bps": 0.8683286571393517,
        "sharpe_ratio_2022_1_0_bps": 0.8175711808330453,
        "annual_return_2022_2023_1_5_bps": 0.03764810907048721,
        "annual_volatility_2022_2023_1_5_bps": 0.03874791564031938,
        "sharpe_ratio_2022_2023_1_5_bps": 0.9731674500503968,
        "downside_risk_2022_2023_1_5_bps": 0.028727328711928134,
        "sortino_ratio_2022_2023_1_5_bps": 1.3126250142012104,
        "max_drawdown_2022_2023_1_5_bps": 0.026159513038268717,
        "calmar_ratio_2022_2023_1_5_bps": 1.4391746901179636,
        "perc_pos_return_2022_2023_1_5_bps": 0.5780821917808219,
        "profit_loss_ratio_2022_2023_1_5_bps": 0.8754201620759691,
        "sharpe_ratio_2022_1_5_bps": 0.8036387863747136,
        "annual_return_2022_2023_2_0_bps": 0.03697522256433139,
        "annual_volatility_2022_2023_2_0_bps": 0.03874892002016203,
        "sharpe_ratio_2022_2023_2_0_bps": 0.9564009107520222,
        "downside_risk_2022_2023_2_0_bps": 0.028739262817345557,
        "sortino_ratio_2022_2023_2_0_bps": 1.2895077592447153,
        "max_drawdown_2022_2023_2_0_bps": 0.026192290056231155,
        "calmar_ratio_2022_2023_2_0_bps": 1.4116834566565504,
        "perc_pos_return_2022_2023_2_0_bps": 0.5780821917808219,
        "profit_loss_ratio_2022_2023_2_0_bps": 0.8727016247679652,
        "sharpe_ratio_2022_2_0_bps": 0.7897070210960044,
        "annual_return_2022_2023_2_5_bps": 0.03630277103467194,
        "annual_volatility_2022_2023_2_5_bps": 0.03874992879619949,
        "sharpe_ratio_2022_2023_2_5_bps": 0.9396351340133059,
        "downside_risk_2022_2023_2_5_bps": 0.02875121290540219,
        "sortino_ratio_2022_2023_2_5_bps": 1.2664089914127272,
        "max_drawdown_2022_2023_2_5_bps": 0.02622506602578827,
        "calmar_ratio_2022_2023_2_5_bps": 1.384277583857132,
        "perc_pos_return_2022_2023_2_5_bps": 0.5780821917808219,
        "profit_loss_ratio_2022_2023_2_5_bps": 0.8699912228568087,
        "sharpe_ratio_2022_2_5_bps": 0.7757758896867833,
        "annual_return_2022_2023_3_0_bps": 0.03563075420120465,
        "annual_volatility_2022_2023_3_0_bps": 0.03875094196808844,
        "sharpe_ratio_2022_2023_3_0_bps": 0.9228701254889731,
        "downside_risk_2022_2023_3_0_bps": 0.028763178956177353,
        "sortino_ratio_2022_2023_3_0_bps": 1.2433287270295004,
        "max_drawdown_2022_2023_3_0_bps": 0.026257840946972276,
        "calmar_ratio_2022_2023_3_0_bps": 1.3569567381096175,
        "perc_pos_return_2022_2023_3_0_bps": 0.5780821917808219,
        "profit_loss_ratio_2022_2023_3_0_bps": 0.867288919878517,
        "sharpe_ratio_2022_3_0_bps": 0.7618453968355362
    },
    "COMB": {
        "annual_return_2022_2023": 0.03966938125359487,
        "annual_volatility_2022_2023": 0.03874492888137171,
        "sharpe_ratio_2022_2023": 1.0234715867313104,
        "downside_risk_2022_2023": 0.028691621951404244,
        "sortino_ratio_2022_2023": 1.3820875622567756,
        "max_drawdown_2022_2023": 0.026061175693630742,
        "calmar_ratio_2022_2023": 1.522163916161692,
        "perc_pos_return_2022_2023": 0.5808219178082191,
        "profit_loss_ratio_2022_2023": 0.8737416586902504,
        "sharpe_ratio_2022": 0.8454378385222665,
        "annual_return_2022_2023_0_5_bps": 0.0389951881343753,
        "annual_volatility_2022_2023_0_5_bps": 0.03874592007058454,
        "sharpe_ratio_2022_2023_0_5_bps": 1.0067027936989073,
        "downside_risk_2022_2023_0_5_bps": 0.0287035083498162,
        "sortino_ratio_2022_2023_0_5_bps": 1.3589149278938855,
        "max_drawdown_2022_2023_0_5_bps": 0.026093955856999872,
        "calmar_ratio_2022_2023_0_5_bps": 1.494414581985069,
        "perc_pos_return_2022_2023_0_5_bps": 0.5808219178082191,
        "profit_loss_ratio_2022_2023_0_5_bps": 0.8710311177779463,
        "sharpe_ratio_2022_0_5_bps": 0.8315041997797629,
        "annual_return_2022_2023_1_0_bps": 0.03832143083361239,
        "annual_volatility_2022_2023_1_0_bps": 0.038746915657013416,
        "sharpe_ratio_2022_2023_1_0_bps": 0.9899347462520397,
        "downside_risk_2022_2023_1_0_bps": 0.028715410596614057,
        "sortino_ratio_2022_2023_1_0_bps": 1.3357607403843834,
        "max_drawdown_2022_2023_1_0_bps": 0.02612673497186903,
        "calmar_ratio_2022_2023_1_0_bps": 1.4667516195526742,
        "perc_pos_return_2022_2023_1_0_bps": 0.5808219178082191,
        "profit_loss_ratio_2022_2023_1_0_bps": 0.8683286571393517,
        "sharpe_ratio_2022_1_0_bps": 0.8175711808330453,
        "annual_return_2022_2023_1_5_bps": 0.03764810907048721,
        "annual_volatility_2022_2023_1_5_bps": 0.03874791564031938,
        "sharpe_ratio_2022_2023_1_5_bps": 0.9731674500503968,
        "downside_risk_2022_2023_1_5_bps": 0.028727328711928134,
        "sortino_ratio_2022_2023_1_5_bps": 1.3126250142012104,
        "max_drawdown_2022_2023_1_5_bps": 0.026159513038268717,
        "calmar_ratio_2022_2023_1_5_bps": 1.4391746901179636,
        "perc_pos_return_2022_2023_1_5_bps": 0.5780821917808219,
        "profit_loss_ratio_2022_2023_1_5_bps": 0.8754201620759691,
        "sharpe_ratio_2022_1_5_bps": 0.8036387863747136,
        "annual_return_2022_2023_2_0_bps": 0.03697522256433139,
        "annual_volatility_2022_2023_2_0_bps": 0.03874892002016203,
        "sharpe_ratio_2022_2023_2_0_bps": 0.9564009107520222,
        "downside_risk_2022_2023_2_0_bps": 0.028739262817345557,
        "sortino_ratio_2022_2023_2_0_bps": 1.2895077592447153,
        "max_drawdown_2022_2023_2_0_bps": 0.026192290056231155,
        "calmar_ratio_2022_2023_2_0_bps": 1.4116834566565504,
        "perc_pos_return_2022_2023_2_0_bps": 0.5780821917808219,
        "profit_loss_ratio_2022_2023_2_0_bps": 0.8727016247679652,
        "sharpe_ratio_2022_2_0_bps": 0.7897070210960044,
        "annual_return_2022_2023_2_5_bps": 0.03630277103467194,
        "annual_volatility_2022_2023_2_5_bps": 0.03874992879619949,
        "sharpe_ratio_2022_2023_2_5_bps": 0.9396351340133059,
        "downside_risk_2022_2023_2_5_bps": 0.02875121290540219,
        "sortino_ratio_2022_2023_2_5_bps": 1.2664089914127272,