{
    "ALL": {
        "annual_return": 0.06072580632964401,
        "annual_volatility": 0.04444678318569101,
        "sharpe_ratio": 1.3520660996879492,
        "downside_risk": 0.029561423302724002,
        "sortino_ratio": 2.1055173756873753,
        "max_drawdown": 0.029626215099457003,
        "calmar_ratio": 2.1337674025363436,
        "perc_pos_return": 0.576712328767123,
        "profit_loss_ratio": 0.949661687833568,
        "annual_return_0_5_bps": 0.0598168462793425,
        "annual_volatility_0_5_bps": 0.04444568994115851,
        "sharpe_ratio_0_5_bps": 1.3330300832505406,
        "downside_risk_0_5_bps": 0.029578216731470004,
        "sortino_ratio_0_5_bps": 2.0748220286152246,
        "max_drawdown_0_5_bps": 0.029693364266079002,
        "calmar_ratio_0_5_bps": 2.095855113637961,
        "perc_pos_return_0_5_bps": 0.5753424657534241,
        "profit_loss_ratio_0_5_bps": 0.9526694291388841,
        "annual_return_1_0_bps": 0.0589086964794,
        "annual_volatility_1_0_bps": 0.04444460576699301,
        "sharpe_ratio_1_0_bps": 1.3139927810199985,
        "downside_risk_1_0_bps": 0.0295950355567305,
        "sortino_ratio_1_0_bps": 2.0441629866838547,
        "max_drawdown_1_0_bps": 0.029760506731850003,
        "calmar_ratio_1_0_bps": 2.0582216955351367,
        "perc_pos_return_1_0_bps": 0.5739726027397255,
        "profit_loss_ratio_1_0_bps": 0.9557151373376576,
        "annual_return_1_5_bps": 0.0580013561823295,
        "annual_volatility_1_5_bps": 0.044443530664019,
        "sharpe_ratio_1_5_bps": 1.294954204605438,
        "downside_risk_1_5_bps": 0.029611879867723505,
        "sortino_ratio_1_5_bps": 2.013540253310451,
        "max_drawdown_1_5_bps": 0.029827642497508,
        "calmar_ratio_1_5_bps": 2.0208632060578644,
        "perc_pos_return_1_5_bps": 0.572602739726027,
        "profit_loss_ratio_1_5_bps": 0.9570403303897717,
        "annual_return_2_0_bps": 0.057094824641369,
        "annual_volatility_2_0_bps": 0.044442464633054506,
        "sharpe_ratio_2_0_bps": 1.275914365621023,
        "downside_risk_2_0_bps": 0.029628749792131502,
        "sortino_ratio_2_0_bps": 1.982953832885592,
        "max_drawdown_2_0_bps": 0.029894771563788503,
        "calmar_ratio_2_0_bps": 1.9837757836471865,
        "perc_pos_return_2_0_bps": 0.571232876712328,
        "profit_loss_ratio_2_0_bps": 0.9583798211687524,
        "annual_return_2_5_bps": 0.05618910111045,
        "annual_volatility_2_5_bps": 0.0444414076749125,
        "sharpe_ratio_2_5_bps": 1.2568732756859284,
        "downside_risk_2_5_bps": 0.0296456453902985,
        "sortino_ratio_2_5_bps": 1.95240373521974,
        "max_drawdown_2_5_bps": 0.029961893931430006,
        "calmar_ratio_2_5_bps": 1.9469556452758718,
        "perc_pos_return_2_5_bps": 0.571232876712328,
        "profit_loss_ratio_2_5_bps": 0.955175658669144,
        "annual_return_3_0_bps": 0.05528418484422601,
        "annual_volatility_3_0_bps": 0.0444403597904,
        "sharpe_ratio_3_0_bps": 1.237830946424306,
        "downside_risk_3_0_bps": 0.029662566648384504,
        "sortino_ratio_3_0_bps": 1.921889973252637,
        "max_drawdown_3_0_bps": 0.030029009601169,
        "calmar_ratio_3_0_bps": 1.9103990844371996,
        "perc_pos_return_3_0_bps": 0.571232876712328,
        "profit_loss_ratio_3_0_bps": 0.9519819684385651,
        "annual_return_rescaled": 0.14091213516871748,
        "annual_volatility_rescaled": 0.12463645764920692,
        "downside_risk_rescaled": 0.08289533728745593,
        "max_drawdown_rescaled": 0.097330276682609,
        "annual_return_rescaled_0_5_bps": 0.13863621967813344,
        "annual_volatility_rescaled_0_5_bps": 0.12463645764920689,
        "downside_risk_rescaled_0_5_bps": 0.08294446912336345,
        "max_drawdown_rescaled_0_5_bps": 0.0975466772812417,
        "annual_return_rescaled_1_0_bps": 0.13636488017619097,
        "annual_volatility_rescaled_1_0_bps": 0.1246364576492076,
        "downside_risk_rescaled_1_0_bps": 0.08299365765851024,
        "max_drawdown_rescaled_1_0_bps": 0.09776299604593369,
        "annual_return_rescaled_1_5_bps": 0.13409810880508366,
        "annual_volatility_rescaled_1_5_bps": 0.12463645764920757,
        "downside_risk_rescaled_1_5_bps": 0.08304290311559173,
        "max_drawdown_rescaled_1_5_bps": 0.09797923286930363,
        "annual_return_rescaled_2_0_bps": 0.13183589771465576,
        "annual_volatility_rescaled_2_0_bps": 0.12463645764920783,
        "downside_risk_rescaled_2_0_bps": 0.0830922058251336,
        "max_drawdown_rescaled_2_0_bps": 0.09819538764413667,
        "annual_return_rescaled_2_5_bps": 0.12957823906240495,
        "annual_volatility_rescaled_2_5_bps": 0.12463645764920764,
        "downside_risk_rescaled_2_5_bps": 0.08314156592877597,
        "max_drawdown_rescaled_2_5_bps": 0.09841146026337927,
        "annual_return_rescaled_3_0_bps": 0.12732512501350002,
        "annual_volatility_rescaled_3_0_bps": 0.1246364576492072,
        "downside_risk_rescaled_3_0_bps": 0.08319098336005833,
        "max_drawdown_rescaled_3_0_bps": 0.09862745062014783,
        "sharpe_ratio_years": 1.119563694028107,
        "sharpe_ratio_years_0_5_bps": 1.103759650462269,
        "sharpe_ratio_years_1_0_bps": 1.0879545407921805,
        "sharpe_ratio_years_1_5_bps": 1.072148374631401,
        "sharpe_ratio_years_2_0_bps": 1.0563411615976763,
        "sharpe_ratio_years_2_5_bps": 1.040532911312914,
        "sharpe_ratio_years_3_0_bps": 1.0247236334031475,
        "sharpe_ratio_years_std": 0.024717611212653035,
        "sharpe_ratio_years_std_0_5_bps": 0.02585073040695096,
        "sharpe_ratio_years_std_1_0_bps": 0.026982991019300462,
        "sharpe_ratio_years_std_1_5_bps": 0.028114394299637024,
        "sharpe_ratio_years_std_2_0_bps": 0.029244941501756494,
        "sharpe_ratio_years_std_2_5_bps": 0.030374633883299085,
        "sharpe_ratio_years_std_3_0_bps": 0.03150347270574749
    },
    "COMB": {
        "annual_return": 0.06072580632964401,
        "annual_volatility": 0.04444678318569101,
        "sharpe_ratio": 1.3520660996879492,
        "downside_risk": 0.029561423302724002,
        "sortino_ratio": 2.1055173756873753,
        "max_drawdown": 0.029626215099457003,
        "calmar_ratio": 2.1337674025363436,
        "perc_pos_return": 0.576712328767123,
        "profit_loss_ratio": 0.949661687833568,
        "annual_return_0_5_bps": 0.0598168462793425,
        "annual_volatility_0_5_bps": 0.04444568994115851,
        "sharpe_ratio_0_5_bps": 1.3330300832505406,
        "downside_risk_0_5_bps": 0.029578216731470004,
        "sortino_ratio_0_5_bps": 2.0748220286152246,
        "max_drawdown_0_5_bps": 0.029693364266079002,
        "calmar_ratio_0_5_bps": 2.095855113637961,
        "perc_pos_return_0_5_bps": 0.5753424657534241,
        "profit_loss_ratio_0_5_bps": 0.9526694291388841,
        "annual_return_1_0_bps": 0.0589086964794,
        "annual_volatility_1_0_bps": 0.04444460576699301,
        "sharpe_ratio_1_0_bps": 1.3139927810199985,
        "downside_risk_1_0_bps": 0.0295950355567305,
        "sortino_ratio_1_0_bps": 2.0441629866838547,
        "max_drawdown_1_0_bps": 0.029760506731850003,
        "calmar_ratio_1_0_bps": 2.0582216955351367,
        "perc_pos_return_1_0_bps": 0.5739726027397255,
        "profit_loss_ratio_1_0_bps": 0.9557151373376576,
        "annual_return_1_5_bps": 0.0580013561823295,
        "annual_volatility_1_5_bps": 0.044443530664019,
        "sharpe_ratio_1_5_bps": 1.294954204605438,
        "downside_risk_1_5_bps": 0.029611879867723505,
        "sortino_ratio_1_5_bps": 2.013540253310451,
        "max_drawdown_1_5_bps": 0.029827642497508,
        "calmar_ratio_1_5_bps": 2.0208632060578644,
        "perc_pos_return_1_5_bps": 0.572602739726027,
        "profit_loss_ratio_1_5_bps": 0.9570403303897717,
        "annual_return_2_0_bps": 0.057094824641369,
        "annual_volatility_2_0_bps": 0.044442464633054506,
        "sharpe_ratio_2_0_bps": 1.275914365621023,