{
    "ALL": {
        "performance_sw": 1.8246364620997118,
        "performance_fw": 1.9009055765634204,
        "val_loss": 3.544301270876025,
        "annual_return_2020_2021": 0.012740729515421378,
        "annual_volatility_2020_2021": 0.006951875656870545,
        "sharpe_ratio_2020_2021": 1.8246364620997122,
        "downside_risk_2020_2021": 0.004949400215469495,
        "sortino_ratio_2020_2021": 2.562865246553138,
        "max_drawdown_2020_2021": 0.006606038212216223,
        "calmar_ratio_2020_2021": 1.9286490792409543,
        "perc_pos_return_2020_2021": 0.5769230769230769,
        "profit_loss_ratio_2020_2021": 1.0273507347032615,
        "sharpe_ratio_2020": 1.9612802669479867,
        "annual_return_2020_2021_0_5_bps": 0.010058836185800057,
        "annual_volatility_2020_2021_0_5_bps": 0.006951293586750457,
        "sharpe_ratio_2020_2021_0_5_bps": 1.4433077966817438,
        "downside_risk_2020_2021_0_5_bps": 0.005013544375640484,
        "sortino_ratio_2020_2021_0_5_bps": 2.0011503796650914,
        "max_drawdown_2020_2021_0_5_bps": 0.007196437214700843,
        "calmar_ratio_2020_2021_0_5_bps": 1.3977522329037932,
        "perc_pos_return_2020_2021_0_5_bps": 0.573076923076923,
        "profit_loss_ratio_2020_2021_0_5_bps": 0.9732539053143525,
        "sharpe_ratio_2020_0_5_bps": 1.5726350518105912,
        "annual_return_2020_2021_1_0_bps": 0.007384012270465146,
        "annual_volatility_2020_2021_1_0_bps": 0.006951362949078472,
        "sharpe_ratio_2020_2021_1_0_bps": 1.0618157492453464,
        "downside_risk_2020_2021_1_0_bps": 0.005079381274040531,
        "sortino_ratio_2020_2021_1_0_bps": 1.4531428652097678,
        "max_drawdown_2020_2021_1_0_bps": 0.007825188610012909,
        "calmar_ratio_2020_2021_1_0_bps": 0.943620996050722,
        "perc_pos_return_2020_2021_1_0_bps": 0.5576923076923077,
        "profit_loss_ratio_2020_2021_1_0_bps": 0.9659677749729793,
        "sharpe_ratio_2020_1_0_bps": 1.1837436263750674,
        "annual_return_2020_2021_1_5_bps": 0.004716239220532659,
        "annual_volatility_2020_2021_1_5_bps": 0.006952083724356177,
        "sharpe_ratio_2020_2021_1_5_bps": 0.6802675676581313,
        "downside_risk_2020_2021_1_5_bps": 0.005146939923620038,
        "sortino_ratio_2020_2021_1_5_bps": 0.9188522025718884,
        "max_drawdown_2020_2021_1_5_bps": 0.008454907863233472,
        "calmar_ratio_2020_2021_1_5_bps": 0.5578108356498391,
        "perc_pos_return_2020_2021_1_5_bps": 0.5538461538461539,
        "profit_loss_ratio_2020_2021_1_5_bps": 0.9143016464036735,
        "sharpe_ratio_2020_1_5_bps": 0.7947209204657432,
        "annual_return_2020_2021_2_0_bps": 0.0020554985355625277,
        "annual_volatility_2020_2021_2_0_bps": 0.006953455710012777,
        "sharpe_ratio_2020_2021_2_0_bps": 0.2987705105539533,
        "downside_risk_2020_2021_2_0_bps": 0.005216243170047513,
        "sortino_ratio_2020_2021_2_0_bps": 0.39827275011335334,
        "max_drawdown_2020_2021_2_0_bps": 0.009084233929881823,
        "calmar_ratio_2020_2021_2_0_bps": 0.2262709823886347,
        "perc_pos_return_2020_2021_2_0_bps": 0.5346153846153846,
        "profit_loss_ratio_2020_2021_2_0_bps": 0.9204208783725466,
        "sharpe_ratio_2020_2_0_bps": 0.4056819932860514,
        "annual_return_2020_2021_2_5_bps": -0.0005982282365717406,
        "annual_volatility_2020_2021_2_5_bps": 0.00695547852068962,
        "sharpe_ratio_2020_2021_2_5_bps": -0.08256830330587818,
        "downside_risk_2020_2021_2_5_bps": 0.005287354190869444,
        "sortino_ratio_2020_2021_2_5_bps": -0.10861804210611889,
        "max_drawdown_2020_2021_2_5_bps": 0.009713167051414994,
        "calmar_ratio_2020_2021_2_5_bps": -0.06158941088989013,
        "perc_pos_return_2020_2021_2_5_bps": 0.5153846153846153,
        "profit_loss_ratio_2020_2021_2_5_bps": 0.9258971105010565,
        "sharpe_ratio_2020_2_5_bps": 0.016741863334174184,
        "annual_return_2020_2021_3_0_bps": -0.003244959499799638,
        "annual_volatility_2020_2021_3_0_bps": 0.0069581515887809035,
        "sharpe_ratio_2020_2021_3_0_bps": -0.4636420451178598,
        "downside_risk_2020_2021_3_0_bps": 0.0053603807818962896,
        "sortino_ratio_2020_2021_3_0_bps": -0.6018400117689401,
        "max_drawdown_2020_2021_3_0_bps": 0.010341707469145256,
        "calmar_ratio_2020_2021_3_0_bps": -0.31377405611994497,
        "perc_pos_return_2020_2021_3_0_bps": 0.4846153846153846,
        "profit_loss_ratio_2020_2021_3_0_bps": 0.9751464501681536,
        "sharpe_ratio_2020_3_0_bps": -0.37198466144548287
    },
    "COMB": {
        "annual_return_2020_2021": 0.012740729515421378,
        "annual_volatility_2020_2021": 0.006951875656870545,
        "sharpe_ratio_2020_2021": 1.8246364620997122,
        "downside_risk_2020_2021": 0.004949400215469495,
        "sortino_ratio_2020_2021": 2.562865246553138,
        "max_drawdown_2020_2021": 0.006606038212216223,
        "calmar_ratio_2020_2021": 1.9286490792409543,
        "perc_pos_return_2020_2021": 0.5769230769230769,
        "profit_loss_ratio_2020_2021": 1.0273507347032615,
        "sharpe_ratio_2020": 1.9612802669479867,
        "annual_return_2020_2021_0_5_bps": 0.010058836185800057,
        "annual_volatility_2020_2021_0_5_bps": 0.006951293586750457,
        "sharpe_ratio_2020_2021_0_5_bps": 1.4433077966817438,
        "downside_risk_2020_2021_0_5_bps": 0.005013544375640484,
        "sortino_ratio_2020_2021_0_5_bps": 2.0011503796650914,
        "max_drawdown_2020_2021_0_5_bps": 0.007196437214700843,
        "calmar_ratio_2020_2021_0_5_bps": 1.3977522329037932,
        "perc_pos_return_2020_2021_0_5_bps": 0.573076923076923,
        "profit_loss_ratio_2020_2021_0_5_bps": 0.9732539053143525,
        "sharpe_ratio_2020_0_5_bps": 1.5726350518105912,
        "annual_return_2020_2021_1_0_bps": 0.007384012270465146,
        "annual_volatility_2020_2021_1_0_bps": 0.006951362949078472,
        "sharpe_ratio_2020_2021_1_0_bps": 1.0618157492453464,
        "downside_risk_2020_2021_1_0_bps": 0.005079381274040531,
        "sortino_ratio_2020_2021_1_0_bps": 1.4531428652097678,
        "max_drawdown_2020_2021_1_0_bps": 0.007825188610012909,
        "calmar_ratio_2020_2021_1_0_bps": 0.943620996050722,
        "perc_pos_return_2020_2021_1_0_bps": 0.5576923076923077,
        "profit_loss_ratio_2020_2021_1_0_bps": 0.9659677749729793,
        "sharpe_ratio_2020_1_0_bps": 1.1837436263750674,
        "annual_return_2020_2021_1_5_bps": 0.004716239220532659,
        "annual_volatility_2020_2021_1_5_bps": 0.006952083724356177,
        "sharpe_ratio_2020_2021_1_5_bps": 0.6802675676581313,
        "downside_risk_2020_2021_1_5_bps": 0.005146939923620038,
        "sortino_ratio_2020_2021_1_5_bps": 0.9188522025718884,
        "max_drawdown_2020_2021_1_5_bps": 0.008454907863233472,
        "calmar_ratio_2020_2021_1_5_bps": 0.5578108356498391,
        "perc_pos_return_2020_2021_1_5_bps": 0.5538461538461539,
        "profit_loss_ratio_2020_2021_1_5_bps": 0.9143016464036735,
        "sharpe_ratio_2020_1_5_bps": 0.7947209204657432,
        "annual_return_2020_2021_2_0_bps": 0.0020554985355625277,
        "annual_volatility_2020_2021_2_0_bps": 0.006953455710012777,
        "sharpe_ratio_2020_2021_2_0_bps": 0.2987705105539533,
        "downside_risk_2020_2021_2_0_bps": 0.005216243170047513,
        "sortino_ratio_2020_2021_2_0_bps": 0.39827275011335334,
        "max_drawdown_2020_2021_2_0_bps": 0.009084233929881823,
        "calmar_ratio_2020_2021_2_0_bps": 0.2262709823886347,
        "perc_pos_return_2020_2021_2_0_bps": 0.5346153846153846,
        "profit_loss_ratio_2020_2021_2_0_bps": 0.9204208783725466,
        "sharpe_ratio_2020_2_0_bps": 0.4056819932860514,
        "annual_return_2020_2021_2_5_bps": -0.0005982282365717406,
        "annual_volatility_2020_2021_2_5_bps": 0.00695547852068962,
        "sharpe_ratio_2020_2021_2_5_bps": -0.08256830330587818,
        "downside_risk_2020_2021_2_5_bps": 0.005287354190869444,