{
    "ALL": {
        "performance_sw": 1.4295742054423832,
        "performance_fw": 1.5506047159974803,
        "val_loss": 3.089875659858249,
        "annual_return_2020_2021": 0.013358153090215819,
        "annual_volatility_2020_2021": 0.00931277905878238,
        "sharpe_ratio_2020_2021": 1.4295742054423832,
        "downside_risk_2020_2021": 0.007138994699350743,
        "sortino_ratio_2020_2021": 1.8648716358663306,
        "max_drawdown_2020_2021": 0.007335300184926187,
        "calmar_ratio_2020_2021": 1.821077904577976,
        "perc_pos_return_2020_2021": 0.6,
        "profit_loss_ratio_2020_2021": 0.8829209115687134,
        "sharpe_ratio_2020": 1.4980595247821307,
        "annual_return_2020_2021_0_5_bps": 0.009208852281469726,
        "annual_volatility_2020_2021_0_5_bps": 0.009318923125481542,
        "sharpe_ratio_2020_2021_0_5_bps": 0.9883302131684382,
        "downside_risk_2020_2021_0_5_bps": 0.007231889889530453,
        "sortino_ratio_2020_2021_0_5_bps": 1.2735499875960432,
        "max_drawdown_2020_2021_0_5_bps": 0.007439440736113908,
        "calmar_ratio_2020_2021_0_5_bps": 1.2378420109950488,
        "perc_pos_return_2020_2021_0_5_bps": 0.5846153846153846,
        "profit_loss_ratio_2020_2021_0_5_bps": 0.8636691782161521,
        "sharpe_ratio_2020_0_5_bps": 1.0473523823008153,
        "annual_return_2020_2021_1_0_bps": 0.0050764584291287385,
        "annual_volatility_2020_2021_1_0_bps": 0.009326738579068888,
        "sharpe_ratio_2020_2021_1_0_bps": 0.5475695272790073,
        "downside_risk_2020_2021_1_0_bps": 0.007328391015087565,
        "sortino_ratio_2020_2021_1_0_bps": 0.6968839168490532,
        "max_drawdown_2020_2021_1_0_bps": 0.0075435717791667144,
        "calmar_ratio_2020_2021_1_0_bps": 0.6729515642906098,
        "perc_pos_return_2020_2021_1_0_bps": 0.5653846153846154,
        "profit_loss_ratio_2020_2021_1_0_bps": 0.8569262286079113,
        "sharpe_ratio_2020_1_0_bps": 0.5971204232788294,
        "annual_return_2020_2021_1_5_bps": 0.0009609029799175772,
        "annual_volatility_2020_2021_1_5_bps": 0.00933622122213626,
        "sharpe_ratio_2020_2021_1_5_bps": 0.10752769954760119,
        "downside_risk_2020_2021_1_5_bps": 0.007428587733722572,
        "sortino_ratio_2020_2021_1_5_bps": 0.1351404097883267,
        "max_drawdown_2020_2021_1_5_bps": 0.007647693314825748,
        "calmar_ratio_2020_2021_1_5_bps": 0.12564611842564077,
        "perc_pos_return_2020_2021_1_5_bps": 0.5423076923076923,
        "profit_loss_ratio_2020_2021_1_5_bps": 0.8622521972742979,
        "sharpe_ratio_2020_1_5_bps": 0.14760140748804382,
        "annual_return_2020_2021_2_0_bps": -0.003137882342853615,
        "annual_volatility_2020_2021_2_0_bps": 0.009347365980732823,
        "sharpe_ratio_2020_2021_2_0_bps": -0.3315621812836141,
        "downside_risk_2020_2021_2_0_bps": 0.0075326786627491725,
        "sortino_ratio_2020_2021_2_0_bps": -0.41143837306567227,
        "max_drawdown_2020_2021_2_0_bps": 0.008532099763624493,
        "calmar_ratio_2020_2021_2_0_bps": -0.36777375204068424,
        "perc_pos_return_2020_2021_2_0_bps": 0.5230769230769231,
        "profit_loss_ratio_2020_2021_2_0_bps": 0.8532794074522534,
        "sharpe_ratio_2020_2_0_bps": -0.3009693320652578,
        "annual_return_2020_2021_2_5_bps": -0.007219965540366524,
        "annual_volatility_2020_2021_2_5_bps": 0.009360166917826485,
        "sharpe_ratio_2020_2021_2_5_bps": -0.7694700918658726,
        "downside_risk_2020_2021_2_5_bps": 0.007641030139555791,
        "sortino_ratio_2020_2021_2_5_bps": -0.9425912954923319,
        "max_drawdown_2020_2021_2_5_bps": 0.01094961498741919,
        "calmar_ratio_2020_2021_2_5_bps": -0.6593807680600705,
        "perc_pos_return_2020_2021_2_5_bps": 0.5038461538461538,
        "profit_loss_ratio_2020_2021_2_5_bps": 0.844119770935618,
        "sharpe_ratio_2020_2_5_bps": -0.7483594905905334,
        "annual_return_2020_2021_3_0_bps": -0.011285414339421984,
        "annual_volatility_2020_2021_3_0_bps": 0.009374617248938951,
        "sharpe_ratio_2020_2021_3_0_bps": -1.2059696563858404,
        "downside_risk_2020_2021_3_0_bps": 0.007753795765281724,
        "sortino_ratio_2020_2021_3_0_bps": -1.4580605789325825,
        "max_drawdown_2020_2021_3_0_bps": 0.01434322341620259,
        "calmar_ratio_2020_2021_3_0_bps": -0.7868115842547359,
        "perc_pos_return_2020_2021_3_0_bps": 0.46923076923076923,
        "profit_loss_ratio_2020_2021_3_0_bps": 0.8882179271909318,
        "sharpe_ratio_2020_3_0_bps": -1.19434037319753
    },
    "COMB": {
        "annual_return_2020_2021": 0.013358153090215819,
        "annual_volatility_2020_2021": 0.00931277905878238,
        "sharpe_ratio_2020_2021": 1.4295742054423832,
        "downside_risk_2020_2021": 0.007138994699350743,
        "sortino_ratio_2020_2021": 1.8648716358663306,
        "max_drawdown_2020_2021": 0.007335300184926187,
        "calmar_ratio_2020_2021": 1.821077904577976,
        "perc_pos_return_2020_2021": 0.6,
        "profit_loss_ratio_2020_2021": 0.8829209115687134,
        "sharpe_ratio_2020": 1.4980595247821307,
        "annual_return_2020_2021_0_5_bps": 0.009208852281469726,
        "annual_volatility_2020_2021_0_5_bps": 0.009318923125481542,
        "sharpe_ratio_2020_2021_0_5_bps": 0.9883302131684382,
        "downside_risk_2020_2021_0_5_bps": 0.007231889889530453,
        "sortino_ratio_2020_2021_0_5_bps": 1.2735499875960432,
        "max_drawdown_2020_2021_0_5_bps": 0.007439440736113908,
        "calmar_ratio_2020_2021_0_5_bps": 1.2378420109950488,
        "perc_pos_return_2020_2021_0_5_bps": 0.5846153846153846,
        "profit_loss_ratio_2020_2021_0_5_bps": 0.8636691782161521,
        "sharpe_ratio_2020_0_5_bps": 1.0473523823008153,
        "annual_return_2020_2021_1_0_bps": 0.0050764584291287385,
        "annual_volatility_2020_2021_1_0_bps": 0.009326738579068888,
        "sharpe_ratio_2020_2021_1_0_bps": 0.5475695272790073,
        "downside_risk_2020_2021_1_0_bps": 0.007328391015087565,
        "sortino_ratio_2020_2021_1_0_bps": 0.6968839168490532,
        "max_drawdown_2020_2021_1_0_bps": 0.0075435717791667144,
        "calmar_ratio_2020_2021_1_0_bps": 0.6729515642906098,
        "perc_pos_return_2020_2021_1_0_bps": 0.5653846153846154,
        "profit_loss_ratio_2020_2021_1_0_bps": 0.8569262286079113,
        "sharpe_ratio_2020_1_0_bps": 0.5971204232788294,
        "annual_return_2020_2021_1_5_bps": 0.0009609029799175772,
        "annual_volatility_2020_2021_1_5_bps": 0.00933622122213626,
        "sharpe_ratio_2020_2021_1_5_bps": 0.10752769954760119,
        "downside_risk_2020_2021_1_5_bps": 0.007428587733722572,
        "sortino_ratio_2020_2021_1_5_bps": 0.1351404097883267,
        "max_drawdown_2020_2021_1_5_bps": 0.007647693314825748,
        "calmar_ratio_2020_2021_1_5_bps": 0.12564611842564077,
        "perc_pos_return_2020_2021_1_5_bps": 0.5423076923076923,
        "profit_loss_ratio_2020_2021_1_5_bps": 0.8622521972742979,
        "sharpe_ratio_2020_1_5_bps": 0.14760140748804382,
        "annual_return_2020_2021_2_0_bps": -0.003137882342853615,
        "annual_volatility_2020_2021_2_0_bps": 0.009347365980732823,
        "sharpe_ratio_2020_2021_2_0_bps": -0.3315621812836141,
        "downside_risk_2020_2021_2_0_bps": 0.0075326786627491725,
        "sortino_ratio_2020_2021_2_0_bps": -0.41143837306567227,
        "max_drawdown_2020_2021_2_0_bps": 0.008532099763624493,
        "calmar_ratio_2020_2021_2_0_bps": -0.36777375204068424,
        "perc_pos_return_2020_2021_2_0_bps": 0.5230769230769231,
        "profit_loss_ratio_2020_2021_2_0_bps": 0.8532794074522534,
        "sharpe_ratio_2020_2_0_bps": -0.3009693320652578,
        "annual_return_2020_2021_2_5_bps": -0.007219965540366524,
        "annual_volatility_2020_2021_2_5_bps": 0.009360166917826485,
        "sharpe_ratio_2020_2021_2_5_bps": -0.7694700918658726,
        "downside_risk_2020_2021_2_5_bps": 0.007641030139555791,
        "sortino_ratio_2020_2021_2_5_bps": -0.9425912954923319,