{
    "ALL": {
        "performance_sw": 1.5405341114588273,
        "performance_fw": 0.7425950530395203,
        "val_loss": 3.7147919132035048,
        "annual_return_2018_2019": 0.020890268703728232,
        "annual_volatility_2018_2019": 0.013480020515495366,
        "sharpe_ratio_2018_2019": 1.5405341114588273,
        "downside_risk_2018_2019": 0.009412791574295297,
        "sortino_ratio_2018_2019": 2.206192633011756,
        "max_drawdown_2018_2019": 0.011208877195450986,
        "calmar_ratio_2018_2019": 1.863725361555959,
        "perc_pos_return_2018_2019": 0.5884615384615385,
        "profit_loss_ratio_2018_2019": 0.9110635040451507,
        "sharpe_ratio_2018": 1.32007536407112,
        "annual_return_2018_2019_0_5_bps": 0.015033527438435224,
        "annual_volatility_2018_2019_0_5_bps": 0.013476724125317656,
        "sharpe_ratio_2018_2019_0_5_bps": 1.1139626715531965,
        "downside_risk_2018_2019_0_5_bps": 0.00957673811907764,
        "sortino_ratio_2018_2019_0_5_bps": 1.5676076158455268,
        "max_drawdown_2018_2019_0_5_bps": 0.01175730175587454,
        "calmar_ratio_2018_2019_0_5_bps": 1.2786545544706902,
        "perc_pos_return_2018_2019_0_5_bps": 0.5807692307692308,
        "profit_loss_ratio_2018_2019_0_5_bps": 0.8744558757984778,
        "sharpe_ratio_2018_0_5_bps": 0.9132668093112495,
        "annual_return_2018_2019_1_0_bps": 0.009210245166400899,
        "annual_volatility_2018_2019_1_0_bps": 0.013474014155564236,
        "sharpe_ratio_2018_2019_1_0_bps": 0.6871525951113571,
        "downside_risk_2018_2019_1_0_bps": 0.009744133851421088,
        "sortino_ratio_2018_2019_1_0_bps": 0.9501823286441033,
        "max_drawdown_2018_2019_1_0_bps": 0.012305437127184647,
        "calmar_ratio_2018_2019_1_0_bps": 0.7484695644053162,
        "perc_pos_return_2018_2019_1_0_bps": 0.5615384615384615,
        "profit_loss_ratio_2018_2019_1_0_bps": 0.8791357267230494,
        "sharpe_ratio_2018_1_0_bps": 0.5063681297048043,
        "annual_return_2018_2019_1_5_bps": 0.003420231542172969,
        "annual_volatility_2018_2019_1_5_bps": 0.013471890960123434,
        "sharpe_ratio_2018_2019_1_5_bps": 0.26015946737367796,
        "downside_risk_2018_2019_1_5_bps": 0.009914973406630308,
        "sortino_ratio_2018_2019_1_5_bps": 0.35348959931231233,
        "max_drawdown_2018_2019_1_5_bps": 0.013430834642847968,
        "calmar_ratio_2018_2019_1_5_bps": 0.2546551746874697,
        "perc_pos_return_2018_2019_1_5_bps": 0.5384615384615384,
        "profit_loss_ratio_2018_2019_1_5_bps": 0.8966114201456447,
        "sharpe_ratio_2018_1_5_bps": 0.09942117607344278,
        "annual_return_2018_2019_2_0_bps": -0.002336702701400517,
        "annual_volatility_2018_2019_2_0_bps": 0.013470354816457102,
        "sharpe_ratio_2018_2019_2_0_bps": -0.16696099477732135,
        "downside_risk_2018_2019_2_0_bps": 0.010089317381882545,
        "sortino_ratio_2018_2019_2_0_bps": -0.22291139777184002,
        "max_drawdown_2018_2019_2_0_bps": 0.01753718122543118,
        "calmar_ratio_2018_2019_2_0_bps": -0.13324277552723218,
        "perc_pos_return_2018_2019_2_0_bps": 0.5115384615384615,
        "profit_loss_ratio_2018_2019_2_0_bps": 0.9276560570252343,
        "sharpe_ratio_2018_2_0_bps": -0.30753217632217406,
        "annual_return_2018_2019_2_5_bps": -0.008060745759259413,
        "annual_volatility_2018_2019_2_5_bps": 0.013469405925419507,
        "sharpe_ratio_2018_2019_2_5_bps": -0.5941529790795919,
        "downside_risk_2018_2019_2_5_bps": 0.010267413159941181,
        "sortino_ratio_2018_2019_2_5_bps": -0.7794453707428437,
        "max_drawdown_2018_2019_2_5_bps": 0.021626535208989266,
        "calmar_ratio_2018_2019_2_5_bps": -0.3727247883844515,
        "perc_pos_return_2018_2019_2_5_bps": 0.5076923076923077,
        "profit_loss_ratio_2018_2019_2_5_bps": 0.8747426466634435,
        "sharpe_ratio_2018_2_5_bps": -0.7144500493236224,
        "annual_return_2018_2019_3_0_bps": -0.01375208476018197,
        "annual_volatility_2018_2019_3_0_bps": 0.013469044411126084,
        "sharpe_ratio_2018_2019_3_0_bps": -1.0213606143074048,
        "downside_risk_2018_2019_3_0_bps": 0.010449222138123661,
        "sortino_ratio_2018_2019_3_0_bps": -1.3165335459460061,
        "max_drawdown_2018_2019_3_0_bps": 0.02570969685596088,
        "calmar_ratio_2018_2019_3_0_bps": -0.5348987519078235,
        "perc_pos_return_2018_2019_3_0_bps": 0.4807692307692308,
        "profit_loss_ratio_2018_2019_3_0_bps": 0.9045041566342282,
        "sharpe_ratio_2018_3_0_bps": -1.1212905834192273
    },
    "COMB": {
        "annual_return_2018_2019": 0.020890268703728232,
        "annual_volatility_2018_2019": 0.013480020515495366,
        "sharpe_ratio_2018_2019": 1.5405341114588273,
        "downside_risk_2018_2019": 0.009412791574295297,
        "sortino_ratio_2018_2019": 2.206192633011756,
        "max_drawdown_2018_2019": 0.011208877195450986,
        "calmar_ratio_2018_2019": 1.863725361555959,
        "perc_pos_return_2018_2019": 0.5884615384615385,
        "profit_loss_ratio_2018_2019": 0.9110635040451507,
        "sharpe_ratio_2018": 1.32007536407112,
        "annual_return_2018_2019_0_5_bps": 0.015033527438435224,
        "annual_volatility_2018_2019_0_5_bps": 0.013476724125317656,
        "sharpe_ratio_2018_2019_0_5_bps": 1.1139626715531965,
        "downside_risk_2018_2019_0_5_bps": 0.00957673811907764,
        "sortino_ratio_2018_2019_0_5_bps": 1.5676076158455268,
        "max_drawdown_2018_2019_0_5_bps": 0.01175730175587454,
        "calmar_ratio_2018_2019_0_5_bps": 1.2786545544706902,
        "perc_pos_return_2018_2019_0_5_bps": 0.5807692307692308,
        "profit_loss_ratio_2018_2019_0_5_bps": 0.8744558757984778,
        "sharpe_ratio_2018_0_5_bps": 0.9132668093112495,
        "annual_return_2018_2019_1_0_bps": 0.009210245166400899,
        "annual_volatility_2018_2019_1_0_bps": 0.013474014155564236,
        "sharpe_ratio_2018_2019_1_0_bps": 0.6871525951113571,
        "downside_risk_2018_2019_1_0_bps": 0.009744133851421088,
        "sortino_ratio_2018_2019_1_0_bps": 0.9501823286441033,
        "max_drawdown_2018_2019_1_0_bps": 0.012305437127184647,
        "calmar_ratio_2018_2019_1_0_bps": 0.7484695644053162,
        "perc_pos_return_2018_2019_1_0_bps": 0.5615384615384615,
        "profit_loss_ratio_2018_2019_1_0_bps": 0.8791357267230494,
        "sharpe_ratio_2018_1_0_bps": 0.5063681297048043,
        "annual_return_2018_2019_1_5_bps": 0.003420231542172969,
        "annual_volatility_2018_2019_1_5_bps": 0.013471890960123434,
        "sharpe_ratio_2018_2019_1_5_bps": 0.26015946737367796,
        "downside_risk_2018_2019_1_5_bps": 0.009914973406630308,
        "sortino_ratio_2018_2019_1_5_bps": 0.35348959931231233,
        "max_drawdown_2018_2019_1_5_bps": 0.013430834642847968,
        "calmar_ratio_2018_2019_1_5_bps": 0.2546551746874697,
        "perc_pos_return_2018_2019_1_5_bps": 0.5384615384615384,
        "profit_loss_ratio_2018_2019_1_5_bps": 0.8966114201456447,
        "sharpe_ratio_2018_1_5_bps": 0.09942117607344278,
        "annual_return_2018_2019_2_0_bps": -0.002336702701400517,
        "annual_volatility_2018_2019_2_0_bps": 0.013470354816457102,
        "sharpe_ratio_2018_2019_2_0_bps": -0.16696099477732135,
        "downside_risk_2018_2019_2_0_bps": 0.010089317381882545,
        "sortino_ratio_2018_2019_2_0_bps": -0.22291139777184002,
        "max_drawdown_2018_2019_2_0_bps": 0.01753718122543118,
        "calmar_ratio_2018_2019_2_0_bps": -0.13324277552723218,
        "perc_pos_return_2018_2019_2_0_bps": 0.5115384615384615,
        "profit_loss_ratio_2018_2019_2_0_bps": 0.9276560570252343,
        "sharpe_ratio_2018_2_0_bps": -0.30753217632217406,
        "annual_return_2018_2019_2_5_bps": -0.008060745759259413,
        "annual_volatility_2018_2019_2_5_bps": 0.013469405925419507,
        "sharpe_ratio_2018_2019_2_5_bps": -0.5941529790795919,
        "downside_risk_2018_2019_2_5_bps": 0.010267413159941181,