{
    "ALL": {
        "performance_sw": 1.2330211966558522,
        "performance_fw": 1.1194596227194389,
        "val_loss": 5.274686382158469,
        "annual_return_2022_2023": 0.05617136219791985,
        "annual_volatility_2022_2023": 0.03729813846283687,
        "sharpe_ratio_2022_2023": 1.4839412398813083,
        "downside_risk_2022_2023": 0.026039074696182243,
        "sortino_ratio_2022_2023": 2.1255842030332137,
        "max_drawdown_2022_2023": 0.019300926259677283,
        "calmar_ratio_2022_2023": 2.9102936015703453,
        "perc_pos_return_2022_2023": 0.5972602739726027,
        "profit_loss_ratio_2022_2023": 0.9016488313339194,
        "sharpe_ratio_2022": 1.222471170120754,
        "annual_return_2022_2023_0_5_bps": 0.055084349825290646,
        "annual_volatility_2022_2023_0_5_bps": 0.03729762508184495,
        "sharpe_ratio_2022_2023_0_5_bps": 1.4563486332256443,
        "downside_risk_2022_2023_0_5_bps": 0.0260569168588825,
        "sortino_ratio_2022_2023_0_5_bps": 2.0846037006097644,
        "max_drawdown_2022_2023_0_5_bps": 0.019315621272233068,
        "calmar_ratio_2022_2023_0_5_bps": 2.8518031622662052,
        "perc_pos_return_2022_2023_0_5_bps": 0.5945205479452055,
        "profit_loss_ratio_2022_2023_0_5_bps": 0.9071097471573779,
        "sharpe_ratio_2022_0_5_bps": 1.199596232585485,
        "annual_return_2022_2023_1_0_bps": 0.05399845282836946,
        "annual_volatility_2022_2023_1_0_bps": 0.037297119764374775,
        "sharpe_ratio_2022_2023_1_0_bps": 1.4287549580734025,
        "downside_risk_2022_2023_1_0_bps": 0.026074798090410887,
        "sortino_ratio_2022_2023_1_0_bps": 2.0436762194835554,
        "max_drawdown_2022_2023_1_0_bps": 0.019330316101759084,
        "calmar_ratio_2022_2023_1_0_bps": 2.7934593797695593,
        "perc_pos_return_2022_2023_1_0_bps": 0.5945205479452055,
        "profit_loss_ratio_2022_2023_1_0_bps": 0.9022758253693209,
        "sharpe_ratio_2022_1_0_bps": 1.17672043083902,
        "annual_return_2022_2023_1_5_bps": 0.05291367006613701,
        "annual_volatility_2022_2023_1_5_bps": 0.03729662251075409,
        "sharpe_ratio_2022_2023_1_5_bps": 1.40116023226608,
        "downside_risk_2022_2023_1_5_bps": 0.026092718385012967,
        "sortino_ratio_2022_2023_1_5_bps": 2.0028018349335563,
        "max_drawdown_2022_2023_1_5_bps": 0.019345010748256813,
        "calmar_ratio_2022_2023_1_5_bps": 2.735261859231848,
        "perc_pos_return_2022_2023_1_5_bps": 0.5945205479452055,
        "profit_loss_ratio_2022_2023_1_5_bps": 0.8974666326606076,
        "sharpe_ratio_2022_1_5_bps": 1.1538437795416456,
        "annual_return_2022_2023_2_0_bps": 0.051830000398748854,
        "annual_volatility_2022_2023_2_0_bps": 0.037296133321305436,
        "sharpe_ratio_2022_2023_2_0_bps": 1.3735644736486572,
        "downside_risk_2022_2023_2_0_bps": 0.026110677804163682,
        "sortino_ratio_2022_2023_2_0_bps": 1.9619806164679485,
        "max_drawdown_2022_2023_2_0_bps": 0.019359705211727845,
        "calmar_ratio_2022_2023_2_0_bps": 2.6772102070723136,
        "perc_pos_return_2022_2023_2_0_bps": 0.5917808219178082,
        "profit_loss_ratio_2022_2023_2_0_bps": 0.9028708291283951,
        "sharpe_ratio_2022_2_0_bps": 1.1309662933564342,
        "annual_return_2022_2023_2_5_bps": 0.05074744268750586,
        "annual_volatility_2022_2023_2_5_bps": 0.03729565219634612,
        "sharpe_ratio_2022_2023_2_5_bps": 1.3459677000695434,
        "downside_risk_2022_2023_2_5_bps": 0.026128676657574745,
        "sortino_ratio_2022_2023_2_5_bps": 1.9212126150582107,
        "max_drawdown_2022_2023_2_5_bps": 0.019374399492174083,
        "calmar_ratio_2022_2023_2_5_bps": 2.6193040309716085,
        "perc_pos_return_2022_2023_2_5_bps": 0.5917808219178082,
        "profit_loss_ratio_2022_2023_2_5_bps": 0.8980514973299638,
        "sharpe_ratio_2022_2_5_bps": 1.1080879869492004,
        "annual_return_2022_2023_3_0_bps": 0.04966599579489395,
        "annual_volatility_2022_2023_3_0_bps": 0.03729517913618827,
        "sharpe_ratio_2022_2023_3_0_bps": 1.3183699293805142,
        "downside_risk_2022_2023_3_0_bps": 0.02614671488631639,
        "sortino_ratio_2022_2023_3_0_bps": 1.880497909499987,
        "max_drawdown_2022_2023_3_0_bps": 0.019389093589597676,
        "calmar_ratio_2022_2023_3_0_bps": 2.561542939869038,
        "perc_pos_return_2022_2023_3_0_bps": 0.5917808219178082,
        "profit_loss_ratio_2022_2023_3_0_bps": 0.8932568508124368,
        "sharpe_ratio_2022_3_0_bps": 1.085208874988454
    },
    "COMB": {
        "annual_return_2022_2023": 0.05617136219791985,
        "annual_volatility_2022_2023": 0.03729813846283687,
        "sharpe_ratio_2022_2023": 1.4839412398813083,
        "downside_risk_2022_2023": 0.026039074696182243,
        "sortino_ratio_2022_2023": 2.1255842030332137,
        "max_drawdown_2022_2023": 0.019300926259677283,
        "calmar_ratio_2022_2023": 2.9102936015703453,
        "perc_pos_return_2022_2023": 0.5972602739726027,
        "profit_loss_ratio_2022_2023": 0.9016488313339194,
        "sharpe_ratio_2022": 1.222471170120754,
        "annual_return_2022_2023_0_5_bps": 0.055084349825290646,
        "annual_volatility_2022_2023_0_5_bps": 0.03729762508184495,
        "sharpe_ratio_2022_2023_0_5_bps": 1.4563486332256443,
        "downside_risk_2022_2023_0_5_bps": 0.0260569168588825,
        "sortino_ratio_2022_2023_0_5_bps": 2.0846037006097644,
        "max_drawdown_2022_2023_0_5_bps": 0.019315621272233068,
        "calmar_ratio_2022_2023_0_5_bps": 2.8518031622662052,
        "perc_pos_return_2022_2023_0_5_bps": 0.5945205479452055,
        "profit_loss_ratio_2022_2023_0_5_bps": 0.9071097471573779,
        "sharpe_ratio_2022_0_5_bps": 1.199596232585485,
        "annual_return_2022_2023_1_0_bps": 0.05399845282836946,
        "annual_volatility_2022_2023_1_0_bps": 0.037297119764374775,
        "sharpe_ratio_2022_2023_1_0_bps": 1.4287549580734025,
        "downside_risk_2022_2023_1_0_bps": 0.026074798090410887,
        "sortino_ratio_2022_2023_1_0_bps": 2.0436762194835554,
        "max_drawdown_2022_2023_1_0_bps": 0.019330316101759084,
        "calmar_ratio_2022_2023_1_0_bps": 2.7934593797695593,
        "perc_pos_return_2022_2023_1_0_bps": 0.5945205479452055,
        "profit_loss_ratio_2022_2023_1_0_bps": 0.9022758253693209,
        "sharpe_ratio_2022_1_0_bps": 1.17672043083902,
        "annual_return_2022_2023_1_5_bps": 0.05291367006613701,
        "annual_volatility_2022_2023_1_5_bps": 0.03729662251075409,
        "sharpe_ratio_2022_2023_1_5_bps": 1.40116023226608,
        "downside_risk_2022_2023_1_5_bps": 0.026092718385012967,
        "sortino_ratio_2022_2023_1_5_bps": 2.0028018349335563,
        "max_drawdown_2022_2023_1_5_bps": 0.019345010748256813,
        "calmar_ratio_2022_2023_1_5_bps": 2.735261859231848,
        "perc_pos_return_2022_2023_1_5_bps": 0.5945205479452055,
        "profit_loss_ratio_2022_2023_1_5_bps": 0.8974666326606076,
        "sharpe_ratio_2022_1_5_bps": 1.1538437795416456,
        "annual_return_2022_2023_2_0_bps": 0.051830000398748854,
        "annual_volatility_2022_2023_2_0_bps": 0.037296133321305436,
        "sharpe_ratio_2022_2023_2_0_bps": 1.3735644736486572,
        "downside_risk_2022_2023_2_0_bps": 0.026110677804163682,
        "sortino_ratio_2022_2023_2_0_bps": 1.9619806164679485,
        "max_drawdown_2022_2023_2_0_bps": 0.019359705211727845,
        "calmar_ratio_2022_2023_2_0_bps": 2.6772102070723136,
        "perc_pos_return_2022_2023_2_0_bps": 0.5917808219178082,
        "profit_loss_ratio_2022_2023_2_0_bps": 0.9028708291283951,
        "sharpe_ratio_2022_2_0_bps": 1.1309662933564342,
        "annual_return_2022_2023_2_5_bps": 0.05074744268750586,
        "annual_volatility_2022_2023_2_5_bps": 0.03729565219634612,
        "sharpe_ratio_2022_2023_2_5_bps": 1.3459677000695434,
        "downside_risk_2022_2023_2_5_bps": 0.026128676657574745,
        "sortino_ratio_2022_2023_2_5_bps": 1.9212126150582107,