{
    "ALL": {
        "performance_sw": 2.393183221334919,
        "performance_fw": 1.5484122818834485,
        "val_loss": 3.715388685301642,
        "annual_return_2016_2017": 0.029252248871901365,
        "annual_volatility_2016_2017": 0.012078814514684202,
        "sharpe_ratio_2016_2017": 2.393183221334919,
        "downside_risk_2016_2017": 0.006513619786520468,
        "sortino_ratio_2016_2017": 4.437903527924638,
        "max_drawdown_2016_2017": 0.004120338503688995,
        "calmar_ratio_2016_2017": 7.099477105027033,
        "perc_pos_return_2016_2017": 0.5675675675675675,
        "profit_loss_ratio_2016_2017": 1.1888082870536143,
        "sharpe_ratio_2016": 2.543555565726374,
        "annual_return_2016_2017_0_5_bps": 0.024597035621591212,
        "annual_volatility_2016_2017_0_5_bps": 0.012075587976773014,
        "sharpe_ratio_2016_2017_0_5_bps": 2.0183806814940115,
        "downside_risk_2016_2017_0_5_bps": 0.006656077210537736,
        "sortino_ratio_2016_2017_0_5_bps": 3.661786472580736,
        "max_drawdown_2016_2017_0_5_bps": 0.004412344277548855,
        "calmar_ratio_2016_2017_0_5_bps": 5.57459574193865,
        "perc_pos_return_2016_2017_0_5_bps": 0.5482625482625483,
        "profit_loss_ratio_2016_2017_0_5_bps": 1.1985904580418631,
        "sharpe_ratio_2016_0_5_bps": 2.168456148866095,
        "annual_return_2016_2017_1_0_bps": 0.019962788151916433,
        "annual_volatility_2016_2017_1_0_bps": 0.012072861940937407,
        "sharpe_ratio_2016_2017_1_0_bps": 1.643309668154844,
        "downside_risk_2016_2017_1_0_bps": 0.006801296191802826,
        "sortino_ratio_2016_2017_1_0_bps": 2.9170102566261313,
        "max_drawdown_2016_2017_1_0_bps": 0.004730897365885847,
        "calmar_ratio_2016_2017_1_0_bps": 4.219662065777759,
        "perc_pos_return_2016_2017_1_0_bps": 0.5366795366795367,
        "profit_loss_ratio_2016_2017_1_0_bps": 1.1709889685444765,
        "sharpe_ratio_2016_1_0_bps": 1.7929900423317755,
        "annual_return_2016_2017_1_5_bps": 0.015349412440923915,
        "annual_volatility_2016_2017_1_5_bps": 0.01207063674627795,
        "sharpe_ratio_2016_2017_1_5_bps": 1.2680166201175602,
        "downside_risk_2016_2017_1_5_bps": 0.006949208433209267,
        "sortino_ratio_2016_2017_1_5_bps": 2.202519633248893,
        "max_drawdown_2016_2017_1_5_bps": 0.005049355300860271,
        "calmar_ratio_2016_2017_1_5_bps": 3.039875692310422,
        "perc_pos_return_2016_2017_1_5_bps": 0.5212355212355212,
        "profit_loss_ratio_2016_2017_1_5_bps": 1.1618290899704324,
        "sharpe_ratio_2016_1_5_bps": 1.4172021696658452,
        "annual_return_2016_2017_2_0_bps": 0.010756814886492272,
        "annual_volatility_2016_2017_2_0_bps": 0.012068912669821043,
        "sharpe_ratio_2016_2017_2_0_bps": 0.89254811632364,
        "downside_risk_2016_2017_2_0_bps": 0.007099781140158179,
        "sortino_ratio_2016_2017_2_0_bps": 1.517241877864884,
        "max_drawdown_2016_2017_2_0_bps": 0.005400950190825637,
        "calmar_ratio_2016_2017_2_0_bps": 1.9916523031011122,
        "perc_pos_return_2016_2017_2_0_bps": 0.5096525096525096,
        "profit_loss_ratio_2016_2017_2_0_bps": 1.134987340177085,
        "sharpe_ratio_2016_2_0_bps": 1.0411376610053142,
        "annual_return_2016_2017_2_5_bps": 0.006184902304499307,
        "annual_volatility_2016_2017_2_5_bps": 0.012067689926346672,
        "sharpe_ratio_2016_2017_2_5_bps": 0.5169508470502251,
        "downside_risk_2016_2017_2_5_bps": 0.00725303446325278,
        "sortino_ratio_2016_2017_2_5_bps": 0.8601093185164094,
        "max_drawdown_2016_2017_2_5_bps": 0.007702197255964323,
        "calmar_ratio_2016_2017_2_5_bps": 0.8030049217072345,
        "perc_pos_return_2016_2017_2_5_bps": 0.4864864864864865,
        "profit_loss_ratio_2016_2017_2_5_bps": 1.1613638972118823,
        "sharpe_ratio_2016_2_5_bps": 0.6648418262523603,
        "annual_return_2016_2017_3_0_bps": 0.0016335819269170937,
        "annual_volatility_2016_2017_3_0_bps": 0.012066968668254746,
        "sharpe_ratio_2016_2017_3_0_bps": 0.14127158494164127,
        "downside_risk_2016_2017_3_0_bps": 0.007409097396210429,
        "sortino_ratio_2016_2017_3_0_bps": 0.23008467807123123,
        "max_drawdown_2016_2017_3_0_bps": 0.010111864980836357,
        "calmar_ratio_2016_2017_3_0_bps": 0.16155100270949024,
        "perc_pos_return_2016_2017_3_0_bps": 0.4671814671814672,
        "profit_loss_ratio_2016_2017_3_0_bps": 1.1705873819526378,
        "sharpe_ratio_2016_3_0_bps": 0.28836012798468685
    },
    "COMB": {
        "annual_return_2016_2017": 0.029252248871901365,
        "annual_volatility_2016_2017": 0.012078814514684202,
        "sharpe_ratio_2016_2017": 2.393183221334919,
        "downside_risk_2016_2017": 0.006513619786520468,
        "sortino_ratio_2016_2017": 4.437903527924638,
        "max_drawdown_2016_2017": 0.004120338503688995,
        "calmar_ratio_2016_2017": 7.099477105027033,
        "perc_pos_return_2016_2017": 0.5675675675675675,
        "profit_loss_ratio_2016_2017": 1.1888082870536143,
        "sharpe_ratio_2016": 2.543555565726374,
        "annual_return_2016_2017_0_5_bps": 0.024597035621591212,
        "annual_volatility_2016_2017_0_5_bps": 0.012075587976773014,
        "sharpe_ratio_2016_2017_0_5_bps": 2.0183806814940115,
        "downside_risk_2016_2017_0_5_bps": 0.006656077210537736,
        "sortino_ratio_2016_2017_0_5_bps": 3.661786472580736,
        "max_drawdown_2016_2017_0_5_bps": 0.004412344277548855,
        "calmar_ratio_2016_2017_0_5_bps": 5.57459574193865,
        "perc_pos_return_2016_2017_0_5_bps": 0.5482625482625483,
        "profit_loss_ratio_2016_2017_0_5_bps": 1.1985904580418631,
        "sharpe_ratio_2016_0_5_bps": 2.168456148866095,
        "annual_return_2016_2017_1_0_bps": 0.019962788151916433,
        "annual_volatility_2016_2017_1_0_bps": 0.012072861940937407,
        "sharpe_ratio_2016_2017_1_0_bps": 1.643309668154844,
        "downside_risk_2016_2017_1_0_bps": 0.006801296191802826,
        "sortino_ratio_2016_2017_1_0_bps": 2.9170102566261313,
        "max_drawdown_2016_2017_1_0_bps": 0.004730897365885847,
        "calmar_ratio_2016_2017_1_0_bps": 4.219662065777759,
        "perc_pos_return_2016_2017_1_0_bps": 0.5366795366795367,
        "profit_loss_ratio_2016_2017_1_0_bps": 1.1709889685444765,
        "sharpe_ratio_2016_1_0_bps": 1.7929900423317755,
        "annual_return_2016_2017_1_5_bps": 0.015349412440923915,
        "annual_volatility_2016_2017_1_5_bps": 0.01207063674627795,
        "sharpe_ratio_2016_2017_1_5_bps": 1.2680166201175602,
        "downside_risk_2016_2017_1_5_bps": 0.006949208433209267,
        "sortino_ratio_2016_2017_1_5_bps": 2.202519633248893,
        "max_drawdown_2016_2017_1_5_bps": 0.005049355300860271,
        "calmar_ratio_2016_2017_1_5_bps": 3.039875692310422,
        "perc_pos_return_2016_2017_1_5_bps": 0.5212355212355212,
        "profit_loss_ratio_2016_2017_1_5_bps": 1.1618290899704324,
        "sharpe_ratio_2016_1_5_bps": 1.4172021696658452,
        "annual_return_2016_2017_2_0_bps": 0.010756814886492272,
        "annual_volatility_2016_2017_2_0_bps": 0.012068912669821043,
        "sharpe_ratio_2016_2017_2_0_bps": 0.89254811632364,
        "downside_risk_2016_2017_2_0_bps": 0.007099781140158179,
        "sortino_ratio_2016_2017_2_0_bps": 1.517241877864884,
        "max_drawdown_2016_2017_2_0_bps": 0.005400950190825637,
        "calmar_ratio_2016_2017_2_0_bps": 1.9916523031011122,
        "perc_pos_return_2016_2017_2_0_bps": 0.5096525096525096,
        "profit_loss_ratio_2016_2017_2_0_bps": 1.134987340177085,
        "sharpe_ratio_2016_2_0_bps": 1.0411376610053142,
        "annual_return_2016_2017_2_5_bps": 0.006184902304499307,
        "annual_volatility_2016_2017_2_5_bps": 0.012067689926346672,
        "sharpe_ratio_2016_2017_2_5_bps": 0.5169508470502251,
        "downside_risk_2016_2017_2_5_bps": 0.00725303446325278,
        "sortino_ratio_2016_2017_2_5_bps": 0.8601093185164094,