{
    "ALL": {
        "annual_return_2019_2020": 0.0795708983866823,
        "annual_volatility_2019_2020": 0.03646177215928858,
        "sharpe_ratio_2019_2020": 2.1183152600897683,
        "downside_risk_2019_2020": 0.024282006776068493,
        "sortino_ratio_2019_2020": 3.1808544115497033,
        "max_drawdown_2019_2020": 0.024943742799726054,
        "calmar_ratio_2019_2020": 3.1900143865962325,
        "perc_pos_return_2019_2020": 0.5769230769230769,
        "profit_loss_ratio_2019_2020": 1.0342803179321463,
        "sharpe_ratio_2019": 2.178629661140605,
        "annual_return_2019_2020_0_5_bps": 0.07921868184852832,
        "annual_volatility_2019_2020_0_5_bps": 0.0364615596558611,
        "sharpe_ratio_2019_2020_0_5_bps": 2.1093753060774407,
        "downside_risk_2019_2020_0_5_bps": 0.024292871576210066,
        "sortino_ratio_2019_2020_0_5_bps": 3.1659951487357993,
        "max_drawdown_2019_2020_0_5_bps": 0.02497874215497955,
        "calmar_ratio_2019_2020_0_5_bps": 3.1714439965399115,
        "perc_pos_return_2019_2020_0_5_bps": 0.5769230769230769,
        "profit_loss_ratio_2019_2020_0_5_bps": 1.0327874551778828,
        "sharpe_ratio_2019_0_5_bps": 2.1697048637212344,
        "annual_return_2019_2020_1_0_bps": 0.07886657964791621,
        "annual_volatility_2019_2020_1_0_bps": 0.03646135020032165,
        "sharpe_ratio_2019_2020_1_0_bps": 2.100435072277517,
        "downside_risk_2019_2020_1_0_bps": 0.024303741051881007,
        "sortino_ratio_2019_2020_1_0_bps": 3.1511485651473854,
        "max_drawdown_2019_2020_1_0_bps": 0.02501374032455311,
        "calmar_ratio_2019_2020_1_0_bps": 3.152930294495061,
        "perc_pos_return_2019_2020_1_0_bps": 0.5769230769230769,
        "profit_loss_ratio_2019_2020_1_0_bps": 1.0312967929249124,
        "sharpe_ratio_2019_1_0_bps": 2.160779879519974,
        "annual_return_2019_2020_1_5_bps": 0.07851459174792064,
        "annual_volatility_2019_2020_1_5_bps": 0.03646114379272276,
        "sharpe_ratio_2019_2020_1_5_bps": 2.0914945609241795,
        "downside_risk_2019_2020_1_5_bps": 0.02431461520567749,
        "sortino_ratio_2019_2020_1_5_bps": 3.1363146520101073,
        "max_drawdown_2019_2020_1_5_bps": 0.025048737308484014,
        "calmar_ratio_2019_2020_1_5_bps": 3.13447303873987,
        "perc_pos_return_2019_2020_1_5_bps": 0.573076923076923,
        "profit_loss_ratio_2019_2020_1_5_bps": 1.0461434847738815,
        "sharpe_ratio_2019_1_5_bps": 2.1518547106409236,
        "annual_return_2019_2020_2_0_bps": 0.0781627181116209,
        "annual_volatility_2019_2020_2_0_bps": 0.03646094043311619,
        "sharpe_ratio_2019_2020_2_0_bps": 2.0825537742518954,
        "downside_risk_2019_2020_2_0_bps": 0.024325494063537796,
        "sortino_ratio_2019_2020_2_0_bps": 3.1214933975617036,
        "max_drawdown_2019_2020_2_0_bps": 0.025083733106809284,
        "calmar_ratio_2019_2020_2_0_bps": 3.1160719889178967,
        "perc_pos_return_2019_2020_2_0_bps": 0.573076923076923,
        "profit_loss_ratio_2019_2020_2_0_bps": 1.0446320204532769,
        "sharpe_ratio_2019_2_0_bps": 2.1429293591883267,
        "annual_return_2019_2020_2_5_bps": 0.07781095870210941,
        "annual_volatility_2019_2020_2_5_bps": 0.03646074012155295,
        "sharpe_ratio_2019_2020_2_5_bps": 2.0736127144954133,
        "downside_risk_2019_2020_2_5_bps": 0.02433637762209025,
        "sortino_ratio_2019_2020_2_5_bps": 3.1066847938510698,
        "max_drawdown_2019_2020_2_5_bps": 0.025118727719567923,
        "calmar_ratio_2019_2020_2_5_bps": 3.097726906028498,
        "perc_pos_return_2019_2020_2_5_bps": 0.573076923076923,
        "profit_loss_ratio_2019_2020_2_5_bps": 1.043122795407296,
        "sharpe_ratio_2019_2_5_bps": 2.1340038272665605,
        "annual_return_2019_2020_3_0_bps": 0.0774593134824908,
        "annual_volatility_2019_2020_3_0_bps": 0.036460542858083256,
        "sharpe_ratio_2019_2020_3_0_bps": 2.064671383889765,
        "downside_risk_2019_2020_3_0_bps": 0.024347265875031044,
        "sortino_ratio_2019_2020_3_0_bps": 3.0918888332908074,
        "max_drawdown_2019_2020_3_0_bps": 0.025153721146797675,
        "calmar_ratio_2019_2020_3_0_bps": 3.0794375524176534,
        "perc_pos_return_2019_2020_3_0_bps": 0.573076923076923,
        "profit_loss_ratio_2019_2020_3_0_bps": 1.0416158046633044,
        "sharpe_ratio_2019_3_0_bps": 2.125078116980142
    },
    "COMB": {
        "annual_return_2019_2020": 0.0795708983866823,
        "annual_volatility_2019_2020": 0.03646177215928858,
        "sharpe_ratio_2019_2020": 2.1183152600897683,
        "downside_risk_2019_2020": 0.024282006776068493,
        "sortino_ratio_2019_2020": 3.1808544115497033,
        "max_drawdown_2019_2020": 0.024943742799726054,
        "calmar_ratio_2019_2020": 3.1900143865962325,
        "perc_pos_return_2019_2020": 0.5769230769230769,
        "profit_loss_ratio_2019_2020": 1.0342803179321463,
        "sharpe_ratio_2019": 2.178629661140605,
        "annual_return_2019_2020_0_5_bps": 0.07921868184852832,
        "annual_volatility_2019_2020_0_5_bps": 0.0364615596558611,
        "sharpe_ratio_2019_2020_0_5_bps": 2.1093753060774407,
        "downside_risk_2019_2020_0_5_bps": 0.024292871576210066,
        "sortino_ratio_2019_2020_0_5_bps": 3.1659951487357993,
        "max_drawdown_2019_2020_0_5_bps": 0.02497874215497955,
        "calmar_ratio_2019_2020_0_5_bps": 3.1714439965399115,
        "perc_pos_return_2019_2020_0_5_bps": 0.5769230769230769,
        "profit_loss_ratio_2019_2020_0_5_bps": 1.0327874551778828,
        "sharpe_ratio_2019_0_5_bps": 2.1697048637212344,
        "annual_return_2019_2020_1_0_bps": 0.07886657964791621,
        "annual_volatility_2019_2020_1_0_bps": 0.03646135020032165,
        "sharpe_ratio_2019_2020_1_0_bps": 2.100435072277517,
        "downside_risk_2019_2020_1_0_bps": 0.024303741051881007,
        "sortino_ratio_2019_2020_1_0_bps": 3.1511485651473854,
        "max_drawdown_2019_2020_1_0_bps": 0.02501374032455311,
        "calmar_ratio_2019_2020_1_0_bps": 3.152930294495061,
        "perc_pos_return_2019_2020_1_0_bps": 0.5769230769230769,
        "profit_loss_ratio_2019_2020_1_0_bps": 1.0312967929249124,
        "sharpe_ratio_2019_1_0_bps": 2.160779879519974,
        "annual_return_2019_2020_1_5_bps": 0.07851459174792064,
        "annual_volatility_2019_2020_1_5_bps": 0.03646114379272276,
        "sharpe_ratio_2019_2020_1_5_bps": 2.0914945609241795,
        "downside_risk_2019_2020_1_5_bps": 0.02431461520567749,
        "sortino_ratio_2019_2020_1_5_bps": 3.1363146520101073,
        "max_drawdown_2019_2020_1_5_bps": 0.025048737308484014,
        "calmar_ratio_2019_2020_1_5_bps": 3.13447303873987,
        "perc_pos_return_2019_2020_1_5_bps": 0.573076923076923,
        "profit_loss_ratio_2019_2020_1_5_bps": 1.0461434847738815,
        "sharpe_ratio_2019_1_5_bps": 2.1518547106409236,
        "annual_return_2019_2020_2_0_bps": 0.0781627181116209,
        "annual_volatility_2019_2020_2_0_bps": 0.03646094043311619,
        "sharpe_ratio_2019_2020_2_0_bps": 2.0825537742518954,
        "downside_risk_2019_2020_2_0_bps": 0.024325494063537796,
        "sortino_ratio_2019_2020_2_0_bps": 3.1214933975617036,
        "max_drawdown_2019_2020_2_0_bps": 0.025083733106809284,
        "calmar_ratio_2019_2020_2_0_bps": 3.1160719889178967,
        "perc_pos_return_2019_2020_2_0_bps": 0.573076923076923,
        "profit_loss_ratio_2019_2020_2_0_bps": 1.0446320204532769,
        "sharpe_ratio_2019_2_0_bps": 2.1429293591883267,
        "annual_return_2019_2020_2_5_bps": 0.07781095870210941,
        "annual_volatility_2019_2020_2_5_bps": 0.03646074012155295,
        "sharpe_ratio_2019_2020_2_5_bps": 2.0736127144954133,
        "downside_risk_2019_2020_2_5_bps": 0.02433637762209025,
        "sortino_ratio_2019_2020_2_5_bps": 3.1066847938510698,
        "max_drawdown_2019_2020_2_5_bps": 0.025118727719567923,
        "calmar_ratio_2019_2020_2_5_bps": 3.097726906028498,
        "perc_pos_return_2019_2020_2_5_bps": 0.573076923076923,