{
    "ALL": {
        "performance_sw": 2.1400400269116058,
        "performance_fw": 2.1445299537425506,
        "val_loss": 2.769748825094134,
        "annual_return_2017_2018": 0.014269140995884833,
        "annual_volatility_2017_2018": 0.006630993058199963,
        "sharpe_ratio_2017_2018": 2.1400400269116053,
        "downside_risk_2017_2018": 0.00410191347823487,
        "sortino_ratio_2017_2018": 3.4595050914695045,
        "max_drawdown_2017_2018": 0.004677851073781245,
        "calmar_ratio_2017_2018": 3.0503623930786374,
        "perc_pos_return_2017_2018": 0.5697674418604651,
        "profit_loss_ratio_2017_2018": 1.0676822776157893,
        "sharpe_ratio_2017": 2.0929000861375577,
        "annual_return_2017_2018_0_5_bps": 0.00939877773178166,
        "annual_volatility_2017_2018_0_5_bps": 0.006631420208687771,
        "sharpe_ratio_2017_2018_0_5_bps": 1.4140196097823217,
        "downside_risk_2017_2018_0_5_bps": 0.00426792443946426,
        "sortino_ratio_2017_2018_0_5_bps": 2.197076904428126,
        "max_drawdown_2017_2018_0_5_bps": 0.005824298866633651,
        "calmar_ratio_2017_2018_0_5_bps": 1.613718311336245,
        "perc_pos_return_2017_2018_0_5_bps": 0.5658914728682171,
        "profit_loss_ratio_2017_2018_0_5_bps": 0.9648914310222256,
        "sharpe_ratio_2017_0_5_bps": 1.372513572778203,
        "annual_return_2017_2018_1_0_bps": 0.004551702731543816,
        "annual_volatility_2017_2018_1_0_bps": 0.006632767232219178,
        "sharpe_ratio_2017_2018_1_0_bps": 0.6879972881748279,
        "downside_risk_2017_2018_1_0_bps": 0.004437641579496321,
        "sortino_ratio_2017_2018_1_0_bps": 1.0283223165084003,
        "max_drawdown_2017_2018_1_0_bps": 0.006969448034962723,
        "calmar_ratio_2017_2018_1_0_bps": 0.6530937182844153,
        "perc_pos_return_2017_2018_1_0_bps": 0.5465116279069767,
        "profit_loss_ratio_2017_2018_1_0_bps": 0.9280141492827391,
        "sharpe_ratio_2017_1_0_bps": 0.6516574039529646,
        "annual_return_2017_2018_1_5_bps": -0.0002721948900124005,
        "annual_volatility_2017_2018_1_5_bps": 0.006635033568545059,
        "sharpe_ratio_2017_2018_1_5_bps": -0.03772497538740744,
        "downside_risk_2017_2018_1_5_bps": 0.004611014009545372,
        "sortino_ratio_2017_2018_1_5_bps": -0.05428447572482299,
        "max_drawdown_2017_2018_1_5_bps": 0.00811330002499675,
        "calmar_ratio_2017_2018_1_5_bps": -0.033549220314025,
        "perc_pos_return_2017_2018_1_5_bps": 0.5271317829457365,
        "profit_loss_ratio_2017_2018_1_5_bps": 0.8915557014575245,
        "sharpe_ratio_2017_1_5_bps": -0.06941068542676941,
        "annual_return_2017_2018_2_0_bps": -0.005073025492347227,
        "annual_volatility_2017_2018_2_0_bps": 0.006638218276085125,
        "sharpe_ratio_2017_2018_2_0_bps": -0.7628460852576937,
        "downside_risk_2017_2018_2_0_bps": 0.004787983138107458,
        "sortino_ratio_2017_2018_2_0_bps": -1.0576350582135159,
        "max_drawdown_2017_2018_2_0_bps": 0.009924732891405401,
        "calmar_ratio_2017_2018_2_0_bps": -0.5111498261822598,
        "perc_pos_return_2017_2018_2_0_bps": 0.49224806201550386,
        "profit_loss_ratio_2017_2018_2_0_bps": 0.9104435171541483,
        "sharpe_ratio_2017_2_0_bps": -0.7904325889945252,
        "annual_return_2017_2018_2_5_bps": -0.009850898911669015,
        "annual_volatility_2017_2018_2_5_bps": 0.006642320033880692,
        "sharpe_ratio_2017_2018_2_5_bps": -1.4870664348517404,
        "downside_risk_2017_2018_2_5_bps": 0.004968698328207301,
        "sortino_ratio_2017_2018_2_5_bps": -1.987959525707624,
        "max_drawdown_2017_2018_2_5_bps": 0.012211754565752115,
        "calmar_ratio_2017_2018_2_5_bps": -0.8066735094149269,
        "perc_pos_return_2017_2018_2_5_bps": 0.46511627906976744,
        "profit_loss_ratio_2017_2018_2_5_bps": 0.9011788858589348,
        "sharpe_ratio_2017_2_5_bps": -1.5111502906554586,
        "annual_return_2017_2018_3_0_bps": -0.014605924463409914,
        "annual_volatility_2017_2018_3_0_bps": 0.006647337144326775,
        "sharpe_ratio_2017_2018_3_0_bps": -2.210088521144924,
        "downside_risk_2017_2018_3_0_bps": 0.0051533111723724035,
        "sortino_ratio_2017_2018_3_0_bps": -2.850827948760092,
        "max_drawdown_2017_2018_3_0_bps": 0.01620232276357375,
        "calmar_ratio_2017_2018_3_0_bps": -0.9014710221825183,
        "perc_pos_return_2017_2018_3_0_bps": 0.44573643410852715,
        "profit_loss_ratio_2017_2018_3_0_bps": 0.8652768168537438,
        "sharpe_ratio_2017_3_0_bps": -2.2313063259227826
    },
    "COMB": {
        "annual_return_2017_2018": 0.014269140995884833,
        "annual_volatility_2017_2018": 0.006630993058199963,
        "sharpe_ratio_2017_2018": 2.1400400269116053,
        "downside_risk_2017_2018": 0.00410191347823487,
        "sortino_ratio_2017_2018": 3.4595050914695045,
        "max_drawdown_2017_2018": 0.004677851073781245,
        "calmar_ratio_2017_2018": 3.0503623930786374,
        "perc_pos_return_2017_2018": 0.5697674418604651,
        "profit_loss_ratio_2017_2018": 1.0676822776157893,
        "sharpe_ratio_2017": 2.0929000861375577,
        "annual_return_2017_2018_0_5_bps": 0.00939877773178166,
        "annual_volatility_2017_2018_0_5_bps": 0.006631420208687771,
        "sharpe_ratio_2017_2018_0_5_bps": 1.4140196097823217,
        "downside_risk_2017_2018_0_5_bps": 0.00426792443946426,
        "sortino_ratio_2017_2018_0_5_bps": 2.197076904428126,
        "max_drawdown_2017_2018_0_5_bps": 0.005824298866633651,
        "calmar_ratio_2017_2018_0_5_bps": 1.613718311336245,
        "perc_pos_return_2017_2018_0_5_bps": 0.5658914728682171,
        "profit_loss_ratio_2017_2018_0_5_bps": 0.9648914310222256,
        "sharpe_ratio_2017_0_5_bps": 1.372513572778203,
        "annual_return_2017_2018_1_0_bps": 0.004551702731543816,
        "annual_volatility_2017_2018_1_0_bps": 0.006632767232219178,
        "sharpe_ratio_2017_2018_1_0_bps": 0.6879972881748279,
        "downside_risk_2017_2018_1_0_bps": 0.004437641579496321,
        "sortino_ratio_2017_2018_1_0_bps": 1.0283223165084003,
        "max_drawdown_2017_2018_1_0_bps": 0.006969448034962723,
        "calmar_ratio_2017_2018_1_0_bps": 0.6530937182844153,
        "perc_pos_return_2017_2018_1_0_bps": 0.5465116279069767,
        "profit_loss_ratio_2017_2018_1_0_bps": 0.9280141492827391,
        "sharpe_ratio_2017_1_0_bps": 0.6516574039529646,
        "annual_return_2017_2018_1_5_bps": -0.0002721948900124005,
        "annual_volatility_2017_2018_1_5_bps": 0.006635033568545059,
        "sharpe_ratio_2017_2018_1_5_bps": -0.03772497538740744,
        "downside_risk_2017_2018_1_5_bps": 0.004611014009545372,
        "sortino_ratio_2017_2018_1_5_bps": -0.05428447572482299,
        "max_drawdown_2017_2018_1_5_bps": 0.00811330002499675,
        "calmar_ratio_2017_2018_1_5_bps": -0.033549220314025,
        "perc_pos_return_2017_2018_1_5_bps": 0.5271317829457365,
        "profit_loss_ratio_2017_2018_1_5_bps": 0.8915557014575245,
        "sharpe_ratio_2017_1_5_bps": -0.06941068542676941,
        "annual_return_2017_2018_2_0_bps": -0.005073025492347227,
        "annual_volatility_2017_2018_2_0_bps": 0.006638218276085125,
        "sharpe_ratio_2017_2018_2_0_bps": -0.7628460852576937,
        "downside_risk_2017_2018_2_0_bps": 0.004787983138107458,
        "sortino_ratio_2017_2018_2_0_bps": -1.0576350582135159,
        "max_drawdown_2017_2018_2_0_bps": 0.009924732891405401,
        "calmar_ratio_2017_2018_2_0_bps": -0.5111498261822598,
        "perc_pos_return_2017_2018_2_0_bps": 0.49224806201550386,
        "profit_loss_ratio_2017_2018_2_0_bps": 0.9104435171541483,
        "sharpe_ratio_2017_2_0_bps": -0.7904325889945252,
        "annual_return_2017_2018_2_5_bps": -0.009850898911669015,
        "annual_volatility_2017_2018_2_5_bps": 0.006642320033880692,
        "sharpe_ratio_2017_2018_2_5_bps": -1.4870664348517404,
        "downside_risk_2017_2018_2_5_bps": 0.004968698328207301,