{
    "ALL": {
        "performance_sw": -0.05692578471435643,
        "performance_fw": -0.5292781747806315,
        "val_loss": 2.4174834842903707,
        "annual_return_2022_2023": -0.0066373618258114275,
        "annual_volatility_2022_2023": 0.06573578976770972,
        "sharpe_ratio_2022_2023": -0.06851019250873115,
        "downside_risk_2022_2023": 0.04745409996833804,
        "sortino_ratio_2022_2023": -0.0949037409771571,
        "max_drawdown_2022_2023": 0.04545539240573535,
        "calmar_ratio_2022_2023": -0.1460192394021431,
        "perc_pos_return_2022_2023": 0.5150684931506849,
        "profit_loss_ratio_2022_2023": 0.9310441966653397,
        "sharpe_ratio_2022": -0.0569257847143564,
        "annual_return_2022_2023_0_5_bps": -0.007459991239857855,
        "annual_volatility_2022_2023_0_5_bps": 0.0657374041042756,
        "sharpe_ratio_2022_2023_0_5_bps": -0.08110927496954373,
        "downside_risk_2022_2023_0_5_bps": 0.04747479477813431,
        "sortino_ratio_2022_2023_0_5_bps": -0.11231039986998421,
        "max_drawdown_2022_2023_0_5_bps": 0.045723946636916854,
        "calmar_ratio_2022_2023_0_5_bps": -0.16315282884690374,
        "perc_pos_return_2022_2023_0_5_bps": 0.5150684931506849,
        "profit_loss_ratio_2022_2023_0_5_bps": 0.9291352464437663,
        "sharpe_ratio_2022_0_5_bps": -0.0673944847646626,
        "annual_return_2022_2023_1_0_bps": -0.008281942025871958,
        "annual_volatility_2022_2023_1_0_bps": 0.06573902988432521,
        "sharpe_ratio_2022_2023_1_0_bps": -0.09370772233322734,
        "downside_risk_2022_2023_1_0_bps": 0.047495507618814735,
        "sortino_ratio_2022_2023_1_0_bps": -0.1297018406097796,
        "max_drawdown_2022_2023_1_0_bps": 0.045992426325857275,
        "calmar_ratio_2022_2023_1_0_bps": -0.18007186590231683,
        "perc_pos_return_2022_2023_1_0_bps": 0.5150684931506849,
        "profit_loss_ratio_2022_2023_1_0_bps": 0.9272300677330093,
        "sharpe_ratio_2022_1_0_bps": -0.07786265710659267,
        "annual_return_2022_2023_1_5_bps": -0.009103214741533971,
        "annual_volatility_2022_2023_1_5_bps": 0.06574066710700954,
        "sharpe_ratio_2022_2023_1_5_bps": -0.10630552806923609,
        "downside_risk_2022_2023_1_5_bps": 0.047516238466799754,
        "sortino_ratio_2022_2023_1_5_bps": -0.14707806337232557,
        "max_drawdown_2022_2023_1_5_bps": 0.04626083149296521,
        "calmar_ratio_2022_2023_1_5_bps": -0.19678017985730062,
        "perc_pos_return_2022_2023_1_5_bps": 0.5150684931506849,
        "profit_loss_ratio_2022_2023_1_5_bps": 0.9253286493670445,
        "sharpe_ratio_2022_1_5_bps": -0.08833029631385257,
        "annual_return_2022_2023_2_0_bps": -0.009923809944074047,
        "annual_volatility_2022_2023_2_0_bps": 0.0657423157714737,
        "sharpe_ratio_2022_2023_2_0_bps": -0.11890268564900117,
        "downside_risk_2022_2023_2_0_bps": 0.04753698729853045,
        "sortino_ratio_2022_2023_2_0_bps": -0.16443906840210215,
        "max_drawdown_2022_2023_2_0_bps": 0.04652916215864729,
        "calmar_ratio_2022_2023_2_0_bps": -0.21328150956678552,
        "perc_pos_return_2022_2023_2_0_bps": 0.5150684931506849,
        "profit_loss_ratio_2022_2023_2_0_bps": 0.9234309802238824,
        "sharpe_ratio_2022_2_0_bps": -0.09879739696179106,
        "annual_return_2022_2023_2_5_bps": -0.010743728190263813,
        "annual_volatility_2022_2023_2_5_bps": 0.06574397587685693,
        "sharpe_ratio_2022_2023_2_5_bps": -0.1314991885459519,
        "downside_risk_2022_2023_2_5_bps": 0.047557754090468606,
        "sortino_ratio_2022_2023_2_5_bps": -0.1817848560120291,
        "max_drawdown_2022_2023_2_5_bps": 0.04679741834330344,
        "calmar_ratio_2022_2023_2_5_bps": -0.22957950610540903,
        "perc_pos_return_2022_2023_2_5_bps": 0.5150684931506849,
        "profit_loss_ratio_2022_2023_2_5_bps": 0.9215370492253502,
        "sharpe_ratio_2022_2_5_bps": -0.10926395362741713,
        "annual_return_2022_2023_3_0_bps": -0.011562970036413933,
        "annual_volatility_2022_2023_3_0_bps": 0.06574564742229254,
        "sharpe_ratio_2022_2023_3_0_bps": -0.14409503023553033,
        "downside_risk_2022_2023_3_0_bps": 0.04757853881909671,
        "sortino_ratio_2022_2023_3_0_bps": -0.19911542658319956,
        "max_drawdown_2022_2023_3_0_bps": 0.04706560006732583,
        "calmar_ratio_2022_2023_3_0_bps": -0.24567773532842405,
        "perc_pos_return_2022_2023_3_0_bps": 0.5150684931506849,
        "profit_loss_ratio_2022_2023_3_0_bps": 0.919646845336878,
        "sharpe_ratio_2022_3_0_bps": -0.11972996088941214
    },
    "COMB": {
        "annual_return_2022_2023": -0.0066373618258114275,
        "annual_volatility_2022_2023": 0.06573578976770972,
        "sharpe_ratio_2022_2023": -0.06851019250873115,
        "downside_risk_2022_2023": 0.04745409996833804,
        "sortino_ratio_2022_2023": -0.0949037409771571,
        "max_drawdown_2022_2023": 0.04545539240573535,
        "calmar_ratio_2022_2023": -0.1460192394021431,
        "perc_pos_return_2022_2023": 0.5150684931506849,
        "profit_loss_ratio_2022_2023": 0.9310441966653397,
        "sharpe_ratio_2022": -0.0569257847143564,
        "annual_return_2022_2023_0_5_bps": -0.007459991239857855,
        "annual_volatility_2022_2023_0_5_bps": 0.0657374041042756,
        "sharpe_ratio_2022_2023_0_5_bps": -0.08110927496954373,
        "downside_risk_2022_2023_0_5_bps": 0.04747479477813431,
        "sortino_ratio_2022_2023_0_5_bps": -0.11231039986998421,
        "max_drawdown_2022_2023_0_5_bps": 0.045723946636916854,
        "calmar_ratio_2022_2023_0_5_bps": -0.16315282884690374,
        "perc_pos_return_2022_2023_0_5_bps": 0.5150684931506849,
        "profit_loss_ratio_2022_2023_0_5_bps": 0.9291352464437663,
        "sharpe_ratio_2022_0_5_bps": -0.0673944847646626,
        "annual_return_2022_2023_1_0_bps": -0.008281942025871958,
        "annual_volatility_2022_2023_1_0_bps": 0.06573902988432521,
        "sharpe_ratio_2022_2023_1_0_bps": -0.09370772233322734,
        "downside_risk_2022_2023_1_0_bps": 0.047495507618814735,
        "sortino_ratio_2022_2023_1_0_bps": -0.1297018406097796,
        "max_drawdown_2022_2023_1_0_bps": 0.045992426325857275,
        "calmar_ratio_2022_2023_1_0_bps": -0.18007186590231683,
        "perc_pos_return_2022_2023_1_0_bps": 0.5150684931506849,
        "profit_loss_ratio_2022_2023_1_0_bps": 0.9272300677330093,
        "sharpe_ratio_2022_1_0_bps": -0.07786265710659267,
        "annual_return_2022_2023_1_5_bps": -0.009103214741533971,
        "annual_volatility_2022_2023_1_5_bps": 0.06574066710700954,
        "sharpe_ratio_2022_2023_1_5_bps": -0.10630552806923609,
        "downside_risk_2022_2023_1_5_bps": 0.047516238466799754,
        "sortino_ratio_2022_2023_1_5_bps": -0.14707806337232557,
        "max_drawdown_2022_2023_1_5_bps": 0.04626083149296521,
        "calmar_ratio_2022_2023_1_5_bps": -0.19678017985730062,
        "perc_pos_return_2022_2023_1_5_bps": 0.5150684931506849,
        "profit_loss_ratio_2022_2023_1_5_bps": 0.9253286493670445,
        "sharpe_ratio_2022_1_5_bps": -0.08833029631385257,
        "annual_return_2022_2023_2_0_bps": -0.009923809944074047,
        "annual_volatility_2022_2023_2_0_bps": 0.0657423157714737,
        "sharpe_ratio_2022_2023_2_0_bps": -0.11890268564900117,
        "downside_risk_2022_2023_2_0_bps": 0.04753698729853045,
        "sortino_ratio_2022_2023_2_0_bps": -0.16443906840210215,
        "max_drawdown_2022_2023_2_0_bps": 0.04652916215864729,
        "calmar_ratio_2022_2023_2_0_bps": -0.21328150956678552,
        "perc_pos_return_2022_2023_2_0_bps": 0.5150684931506849,
        "profit_loss_ratio_2022_2023_2_0_bps": 0.9234309802238824,
        "sharpe_ratio_2022_2_0_bps": -0.09879739696179106,
        "annual_return_2022_2023_2_5_bps": -0.010743728190263813,
        "annual_volatility_2022_2023_2_5_bps": 0.06574397587685693,
        "sharpe_ratio_2022_2023_2_5_bps": -0.1314991885459519,