{
    "ALL": {
        "annual_return": 0.016701574251000804,
        "annual_volatility": 0.011839492045448003,
        "sharpe_ratio": 1.7544535674236215,
        "downside_risk": 0.0079507250082304,
        "sortino_ratio": 2.9342729815346003,
        "max_drawdown": 0.011244541676272,
        "calmar_ratio": 3.5369818316324837,
        "perc_pos_return": 0.5635702889191256,
        "profit_loss_ratio": 1.0733825941489727,
        "annual_return_0_5_bps": 0.011966709848163202,
        "annual_volatility_0_5_bps": 0.011836646300269602,
        "sharpe_ratio_0_5_bps": 1.2882745401729543,
        "downside_risk_0_5_bps": 0.0080836135245548,
        "sortino_ratio_0_5_bps": 2.1129238585132093,
        "max_drawdown_0_5_bps": 0.011699543399371001,
        "calmar_ratio_0_5_bps": 2.505017304025963,
        "perc_pos_return_0_5_bps": 0.5450700253025831,
        "profit_loss_ratio_0_5_bps": 1.0616939786547317,
        "annual_return_1_0_bps": 0.007254313126297601,
        "annual_volatility_1_0_bps": 0.0118345754988158,
        "sharpe_ratio_1_0_bps": 0.8217805688160281,
        "downside_risk_1_0_bps": 0.008220030802778801,
        "sortino_ratio_1_0_bps": 1.3374744976483925,
        "max_drawdown_1_0_bps": 0.012275684724946001,
        "calmar_ratio_1_0_bps": 1.5357243175164892,
        "perc_pos_return_1_0_bps": 0.5311761902459573,
        "profit_loss_ratio_1_0_bps": 1.0318728173330656,
        "annual_return_1_5_bps": 0.0025642757339598005,
        "annual_volatility_1_5_bps": 0.011833280180477402,
        "sharpe_ratio_1_5_bps": 0.35509801482910985,
        "downside_risk_1_5_bps": 0.008359929457722801,
        "sortino_ratio_1_5_bps": 0.6051267703321057,
        "max_drawdown_1_5_bps": 0.013309719735445,
        "calmar_ratio_1_5_bps": 0.6949239618907415,
        "perc_pos_return_1_5_bps": 0.5149955449955443,
        "profit_loss_ratio_1_5_bps": 1.0074494295626928,
        "annual_return_2_0_bps": -0.0021035101505168003,
        "annual_volatility_2_0_bps": 0.011832760685085203,
        "sharpe_ratio_2_0_bps": -0.1116464558717464,
        "downside_risk_2_0_bps": 0.0085033091117208,
        "sortino_ratio_2_0_bps": -0.08678272838316559,
        "max_drawdown_2_0_bps": 0.014529937252369401,
        "calmar_ratio_2_0_bps": 0.15015697323169136,
        "perc_pos_return_2_0_bps": 0.4995900935435814,
        "profit_loss_ratio_2_0_bps": 0.9847177711985271,
        "annual_return_2_5_bps": -0.0067491518216338,
        "annual_volatility_2_5_bps": 0.011833017152395,
        "sharpe_ratio_2_5_bps": -0.5783260798755332,
        "downside_risk_2_5_bps": 0.008650169745813,
        "sortino_ratio_2_5_bps": -0.7407816548557458,
        "max_drawdown_2_5_bps": 0.016046272158677998,
        "calmar_ratio_2_5_bps": -0.22550408202017622,
        "perc_pos_return_2_5_bps": 0.48261339540409287,
        "profit_loss_ratio_2_5_bps": 0.9669127081234047,
        "annual_return_3_0_bps": -0.0113727560493422,
        "annual_volatility_3_0_bps": 0.0118340495218826,
        "sharpe_ratio_3_0_bps": -1.0448142036114878,
        "downside_risk_3_0_bps": 0.0088005288984348,
        "sortino_ratio_3_0_bps": -1.3592123489502648,
        "max_drawdown_3_0_bps": 0.0185051709929922,
        "calmar_ratio_3_0_bps": -0.4551167395414108,
        "perc_pos_return_3_0_bps": 0.464864496492403,
        "profit_loss_ratio_3_0_bps": 0.9538056655938535,
        "annual_return_rescaled": 0.22645515754913642,
        "annual_volatility_rescaled": 0.15000000000000813,
        "downside_risk_rescaled": 0.10073141201130598,
        "max_drawdown_rescaled": 0.12860890144049258,
        "annual_return_rescaled_0_5_bps": 0.15635778111755577,
        "annual_volatility_rescaled_0_5_bps": 0.15000000000000596,
        "downside_risk_rescaled_0_5_bps": 0.1024396605190157,
        "max_drawdown_rescaled_0_5_bps": 0.13340836691419067,
        "annual_return_rescaled_1_0_bps": 0.09031238738153098,
        "annual_volatility_rescaled_1_0_bps": 0.1500000000000044,
        "downside_risk_rescaled_1_0_bps": 0.10418663690473944,
        "max_drawdown_rescaled_1_0_bps": 0.13992818259518094,
        "annual_return_rescaled_1_5_bps": 0.028094417733777344,
        "annual_volatility_rescaled_1_5_bps": 0.15000000000000907,
        "downside_risk_rescaled_1_5_bps": 0.10597141278944096,
        "max_drawdown_rescaled_1_5_bps": 0.15169998701584503,
        "annual_return_rescaled_2_0_bps": -0.03050953566425474,
        "annual_volatility_rescaled_2_0_bps": 0.1500000000000048,
        "downside_risk_rescaled_2_0_bps": 0.10779364179704154,
        "max_drawdown_rescaled_2_0_bps": 0.1652564376302158,
        "annual_return_rescaled_2_5_bps": -0.08570215989436125,
        "annual_volatility_rescaled_2_5_bps": 0.15000000000000524,
        "downside_risk_rescaled_2_5_bps": 0.10965296890568639,
        "max_drawdown_rescaled_2_5_bps": 0.18338228504150092,
        "annual_return_rescaled_3_0_bps": -0.13767584524261361,
        "annual_volatility_rescaled_3_0_bps": 0.15000000000000896,
        "downside_risk_rescaled_3_0_bps": 0.11154924882849906,
        "max_drawdown_rescaled_3_0_bps": 0.20989517233081928,
        "sharpe_ratio_years": 1.7700967815795867,
        "sharpe_ratio_years_0_5_bps": 1.3108923435461362,
        "sharpe_ratio_years_1_0_bps": 0.8513564533884379,
        "sharpe_ratio_years_1_5_bps": 0.3915943336515082,
        "sharpe_ratio_years_2_0_bps": -0.068288486347907,
        "sharpe_ratio_years_2_5_bps": -0.5281863134888888,
        "sharpe_ratio_years_3_0_bps": -0.9879934343700061,
        "sharpe_ratio_years_std": 0.9760677452537759,
        "sharpe_ratio_years_std_0_5_bps": 0.8417421871951051,
        "sharpe_ratio_years_std_1_0_bps": 0.7383184020303439,
        "sharpe_ratio_years_std_1_5_bps": 0.6802629754083925,
        "sharpe_ratio_years_std_2_0_bps": 0.6794290698287221,
        "sharpe_ratio_years_std_2_5_bps": 0.7360304134562413,
        "sharpe_ratio_years_std_3_0_bps": 0.8384520126760505
    },
    "COMB": {
        "annual_return": 0.016701574251000804,
        "annual_volatility": 0.011839492045448003,
        "sharpe_ratio": 1.7544535674236215,
        "downside_risk": 0.0079507250082304,
        "sortino_ratio": 2.9342729815346003,
        "max_drawdown": 0.011244541676272,
        "calmar_ratio": 3.5369818316324837,
        "perc_pos_return": 0.5635702889191256,
        "profit_loss_ratio": 1.0733825941489727,
        "annual_return_0_5_bps": 0.011966709848163202,
        "annual_volatility_0_5_bps": 0.011836646300269602,
        "sharpe_ratio_0_5_bps": 1.2882745401729543,
        "downside_risk_0_5_bps": 0.0080836135245548,
        "sortino_ratio_0_5_bps": 2.1129238585132093,
        "max_drawdown_0_5_bps": 0.011699543399371001,
        "calmar_ratio_0_5_bps": 2.505017304025963,
        "perc_pos_return_0_5_bps": 0.5450700253025831,
        "profit_loss_ratio_0_5_bps": 1.0616939786547317,
        "annual_return_1_0_bps": 0.007254313126297601,
        "annual_volatility_1_0_bps": 0.0118345754988158,
        "sharpe_ratio_1_0_bps": 0.8217805688160281,
        "downside_risk_1_0_bps": 0.008220030802778801,
        "sortino_ratio_1_0_bps": 1.3374744976483925,
        "max_drawdown_1_0_bps": 0.012275684724946001,
        "calmar_ratio_1_0_bps": 1.5357243175164892,
        "perc_pos_return_1_0_bps": 0.5311761902459573,
        "profit_loss_ratio_1_0_bps": 1.0318728173330656,
        "annual_return_1_5_bps": 0.0025642757339598005,
        "annual_volatility_1_5_bps": 0.011833280180477402,
        "sharpe_ratio_1_5_bps": 0.35509801482910985,
        "downside_risk_1_5_bps": 0.008359929457722801,
        "sortino_ratio_1_5_bps": 0.6051267703321057,
        "max_drawdown_1_5_bps": 0.013309719735445,
        "calmar_ratio_1_5_bps": 0.6949239618907415,
        "perc_pos_return_1_5_bps": 0.5149955449955443,
        "profit_loss_ratio_1_5_bps": 1.0074494295626928,
        "annual_return_2_0_bps": -0.0021035101505168003,
        "annual_volatility_2_0_bps": 0.011832760685085203,