{
    "ALL": {
        "performance_sw": 1.1601859033348134,
        "performance_fw": 1.2095222276515492,
        "val_loss": 5.3096684875361,
        "annual_return_2022_2023": 0.0645428019358707,
        "annual_volatility_2022_2023": 0.04553913888050716,
        "sharpe_ratio_2022_2023": 1.3962839508005693,
        "downside_risk_2022_2023": 0.032456930141339685,
        "sortino_ratio_2022_2023": 1.959075256816812,
        "max_drawdown_2022_2023": 0.026213985372823618,
        "calmar_ratio_2022_2023": 2.462151443892353,
        "perc_pos_return_2022_2023": 0.6,
        "profit_loss_ratio_2022_2023": 0.8561821392325107,
        "sharpe_ratio_2022": 1.1549929251432332,
        "annual_return_2022_2023_0_5_bps": 0.0637036189561051,
        "annual_volatility_2022_2023_0_5_bps": 0.045538831074437,
        "sharpe_ratio_2022_2023_0_5_bps": 1.3789727814872628,
        "downside_risk_2022_2023_0_5_bps": 0.032472110524899726,
        "sortino_ratio_2022_2023_0_5_bps": 1.9338690198237096,
        "max_drawdown_2022_2023_0_5_bps": 0.026224914540743275,
        "calmar_ratio_2022_2023_0_5_bps": 2.429125893132447,
        "perc_pos_return_2022_2023_0_5_bps": 0.5945205479452055,
        "profit_loss_ratio_2022_2023_0_5_bps": 0.8732392628790839,
        "sharpe_ratio_2022_0_5_bps": 1.140612513957123,
        "annual_return_2022_2023_1_0_bps": 0.06286509541832697,
        "annual_volatility_2022_2023_1_0_bps": 0.045538529028196655,
        "sharpe_ratio_2022_2023_1_0_bps": 1.3616612059266415,
        "downside_risk_2022_2023_1_0_bps": 0.03248730735689508,
        "sortino_ratio_2022_2023_1_0_bps": 1.908685372766023,
        "max_drawdown_2022_2023_1_0_bps": 0.02623584360411873,
        "calmar_ratio_2022_2023_1_0_bps": 2.3961530022407156,
        "perc_pos_return_2022_2023_1_0_bps": 0.5945205479452055,
        "profit_loss_ratio_2022_2023_1_0_bps": 0.8705744355287934,
        "sharpe_ratio_2022_1_0_bps": 1.1262317609999457,
        "annual_return_2022_2023_1_5_bps": 0.06202723080598149,
        "annual_volatility_2022_2023_1_5_bps": 0.04553823274190074,
        "sharpe_ratio_2022_2023_1_5_bps": 1.3443492306761182,
        "downside_risk_2022_2023_1_5_bps": 0.032502520662991766,
        "sortino_ratio_2022_2023_1_5_bps": 1.883524320703846,
        "max_drawdown_2022_2023_1_5_bps": 0.02624677256295074,
        "calmar_ratio_2022_2023_1_5_bps": 2.363232685360238,
        "perc_pos_return_2022_2023_1_5_bps": 0.5917808219178082,
        "profit_loss_ratio_2022_2023_1_5_bps": 0.8778256819508022,
        "sharpe_ratio_2022_1_5_bps": 1.1118506717043164,
        "annual_return_2022_2023_2_0_bps": 0.0611900246029069,
        "annual_volatility_2022_2023_2_0_bps": 0.04553794221566167,
        "sharpe_ratio_2022_2023_2_0_bps": 1.327036862293819,
        "downside_risk_2022_2023_2_0_bps": 0.0325177505606277,
        "sortino_ratio_2022_2023_2_0_bps": 1.8583858634538462,
        "max_drawdown_2022_2023_2_0_bps": 0.026257701417240126,
        "calmar_ratio_2022_2023_2_0_bps": 2.3303648567932576,
        "perc_pos_return_2022_2023_2_0_bps": 0.589041095890411,
        "profit_loss_ratio_2022_2023_2_0_bps": 0.8851135407838284,
        "sharpe_ratio_2022_2_0_bps": 1.0974692515034512,
        "annual_return_2022_2023_2_5_bps": 0.06035347629334997,
        "annual_volatility_2022_2023_2_5_bps": 0.045537657449589694,
        "sharpe_ratio_2022_2023_2_5_bps": 1.309724107338572,
        "downside_risk_2022_2023_2_5_bps": 0.032532997186151984,
        "sortino_ratio_2022_2023_2_5_bps": 1.8332700000613742,
        "max_drawdown_2022_2023_2_5_bps": 0.026268630166988664,
        "calmar_ratio_2022_2023_2_5_bps": 2.2975494310013604,
        "perc_pos_return_2022_2023_2_5_bps": 0.5863013698630137,
        "profit_loss_ratio_2022_2023_2_5_bps": 0.8924388562132999,
        "sharpe_ratio_2022_2_5_bps": 1.0830875058311584,
        "annual_return_2022_2023_3_0_bps": 0.05951758536196716,
        "annual_volatility_2022_2023_3_0_bps": 0.04553737844379288,
        "sharpe_ratio_2022_2023_3_0_bps": 1.2924109723698936,
        "downside_risk_2022_2023_3_0_bps": 0.0325482608833253,
        "sortino_ratio_2022_2023_3_0_bps": 1.8081767184024566,
        "max_drawdown_2022_2023_3_0_bps": 0.026279558812195705,
        "calmar_ratio_2022_2023_3_0_bps": 2.2647863226054805,
        "perc_pos_return_2022_2023_3_0_bps": 0.5863013698630137,
        "profit_loss_ratio_2022_2023_3_0_bps": 0.8897059577295084,
        "sharpe_ratio_2022_3_0_bps": 1.0687054401218279
    },
    "COMB": {
        "annual_return_2022_2023": 0.0645428019358707,
        "annual_volatility_2022_2023": 0.04553913888050716,
        "sharpe_ratio_2022_2023": 1.3962839508005693,
        "downside_risk_2022_2023": 0.032456930141339685,
        "sortino_ratio_2022_2023": 1.959075256816812,
        "max_drawdown_2022_2023": 0.026213985372823618,
        "calmar_ratio_2022_2023": 2.462151443892353,
        "perc_pos_return_2022_2023": 0.6,
        "profit_loss_ratio_2022_2023": 0.8561821392325107,
        "sharpe_ratio_2022": 1.1549929251432332,
        "annual_return_2022_2023_0_5_bps": 0.0637036189561051,
        "annual_volatility_2022_2023_0_5_bps": 0.045538831074437,
        "sharpe_ratio_2022_2023_0_5_bps": 1.3789727814872628,
        "downside_risk_2022_2023_0_5_bps": 0.032472110524899726,
        "sortino_ratio_2022_2023_0_5_bps": 1.9338690198237096,
        "max_drawdown_2022_2023_0_5_bps": 0.026224914540743275,
        "calmar_ratio_2022_2023_0_5_bps": 2.429125893132447,
        "perc_pos_return_2022_2023_0_5_bps": 0.5945205479452055,
        "profit_loss_ratio_2022_2023_0_5_bps": 0.8732392628790839,
        "sharpe_ratio_2022_0_5_bps": 1.140612513957123,
        "annual_return_2022_2023_1_0_bps": 0.06286509541832697,
        "annual_volatility_2022_2023_1_0_bps": 0.045538529028196655,
        "sharpe_ratio_2022_2023_1_0_bps": 1.3616612059266415,
        "downside_risk_2022_2023_1_0_bps": 0.03248730735689508,
        "sortino_ratio_2022_2023_1_0_bps": 1.908685372766023,
        "max_drawdown_2022_2023_1_0_bps": 0.02623584360411873,
        "calmar_ratio_2022_2023_1_0_bps": 2.3961530022407156,
        "perc_pos_return_2022_2023_1_0_bps": 0.5945205479452055,
        "profit_loss_ratio_2022_2023_1_0_bps": 0.8705744355287934,
        "sharpe_ratio_2022_1_0_bps": 1.1262317609999457,
        "annual_return_2022_2023_1_5_bps": 0.06202723080598149,
        "annual_volatility_2022_2023_1_5_bps": 0.04553823274190074,
        "sharpe_ratio_2022_2023_1_5_bps": 1.3443492306761182,
        "downside_risk_2022_2023_1_5_bps": 0.032502520662991766,
        "sortino_ratio_2022_2023_1_5_bps": 1.883524320703846,
        "max_drawdown_2022_2023_1_5_bps": 0.02624677256295074,
        "calmar_ratio_2022_2023_1_5_bps": 2.363232685360238,
        "perc_pos_return_2022_2023_1_5_bps": 0.5917808219178082,
        "profit_loss_ratio_2022_2023_1_5_bps": 0.8778256819508022,
        "sharpe_ratio_2022_1_5_bps": 1.1118506717043164,
        "annual_return_2022_2023_2_0_bps": 0.0611900246029069,
        "annual_volatility_2022_2023_2_0_bps": 0.04553794221566167,
        "sharpe_ratio_2022_2023_2_0_bps": 1.327036862293819,
        "downside_risk_2022_2023_2_0_bps": 0.0325177505606277,
        "sortino_ratio_2022_2023_2_0_bps": 1.8583858634538462,
        "max_drawdown_2022_2023_2_0_bps": 0.026257701417240126,
        "calmar_ratio_2022_2023_2_0_bps": 2.3303648567932576,
        "perc_pos_return_2022_2023_2_0_bps": 0.589041095890411,
        "profit_loss_ratio_2022_2023_2_0_bps": 0.8851135407838284,
        "sharpe_ratio_2022_2_0_bps": 1.0974692515034512,
        "annual_return_2022_2023_2_5_bps": 0.06035347629334997,
        "annual_volatility_2022_2023_2_5_bps": 0.045537657449589694,
        "sharpe_ratio_2022_2023_2_5_bps": 1.309724107338572,
        "downside_risk_2022_2023_2_5_bps": 0.032532997186151984,
        "sortino_ratio_2022_2023_2_5_bps": 1.8332700000613742,
        "max_drawdown_2022_2023_2_5_bps": 0.026268630166988664,