{
    "ALL": {
        "annual_return_2022_2023": 0.022422411074338955,
        "annual_volatility_2022_2023": 0.08595070821791666,
        "sharpe_ratio_2022_2023": 0.3006902328105571,
        "downside_risk_2022_2023": 0.05322740436656918,
        "sortino_ratio_2022_2023": 0.48554947910460106,
        "max_drawdown_2022_2023": 0.07018448679552283,
        "calmar_ratio_2022_2023": 0.3194781653054605,
        "perc_pos_return_2022_2023": 0.4575342465753425,
        "profit_loss_ratio_2022_2023": 1.245916127263269,
        "sharpe_ratio_2022": 0.24887630266613153,
        "annual_return_2022_2023_0_5_bps": 0.022306650111928228,
        "annual_volatility_2022_2023_0_5_bps": 0.08595054670362376,
        "sharpe_ratio_2022_2023_0_5_bps": 0.29937321324679717,
        "downside_risk_2022_2023_0_5_bps": 0.053230462194424136,
        "sortino_ratio_2022_2023_0_5_bps": 0.4833940996604403,
        "max_drawdown_2022_2023_0_5_bps": 0.07021186117299887,
        "calmar_ratio_2022_2023_0_5_bps": 0.3177048683692581,
        "perc_pos_return_2022_2023_0_5_bps": 0.4575342465753425,
        "profit_loss_ratio_2022_2023_0_5_bps": 1.2456445937548615,
        "sharpe_ratio_2022_0_5_bps": 0.24778254673901606,
        "annual_return_2022_2023_1_0_bps": 0.022190902191933315,
        "annual_volatility_2022_2023_1_0_bps": 0.08595038551362816,
        "sharpe_ratio_2022_2023_1_0_bps": 0.29805618760867425,
        "downside_risk_2022_2023_1_0_bps": 0.05323352046825811,
        "sortino_ratio_2022_2023_1_0_bps": 0.4812389638022017,
        "max_drawdown_2022_2023_1_0_bps": 0.07023923475197416,
        "calmar_ratio_2022_2023_1_0_bps": 0.3159331429263559,
        "perc_pos_return_2022_2023_1_0_bps": 0.4575342465753425,
        "profit_loss_ratio_2022_2023_1_0_bps": 1.2453731268531991,
        "sharpe_ratio_2022_1_0_bps": 0.2466887857848062,
        "annual_return_2022_2023_1_5_bps": 0.02207516731289849,
        "annual_volatility_2022_2023_1_5_bps": 0.0859502246479317,
        "sharpe_ratio_2022_2023_1_5_bps": 0.2967391559110566,
        "downside_risk_2022_2023_1_5_bps": 0.05323657918799427,
        "sortino_ratio_2022_2023_1_5_bps": 0.47908407154276167,
        "max_drawdown_2022_2023_1_5_bps": 0.07026660753247176,
        "calmar_ratio_2022_2023_1_5_bps": 0.3141629870589251,
        "perc_pos_return_2022_2023_1_5_bps": 0.4575342465753425,
        "profit_loss_ratio_2022_2023_1_5_bps": 1.2451017265337776,
        "sharpe_ratio_2022_1_5_bps": 0.24559501981581738,
        "annual_return_2022_2023_2_0_bps": 0.021959445473353156,
        "annual_volatility_2022_2023_2_0_bps": 0.08595006410653618,
        "sharpe_ratio_2022_2023_2_0_bps": 0.2954221181688111,
        "downside_risk_2022_2023_2_0_bps": 0.05323963835355573,
        "sortino_ratio_2022_2023_2_0_bps": 0.47692942289496576,
        "max_drawdown_2022_2023_2_0_bps": 0.0702939795145156,
        "calmar_ratio_2022_2023_2_0_bps": 0.3123943988520178,
        "perc_pos_return_2022_2023_2_0_bps": 0.4575342465753425,
        "profit_loss_ratio_2022_2023_2_0_bps": 1.2448303927721043,
        "sharpe_ratio_2022_2_0_bps": 0.24450124884436378,
        "annual_return_2022_2023_2_5_bps": 0.021843736671846692,
        "annual_volatility_2022_2023_2_5_bps": 0.08594990388944346,
        "sharpe_ratio_2022_2023_2_5_bps": 0.2941050743968063,
        "downside_risk_2022_2023_2_5_bps": 0.053242697964865665,
        "sortino_ratio_2022_2023_2_5_bps": 0.4747750178716342,
        "max_drawdown_2022_2023_2_5_bps": 0.07032135069812592,
        "calmar_ratio_2022_2023_2_5_bps": 0.3106273763940776,
        "perc_pos_return_2022_2023_2_5_bps": 0.4575342465753425,
        "profit_loss_ratio_2022_2023_2_5_bps": 1.2445591255436996,
        "sharpe_ratio_2022_2_5_bps": 0.24340747288276077,
        "annual_return_2022_2023_3_0_bps": 0.02172804090690561,
        "annual_volatility_2022_2023_3_0_bps": 0.08594974399665528,
        "sharpe_ratio_2022_2023_3_0_bps": 0.2927880246099105,
        "downside_risk_2022_2023_3_0_bps": 0.05324575802184721,
        "sortino_ratio_2022_2023_3_0_bps": 0.47262085648555835,
        "max_drawdown_2022_2023_3_0_bps": 0.07034872108332776,
        "calmar_ratio_2022_2023_3_0_bps": 0.30886191777628536,
        "perc_pos_return_2022_2023_3_0_bps": 0.4575342465753425,
        "profit_loss_ratio_2022_2023_3_0_bps": 1.2442879248240923,
        "sharpe_ratio_2022_3_0_bps": 0.2423136919433241
    },
    "COMB": {
        "annual_return_2022_2023": 0.022422411074338955,
        "annual_volatility_2022_2023": 0.08595070821791666,
        "sharpe_ratio_2022_2023": 0.3006902328105571,
        "downside_risk_2022_2023": 0.05322740436656918,
        "sortino_ratio_2022_2023": 0.48554947910460106,
        "max_drawdown_2022_2023": 0.07018448679552283,
        "calmar_ratio_2022_2023": 0.3194781653054605,
        "perc_pos_return_2022_2023": 0.4575342465753425,
        "profit_loss_ratio_2022_2023": 1.245916127263269,
        "sharpe_ratio_2022": 0.24887630266613153,
        "annual_return_2022_2023_0_5_bps": 0.022306650111928228,
        "annual_volatility_2022_2023_0_5_bps": 0.08595054670362376,
        "sharpe_ratio_2022_2023_0_5_bps": 0.29937321324679717,
        "downside_risk_2022_2023_0_5_bps": 0.053230462194424136,
        "sortino_ratio_2022_2023_0_5_bps": 0.4833940996604403,
        "max_drawdown_2022_2023_0_5_bps": 0.07021186117299887,
        "calmar_ratio_2022_2023_0_5_bps": 0.3177048683692581,
        "perc_pos_return_2022_2023_0_5_bps": 0.4575342465753425,
        "profit_loss_ratio_2022_2023_0_5_bps": 1.2456445937548615,
        "sharpe_ratio_2022_0_5_bps": 0.24778254673901606,
        "annual_return_2022_2023_1_0_bps": 0.022190902191933315,
        "annual_volatility_2022_2023_1_0_bps": 0.08595038551362816,
        "sharpe_ratio_2022_2023_1_0_bps": 0.29805618760867425,
        "downside_risk_2022_2023_1_0_bps": 0.05323352046825811,
        "sortino_ratio_2022_2023_1_0_bps": 0.4812389638022017,
        "max_drawdown_2022_2023_1_0_bps": 0.07023923475197416,
        "calmar_ratio_2022_2023_1_0_bps": 0.3159331429263559,
        "perc_pos_return_2022_2023_1_0_bps": 0.4575342465753425,
        "profit_loss_ratio_2022_2023_1_0_bps": 1.2453731268531991,
        "sharpe_ratio_2022_1_0_bps": 0.2466887857848062,
        "annual_return_2022_2023_1_5_bps": 0.02207516731289849,
        "annual_volatility_2022_2023_1_5_bps": 0.0859502246479317,
        "sharpe_ratio_2022_2023_1_5_bps": 0.2967391559110566,
        "downside_risk_2022_2023_1_5_bps": 0.05323657918799427,
        "sortino_ratio_2022_2023_1_5_bps": 0.47908407154276167,
        "max_drawdown_2022_2023_1_5_bps": 0.07026660753247176,
        "calmar_ratio_2022_2023_1_5_bps": 0.3141629870589251,
        "perc_pos_return_2022_2023_1_5_bps": 0.4575342465753425,
        "profit_loss_ratio_2022_2023_1_5_bps": 1.2451017265337776,
        "sharpe_ratio_2022_1_5_bps": 0.24559501981581738,
        "annual_return_2022_2023_2_0_bps": 0.021959445473353156,
        "annual_volatility_2022_2023_2_0_bps": 0.08595006410653618,
        "sharpe_ratio_2022_2023_2_0_bps": 0.2954221181688111,
        "downside_risk_2022_2023_2_0_bps": 0.05323963835355573,
        "sortino_ratio_2022_2023_2_0_bps": 0.47692942289496576,
        "max_drawdown_2022_2023_2_0_bps": 0.0702939795145156,
        "calmar_ratio_2022_2023_2_0_bps": 0.3123943988520178,
        "perc_pos_return_2022_2023_2_0_bps": 0.4575342465753425,
        "profit_loss_ratio_2022_2023_2_0_bps": 1.2448303927721043,
        "sharpe_ratio_2022_2_0_bps": 0.24450124884436378,
        "annual_return_2022_2023_2_5_bps": 0.021843736671846692,
        "annual_volatility_2022_2023_2_5_bps": 0.08594990388944346,
        "sharpe_ratio_2022_2023_2_5_bps": 0.2941050743968063,
        "downside_risk_2022_2023_2_5_bps": 0.053242697964865665,
        "sortino_ratio_2022_2023_2_5_bps": 0.4747750178716342,
        "max_drawdown_2022_2023_2_5_bps": 0.07032135069812592,
        "calmar_ratio_2022_2023_2_5_bps": 0.3106273763940776,