{
    "ALL": {
        "performance_sw": 1.808406355066044,
        "performance_fw": 2.0199797924206995,
        "val_loss": 3.0991738521876377,
        "annual_return_2017_2018": 0.016170009255514595,
        "annual_volatility_2017_2018": 0.008892113879469848,
        "sharpe_ratio_2017_2018": 1.808406355066044,
        "downside_risk_2017_2018": 0.005597452442262773,
        "sortino_ratio_2017_2018": 2.8728346360194665,
        "max_drawdown_2017_2018": 0.0058923890576487135,
        "calmar_ratio_2017_2018": 2.7442195512403997,
        "perc_pos_return_2017_2018": 0.5310077519379846,
        "profit_loss_ratio_2017_2018": 1.188613041380277,
        "sharpe_ratio_2017": 2.046090671748808,
        "annual_return_2017_2018_0_5_bps": 0.010202565220833959,
        "annual_volatility_2017_2018_0_5_bps": 0.008893982584692366,
        "sharpe_ratio_2017_2018_0_5_bps": 1.14577129637378,
        "downside_risk_2017_2018_0_5_bps": 0.005798873730633693,
        "sortino_ratio_2017_2018_0_5_bps": 1.7573188224733416,
        "max_drawdown_2017_2018_0_5_bps": 0.006959080569841864,
        "calmar_ratio_2017_2018_0_5_bps": 1.4660794796726715,
        "perc_pos_return_2017_2018_0_5_bps": 0.5,
        "profit_loss_ratio_2017_2018_0_5_bps": 1.2062807740984247,
        "sharpe_ratio_2017_0_5_bps": 1.3903160080641583,
        "annual_return_2017_2018_1_0_bps": 0.004270019451552809,
        "annual_volatility_2017_2018_1_0_bps": 0.008896661861455704,
        "sharpe_ratio_2017_2018_1_0_bps": 0.48337058655724724,
        "downside_risk_2017_2018_1_0_bps": 0.006005801064401242,
        "sortino_ratio_2017_2018_1_0_bps": 0.7160384795066581,
        "max_drawdown_2017_2018_1_0_bps": 0.008409912213279884,
        "calmar_ratio_2017_2018_1_0_bps": 0.5077365070244285,
        "perc_pos_return_2017_2018_1_0_bps": 0.4806201550387597,
        "profit_loss_ratio_2017_2018_1_0_bps": 1.16921872967582,
        "sharpe_ratio_2017_1_0_bps": 0.7344123345694343,
        "annual_return_2017_2018_1_5_bps": -0.0016278312907718195,
        "annual_volatility_2017_2018_1_5_bps": 0.008900150977723273,
        "sharpe_ratio_2017_2018_1_5_bps": -0.17861501846666214,
        "downside_risk_2017_2018_1_5_bps": 0.006218132568075244,
        "sortino_ratio_2017_2018_1_5_bps": -0.25565563516671663,
        "max_drawdown_2017_2018_1_5_bps": 0.01033041469781989,
        "calmar_ratio_2017_2018_1_5_bps": -0.15757656767790298,
        "perc_pos_return_2017_2018_1_5_bps": 0.4689922480620155,
        "profit_loss_ratio_2017_2018_1_5_bps": 1.0998619434288532,
        "sharpe_ratio_2017_1_5_bps": 0.07854315523107533,
        "annual_return_2017_2018_2_0_bps": -0.0074911890659306035,
        "annual_volatility_2017_2018_2_0_bps": 0.008904448981513408,
        "sharpe_ratio_2017_2018_2_0_bps": -0.840005478203808,
        "downside_risk_2017_2018_2_0_bps": 0.006435573388278999,
        "sortino_ratio_2017_2018_2_0_bps": -1.1622563326649942,
        "max_drawdown_2017_2018_2_0_bps": 0.013104554735424934,
        "calmar_ratio_2017_2018_2_0_bps": -0.5716477375366307,
        "perc_pos_return_2017_2018_2_0_bps": 0.46511627906976744,
        "profit_loss_ratio_2017_2018_2_0_bps": 1.00368226171977,
        "sharpe_ratio_2017_2_0_bps": -0.5771281231678347,
        "annual_return_2017_2018_2_5_bps": -0.013320254761856942,
        "annual_volatility_2017_2018_2_5_bps": 0.008909554702194743,
        "sharpe_ratio_2017_2018_2_5_bps": -1.5006217106652429,
        "downside_risk_2017_2018_2_5_bps": 0.00665789787401631,
        "sortino_ratio_2017_2018_2_5_bps": -2.0081220035908713,
        "max_drawdown_2017_2018_2_5_bps": 0.0158709824239114,
        "calmar_ratio_2017_2018_2_5_bps": -0.8392835683434755,
        "perc_pos_return_2017_2018_2_5_bps": 0.4496124031007752,
        "profit_loss_ratio_2017_2018_2_5_bps": 0.9603910529127391,
        "sharpe_ratio_2017_2_5_bps": -1.2324383943977717,
        "annual_return_2017_2018_3_0_bps": -0.019115228101405868,
        "annual_volatility_2017_2018_3_0_bps": 0.00891546675207442,
        "sharpe_ratio_2017_2018_3_0_bps": -2.1602858322148037,
        "downside_risk_2017_2018_3_0_bps": 0.00688497470542723,
        "sortino_ratio_2017_2018_3_0_bps": -2.797389581824669,
        "max_drawdown_2017_2018_3_0_bps": 0.020380226364925303,
        "calmar_ratio_2017_2018_3_0_bps": -0.9379301171209502,
        "perc_pos_return_2017_2018_3_0_bps": 0.42248062015503873,
        "profit_loss_ratio_2017_2018_3_0_bps": 0.9645640870821265,
        "sharpe_ratio_2017_3_0_bps": -1.8872250552131697
    },
    "COMB": {
        "annual_return_2017_2018": 0.016170009255514595,
        "annual_volatility_2017_2018": 0.008892113879469848,
        "sharpe_ratio_2017_2018": 1.808406355066044,
        "downside_risk_2017_2018": 0.005597452442262773,
        "sortino_ratio_2017_2018": 2.8728346360194665,
        "max_drawdown_2017_2018": 0.0058923890576487135,
        "calmar_ratio_2017_2018": 2.7442195512403997,
        "perc_pos_return_2017_2018": 0.5310077519379846,
        "profit_loss_ratio_2017_2018": 1.188613041380277,
        "sharpe_ratio_2017": 2.046090671748808,
        "annual_return_2017_2018_0_5_bps": 0.010202565220833959,
        "annual_volatility_2017_2018_0_5_bps": 0.008893982584692366,
        "sharpe_ratio_2017_2018_0_5_bps": 1.14577129637378,
        "downside_risk_2017_2018_0_5_bps": 0.005798873730633693,
        "sortino_ratio_2017_2018_0_5_bps": 1.7573188224733416,
        "max_drawdown_2017_2018_0_5_bps": 0.006959080569841864,
        "calmar_ratio_2017_2018_0_5_bps": 1.4660794796726715,
        "perc_pos_return_2017_2018_0_5_bps": 0.5,
        "profit_loss_ratio_2017_2018_0_5_bps": 1.2062807740984247,
        "sharpe_ratio_2017_0_5_bps": 1.3903160080641583,
        "annual_return_2017_2018_1_0_bps": 0.004270019451552809,
        "annual_volatility_2017_2018_1_0_bps": 0.008896661861455704,
        "sharpe_ratio_2017_2018_1_0_bps": 0.48337058655724724,
        "downside_risk_2017_2018_1_0_bps": 0.006005801064401242,
        "sortino_ratio_2017_2018_1_0_bps": 0.7160384795066581,
        "max_drawdown_2017_2018_1_0_bps": 0.008409912213279884,
        "calmar_ratio_2017_2018_1_0_bps": 0.5077365070244285,
        "perc_pos_return_2017_2018_1_0_bps": 0.4806201550387597,
        "profit_loss_ratio_2017_2018_1_0_bps": 1.16921872967582,
        "sharpe_ratio_2017_1_0_bps": 0.7344123345694343,
        "annual_return_2017_2018_1_5_bps": -0.0016278312907718195,
        "annual_volatility_2017_2018_1_5_bps": 0.008900150977723273,
        "sharpe_ratio_2017_2018_1_5_bps": -0.17861501846666214,
        "downside_risk_2017_2018_1_5_bps": 0.006218132568075244,
        "sortino_ratio_2017_2018_1_5_bps": -0.25565563516671663,
        "max_drawdown_2017_2018_1_5_bps": 0.01033041469781989,
        "calmar_ratio_2017_2018_1_5_bps": -0.15757656767790298,
        "perc_pos_return_2017_2018_1_5_bps": 0.4689922480620155,
        "profit_loss_ratio_2017_2018_1_5_bps": 1.0998619434288532,
        "sharpe_ratio_2017_1_5_bps": 0.07854315523107533,
        "annual_return_2017_2018_2_0_bps": -0.0074911890659306035,
        "annual_volatility_2017_2018_2_0_bps": 0.008904448981513408,
        "sharpe_ratio_2017_2018_2_0_bps": -0.840005478203808,
        "downside_risk_2017_2018_2_0_bps": 0.006435573388278999,
        "sortino_ratio_2017_2018_2_0_bps": -1.1622563326649942,
        "max_drawdown_2017_2018_2_0_bps": 0.013104554735424934,
        "calmar_ratio_2017_2018_2_0_bps": -0.5716477375366307,
        "perc_pos_return_2017_2018_2_0_bps": 0.46511627906976744,
        "profit_loss_ratio_2017_2018_2_0_bps": 1.00368226171977,
        "sharpe_ratio_2017_2_0_bps": -0.5771281231678347,
        "annual_return_2017_2018_2_5_bps": -0.013320254761856942,
        "annual_volatility_2017_2018_2_5_bps": 0.008909554702194743,
        "sharpe_ratio_2017_2018_2_5_bps": -1.5006217106652429,
        "downside_risk_2017_2018_2_5_bps": 0.00665789787401631,
        "sortino_ratio_2017_2018_2_5_bps": -2.0081220035908713,