{
    "ALL": {
        "annual_return_2018_2019": -0.004247800554296188,
        "annual_volatility_2018_2019": 0.03526138539479911,
        "sharpe_ratio_2018_2019": -0.10315072310711047,
        "downside_risk_2018_2019": 0.02602516833759695,
        "sortino_ratio_2018_2019": -0.13975845819900193,
        "max_drawdown_2018_2019": 0.04864397194859731,
        "calmar_ratio_2018_2019": -0.08732429495652394,
        "perc_pos_return_2018_2019": 0.5461538461538461,
        "profit_loss_ratio_2018_2019": 0.8171554870936135,
        "sharpe_ratio_2018": -0.014846222469034763,
        "annual_return_2018_2019_0_5_bps": -0.005649624622449001,
        "annual_volatility_2018_2019_0_5_bps": 0.03526097297262707,
        "sharpe_ratio_2018_2019_0_5_bps": -0.1431048580562353,
        "downside_risk_2018_2019_0_5_bps": 0.026072705636158496,
        "sortino_ratio_2018_2019_0_5_bps": -0.19353635953970813,
        "max_drawdown_2018_2019_0_5_bps": 0.0498206084911049,
        "calmar_ratio_2018_2019_0_5_bps": -0.11339935005927716,
        "perc_pos_return_2018_2019_0_5_bps": 0.5461538461538461,
        "profit_loss_ratio_2018_2019_0_5_bps": 0.8118545452555799,
        "sharpe_ratio_2018_0_5_bps": -0.05397750762963296,
        "annual_return_2018_2019_1_0_bps": -0.007049486381219716,
        "annual_volatility_2018_2019_1_0_bps": 0.03526065697586016,
        "sharpe_ratio_2018_2019_1_0_bps": -0.18305942704164818,
        "downside_risk_2018_2019_1_0_bps": 0.026120352104618917,
        "sortino_ratio_2018_2019_1_0_bps": -0.24711748284479063,
        "max_drawdown_2018_2019_1_0_bps": 0.05099579914952846,
        "calmar_ratio_2018_2019_1_0_bps": -0.1382366096577761,
        "perc_pos_return_2018_2019_1_0_bps": 0.5423076923076923,
        "profit_loss_ratio_2018_2019_1_0_bps": 0.8191890453620246,
        "sharpe_ratio_2018_1_0_bps": -0.09311096036103404,
        "annual_return_2018_2019_1_5_bps": -0.00844738856188798,
        "annual_volatility_2018_2019_1_5_bps": 0.03526043740709082,
        "sharpe_ratio_2018_2019_1_5_bps": -0.22301410227180618,
        "downside_risk_2018_2019_1_5_bps": 0.02616810743475633,
        "sortino_ratio_2018_2019_1_5_bps": -0.30050223592437625,
        "max_drawdown_2018_2019_1_5_bps": 0.052169545689123166,
        "calmar_ratio_2018_2019_1_5_bps": -0.1619218348617741,
        "perc_pos_return_2018_2019_1_5_bps": 0.5423076923076923,
        "profit_loss_ratio_2018_2019_1_5_bps": 0.813868021879616,
        "sharpe_ratio_2018_1_5_bps": -0.13224623930315402,
        "annual_return_2018_2019_2_0_bps": -0.009843333891963457,
        "annual_volatility_2018_2019_2_0_bps": 0.03526031426812042,
        "sharpe_ratio_2018_2019_2_0_bps": -0.26296855593761415,
        "downside_risk_2018_2019_2_0_bps": 0.02621597106831233,
        "sortino_ratio_2018_2019_2_0_bps": -0.35369103440161037,
        "max_drawdown_2018_2019_2_0_bps": 0.05334184987301442,
        "calmar_ratio_2018_2019_2_0_bps": -0.18453304329333334,
        "perc_pos_return_2018_2019_2_0_bps": 0.5384615384615384,
        "profit_loss_ratio_2018_2019_2_0_bps": 0.8211969033143934,
        "sharpe_ratio_2018_2_0_bps": -0.17138300299319992,
        "annual_return_2018_2019_2_5_bps": -0.011237325095181827,
        "annual_volatility_2018_2019_2_5_bps": 0.03526028755995928,
        "sharpe_ratio_2018_2019_2_5_bps": -0.30292246022587244,
        "downside_risk_2018_2019_2_5_bps": 0.026263943649302873,
        "sortino_ratio_2018_2019_2_5_bps": -0.4066842816355989,
        "max_drawdown_2018_2019_2_5_bps": 0.05451271346218791,
        "calmar_ratio_2018_2019_2_5_bps": -0.20614136375685027,
        "perc_pos_return_2018_2019_2_5_bps": 0.5384615384615384,
        "profit_loss_ratio_2018_2019_2_5_bps": 0.8158566315553534,
        "sharpe_ratio_2018_2_5_bps": -0.2105209098805562,
        "annual_return_2018_2019_3_0_bps": -0.012629364891501016,
        "annual_volatility_2018_2019_3_0_bps": 0.0352603572828265,
        "sharpe_ratio_2018_2019_3_0_bps": -0.34287548733272405,
        "downside_risk_2018_2019_3_0_bps": 0.02631202530884996,
        "sortino_ratio_2018_2019_3_0_bps": -0.45948238666404373,
        "max_drawdown_2018_2019_3_0_bps": 0.055682138215489445,
        "calmar_ratio_2018_2019_3_0_bps": -0.22681178015516343,
        "perc_pos_return_2018_2019_3_0_bps": 0.5384615384615384,
        "profit_loss_ratio_2018_2019_3_0_bps": 0.810547508859222,
        "sharpe_ratio_2018_3_0_bps": -0.2496596183416756
    },
    "COMB": {
        "annual_return_2018_2019": -0.004247800554296188,
        "annual_volatility_2018_2019": 0.03526138539479911,
        "sharpe_ratio_2018_2019": -0.10315072310711047,
        "downside_risk_2018_2019": 0.02602516833759695,
        "sortino_ratio_2018_2019": -0.13975845819900193,
        "max_drawdown_2018_2019": 0.04864397194859731,
        "calmar_ratio_2018_2019": -0.08732429495652394,
        "perc_pos_return_2018_2019": 0.5461538461538461,
        "profit_loss_ratio_2018_2019": 0.8171554870936135,
        "sharpe_ratio_2018": -0.014846222469034763,
        "annual_return_2018_2019_0_5_bps": -0.005649624622449001,
        "annual_volatility_2018_2019_0_5_bps": 0.03526097297262707,
        "sharpe_ratio_2018_2019_0_5_bps": -0.1431048580562353,
        "downside_risk_2018_2019_0_5_bps": 0.026072705636158496,
        "sortino_ratio_2018_2019_0_5_bps": -0.19353635953970813,
        "max_drawdown_2018_2019_0_5_bps": 0.0498206084911049,
        "calmar_ratio_2018_2019_0_5_bps": -0.11339935005927716,
        "perc_pos_return_2018_2019_0_5_bps": 0.5461538461538461,
        "profit_loss_ratio_2018_2019_0_5_bps": 0.8118545452555799,
        "sharpe_ratio_2018_0_5_bps": -0.05397750762963296,
        "annual_return_2018_2019_1_0_bps": -0.007049486381219716,
        "annual_volatility_2018_2019_1_0_bps": 0.03526065697586016,
        "sharpe_ratio_2018_2019_1_0_bps": -0.18305942704164818,
        "downside_risk_2018_2019_1_0_bps": 0.026120352104618917,
        "sortino_ratio_2018_2019_1_0_bps": -0.24711748284479063,
        "max_drawdown_2018_2019_1_0_bps": 0.05099579914952846,
        "calmar_ratio_2018_2019_1_0_bps": -0.1382366096577761,
        "perc_pos_return_2018_2019_1_0_bps": 0.5423076923076923,
        "profit_loss_ratio_2018_2019_1_0_bps": 0.8191890453620246,
        "sharpe_ratio_2018_1_0_bps": -0.09311096036103404,
        "annual_return_2018_2019_1_5_bps": -0.00844738856188798,
        "annual_volatility_2018_2019_1_5_bps": 0.03526043740709082,
        "sharpe_ratio_2018_2019_1_5_bps": -0.22301410227180618,
        "downside_risk_2018_2019_1_5_bps": 0.02616810743475633,
        "sortino_ratio_2018_2019_1_5_bps": -0.30050223592437625,
        "max_drawdown_2018_2019_1_5_bps": 0.052169545689123166,
        "calmar_ratio_2018_2019_1_5_bps": -0.1619218348617741,
        "perc_pos_return_2018_2019_1_5_bps": 0.5423076923076923,
        "profit_loss_ratio_2018_2019_1_5_bps": 0.813868021879616,
        "sharpe_ratio_2018_1_5_bps": -0.13224623930315402,
        "annual_return_2018_2019_2_0_bps": -0.009843333891963457,
        "annual_volatility_2018_2019_2_0_bps": 0.03526031426812042,
        "sharpe_ratio_2018_2019_2_0_bps": -0.26296855593761415,
        "downside_risk_2018_2019_2_0_bps": 0.02621597106831233,
        "sortino_ratio_2018_2019_2_0_bps": -0.35369103440161037,
        "max_drawdown_2018_2019_2_0_bps": 0.05334184987301442,
        "calmar_ratio_2018_2019_2_0_bps": -0.18453304329333334,
        "perc_pos_return_2018_2019_2_0_bps": 0.5384615384615384,
        "profit_loss_ratio_2018_2019_2_0_bps": 0.8211969033143934,
        "sharpe_ratio_2018_2_0_bps": -0.17138300299319992,
        "annual_return_2018_2019_2_5_bps": -0.011237325095181827,
        "annual_volatility_2018_2019_2_5_bps": 0.03526028755995928,
        "sharpe_ratio_2018_2019_2_5_bps": -0.30292246022587244,
        "downside_risk_2018_2019_2_5_bps": 0.026263943649302873,
        "sortino_ratio_2018_2019_2_5_bps": -0.4066842816355989,
        "max_drawdown_2018_2019_2_5_bps": 0.05451271346218791,