{
    "ALL": {
        "annual_return": 0.020534633261947405,
        "annual_volatility": 0.011019110572670401,
        "sharpe_ratio": 1.8530865356115456,
        "downside_risk": 0.006984549977449001,
        "sortino_ratio": 3.0664877200495306,
        "max_drawdown": 0.0081561492899536,
        "calmar_ratio": 3.7251272377200473,
        "perc_pos_return": 0.5604903958392327,
        "profit_loss_ratio": 1.1124770704668063,
        "annual_return_0_5_bps": 0.01559310487636,
        "annual_volatility_0_5_bps": 0.011018621373877402,
        "sharpe_ratio_0_5_bps": 1.3984676203442206,
        "downside_risk_0_5_bps": 0.0071296869187318,
        "sortino_ratio_0_5_bps": 2.276315289970987,
        "max_drawdown_0_5_bps": 0.0087350273903238,
        "calmar_ratio_0_5_bps": 2.6472304851867694,
        "perc_pos_return_0_5_bps": 0.5458452421243112,
        "profit_loss_ratio_0_5_bps": 1.0840059435849614,
        "annual_return_1_0_bps": 0.0106770192266842,
        "annual_volatility_1_0_bps": 0.0110187942601656,
        "sharpe_ratio_1_0_bps": 0.9437749284120331,
        "downside_risk_1_0_bps": 0.007278445008164,
        "sortino_ratio_1_0_bps": 1.5232545093742593,
        "max_drawdown_1_0_bps": 0.009692861672710402,
        "calmar_ratio_1_0_bps": 1.706432890228624,
        "perc_pos_return_1_0_bps": 0.52965863384468,
        "profit_loss_ratio_1_0_bps": 1.0633815891726512,
        "annual_return_1_5_bps": 0.005786241255825801,
        "annual_volatility_1_5_bps": 0.011019629140855202,
        "sharpe_ratio_1_5_bps": 0.4891092377305283,
        "downside_risk_1_5_bps": 0.007430849900788401,
        "sortino_ratio_1_5_bps": 0.8057566581906344,
        "max_drawdown_1_5_bps": 0.0107943745623762,
        "calmar_ratio_1_5_bps": 0.9349490128335189,
        "perc_pos_return_1_5_bps": 0.5157827108989894,
        "profit_loss_ratio_1_5_bps": 1.0356715305784403,
        "annual_return_2_0_bps": 0.0009206366336714001,
        "annual_volatility_2_0_bps": 0.011021125775993602,
        "sharpe_ratio_2_0_bps": 0.03457118354707199,
        "downside_risk_2_0_bps": 0.007586870303271801,
        "sortino_ratio_2_0_bps": 0.12232130252909079,
        "max_drawdown_2_0_bps": 0.012076012375889601,
        "calmar_ratio_2_0_bps": 0.3331834037389506,
        "perc_pos_return_2_0_bps": 0.5073092463790134,
        "profit_loss_ratio_2_0_bps": 0.9888620097657095,
        "annual_return_2_5_bps": -0.0039199282468366,
        "annual_volatility_2_5_bps": 0.011023283776759001,
        "sharpe_ratio_2_5_bps": -0.4197388720660948,
        "downside_risk_2_5_bps": 0.0077464367651250005,
        "sortino_ratio_2_5_bps": -0.5285294304131578,
        "max_drawdown_2_5_bps": 0.013643520593691599,
        "calmar_ratio_2_5_bps": -0.12456491897903807,
        "perc_pos_return_2_5_bps": 0.494196545126777,
        "profit_loss_ratio_2_5_bps": 0.9578631482945662,
        "annual_return_3_0_bps": -0.0087355862736138,
        "annual_volatility_3_0_bps": 0.011026102606054602,
        "sharpe_ratio_3_0_bps": -0.873720969607457,
        "downside_risk_3_0_bps": 0.007909504261685602,
        "sortino_ratio_3_0_bps": -1.1482374482321176,
        "max_drawdown_3_0_bps": 0.016164493470240203,
        "calmar_ratio_3_0_bps": -0.4393539837834597,
        "perc_pos_return_3_0_bps": 0.4764476462150877,
        "profit_loss_ratio_3_0_bps": 0.9468419061169936,
        "annual_return_rescaled": 0.31490915552062965,
        "annual_volatility_rescaled": 0.15000000000000618,
        "downside_risk_rescaled": 0.09507868077990408,
        "max_drawdown_rescaled": 0.10592022998551613,
        "annual_return_rescaled_0_5_bps": 0.22923623958337025,
        "annual_volatility_rescaled_0_5_bps": 0.1500000000000046,
        "downside_risk_rescaled_0_5_bps": 0.09705869741066159,
        "max_drawdown_rescaled_0_5_bps": 0.11355620448182094,
        "annual_return_rescaled_1_0_bps": 0.1494154301732565,
        "annual_volatility_rescaled_1_0_bps": 0.1500000000000062,
        "downside_risk_rescaled_1_0_bps": 0.09908223399465504,
        "max_drawdown_rescaled_1_0_bps": 0.12524329837304135,
        "annual_return_rescaled_1_5_bps": 0.07505110949819453,
        "annual_volatility_rescaled_1_5_bps": 0.15000000000000682,
        "downside_risk_rescaled_1_5_bps": 0.10114927379777824,
        "max_drawdown_rescaled_1_5_bps": 0.13861154157891578,
        "annual_return_rescaled_2_0_bps": 0.005772888215506056,
        "annual_volatility_rescaled_2_0_bps": 0.1500000000000094,
        "downside_risk_rescaled_2_0_bps": 0.10325901079631364,
        "max_drawdown_rescaled_2_0_bps": 0.15376448431691905,
        "annual_return_rescaled_2_5_bps": -0.058765813970474555,
        "annual_volatility_rescaled_2_5_bps": 0.1500000000000056,
        "downside_risk_rescaled_2_5_bps": 0.10541010630776479,
        "max_drawdown_rescaled_2_5_bps": 0.1727780730969684,
        "annual_return_rescaled_3_0_bps": -0.1188891271791507,
        "annual_volatility_rescaled_3_0_bps": 0.15000000000000796,
        "downside_risk_rescaled_3_0_bps": 0.10760154169084268,
        "max_drawdown_rescaled_3_0_bps": 0.2015035952147918,
        "sharpe_ratio_years": 1.9289597582829892,
        "sharpe_ratio_years_0_5_bps": 1.476849445392036,
        "sharpe_ratio_years_1_0_bps": 1.0245204496115266,
        "sharpe_ratio_years_1_5_bps": 0.5720611923283399,
        "sharpe_ratio_years_2_0_bps": 0.11956024974094259,
        "sharpe_ratio_years_2_5_bps": -0.33289374776285285,
        "sharpe_ratio_years_3_0_bps": -0.7852122163978552,
        "sharpe_ratio_years_std": 0.7745881854986693,
        "sharpe_ratio_years_std_0_5_bps": 0.691227954045442,
        "sharpe_ratio_years_std_1_0_bps": 0.6301077442192518,
        "sharpe_ratio_years_std_1_5_bps": 0.5981915619226315,
        "sharpe_ratio_years_std_2_0_bps": 0.6002075350557727,
        "sharpe_ratio_years_std_2_5_bps": 0.6358285049055522,
        "sharpe_ratio_years_std_3_0_bps": 0.6998909059777637
    },
    "COMB": {
        "annual_return": 0.020534633261947405,
        "annual_volatility": 0.011019110572670401,
        "sharpe_ratio": 1.8530865356115456,
        "downside_risk": 0.006984549977449001,
        "sortino_ratio": 3.0664877200495306,
        "max_drawdown": 0.0081561492899536,
        "calmar_ratio": 3.7251272377200473,
        "perc_pos_return": 0.5604903958392327,
        "profit_loss_ratio": 1.1124770704668063,
        "annual_return_0_5_bps": 0.01559310487636,
        "annual_volatility_0_5_bps": 0.011018621373877402,
        "sharpe_ratio_0_5_bps": 1.3984676203442206,
        "downside_risk_0_5_bps": 0.0071296869187318,
        "sortino_ratio_0_5_bps": 2.276315289970987,
        "max_drawdown_0_5_bps": 0.0087350273903238,
        "calmar_ratio_0_5_bps": 2.6472304851867694,
        "perc_pos_return_0_5_bps": 0.5458452421243112,
        "profit_loss_ratio_0_5_bps": 1.0840059435849614,
        "annual_return_1_0_bps": 0.0106770192266842,
        "annual_volatility_1_0_bps": 0.0110187942601656,
        "sharpe_ratio_1_0_bps": 0.9437749284120331,
        "downside_risk_1_0_bps": 0.007278445008164,
        "sortino_ratio_1_0_bps": 1.5232545093742593,
        "max_drawdown_1_0_bps": 0.009692861672710402,
        "calmar_ratio_1_0_bps": 1.706432890228624,
        "perc_pos_return_1_0_bps": 0.52965863384468,
        "profit_loss_ratio_1_0_bps": 1.0633815891726512,
        "annual_return_1_5_bps": 0.005786241255825801,
        "annual_volatility_1_5_bps": 0.011019629140855202,
        "sharpe_ratio_1_5_bps": 0.4891092377305283,
        "downside_risk_1_5_bps": 0.007430849900788401,
        "sortino_ratio_1_5_bps": 0.8057566581906344,
        "max_drawdown_1_5_bps": 0.0107943745623762,
        "calmar_ratio_1_5_bps": 0.9349490128335189,
        "perc_pos_return_1_5_bps": 0.5157827108989894,
        "profit_loss_ratio_1_5_bps": 1.0356715305784403,
        "annual_return_2_0_bps": 0.0009206366336714001,
        "annual_volatility_2_0_bps": 0.011021125775993602,