{
    "ALL": {
        "annual_return": 0.0204812851061276,
        "annual_volatility": 0.0093781660494172,
        "sharpe_ratio": 2.3628265943801314,
        "downside_risk": 0.0059281549299824,
        "sortino_ratio": 4.258400574525718,
        "max_drawdown": 0.0068866549841452,
        "calmar_ratio": 5.2461062197724555,
        "perc_pos_return": 0.5797717932601649,
        "profit_loss_ratio": 1.1151841307386834,
        "annual_return_0_5_bps": 0.0159532445630784,
        "annual_volatility_0_5_bps": 0.009377531166553802,
        "sharpe_ratio_0_5_bps": 1.8599954369848468,
        "downside_risk_0_5_bps": 0.0060639992946736,
        "sortino_ratio_0_5_bps": 3.306304812508794,
        "max_drawdown_0_5_bps": 0.007271716533290601,
        "calmar_ratio_0_5_bps": 4.12589263935473,
        "perc_pos_return_0_5_bps": 0.5604993288714216,
        "profit_loss_ratio_0_5_bps": 1.0964536205682733,
        "annual_return_1_0_bps": 0.011446014759597401,
        "annual_volatility_1_0_bps": 0.0093778284037834,
        "sharpe_ratio_1_0_bps": 1.356964091320549,
        "downside_risk_1_0_bps": 0.0062034572671914,
        "sortino_ratio_1_0_bps": 2.407725613869254,
        "max_drawdown_1_0_bps": 0.0080512151297804,
        "calmar_ratio_1_0_bps": 2.9229797369665,
        "perc_pos_return_1_0_bps": 0.5458153809316596,
        "profit_loss_ratio_1_0_bps": 1.0633130214519833,
        "annual_return_1_5_bps": 0.0069594961687262005,
        "annual_volatility_1_5_bps": 0.009379057812266,
        "sharpe_ratio_1_5_bps": 0.8539085596427245,
        "downside_risk_1_5_bps": 0.006346600028150401,
        "sortino_ratio_1_5_bps": 1.5596495058197983,
        "max_drawdown_1_5_bps": 0.009039345961068002,
        "calmar_ratio_1_5_bps": 1.9350576335749943,
        "perc_pos_return_1_5_bps": 0.5288446688446686,
        "profit_loss_ratio_1_5_bps": 1.0420526288432064,
        "annual_return_2_0_bps": 0.0024935897595394,
        "annual_volatility_2_0_bps": 0.009381219069693799,
        "sharpe_ratio_2_0_bps": 0.351004601538512,
        "downside_risk_2_0_bps": 0.0064934611813788,
        "sortino_ratio_2_0_bps": 0.7592298735482872,
        "max_drawdown_2_0_bps": 0.010064158189664602,
        "calmar_ratio_2_0_bps": 1.122540471463477,
        "perc_pos_return_2_0_bps": 0.5164922883527528,
        "profit_loss_ratio_2_0_bps": 1.001761643279806,
        "annual_return_2_5_bps": -0.0019518030054278004,
        "annual_volatility_2_5_bps": 0.0093843114813296,
        "sharpe_ratio_2_5_bps": -0.15157265388694646,
        "downside_risk_2_5_bps": 0.006643954439990801,
        "sortino_ratio_2_5_bps": 0.0037268664328339975,
        "max_drawdown_2_5_bps": 0.011669164504010602,
        "calmar_ratio_2_5_bps": 0.5072927060927035,
        "perc_pos_return_2_5_bps": 0.499503733224663,
        "profit_loss_ratio_2_5_bps": 0.9866286329000113,
        "annual_return_3_0_bps": -0.006376780172730601,
        "annual_volatility_3_0_bps": 0.009388333981905202,
        "sharpe_ratio_3_0_bps": -0.6536490908108348,
        "downside_risk_3_0_bps": 0.006797993609402202,
        "sortino_ratio_3_0_bps": -0.7095186429821647,
        "max_drawdown_3_0_bps": 0.013899091250997201,
        "calmar_ratio_3_0_bps": 0.0650801938360384,
        "perc_pos_return_3_0_bps": 0.4840595566176956,
        "profit_loss_ratio_3_0_bps": 0.9645079229701808,
        "annual_return_rescaled": 0.3813691388083972,
        "annual_volatility_rescaled": 0.15000000000000707,
        "downside_risk_rescaled": 0.09481845755468214,
        "max_drawdown_rescaled": 0.104828605527437,
        "annual_return_rescaled_0_5_bps": 0.2874461818281897,
        "annual_volatility_rescaled_0_5_bps": 0.15000000000000563,
        "downside_risk_rescaled_0_5_bps": 0.09699780017210739,
        "max_drawdown_rescaled_0_5_bps": 0.11060321806337256,
        "annual_return_rescaled_1_0_bps": 0.2000871841990918,
        "annual_volatility_rescaled_1_0_bps": 0.15000000000000652,
        "downside_risk_rescaled_1_0_bps": 0.09922538033468284,
        "max_drawdown_rescaled_1_0_bps": 0.12208164105737569,
        "annual_return_rescaled_1_5_bps": 0.11884096671690317,
        "annual_volatility_rescaled_1_5_bps": 0.1500000000000087,
        "downside_risk_rescaled_1_5_bps": 0.10150166714801608,
        "max_drawdown_rescaled_1_5_bps": 0.13592434960981808,
        "annual_return_rescaled_2_0_bps": 0.04328545075357935,
        "annual_volatility_rescaled_2_0_bps": 0.15000000000000513,
        "downside_risk_rescaled_2_0_bps": 0.10382650378067418,
        "max_drawdown_rescaled_2_0_bps": 0.1498982144896068,
        "annual_return_rescaled_2_5_bps": -0.026973969904269656,
        "annual_volatility_rescaled_2_5_bps": 0.1500000000000072,
        "downside_risk_rescaled_2_5_bps": 0.10619779277163163,
        "max_drawdown_rescaled_2_5_bps": 0.17207737225172332,
        "annual_return_rescaled_3_0_bps": -0.09230599385018694,
        "annual_volatility_rescaled_3_0_bps": 0.1500000000000091,
        "downside_risk_rescaled_3_0_bps": 0.10861341782000282,
        "max_drawdown_rescaled_3_0_bps": 0.20035816881730328,
        "sharpe_ratio_years": 2.3612716615173173,
        "sharpe_ratio_years_0_5_bps": 1.8618158413079304,
        "sharpe_ratio_years_1_0_bps": 1.3620019500132925,
        "sharpe_ratio_years_1_5_bps": 0.8619894979354236,
        "sharpe_ratio_years_2_0_bps": 0.361938207437667,
        "sharpe_ratio_years_2_5_bps": -0.13799230947539393,
        "sharpe_ratio_years_3_0_bps": -0.6376428721967067,
        "sharpe_ratio_years_std": 1.2468659658296095,
        "sharpe_ratio_years_std_0_5_bps": 1.1959247206335497,
        "sharpe_ratio_years_std_1_0_bps": 1.1664650201033138,
        "sharpe_ratio_years_std_1_5_bps": 1.1601116043113437,
        "sharpe_ratio_years_std_2_0_bps": 1.1771595225520635,
        "sharpe_ratio_years_std_2_5_bps": 1.2164852386241118,
        "sharpe_ratio_years_std_3_0_bps": 1.2758372892370862
    },
    "COMB": {
        "annual_return": 0.0204812851061276,
        "annual_volatility": 0.0093781660494172,
        "sharpe_ratio": 2.3628265943801314,
        "downside_risk": 0.0059281549299824,
        "sortino_ratio": 4.258400574525718,
        "max_drawdown": 0.0068866549841452,
        "calmar_ratio": 5.2461062197724555,
        "perc_pos_return": 0.5797717932601649,
        "profit_loss_ratio": 1.1151841307386834,
        "annual_return_0_5_bps": 0.0159532445630784,
        "annual_volatility_0_5_bps": 0.009377531166553802,
        "sharpe_ratio_0_5_bps": 1.8599954369848468,
        "downside_risk_0_5_bps": 0.0060639992946736,
        "sortino_ratio_0_5_bps": 3.306304812508794,
        "max_drawdown_0_5_bps": 0.007271716533290601,
        "calmar_ratio_0_5_bps": 4.12589263935473,
        "perc_pos_return_0_5_bps": 0.5604993288714216,
        "profit_loss_ratio_0_5_bps": 1.0964536205682733,
        "annual_return_1_0_bps": 0.011446014759597401,
        "annual_volatility_1_0_bps": 0.0093778284037834,
        "sharpe_ratio_1_0_bps": 1.356964091320549,
        "downside_risk_1_0_bps": 0.0062034572671914,
        "sortino_ratio_1_0_bps": 2.407725613869254,
        "max_drawdown_1_0_bps": 0.0080512151297804,
        "calmar_ratio_1_0_bps": 2.9229797369665,
        "perc_pos_return_1_0_bps": 0.5458153809316596,
        "profit_loss_ratio_1_0_bps": 1.0633130214519833,
        "annual_return_1_5_bps": 0.0069594961687262005,
        "annual_volatility_1_5_bps": 0.009379057812266,
        "sharpe_ratio_1_5_bps": 0.8539085596427245,
        "downside_risk_1_5_bps": 0.006346600028150401,
        "sortino_ratio_1_5_bps": 1.5596495058197983,
        "max_drawdown_1_5_bps": 0.009039345961068002,
        "calmar_ratio_1_5_bps": 1.9350576335749943,
        "perc_pos_return_1_5_bps": 0.5288446688446686,
        "profit_loss_ratio_1_5_bps": 1.0420526288432064,
        "annual_return_2_0_bps": 0.0024935897595394,
        "annual_volatility_2_0_bps": 0.009381219069693799,
        "sharpe_ratio_2_0_bps": 0.351004601538512,