{
    "ALL": {
        "performance_sw": 2.384337723430686,
        "performance_fw": 2.402839295152651,
        "val_loss": 2.3594837250146825,
        "annual_return_2017_2018": 0.018495884095609094,
        "annual_volatility_2017_2018": 0.007699035244651615,
        "sharpe_ratio_2017_2018": 2.384337723430686,
        "downside_risk_2017_2018": 0.004719378765516333,
        "sortino_ratio_2017_2018": 3.8897280934468177,
        "max_drawdown_2017_2018": 0.004013926046427673,
        "calmar_ratio_2017_2018": 4.607928467458967,
        "perc_pos_return_2017_2018": 0.5813953488372093,
        "profit_loss_ratio_2017_2018": 1.0722549207299301,
        "sharpe_ratio_2017": 2.496355766818229,
        "annual_return_2017_2018_0_5_bps": 0.012228101827489679,
        "annual_volatility_2017_2018_0_5_bps": 0.007700634392785564,
        "sharpe_ratio_2017_2018_0_5_bps": 1.5821770381697946,
        "downside_risk_2017_2018_0_5_bps": 0.004925006587900361,
        "sortino_ratio_2017_2018_0_5_bps": 2.473857993517959,
        "max_drawdown_2017_2018_0_5_bps": 0.004665828988510509,
        "calmar_ratio_2017_2018_0_5_bps": 2.6207779705602334,
        "perc_pos_return_2017_2018_0_5_bps": 0.562015503875969,
        "profit_loss_ratio_2017_2018_0_5_bps": 1.0151175428014507,
        "sharpe_ratio_2017_0_5_bps": 1.6981056688954,
        "annual_return_2017_2018_1_0_bps": 0.005998727583859109,
        "annual_volatility_2017_2018_1_0_bps": 0.007703726865049864,
        "sharpe_ratio_2017_2018_1_0_bps": 0.7801981779279601,
        "downside_risk_2017_2018_1_0_bps": 0.005137645240308653,
        "sortino_ratio_2017_2018_1_0_bps": 1.1698810217977396,
        "max_drawdown_2017_2018_1_0_bps": 0.006929144041003632,
        "calmar_ratio_2017_2018_1_0_bps": 0.8657241858967389,
        "perc_pos_return_2017_2018_1_0_bps": 0.5193798449612403,
        "profit_loss_ratio_2017_2018_1_0_bps": 1.0539956916025575,
        "sharpe_ratio_2017_1_0_bps": 0.8995687724484553,
        "annual_return_2017_2018_1_5_bps": -0.00019247299155877862,
        "annual_volatility_2017_2018_1_5_bps": 0.007708310864139115,
        "sharpe_ratio_2017_2018_1_5_bps": -0.02113298123854821,
        "downside_risk_2017_2018_1_5_bps": 0.005357640294844441,
        "sortino_ratio_2017_2018_1_5_bps": -0.030405099989542883,
        "max_drawdown_2017_2018_1_5_bps": 0.009827414584908555,
        "calmar_ratio_2017_2018_1_5_bps": -0.01958531309489571,
        "perc_pos_return_2017_2018_1_5_bps": 0.5,
        "profit_loss_ratio_2017_2018_1_5_bps": 0.9964890129119728,
        "sharpe_ratio_2017_1_5_bps": 0.10115294931420245,
        "annual_return_2017_2018_2_0_bps": -0.006345732831157913,
        "annual_volatility_2017_2018_2_0_bps": 0.007714383731192932,
        "sharpe_ratio_2017_2018_2_0_bps": -0.8213530804141448,
        "downside_risk_2017_2018_2_0_bps": 0.00558481292145154,
        "sortino_ratio_2017_2018_2_0_bps": -1.1345470171031689,
        "max_drawdown_2017_2018_2_0_bps": 0.012717297538701525,
        "calmar_ratio_2017_2018_2_0_bps": -0.4989843802778426,
        "perc_pos_return_2017_2018_2_0_bps": 0.47674418604651164,
        "profit_loss_ratio_2017_2018_2_0_bps": 0.957615047728445,
        "sharpe_ratio_2017_2_0_bps": -0.6967345337693811,
        "annual_return_2017_2018_2_5_bps": -0.012461283452087413,
        "annual_volatility_2017_2018_2_5_bps": 0.007721941953482831,
        "sharpe_ratio_2017_2018_2_5_bps": -1.6200026066900455,
        "downside_risk_2017_2018_2_5_bps": 0.005818806319899217,
        "sortino_ratio_2017_2018_2_5_bps": -2.149850915396695,
        "max_drawdown_2017_2018_2_5_bps": 0.015598816970777196,
        "calmar_ratio_2017_2018_2_5_bps": -0.7988608030616915,
        "perc_pos_return_2017_2018_2_5_bps": 0.45348837209302323,
        "profit_loss_ratio_2017_2018_2_5_bps": 0.9211967433548467,
        "sharpe_ratio_2017_2_5_bps": -1.4936880516287232,
        "annual_return_2017_2018_3_0_bps": -0.01853935496479231,
        "annual_volatility_2017_2018_3_0_bps": 0.007730981174520947,
        "sharpe_ratio_2017_2018_3_0_bps": -2.4166271943804642,
        "downside_risk_2017_2018_3_0_bps": 0.006059219605901567,
        "sortino_ratio_2017_2018_3_0_bps": -3.083383762389788,
        "max_drawdown_2017_2018_3_0_bps": 0.019879364953059538,
        "calmar_ratio_2017_2018_3_0_bps": -0.9325929177601323,
        "perc_pos_return_2017_2018_3_0_bps": 0.4263565891472868,
        "profit_loss_ratio_2017_2018_3_0_bps": 0.9015183880934089,
        "sharpe_ratio_2017_3_0_bps": -2.289304646627955
    },
    "COMB": {
        "annual_return_2017_2018": 0.018495884095609094,
        "annual_volatility_2017_2018": 0.007699035244651615,
        "sharpe_ratio_2017_2018": 2.384337723430686,
        "downside_risk_2017_2018": 0.004719378765516333,
        "sortino_ratio_2017_2018": 3.8897280934468177,
        "max_drawdown_2017_2018": 0.004013926046427673,
        "calmar_ratio_2017_2018": 4.607928467458967,
        "perc_pos_return_2017_2018": 0.5813953488372093,
        "profit_loss_ratio_2017_2018": 1.0722549207299301,
        "sharpe_ratio_2017": 2.496355766818229,
        "annual_return_2017_2018_0_5_bps": 0.012228101827489679,
        "annual_volatility_2017_2018_0_5_bps": 0.007700634392785564,
        "sharpe_ratio_2017_2018_0_5_bps": 1.5821770381697946,
        "downside_risk_2017_2018_0_5_bps": 0.004925006587900361,
        "sortino_ratio_2017_2018_0_5_bps": 2.473857993517959,
        "max_drawdown_2017_2018_0_5_bps": 0.004665828988510509,
        "calmar_ratio_2017_2018_0_5_bps": 2.6207779705602334,
        "perc_pos_return_2017_2018_0_5_bps": 0.562015503875969,
        "profit_loss_ratio_2017_2018_0_5_bps": 1.0151175428014507,
        "sharpe_ratio_2017_0_5_bps": 1.6981056688954,
        "annual_return_2017_2018_1_0_bps": 0.005998727583859109,
        "annual_volatility_2017_2018_1_0_bps": 0.007703726865049864,
        "sharpe_ratio_2017_2018_1_0_bps": 0.7801981779279601,
        "downside_risk_2017_2018_1_0_bps": 0.005137645240308653,
        "sortino_ratio_2017_2018_1_0_bps": 1.1698810217977396,
        "max_drawdown_2017_2018_1_0_bps": 0.006929144041003632,
        "calmar_ratio_2017_2018_1_0_bps": 0.8657241858967389,
        "perc_pos_return_2017_2018_1_0_bps": 0.5193798449612403,
        "profit_loss_ratio_2017_2018_1_0_bps": 1.0539956916025575,
        "sharpe_ratio_2017_1_0_bps": 0.8995687724484553,
        "annual_return_2017_2018_1_5_bps": -0.00019247299155877862,
        "annual_volatility_2017_2018_1_5_bps": 0.007708310864139115,
        "sharpe_ratio_2017_2018_1_5_bps": -0.02113298123854821,
        "downside_risk_2017_2018_1_5_bps": 0.005357640294844441,
        "sortino_ratio_2017_2018_1_5_bps": -0.030405099989542883,
        "max_drawdown_2017_2018_1_5_bps": 0.009827414584908555,
        "calmar_ratio_2017_2018_1_5_bps": -0.01958531309489571,
        "perc_pos_return_2017_2018_1_5_bps": 0.5,
        "profit_loss_ratio_2017_2018_1_5_bps": 0.9964890129119728,
        "sharpe_ratio_2017_1_5_bps": 0.10115294931420245,
        "annual_return_2017_2018_2_0_bps": -0.006345732831157913,
        "annual_volatility_2017_2018_2_0_bps": 0.007714383731192932,
        "sharpe_ratio_2017_2018_2_0_bps": -0.8213530804141448,
        "downside_risk_2017_2018_2_0_bps": 0.00558481292145154,
        "sortino_ratio_2017_2018_2_0_bps": -1.1345470171031689,
        "max_drawdown_2017_2018_2_0_bps": 0.012717297538701525,
        "calmar_ratio_2017_2018_2_0_bps": -0.4989843802778426,
        "perc_pos_return_2017_2018_2_0_bps": 0.47674418604651164,
        "profit_loss_ratio_2017_2018_2_0_bps": 0.957615047728445,
        "sharpe_ratio_2017_2_0_bps": -0.6967345337693811,
        "annual_return_2017_2018_2_5_bps": -0.012461283452087413,
        "annual_volatility_2017_2018_2_5_bps": 0.007721941953482831,
        "sharpe_ratio_2017_2018_2_5_bps": -1.6200026066900455,
        "downside_risk_2017_2018_2_5_bps": 0.005818806319899217,
        "sortino_ratio_2017_2018_2_5_bps": -2.149850915396695,