{
    "ALL": {
        "performance_sw": 2.416766353636779,
        "performance_fw": 1.8077103327780624,
        "val_loss": 2.719502047900113,
        "annual_return_2016_2017": 0.01790264147035736,
        "annual_volatility_2016_2017": 0.0073535556259475944,
        "sharpe_ratio_2016_2017": 2.4167663536367794,
        "downside_risk_2016_2017": 0.004169357676737497,
        "sortino_ratio_2016_2017": 4.262485302122834,
        "max_drawdown_2016_2017": 0.004222744326397815,
        "calmar_ratio_2016_2017": 4.239575045650253,
        "perc_pos_return_2016_2017": 0.5405405405405406,
        "profit_loss_ratio_2016_2017": 1.3094208591750247,
        "sharpe_ratio_2016": 2.5169597917693163,
        "annual_return_2016_2017_0_5_bps": 0.014096254681232212,
        "annual_volatility_2016_2017_0_5_bps": 0.00734792971738992,
        "sharpe_ratio_2016_2017_0_5_bps": 1.9087143661743364,
        "downside_risk_2016_2017_0_5_bps": 0.004289318648951748,
        "sortino_ratio_2016_2017_0_5_bps": 3.2697731647074106,
        "max_drawdown_2016_2017_0_5_bps": 0.0043866044722276065,
        "calmar_ratio_2016_2017_0_5_bps": 3.213477479102156,
        "perc_pos_return_2016_2017_0_5_bps": 0.525096525096525,
        "profit_loss_ratio_2016_2017_0_5_bps": 1.2709210072734811,
        "sharpe_ratio_2016_0_5_bps": 2.014823489201722,
        "annual_return_2016_2017_1_0_bps": 0.010304041112879414,
        "annual_volatility_2016_2017_1_0_bps": 0.007342876967279382,
        "sharpe_ratio_2016_2017_1_0_bps": 1.399774537399692,
        "downside_risk_2016_2017_1_0_bps": 0.004412200241770521,
        "sortino_ratio_2016_2017_1_0_bps": 2.3295343925578185,
        "max_drawdown_2016_2017_1_0_bps": 0.004647939866444851,
        "calmar_ratio_2016_2017_1_0_bps": 2.21690499639808,
        "perc_pos_return_2016_2017_1_0_bps": 0.5212355212355212,
        "profit_loss_ratio_2016_2017_1_0_bps": 1.1781952416642836,
        "sharpe_ratio_2016_1_0_bps": 1.5117071479397572,
        "annual_return_2016_2017_1_5_bps": 0.006525948216094868,
        "annual_volatility_2016_2017_1_5_bps": 0.007338398559536404,
        "sharpe_ratio_2016_2017_1_5_bps": 0.8900641405478343,
        "downside_risk_2016_2017_1_5_bps": 0.00453790888649935,
        "sortino_ratio_2016_2017_1_5_bps": 1.43935137753061,
        "max_drawdown_2016_2017_1_5_bps": 0.005182010372896739,
        "calmar_ratio_2016_2017_1_5_bps": 1.2593468068352918,
        "perc_pos_return_2016_2017_1_5_bps": 0.4980694980694981,
        "profit_loss_ratio_2016_2017_1_5_bps": 1.1801627239086678,
        "sharpe_ratio_2016_1_5_bps": 1.0077193618339408,
        "annual_return_2016_2017_2_0_bps": 0.002761923635676178,
        "annual_volatility_2016_2017_2_0_bps": 0.0073344955462331315,
        "sharpe_ratio_2016_2017_2_0_bps": 0.3797014513365407,
        "downside_risk_2016_2017_2_0_bps": 0.004666534039164779,
        "sortino_ratio_2016_2017_2_0_bps": 0.5967852329701556,
        "max_drawdown_2016_2017_2_0_bps": 0.005720234088014435,
        "calmar_ratio_2016_2017_2_0_bps": 0.48283402273050613,
        "perc_pos_return_2016_2017_2_0_bps": 0.4864864864864865,
        "profit_loss_ratio_2016_2017_2_0_bps": 1.128927209934864,
        "sharpe_ratio_2016_2_0_bps": 0.5029697994730113,
        "annual_return_2016_2017_2_5_bps": -0.0009880847903011025,
        "annual_volatility_2016_2017_2_5_bps": 0.007331168846365845,
        "sharpe_ratio_2016_2017_2_5_bps": -0.13119438654257493,
        "downside_risk_2016_2017_2_5_bps": 0.004798128872381893,
        "sortino_ratio_2016_2017_2_5_bps": -0.200454849175725,
        "max_drawdown_2016_2017_2_5_bps": 0.007068539621797797,
        "calmar_ratio_2016_2017_2_5_bps": -0.1397862703144607,
        "perc_pos_return_2016_2017_2_5_bps": 0.44787644787644787,
        "profit_loss_ratio_2016_2017_2_5_bps": 1.204569914643459,
        "sharpe_ratio_2016_2_5_bps": -0.0024309116416081854,
        "annual_return_2016_2017_3_0_bps": -0.0047241290311759165,
        "annual_volatility_2016_2017_3_0_bps": 0.00732841924477853,
        "sharpe_ratio_2016_2017_3_0_bps": -0.6425034984125584,
        "downside_risk_2016_2017_3_0_bps": 0.004932816792445696,
        "sortino_ratio_2016_2017_3_0_bps": -0.9545327144148054,
        "max_drawdown_2016_2017_3_0_bps": 0.008963685732278733,
        "calmar_ratio_2016_2017_3_0_bps": -0.5270297478373281,
        "perc_pos_return_2016_2017_3_0_bps": 0.4247104247104247,
        "profit_loss_ratio_2016_2017_3_0_bps": 1.2100984550418277,
        "sharpe_ratio_2016_3_0_bps": -0.5083713034973906
    },
    "COMB": {
        "annual_return_2016_2017": 0.01790264147035736,
        "annual_volatility_2016_2017": 0.0073535556259475944,
        "sharpe_ratio_2016_2017": 2.4167663536367794,
        "downside_risk_2016_2017": 0.004169357676737497,
        "sortino_ratio_2016_2017": 4.262485302122834,
        "max_drawdown_2016_2017": 0.004222744326397815,
        "calmar_ratio_2016_2017": 4.239575045650253,
        "perc_pos_return_2016_2017": 0.5405405405405406,
        "profit_loss_ratio_2016_2017": 1.3094208591750247,
        "sharpe_ratio_2016": 2.5169597917693163,
        "annual_return_2016_2017_0_5_bps": 0.014096254681232212,
        "annual_volatility_2016_2017_0_5_bps": 0.00734792971738992,
        "sharpe_ratio_2016_2017_0_5_bps": 1.9087143661743364,
        "downside_risk_2016_2017_0_5_bps": 0.004289318648951748,
        "sortino_ratio_2016_2017_0_5_bps": 3.2697731647074106,
        "max_drawdown_2016_2017_0_5_bps": 0.0043866044722276065,
        "calmar_ratio_2016_2017_0_5_bps": 3.213477479102156,
        "perc_pos_return_2016_2017_0_5_bps": 0.525096525096525,
        "profit_loss_ratio_2016_2017_0_5_bps": 1.2709210072734811,
        "sharpe_ratio_2016_0_5_bps": 2.014823489201722,
        "annual_return_2016_2017_1_0_bps": 0.010304041112879414,
        "annual_volatility_2016_2017_1_0_bps": 0.007342876967279382,
        "sharpe_ratio_2016_2017_1_0_bps": 1.399774537399692,
        "downside_risk_2016_2017_1_0_bps": 0.004412200241770521,
        "sortino_ratio_2016_2017_1_0_bps": 2.3295343925578185,
        "max_drawdown_2016_2017_1_0_bps": 0.004647939866444851,
        "calmar_ratio_2016_2017_1_0_bps": 2.21690499639808,
        "perc_pos_return_2016_2017_1_0_bps": 0.5212355212355212,
        "profit_loss_ratio_2016_2017_1_0_bps": 1.1781952416642836,
        "sharpe_ratio_2016_1_0_bps": 1.5117071479397572,
        "annual_return_2016_2017_1_5_bps": 0.006525948216094868,
        "annual_volatility_2016_2017_1_5_bps": 0.007338398559536404,
        "sharpe_ratio_2016_2017_1_5_bps": 0.8900641405478343,
        "downside_risk_2016_2017_1_5_bps": 0.00453790888649935,
        "sortino_ratio_2016_2017_1_5_bps": 1.43935137753061,
        "max_drawdown_2016_2017_1_5_bps": 0.005182010372896739,
        "calmar_ratio_2016_2017_1_5_bps": 1.2593468068352918,
        "perc_pos_return_2016_2017_1_5_bps": 0.4980694980694981,
        "profit_loss_ratio_2016_2017_1_5_bps": 1.1801627239086678,
        "sharpe_ratio_2016_1_5_bps": 1.0077193618339408,
        "annual_return_2016_2017_2_0_bps": 0.002761923635676178,
        "annual_volatility_2016_2017_2_0_bps": 0.0073344955462331315,
        "sharpe_ratio_2016_2017_2_0_bps": 0.3797014513365407,
        "downside_risk_2016_2017_2_0_bps": 0.004666534039164779,
        "sortino_ratio_2016_2017_2_0_bps": 0.5967852329701556,
        "max_drawdown_2016_2017_2_0_bps": 0.005720234088014435,
        "calmar_ratio_2016_2017_2_0_bps": 0.48283402273050613,
        "perc_pos_return_2016_2017_2_0_bps": 0.4864864864864865,
        "profit_loss_ratio_2016_2017_2_0_bps": 1.128927209934864,
        "sharpe_ratio_2016_2_0_bps": 0.5029697994730113,
        "annual_return_2016_2017_2_5_bps": -0.0009880847903011025,
        "annual_volatility_2016_2017_2_5_bps": 0.007331168846365845,
        "sharpe_ratio_2016_2017_2_5_bps": -0.13119438654257493,
        "downside_risk_2016_2017_2_5_bps": 0.004798128872381893,
        "sortino_ratio_2016_2017_2_5_bps": -0.200454849175725,