{
    "ALL": {
        "annual_return": 0.046729672772996,
        "annual_volatility": 0.029767624682906002,
        "sharpe_ratio": 1.7770366807270206,
        "downside_risk": 0.0197174335462175,
        "sortino_ratio": 3.139653173556945,
        "max_drawdown": 0.018214188864892504,
        "calmar_ratio": 3.3553192510748495,
        "perc_pos_return": 0.561643835616438,
        "profit_loss_ratio": 1.1043172249967166,
        "annual_return_0_5_bps": 0.046201102577375,
        "annual_volatility_0_5_bps": 0.029768241169713,
        "sharpe_ratio_0_5_bps": 1.7598953159535635,
        "downside_risk_0_5_bps": 0.019728502333847,
        "sortino_ratio_0_5_bps": 3.10883055539784,
        "max_drawdown_0_5_bps": 0.0182331120210025,
        "calmar_ratio_0_5_bps": 3.321717324274304,
        "perc_pos_return_0_5_bps": 0.561643835616438,
        "profit_loss_ratio_0_5_bps": 1.10078682423728,
        "annual_return_1_0_bps": 0.045672819586741006,
        "annual_volatility_1_0_bps": 0.029768864214134504,
        "sharpe_ratio_1_0_bps": 1.74275400442666,
        "downside_risk_1_0_bps": 0.019739587877790503,
        "sortino_ratio_1_0_bps": 3.07804984590152,
        "max_drawdown_1_0_bps": 0.018252034640966003,
        "calmar_ratio_1_0_bps": 3.2881845282566493,
        "perc_pos_return_1_0_bps": 0.561643835616438,
        "profit_loss_ratio_1_0_bps": 1.0972689558589286,
        "annual_return_1_5_bps": 0.0451448236357145,
        "annual_volatility_1_5_bps": 0.0297694938158425,
        "sharpe_ratio_1_5_bps": 1.7256127600226752,
        "downside_risk_1_5_bps": 0.01975069016286,
        "sortino_ratio_1_5_bps": 3.0473110645094836,
        "max_drawdown_1_5_bps": 0.0182709567247975,
        "calmar_ratio_1_5_bps": 3.2547206531285497,
        "perc_pos_return_1_5_bps": 0.560273972602739,
        "profit_loss_ratio_1_5_bps": 1.098656512875592,
        "annual_return_2_0_bps": 0.044617114558990006,
        "annual_volatility_2_0_bps": 0.029770129974505004,
        "sharpe_ratio_2_0_bps": 1.7084715966175035,
        "downside_risk_2_0_bps": 0.0197618092246475,
        "sortino_ratio_2_0_bps": 3.0166142276271772,
        "max_drawdown_2_0_bps": 0.0182898782725145,
        "calmar_ratio_2_0_bps": 3.2213254899368633,
        "perc_pos_return_2_0_bps": 0.560273972602739,
        "profit_loss_ratio_2_0_bps": 1.0951474421266125,
        "annual_return_2_5_bps": 0.0440896921913715,
        "annual_volatility_2_5_bps": 0.029770772689782003,
        "sharpe_ratio_2_5_bps": 1.6913305280864952,
        "downside_risk_2_5_bps": 0.0197729450342735,
        "sortino_ratio_2_5_bps": 2.985959353914806,
        "max_drawdown_2_5_bps": 0.0183087992841315,
        "calmar_ratio_2_5_bps": 3.187998830665369,
        "perc_pos_return_2_5_bps": 0.560273972602739,
        "profit_loss_ratio_2_5_bps": 1.0916507835643205,
        "annual_return_3_0_bps": 0.0435625563677635,
        "annual_volatility_3_0_bps": 0.029771421961327503,
        "sharpe_ratio_3_0_bps": 1.674189568304379,
        "downside_risk_3_0_bps": 0.019784097561414003,
        "sortino_ratio_3_0_bps": 2.9553464594644514,
        "max_drawdown_3_0_bps": 0.018327719759666003,
        "calmar_ratio_3_0_bps": 3.1547404682286797,
        "perc_pos_return_3_0_bps": 0.5589041095890406,
        "profit_loss_ratio_3_0_bps": 1.0954269405934975,
        "annual_return_rescaled": 0.16455763579677252,
        "annual_volatility_rescaled": 0.12463645764920878,
        "downside_risk_rescaled": 0.0825565055093365,
        "max_drawdown_rescaled": 0.08903676155094774,
        "annual_return_rescaled_0_5_bps": 0.1625219989088289,
        "annual_volatility_rescaled_0_5_bps": 0.12463645764920842,
        "downside_risk_rescaled_0_5_bps": 0.08260113963725027,
        "max_drawdown_rescaled_0_5_bps": 0.08912169239568962,
        "annual_return_rescaled_1_0_bps": 0.1604902344708632,
        "annual_volatility_rescaled_1_0_bps": 0.12463645764920694,
        "downside_risk_rescaled_1_0_bps": 0.0826458238663642,
        "max_drawdown_rescaled_1_0_bps": 0.08920658890679564,
        "annual_return_rescaled_1_5_bps": 0.15846233591080727,
        "annual_volatility_rescaled_1_5_bps": 0.12463645764920847,
        "downside_risk_rescaled_1_5_bps": 0.08269055810132364,
        "max_drawdown_rescaled_1_5_bps": 0.0892914510405724,
        "annual_return_rescaled_2_0_bps": 0.15643829666333897,
        "annual_volatility_rescaled_2_0_bps": 0.12463645764920776,
        "downside_risk_rescaled_2_0_bps": 0.08273534245933215,
        "max_drawdown_rescaled_2_0_bps": 0.08937627875340515,
        "annual_return_rescaled_2_5_bps": 0.15441811016993057,
        "annual_volatility_rescaled_2_5_bps": 0.12463645764920717,
        "downside_risk_rescaled_2_5_bps": 0.08278017678762553,
        "max_drawdown_rescaled_2_5_bps": 0.08946107200176341,
        "annual_return_rescaled_3_0_bps": 0.15240176987883014,
        "annual_volatility_rescaled_3_0_bps": 0.12463645764920817,
        "downside_risk_rescaled_3_0_bps": 0.0828250609273562,
        "max_drawdown_rescaled_3_0_bps": 0.08954583074220046,
        "sharpe_ratio_years": 1.4740697223352557,
        "sharpe_ratio_years_0_5_bps": 1.4598266529417976,
        "sharpe_ratio_years_1_0_bps": 1.4455836279321785,
        "sharpe_ratio_years_1_5_bps": 1.431340658831359,
        "sharpe_ratio_years_2_0_bps": 1.417097757163911,
        "sharpe_ratio_years_2_5_bps": 1.402854934453956,
        "sharpe_ratio_years_3_0_bps": 1.3886122022251015,
        "sharpe_ratio_years_std": 0.6286318838129895,
        "sharpe_ratio_years_std_0_5_bps": 0.6283224531620354,
        "sharpe_ratio_years_std_1_0_bps": 0.6280124470991335,
        "sharpe_ratio_years_std_1_5_bps": 0.627701872456646,
        "sharpe_ratio_years_std_2_0_bps": 0.6273907360679069,
        "sharpe_ratio_years_std_2_5_bps": 0.6270790447671729,
        "sharpe_ratio_years_std_3_0_bps": 0.6267668053895654
    },
    "COMB": {
        "annual_return": 0.046729672772996,
        "annual_volatility": 0.029767624682906002,
        "sharpe_ratio": 1.7770366807270206,
        "downside_risk": 0.0197174335462175,
        "sortino_ratio": 3.139653173556945,
        "max_drawdown": 0.018214188864892504,
        "calmar_ratio": 3.3553192510748495,
        "perc_pos_return": 0.561643835616438,
        "profit_loss_ratio": 1.1043172249967166,
        "annual_return_0_5_bps": 0.046201102577375,
        "annual_volatility_0_5_bps": 0.029768241169713,
        "sharpe_ratio_0_5_bps": 1.7598953159535635,
        "downside_risk_0_5_bps": 0.019728502333847,
        "sortino_ratio_0_5_bps": 3.10883055539784,
        "max_drawdown_0_5_bps": 0.0182331120210025,
        "calmar_ratio_0_5_bps": 3.321717324274304,
        "perc_pos_return_0_5_bps": 0.561643835616438,
        "profit_loss_ratio_0_5_bps": 1.10078682423728,
        "annual_return_1_0_bps": 0.045672819586741006,
        "annual_volatility_1_0_bps": 0.029768864214134504,
        "sharpe_ratio_1_0_bps": 1.74275400442666,
        "downside_risk_1_0_bps": 0.019739587877790503,
        "sortino_ratio_1_0_bps": 3.07804984590152,
        "max_drawdown_1_0_bps": 0.018252034640966003,
        "calmar_ratio_1_0_bps": 3.2881845282566493,
        "perc_pos_return_1_0_bps": 0.561643835616438,
        "profit_loss_ratio_1_0_bps": 1.0972689558589286,
        "annual_return_1_5_bps": 0.0451448236357145,
        "annual_volatility_1_5_bps": 0.0297694938158425,
        "sharpe_ratio_1_5_bps": 1.7256127600226752,
        "downside_risk_1_5_bps": 0.01975069016286,
        "sortino_ratio_1_5_bps": 3.0473110645094836,
        "max_drawdown_1_5_bps": 0.0182709567247975,
        "calmar_ratio_1_5_bps": 3.2547206531285497,
        "perc_pos_return_1_5_bps": 0.560273972602739,
        "profit_loss_ratio_1_5_bps": 1.098656512875592,
        "annual_return_2_0_bps": 0.044617114558990006,
        "annual_volatility_2_0_bps": 0.029770129974505004,
        "sharpe_ratio_2_0_bps": 1.7084715966175035,
        "downside_risk_2_0_bps": 0.0197618092246475,