{
    "ALL": {
        "performance_sw": 2.3175834650758462,
        "performance_fw": 2.443058178595259,
        "val_loss": 2.6518554739619318,
        "annual_return_2017_2018": 0.018407567024052218,
        "annual_volatility_2017_2018": 0.007883993673957106,
        "sharpe_ratio_2017_2018": 2.317583465075846,
        "downside_risk_2017_2018": 0.004897575003983491,
        "sortino_ratio_2017_2018": 3.7307878618834818,
        "max_drawdown_2017_2018": 0.0035378977025807804,
        "calmar_ratio_2017_2018": 5.202967573263778,
        "perc_pos_return_2017_2018": 0.5581395348837209,
        "profit_loss_ratio_2017_2018": 1.1498365144382316,
        "sharpe_ratio_2017": 2.4548924739093327,
        "annual_return_2017_2018_0_5_bps": 0.013233490762506017,
        "annual_volatility_2017_2018_0_5_bps": 0.007885751912089336,
        "sharpe_ratio_2017_2018_0_5_bps": 1.6711158624945688,
        "downside_risk_2017_2018_0_5_bps": 0.005066383212098351,
        "sortino_ratio_2017_2018_0_5_bps": 2.601067577462506,
        "max_drawdown_2017_2018_0_5_bps": 0.0042596666704025,
        "calmar_ratio_2017_2018_0_5_bps": 3.106696318389526,
        "perc_pos_return_2017_2018_0_5_bps": 0.5465116279069767,
        "profit_loss_ratio_2017_2018_0_5_bps": 1.0863422018272682,
        "sharpe_ratio_2017_0_5_bps": 1.8167572443429338,
        "annual_return_2017_2018_1_0_bps": 0.0080855913817659,
        "annual_volatility_2017_2018_1_0_bps": 0.007888332232860985,
        "sharpe_ratio_2017_2018_1_0_bps": 1.0248296597823625,
        "downside_risk_2017_2018_1_0_bps": 0.005239005417054109,
        "sortino_ratio_2017_2018_1_0_bps": 1.5430785416135164,
        "max_drawdown_2017_2018_1_0_bps": 0.005443222222820315,
        "calmar_ratio_2017_2018_1_0_bps": 1.4854420875685808,
        "perc_pos_return_2017_2018_1_0_bps": 0.5310077519379846,
        "profit_loss_ratio_2017_2018_1_0_bps": 1.0420294504429592,
        "sharpe_ratio_2017_1_0_bps": 1.1781293280941059,
        "annual_return_2017_2018_1_5_bps": 0.0029637370045907385,
        "annual_volatility_2017_2018_1_5_bps": 0.007891733829895334,
        "sharpe_ratio_2017_2018_1_5_bps": 0.3789266887827406,
        "downside_risk_2017_2018_1_5_bps": 0.005415454454150955,
        "sortino_ratio_2017_2018_1_5_bps": 0.5521953132898823,
        "max_drawdown_2017_2018_1_5_bps": 0.00690135443413656,
        "calmar_ratio_2017_2018_1_5_bps": 0.42944280472410434,
        "perc_pos_return_2017_2018_1_5_bps": 0.5193798449612403,
        "profit_loss_ratio_2017_2018_1_5_bps": 0.9838244742486932,
        "sharpe_ratio_2017_1_5_bps": 0.5391861168427844,
        "annual_return_2017_2018_2_0_bps": -0.0021322035846841336,
        "annual_volatility_2017_2018_2_0_bps": 0.00789595564176898,
        "sharpe_ratio_2017_2018_2_0_bps": -0.26639203613205437,
        "downside_risk_2017_2018_2_0_bps": 0.005595655642654805,
        "sortino_ratio_2017_2018_2_0_bps": -0.3759022775785526,
        "max_drawdown_2017_2018_2_0_bps": 0.008691979787242876,
        "calmar_ratio_2017_2018_2_0_bps": -0.24530701139152966,
        "perc_pos_return_2017_2018_2_0_bps": 0.5116279069767442,
        "profit_loss_ratio_2017_2018_2_0_bps": 0.9142459495553903,
        "sharpe_ratio_2017_2_0_bps": -0.09989456265730107,
        "annual_return_2017_2018_2_5_bps": -0.0072023609434573865,
        "annual_volatility_2017_2018_2_5_bps": 0.007900996353663267,
        "sharpe_ratio_2017_2018_2_5_bps": -0.9109266284901456,
        "downside_risk_2017_2018_2_5_bps": 0.005779615061795801,
        "sortino_ratio_2017_2018_2_5_bps": -1.2452780839558444,
        "max_drawdown_2017_2018_2_5_bps": 0.010655664998789548,
        "calmar_ratio_2017_2018_2_5_bps": -0.6759184850758309,
        "perc_pos_return_2017_2018_2_5_bps": 0.4883720930232558,
        "profit_loss_ratio_2017_2018_2_5_bps": 0.9036991390033707,
        "sharpe_ratio_2017_2_5_bps": -0.7389346958121581,
        "annual_return_2017_2018_3_0_bps": -0.012246864974130411,
        "annual_volatility_2017_2018_3_0_bps": 0.007906854399403414,
        "sharpe_ratio_2017_2018_3_0_bps": -1.5544786357288929,
        "downside_risk_2017_2018_3_0_bps": 0.005967428186915246,
        "sortino_ratio_2017_2018_3_0_bps": -2.0596873317457116,
        "max_drawdown_2017_2018_3_0_bps": 0.014006388249617401,
        "calmar_ratio_2017_2018_3_0_bps": -0.8743770882165106,
        "perc_pos_return_2017_2018_3_0_bps": 0.46124031007751937,
        "profit_loss_ratio_2017_2018_3_0_bps": 0.9073932293627994,
        "sharpe_ratio_2017_3_0_bps": -1.3777563280259861
    },
    "COMB": {
        "annual_return_2017_2018": 0.018407567024052218,
        "annual_volatility_2017_2018": 0.007883993673957106,
        "sharpe_ratio_2017_2018": 2.317583465075846,
        "downside_risk_2017_2018": 0.004897575003983491,
        "sortino_ratio_2017_2018": 3.7307878618834818,
        "max_drawdown_2017_2018": 0.0035378977025807804,
        "calmar_ratio_2017_2018": 5.202967573263778,
        "perc_pos_return_2017_2018": 0.5581395348837209,
        "profit_loss_ratio_2017_2018": 1.1498365144382316,
        "sharpe_ratio_2017": 2.4548924739093327,
        "annual_return_2017_2018_0_5_bps": 0.013233490762506017,
        "annual_volatility_2017_2018_0_5_bps": 0.007885751912089336,
        "sharpe_ratio_2017_2018_0_5_bps": 1.6711158624945688,
        "downside_risk_2017_2018_0_5_bps": 0.005066383212098351,
        "sortino_ratio_2017_2018_0_5_bps": 2.601067577462506,
        "max_drawdown_2017_2018_0_5_bps": 0.0042596666704025,
        "calmar_ratio_2017_2018_0_5_bps": 3.106696318389526,
        "perc_pos_return_2017_2018_0_5_bps": 0.5465116279069767,
        "profit_loss_ratio_2017_2018_0_5_bps": 1.0863422018272682,
        "sharpe_ratio_2017_0_5_bps": 1.8167572443429338,
        "annual_return_2017_2018_1_0_bps": 0.0080855913817659,
        "annual_volatility_2017_2018_1_0_bps": 0.007888332232860985,
        "sharpe_ratio_2017_2018_1_0_bps": 1.0248296597823625,
        "downside_risk_2017_2018_1_0_bps": 0.005239005417054109,
        "sortino_ratio_2017_2018_1_0_bps": 1.5430785416135164,
        "max_drawdown_2017_2018_1_0_bps": 0.005443222222820315,
        "calmar_ratio_2017_2018_1_0_bps": 1.4854420875685808,
        "perc_pos_return_2017_2018_1_0_bps": 0.5310077519379846,
        "profit_loss_ratio_2017_2018_1_0_bps": 1.0420294504429592,
        "sharpe_ratio_2017_1_0_bps": 1.1781293280941059,
        "annual_return_2017_2018_1_5_bps": 0.0029637370045907385,
        "annual_volatility_2017_2018_1_5_bps": 0.007891733829895334,
        "sharpe_ratio_2017_2018_1_5_bps": 0.3789266887827406,
        "downside_risk_2017_2018_1_5_bps": 0.005415454454150955,
        "sortino_ratio_2017_2018_1_5_bps": 0.5521953132898823,
        "max_drawdown_2017_2018_1_5_bps": 0.00690135443413656,
        "calmar_ratio_2017_2018_1_5_bps": 0.42944280472410434,
        "perc_pos_return_2017_2018_1_5_bps": 0.5193798449612403,
        "profit_loss_ratio_2017_2018_1_5_bps": 0.9838244742486932,
        "sharpe_ratio_2017_1_5_bps": 0.5391861168427844,
        "annual_return_2017_2018_2_0_bps": -0.0021322035846841336,
        "annual_volatility_2017_2018_2_0_bps": 0.00789595564176898,
        "sharpe_ratio_2017_2018_2_0_bps": -0.26639203613205437,
        "downside_risk_2017_2018_2_0_bps": 0.005595655642654805,
        "sortino_ratio_2017_2018_2_0_bps": -0.3759022775785526,
        "max_drawdown_2017_2018_2_0_bps": 0.008691979787242876,
        "calmar_ratio_2017_2018_2_0_bps": -0.24530701139152966,
        "perc_pos_return_2017_2018_2_0_bps": 0.5116279069767442,
        "profit_loss_ratio_2017_2018_2_0_bps": 0.9142459495553903,
        "sharpe_ratio_2017_2_0_bps": -0.09989456265730107,
        "annual_return_2017_2018_2_5_bps": -0.0072023609434573865,
        "annual_volatility_2017_2018_2_5_bps": 0.007900996353663267,
        "sharpe_ratio_2017_2018_2_5_bps": -0.9109266284901456,
        "downside_risk_2017_2018_2_5_bps": 0.005779615061795801,