{
    "ALL": {
        "performance_sw": 1.8804895146267442,
        "performance_fw": 1.9660363393396065,
        "val_loss": 3.090507315139919,
        "annual_return_2017_2018": 0.016565361343550133,
        "annual_volatility_2017_2018": 0.00875749813953681,
        "sharpe_ratio_2017_2018": 1.8804895146267446,
        "downside_risk_2017_2018": 0.0056026164976660155,
        "sortino_ratio_2017_2018": 2.939409369287141,
        "max_drawdown_2017_2018": 0.005213045786611881,
        "calmar_ratio_2017_2018": 3.1776742468085,
        "perc_pos_return_2017_2018": 0.5465116279069767,
        "profit_loss_ratio_2017_2018": 1.133718903968892,
        "sharpe_ratio_2017": 2.029386382868822,
        "annual_return_2017_2018_0_5_bps": 0.010220729561688291,
        "annual_volatility_2017_2018_0_5_bps": 0.008768713928928484,
        "sharpe_ratio_2017_2018_0_5_bps": 1.1640647319929671,
        "downside_risk_2017_2018_0_5_bps": 0.005817361459497247,
        "sortino_ratio_2017_2018_0_5_bps": 1.7546357916159607,
        "max_drawdown_2017_2018_0_5_bps": 0.005783129100557772,
        "calmar_ratio_2017_2018_0_5_bps": 1.7673355347890334,
        "perc_pos_return_2017_2018_0_5_bps": 0.5193798449612403,
        "profit_loss_ratio_2017_2018_0_5_bps": 1.12206147689083,
        "sharpe_ratio_2017_0_5_bps": 1.31012841755238,
        "annual_return_2017_2018_1_0_bps": 0.003915527463510093,
        "annual_volatility_2017_2018_1_0_bps": 0.008781343772857083,
        "sharpe_ratio_2017_2018_1_0_bps": 0.4493979435855866,
        "downside_risk_2017_2018_1_0_bps": 0.0060389823709082425,
        "sortino_ratio_2017_2018_1_0_bps": 0.6534739780746462,
        "max_drawdown_2017_2018_1_0_bps": 0.00635289924035029,
        "calmar_ratio_2017_2018_1_0_bps": 0.6163370951392889,
        "perc_pos_return_2017_2018_1_0_bps": 0.49612403100775193,
        "profit_loss_ratio_2017_2018_1_0_bps": 1.0938277798348464,
        "sharpe_ratio_2017_1_0_bps": 0.5924678284576,
        "annual_return_2017_2018_1_5_bps": -0.0023504889448389132,
        "annual_volatility_2017_2018_1_5_bps": 0.008795381579734047,
        "sharpe_ratio_2017_2018_1_5_bps": -0.2631739102774644,
        "downside_risk_2017_2018_1_5_bps": 0.006267617200618677,
        "sortino_ratio_2017_2018_1_5_bps": -0.3693133911389014,
        "max_drawdown_2017_2018_1_5_bps": 0.007399730584561471,
        "calmar_ratio_2017_2018_1_5_bps": -0.31764520585964146,
        "perc_pos_return_2017_2018_1_5_bps": 0.4689922480620155,
        "profit_loss_ratio_2017_2018_1_5_bps": 1.084281268879656,
        "sharpe_ratio_2017_1_5_bps": -0.12329453277034076,
        "annual_return_2017_2018_2_0_bps": -0.008577562153856966,
        "annual_volatility_2017_2018_2_0_bps": 0.008810820619866905,
        "sharpe_ratio_2017_2018_2_0_bps": -0.973319981063421,
        "downside_risk_2017_2018_2_0_bps": 0.006503139064956422,
        "sortino_ratio_2017_2018_2_0_bps": -1.3187089608915692,
        "max_drawdown_2017_2018_2_0_bps": 0.012780417647228266,
        "calmar_ratio_2017_2018_2_0_bps": -0.6711488145864475,
        "perc_pos_return_2017_2018_2_0_bps": 0.46124031007751937,
        "profit_loss_ratio_2017_2018_2_0_bps": 0.9958902710619268,
        "sharpe_ratio_2017_2_0_bps": -0.8368627428990211,
        "annual_return_2017_2018_2_5_bps": -0.014765933159883837,
        "annual_volatility_2017_2018_2_5_bps": 0.008827653541238257,
        "sharpe_ratio_2017_2018_2_5_bps": -1.6807162272208926,
        "downside_risk_2017_2018_2_5_bps": 0.0067451930602307215,
        "sortino_ratio_2017_2018_2_5_bps": -2.199607990840164,
        "max_drawdown_2017_2018_2_5_bps": 0.01820963514479774,
        "calmar_ratio_2017_2018_2_5_bps": -0.8108857229960631,
        "perc_pos_return_2017_2018_2_5_bps": 0.4418604651162791,
        "profit_loss_ratio_2017_2018_2_5_bps": 0.9597313525213151,
        "sharpe_ratio_2017_2_5_bps": -1.5479463798219446,
        "annual_return_2017_2018_3_0_bps": -0.020915841474283603,
        "annual_volatility_2017_2018_3_0_bps": 0.008845872386549478,
        "sharpe_ratio_2017_2018_3_0_bps": -2.3850460903420103,
        "downside_risk_2017_2018_3_0_bps": 0.006993452544132574,
        "sortino_ratio_2017_2018_3_0_bps": -3.0167950977096427,
        "max_drawdown_2017_2018_3_0_bps": 0.02367193092319831,
        "calmar_ratio_2017_2018_3_0_bps": -0.8835714138463558,
        "perc_pos_return_2017_2018_3_0_bps": 0.4263565891472868,
        "profit_loss_ratio_2017_2018_3_0_bps": 0.911974051373752,
        "sharpe_ratio_2017_3_0_bps": -2.256261067123064
    },
    "COMB": {
        "annual_return_2017_2018": 0.016565361343550133,
        "annual_volatility_2017_2018": 0.00875749813953681,
        "sharpe_ratio_2017_2018": 1.8804895146267446,
        "downside_risk_2017_2018": 0.0056026164976660155,
        "sortino_ratio_2017_2018": 2.939409369287141,
        "max_drawdown_2017_2018": 0.005213045786611881,
        "calmar_ratio_2017_2018": 3.1776742468085,
        "perc_pos_return_2017_2018": 0.5465116279069767,
        "profit_loss_ratio_2017_2018": 1.133718903968892,
        "sharpe_ratio_2017": 2.029386382868822,
        "annual_return_2017_2018_0_5_bps": 0.010220729561688291,
        "annual_volatility_2017_2018_0_5_bps": 0.008768713928928484,
        "sharpe_ratio_2017_2018_0_5_bps": 1.1640647319929671,
        "downside_risk_2017_2018_0_5_bps": 0.005817361459497247,
        "sortino_ratio_2017_2018_0_5_bps": 1.7546357916159607,
        "max_drawdown_2017_2018_0_5_bps": 0.005783129100557772,
        "calmar_ratio_2017_2018_0_5_bps": 1.7673355347890334,
        "perc_pos_return_2017_2018_0_5_bps": 0.5193798449612403,
        "profit_loss_ratio_2017_2018_0_5_bps": 1.12206147689083,
        "sharpe_ratio_2017_0_5_bps": 1.31012841755238,
        "annual_return_2017_2018_1_0_bps": 0.003915527463510093,
        "annual_volatility_2017_2018_1_0_bps": 0.008781343772857083,
        "sharpe_ratio_2017_2018_1_0_bps": 0.4493979435855866,
        "downside_risk_2017_2018_1_0_bps": 0.0060389823709082425,
        "sortino_ratio_2017_2018_1_0_bps": 0.6534739780746462,
        "max_drawdown_2017_2018_1_0_bps": 0.00635289924035029,
        "calmar_ratio_2017_2018_1_0_bps": 0.6163370951392889,
        "perc_pos_return_2017_2018_1_0_bps": 0.49612403100775193,
        "profit_loss_ratio_2017_2018_1_0_bps": 1.0938277798348464,
        "sharpe_ratio_2017_1_0_bps": 0.5924678284576,
        "annual_return_2017_2018_1_5_bps": -0.0023504889448389132,
        "annual_volatility_2017_2018_1_5_bps": 0.008795381579734047,
        "sharpe_ratio_2017_2018_1_5_bps": -0.2631739102774644,
        "downside_risk_2017_2018_1_5_bps": 0.006267617200618677,
        "sortino_ratio_2017_2018_1_5_bps": -0.3693133911389014,
        "max_drawdown_2017_2018_1_5_bps": 0.007399730584561471,
        "calmar_ratio_2017_2018_1_5_bps": -0.31764520585964146,
        "perc_pos_return_2017_2018_1_5_bps": 0.4689922480620155,
        "profit_loss_ratio_2017_2018_1_5_bps": 1.084281268879656,
        "sharpe_ratio_2017_1_5_bps": -0.12329453277034076,
        "annual_return_2017_2018_2_0_bps": -0.008577562153856966,
        "annual_volatility_2017_2018_2_0_bps": 0.008810820619866905,
        "sharpe_ratio_2017_2018_2_0_bps": -0.973319981063421,
        "downside_risk_2017_2018_2_0_bps": 0.006503139064956422,
        "sortino_ratio_2017_2018_2_0_bps": -1.3187089608915692,
        "max_drawdown_2017_2018_2_0_bps": 0.012780417647228266,
        "calmar_ratio_2017_2018_2_0_bps": -0.6711488145864475,
        "perc_pos_return_2017_2018_2_0_bps": 0.46124031007751937,
        "profit_loss_ratio_2017_2018_2_0_bps": 0.9958902710619268,
        "sharpe_ratio_2017_2_0_bps": -0.8368627428990211,
        "annual_return_2017_2018_2_5_bps": -0.014765933159883837,
        "annual_volatility_2017_2018_2_5_bps": 0.008827653541238257,
        "sharpe_ratio_2017_2018_2_5_bps": -1.6807162272208926,
        "downside_risk_2017_2018_2_5_bps": 0.0067451930602307215,