{
    "ALL": {
        "performance_sw": 1.3311760140500468,
        "performance_fw": 1.4195178006444924,
        "val_loss": 3.334741848272241,
        "annual_return_2020_2021": 0.020378342522128445,
        "annual_volatility_2020_2021": 0.015242254227817865,
        "sharpe_ratio_2020_2021": 1.3311760140500466,
        "downside_risk_2020_2021": 0.01170284722143675,
        "sortino_ratio_2020_2021": 1.7337766480414714,
        "max_drawdown_2020_2021": 0.022684051346225094,
        "calmar_ratio_2020_2021": 0.8983555102699788,
        "perc_pos_return_2020_2021": 0.5769230769230769,
        "profit_loss_ratio_2020_2021": 0.9548437967083202,
        "sharpe_ratio_2020": 1.3325243294860818,
        "annual_return_2020_2021_0_5_bps": 0.01337991233249114,
        "annual_volatility_2020_2021_0_5_bps": 0.015247979514521557,
        "sharpe_ratio_2020_2021_0_5_bps": 0.879294536394355,
        "downside_risk_2020_2021_0_5_bps": 0.011858838174663497,
        "sortino_ratio_2020_2021_0_5_bps": 1.130588416900486,
        "max_drawdown_2020_2021_0_5_bps": 0.024102612703024197,
        "calmar_ratio_2020_2021_0_5_bps": 0.555122902954514,
        "perc_pos_return_2020_2021_0_5_bps": 0.5615384615384615,
        "profit_loss_ratio_2020_2021_0_5_bps": 0.9299402709915904,
        "sharpe_ratio_2020_0_5_bps": 0.8826677023791901,
        "annual_return_2020_2021_1_0_bps": 0.006429239970611844,
        "annual_volatility_2020_2021_1_0_bps": 0.015257159799245605,
        "sharpe_ratio_2020_2021_1_0_bps": 0.4276554099238229,
        "downside_risk_2020_2021_1_0_bps": 0.012022035862238049,
        "sortino_ratio_2020_2021_1_0_bps": 0.5427372703748512,
        "max_drawdown_2020_2021_1_0_bps": 0.02551916069532399,
        "calmar_ratio_2020_2021_1_0_bps": 0.25193775169063093,
        "perc_pos_return_2020_2021_1_0_bps": 0.5576923076923077,
        "profit_loss_ratio_2020_2021_1_0_bps": 0.8636407679179419,
        "sharpe_ratio_2020_1_0_bps": 0.4326762624240881,
        "annual_return_2020_2021_1_5_bps": -0.00047399881953769096,
        "annual_volatility_2020_2021_1_5_bps": 0.015269788850497344,
        "sharpe_ratio_2020_2021_1_5_bps": -0.023435243619685003,
        "downside_risk_2020_2021_1_5_bps": 0.012192603339824875,
        "sortino_ratio_2020_2021_1_5_bps": -0.0293498616955495,
        "max_drawdown_2020_2021_1_5_bps": 0.026933698116039677,
        "calmar_ratio_2020_2021_1_5_bps": -0.01759872771631806,
        "perc_pos_return_2020_2021_1_5_bps": 0.5384615384615384,
        "profit_loss_ratio_2020_2021_1_5_bps": 0.8531413725799522,
        "sharpe_ratio_2020_1_5_bps": -0.017140583824358794,
        "annual_return_2020_2021_2_0_bps": -0.007330126103567758,
        "annual_volatility_2020_2021_2_0_bps": 0.01528585812025087,
        "sharpe_ratio_2020_2021_2_0_bps": -0.47367372604959984,
        "downside_risk_2020_2021_2_0_bps": 0.012370882656235137,
        "sortino_ratio_2020_2021_2_0_bps": -0.5852863997570472,
        "max_drawdown_2020_2021_2_0_bps": 0.028346227754298937,
        "calmar_ratio_2020_2021_2_0_bps": -0.2585926482741988,
        "perc_pos_return_2020_2021_2_0_bps": 0.5153846153846153,
        "profit_loss_ratio_2020_2021_2_0_bps": 0.8553070401795602,
        "sharpe_ratio_2020_2_0_bps": -0.4664743532020234,
        "annual_return_2020_2021_2_5_bps": -0.01413946177140124,
        "annual_volatility_2020_2021_2_5_bps": 0.015305356772735338,
        "sharpe_ratio_2020_2021_2_5_bps": -0.9227597717157233,
        "downside_risk_2020_2021_2_5_bps": 0.012557170188868422,
        "sortino_ratio_2020_2021_2_5_bps": -1.1247094137624056,
        "max_drawdown_2020_2021_2_5_bps": 0.029756752395450142,
        "calmar_ratio_2020_2021_2_5_bps": -0.47516817640231424,
        "perc_pos_return_2020_2021_2_5_bps": 0.49230769230769234,
        "profit_loss_ratio_2020_2021_2_5_bps": 0.857345610549481,
        "sharpe_ratio_2020_2_5_bps": -0.9150185395970055,
        "annual_return_2020_2021_3_0_bps": -0.020902323551887814,
        "annual_volatility_2020_2021_3_0_bps": 0.015328271720699668,
        "sharpe_ratio_2020_2021_3_0_bps": -1.3703975278062426,
        "downside_risk_2020_2021_3_0_bps": 0.01275168353422939,
        "sortino_ratio_2020_2021_3_0_bps": -1.6472982265599008,
        "max_drawdown_2020_2021_3_0_bps": 0.03116527482106982,
        "calmar_ratio_2020_2021_3_0_bps": -0.670692739656396,
        "perc_pos_return_2020_2021_3_0_bps": 0.4807692307692308,
        "profit_loss_ratio_2020_2021_3_0_bps": 0.82094066080005,
        "sharpe_ratio_2020_3_0_bps": -1.3624696507568965
    },
    "COMB": {
        "annual_return_2020_2021": 0.020378342522128445,
        "annual_volatility_2020_2021": 0.015242254227817865,
        "sharpe_ratio_2020_2021": 1.3311760140500466,
        "downside_risk_2020_2021": 0.01170284722143675,
        "sortino_ratio_2020_2021": 1.7337766480414714,
        "max_drawdown_2020_2021": 0.022684051346225094,
        "calmar_ratio_2020_2021": 0.8983555102699788,
        "perc_pos_return_2020_2021": 0.5769230769230769,
        "profit_loss_ratio_2020_2021": 0.9548437967083202,
        "sharpe_ratio_2020": 1.3325243294860818,
        "annual_return_2020_2021_0_5_bps": 0.01337991233249114,
        "annual_volatility_2020_2021_0_5_bps": 0.015247979514521557,
        "sharpe_ratio_2020_2021_0_5_bps": 0.879294536394355,
        "downside_risk_2020_2021_0_5_bps": 0.011858838174663497,
        "sortino_ratio_2020_2021_0_5_bps": 1.130588416900486,
        "max_drawdown_2020_2021_0_5_bps": 0.024102612703024197,
        "calmar_ratio_2020_2021_0_5_bps": 0.555122902954514,
        "perc_pos_return_2020_2021_0_5_bps": 0.5615384615384615,
        "profit_loss_ratio_2020_2021_0_5_bps": 0.9299402709915904,
        "sharpe_ratio_2020_0_5_bps": 0.8826677023791901,
        "annual_return_2020_2021_1_0_bps": 0.006429239970611844,
        "annual_volatility_2020_2021_1_0_bps": 0.015257159799245605,
        "sharpe_ratio_2020_2021_1_0_bps": 0.4276554099238229,
        "downside_risk_2020_2021_1_0_bps": 0.012022035862238049,
        "sortino_ratio_2020_2021_1_0_bps": 0.5427372703748512,
        "max_drawdown_2020_2021_1_0_bps": 0.02551916069532399,
        "calmar_ratio_2020_2021_1_0_bps": 0.25193775169063093,
        "perc_pos_return_2020_2021_1_0_bps": 0.5576923076923077,
        "profit_loss_ratio_2020_2021_1_0_bps": 0.8636407679179419,
        "sharpe_ratio_2020_1_0_bps": 0.4326762624240881,
        "annual_return_2020_2021_1_5_bps": -0.00047399881953769096,
        "annual_volatility_2020_2021_1_5_bps": 0.015269788850497344,
        "sharpe_ratio_2020_2021_1_5_bps": -0.023435243619685003,
        "downside_risk_2020_2021_1_5_bps": 0.012192603339824875,
        "sortino_ratio_2020_2021_1_5_bps": -0.0293498616955495,
        "max_drawdown_2020_2021_1_5_bps": 0.026933698116039677,
        "calmar_ratio_2020_2021_1_5_bps": -0.01759872771631806,
        "perc_pos_return_2020_2021_1_5_bps": 0.5384615384615384,
        "profit_loss_ratio_2020_2021_1_5_bps": 0.8531413725799522,
        "sharpe_ratio_2020_1_5_bps": -0.017140583824358794,
        "annual_return_2020_2021_2_0_bps": -0.007330126103567758,
        "annual_volatility_2020_2021_2_0_bps": 0.01528585812025087,
        "sharpe_ratio_2020_2021_2_0_bps": -0.47367372604959984,
        "downside_risk_2020_2021_2_0_bps": 0.012370882656235137,
        "sortino_ratio_2020_2021_2_0_bps": -0.5852863997570472,
        "max_drawdown_2020_2021_2_0_bps": 0.028346227754298937,
        "calmar_ratio_2020_2021_2_0_bps": -0.2585926482741988,
        "perc_pos_return_2020_2021_2_0_bps": 0.5153846153846153,
        "profit_loss_ratio_2020_2021_2_0_bps": 0.8553070401795602,
        "sharpe_ratio_2020_2_0_bps": -0.4664743532020234,
        "annual_return_2020_2021_2_5_bps": -0.01413946177140124,
        "annual_volatility_2020_2021_2_5_bps": 0.015305356772735338,
        "sharpe_ratio_2020_2021_2_5_bps": -0.9227597717157233,
        "downside_risk_2020_2021_2_5_bps": 0.012557170188868422,