{
    "ALL": {
        "performance_sw": 3.6274991425658394,
        "performance_fw": 4.016033447238666,
        "val_loss": 3.6324209691899116,
        "annual_return_2019_2020": 0.04076879586566218,
        "annual_volatility_2019_2020": 0.011033345763264485,
        "sharpe_ratio_2019_2020": 3.6274991425658403,
        "downside_risk_2019_2020": 0.006394348613639427,
        "sortino_ratio_2019_2020": 6.259191469558381,
        "max_drawdown_2019_2020": 0.004632685529952049,
        "calmar_ratio_2019_2020": 8.800251085914773,
        "perc_pos_return_2019_2020": 0.6,
        "profit_loss_ratio_2019_2020": 1.2530314141958268,
        "sharpe_ratio_2019": 3.4909164789657163,
        "annual_return_2019_2020_0_5_bps": 0.03622989118837294,
        "annual_volatility_2019_2020_0_5_bps": 0.011031309556010099,
        "sharpe_ratio_2019_2020_0_5_bps": 3.2319037680022236,
        "downside_risk_2019_2020_0_5_bps": 0.006520911844881063,
        "sortino_ratio_2019_2020_0_5_bps": 5.467353610684833,
        "max_drawdown_2019_2020_0_5_bps": 0.004748251935378054,
        "calmar_ratio_2019_2020_0_5_bps": 7.630153513640033,
        "perc_pos_return_2019_2020_0_5_bps": 0.5807692307692308,
        "profit_loss_ratio_2019_2020_0_5_bps": 1.2661453239233196,
        "sharpe_ratio_2019_0_5_bps": 3.1017809511921897,
        "annual_return_2019_2020_1_0_bps": 0.031710698271464555,
        "annual_volatility_2019_2020_1_0_bps": 0.011029686144952972,
        "sharpe_ratio_2019_2020_1_0_bps": 2.836056179039625,
        "downside_risk_2019_2020_1_0_bps": 0.006650131672740267,
        "sortino_ratio_2019_2020_1_0_bps": 4.703787997534788,
        "max_drawdown_2019_2020_1_0_bps": 0.004863807196645309,
        "calmar_ratio_2019_2020_1_0_bps": 6.519727651485903,
        "perc_pos_return_2019_2020_1_0_bps": 0.5769230769230769,
        "profit_loss_ratio_2019_2020_1_0_bps": 1.2002914229978134,
        "sharpe_ratio_2019_1_0_bps": 2.7123429570932878,
        "annual_return_2019_2020_1_5_bps": 0.027211131869688154,
        "annual_volatility_2019_2020_1_5_bps": 0.011028475712386089,
        "sharpe_ratio_2019_2020_1_5_bps": 2.4400006737316535,
        "downside_risk_2019_2020_1_5_bps": 0.006781960279890649,
        "sortino_ratio_2019_2020_1_5_bps": 3.967803858752342,
        "max_drawdown_2019_2020_1_5_bps": 0.005171060676430779,
        "calmar_ratio_2019_2020_1_5_bps": 5.262195431918639,
        "perc_pos_return_2019_2020_1_5_bps": 0.573076923076923,
        "profit_loss_ratio_2019_2020_1_5_bps": 1.1381714754398824,
        "sharpe_ratio_2019_1_5_bps": 2.3226384210824085,
        "annual_return_2019_2020_2_0_bps": 0.02273110710488324,
        "annual_volatility_2019_2020_2_0_bps": 0.011027678394298895,
        "sharpe_ratio_2019_2020_2_0_bps": 2.0437816543780127,
        "downside_risk_2019_2020_2_0_bps": 0.006916299328741989,
        "sortino_ratio_2019_2020_2_0_bps": 3.258703205482627,
        "max_drawdown_2019_2020_2_0_bps": 0.005491372282956052,
        "calmar_ratio_2019_2020_2_0_bps": 4.139421975711851,
        "perc_pos_return_2019_2020_2_0_bps": 0.5615384615384615,
        "profit_loss_ratio_2019_2020_2_0_bps": 1.1136088562931032,
        "sharpe_ratio_2019_2_0_bps": 1.9327033925601946,
        "annual_return_2019_2020_2_5_bps": 0.018270539464416702,
        "annual_volatility_2019_2020_2_5_bps": 0.011027294280300947,
        "sharpe_ratio_2019_2020_2_5_bps": 1.6474436026701103,
        "downside_risk_2019_2020_2_5_bps": 0.007053130491204208,
        "sortino_ratio_2019_2020_2_5_bps": 2.5757137826243164,
        "max_drawdown_2019_2020_2_5_bps": 0.005811586573569155,
        "calmar_ratio_2019_2020_2_5_bps": 3.143812663397346,
        "perc_pos_return_2019_2020_2_5_bps": 0.5423076923076923,
        "profit_loss_ratio_2019_2020_2_5_bps": 1.123549990872009,
        "sharpe_ratio_2019_2_5_bps": 1.5425740293470578,
        "annual_return_2019_2020_3_0_bps": 0.013829344799600296,
        "annual_volatility_2019_2020_3_0_bps": 0.011027323413571571,
        "sharpe_ratio_2019_2020_3_0_bps": 1.2510310547396895,
        "downside_risk_2019_2020_3_0_bps": 0.0071925121461355115,
        "sortino_ratio_2019_2020_3_0_bps": 1.9180397280869883,
        "max_drawdown_2019_2020_3_0_bps": 0.00613170357607974,
        "calmar_ratio_2019_2020_3_0_bps": 2.255383781686653,
        "perc_pos_return_2019_2020_3_0_bps": 0.5153846153846153,
        "profit_loss_ratio_2019_2020_3_0_bps": 1.168270616751668,
        "sharpe_ratio_2019_3_0_bps": 1.1522865809977858
    },
    "COMB": {
        "annual_return_2019_2020": 0.04076879586566218,
        "annual_volatility_2019_2020": 0.011033345763264485,
        "sharpe_ratio_2019_2020": 3.6274991425658403,
        "downside_risk_2019_2020": 0.006394348613639427,
        "sortino_ratio_2019_2020": 6.259191469558381,
        "max_drawdown_2019_2020": 0.004632685529952049,
        "calmar_ratio_2019_2020": 8.800251085914773,
        "perc_pos_return_2019_2020": 0.6,
        "profit_loss_ratio_2019_2020": 1.2530314141958268,
        "sharpe_ratio_2019": 3.4909164789657163,
        "annual_return_2019_2020_0_5_bps": 0.03622989118837294,
        "annual_volatility_2019_2020_0_5_bps": 0.011031309556010099,
        "sharpe_ratio_2019_2020_0_5_bps": 3.2319037680022236,
        "downside_risk_2019_2020_0_5_bps": 0.006520911844881063,
        "sortino_ratio_2019_2020_0_5_bps": 5.467353610684833,
        "max_drawdown_2019_2020_0_5_bps": 0.004748251935378054,
        "calmar_ratio_2019_2020_0_5_bps": 7.630153513640033,
        "perc_pos_return_2019_2020_0_5_bps": 0.5807692307692308,
        "profit_loss_ratio_2019_2020_0_5_bps": 1.2661453239233196,
        "sharpe_ratio_2019_0_5_bps": 3.1017809511921897,
        "annual_return_2019_2020_1_0_bps": 0.031710698271464555,
        "annual_volatility_2019_2020_1_0_bps": 0.011029686144952972,
        "sharpe_ratio_2019_2020_1_0_bps": 2.836056179039625,
        "downside_risk_2019_2020_1_0_bps": 0.006650131672740267,
        "sortino_ratio_2019_2020_1_0_bps": 4.703787997534788,
        "max_drawdown_2019_2020_1_0_bps": 0.004863807196645309,
        "calmar_ratio_2019_2020_1_0_bps": 6.519727651485903,
        "perc_pos_return_2019_2020_1_0_bps": 0.5769230769230769,
        "profit_loss_ratio_2019_2020_1_0_bps": 1.2002914229978134,
        "sharpe_ratio_2019_1_0_bps": 2.7123429570932878,
        "annual_return_2019_2020_1_5_bps": 0.027211131869688154,
        "annual_volatility_2019_2020_1_5_bps": 0.011028475712386089,
        "sharpe_ratio_2019_2020_1_5_bps": 2.4400006737316535,
        "downside_risk_2019_2020_1_5_bps": 0.006781960279890649,
        "sortino_ratio_2019_2020_1_5_bps": 3.967803858752342,
        "max_drawdown_2019_2020_1_5_bps": 0.005171060676430779,
        "calmar_ratio_2019_2020_1_5_bps": 5.262195431918639,
        "perc_pos_return_2019_2020_1_5_bps": 0.573076923076923,
        "profit_loss_ratio_2019_2020_1_5_bps": 1.1381714754398824,
        "sharpe_ratio_2019_1_5_bps": 2.3226384210824085,
        "annual_return_2019_2020_2_0_bps": 0.02273110710488324,
        "annual_volatility_2019_2020_2_0_bps": 0.011027678394298895,
        "sharpe_ratio_2019_2020_2_0_bps": 2.0437816543780127,
        "downside_risk_2019_2020_2_0_bps": 0.006916299328741989,
        "sortino_ratio_2019_2020_2_0_bps": 3.258703205482627,
        "max_drawdown_2019_2020_2_0_bps": 0.005491372282956052,
        "calmar_ratio_2019_2020_2_0_bps": 4.139421975711851,
        "perc_pos_return_2019_2020_2_0_bps": 0.5615384615384615,
        "profit_loss_ratio_2019_2020_2_0_bps": 1.1136088562931032,
        "sharpe_ratio_2019_2_0_bps": 1.9327033925601946,
        "annual_return_2019_2020_2_5_bps": 0.018270539464416702,
        "annual_volatility_2019_2020_2_5_bps": 0.011027294280300947,
        "sharpe_ratio_2019_2020_2_5_bps": 1.6474436026701103,
        "downside_risk_2019_2020_2_5_bps": 0.007053130491204208,
        "sortino_ratio_2019_2020_2_5_bps": 2.5757137826243164,
        "max_drawdown_2019_2020_2_5_bps": 0.005811586573569155,