{
    "ALL": {
        "annual_return": 0.021915690020275,
        "annual_volatility": 0.052342436897753,
        "sharpe_ratio": 0.5144715982883376,
        "downside_risk": 0.0361440169515495,
        "sortino_ratio": 0.6896826327109431,
        "max_drawdown": 0.0740261939026335,
        "calmar_ratio": 0.729982652421015,
        "perc_pos_return": 0.5534246575342461,
        "profit_loss_ratio": 0.8999202041119672,
        "annual_return_0_5_bps": 0.021299608007676003,
        "annual_volatility_0_5_bps": 0.0523420074294125,
        "sharpe_ratio_0_5_bps": 0.50257808756016,
        "downside_risk_0_5_bps": 0.036155753941411004,
        "sortino_ratio_0_5_bps": 0.6725483839906665,
        "max_drawdown_0_5_bps": 0.07409202044009851,
        "calmar_ratio_0_5_bps": 0.71709189833874,
        "perc_pos_return_0_5_bps": 0.5534246575342461,
        "profit_loss_ratio_0_5_bps": 0.8980539763217216,
        "annual_return_1_0_bps": 0.0206839193624625,
        "annual_volatility_1_0_bps": 0.052341581542322504,
        "sharpe_ratio_1_0_bps": 0.490684243479406,
        "downside_risk_1_0_bps": 0.036167501810486,
        "sortino_ratio_1_0_bps": 0.6554252293844409,
        "max_drawdown_1_0_bps": 0.07415783936452901,
        "calmar_ratio_1_0_bps": 0.7042231351141995,
        "perc_pos_return_1_0_bps": 0.5520547945205475,
        "profit_loss_ratio_1_0_bps": 0.9009555337054416,
        "annual_return_1_5_bps": 0.020068623821523,
        "annual_volatility_1_5_bps": 0.05234115923660951,
        "sharpe_ratio_1_5_bps": 0.47879006909642646,
        "downside_risk_1_5_bps": 0.036179260568419004,
        "sortino_ratio_1_5_bps": 0.638313176369333,
        "max_drawdown_1_5_bps": 0.0742236506768905,
        "calmar_ratio_1_5_bps": 0.691376318801908,
        "perc_pos_return_1_5_bps": 0.5520547945205475,
        "profit_loss_ratio_1_5_bps": 0.8990823060346591,
        "annual_return_2_0_bps": 0.019453721121931,
        "annual_volatility_2_0_bps": 0.05234074051239751,
        "sharpe_ratio_2_0_bps": 0.46689556746213745,
        "downside_risk_2_0_bps": 0.036191030206768005,
        "sortino_ratio_2_0_bps": 0.6212122333022535,
        "max_drawdown_2_0_bps": 0.0742894543781445,
        "calmar_ratio_2_0_bps": 0.6785514055799544,
        "perc_pos_return_2_0_bps": 0.550684931506849,
        "profit_loss_ratio_2_0_bps": 0.9019901487243531,
        "annual_return_2_5_bps": 0.018839211000941,
        "annual_volatility_2_5_bps": 0.05234032536981051,
        "sharpe_ratio_2_5_bps": 0.4550007416280215,
        "downside_risk_2_5_bps": 0.0362028107760515,
        "sortino_ratio_2_5_bps": 0.6041224056323581,
        "max_drawdown_2_5_bps": 0.07435525046925551,
        "calmar_ratio_2_5_bps": 0.6657483517494225,
        "perc_pos_return_2_5_bps": 0.550684931506849,
        "profit_loss_ratio_2_5_bps": 0.9001095251016891,
        "annual_return_3_0_bps": 0.0182250931959905,
        "annual_volatility_3_0_bps": 0.052339913808971,
        "sharpe_ratio_3_0_bps": 0.4431055946461225,
        "downside_risk_3_0_bps": 0.03621460229151,
        "sortino_ratio_3_0_bps": 0.587043700595494,
        "max_drawdown_3_0_bps": 0.07442103895118751,
        "calmar_ratio_3_0_bps": 0.652967113733866,
        "perc_pos_return_3_0_bps": 0.550684931506849,
        "profit_loss_ratio_3_0_bps": 0.8982333532458071,
        "annual_return_rescaled": 0.039963167063058525,
        "annual_volatility_rescaled": 0.12463645764920636,
        "downside_risk_rescaled": 0.08606519881475888,
        "max_drawdown_rescaled": 0.19631627229118895,
        "annual_return_rescaled_0_5_bps": 0.038712092802979436,
        "annual_volatility_rescaled_0_5_bps": 0.1246364576492065,
        "downside_risk_rescaled_0_5_bps": 0.08609385302944382,
        "max_drawdown_rescaled_0_5_bps": 0.19647192157772342,
        "annual_return_rescaled_1_0_bps": 0.03746258486963039,
        "annual_volatility_rescaled_1_0_bps": 0.12463645764920725,
        "downside_risk_rescaled_1_0_bps": 0.08612252772750775,
        "max_drawdown_rescaled_1_0_bps": 0.19662751044740573,
        "annual_return_rescaled_1_5_bps": 0.03621464150223952,
        "annual_volatility_rescaled_1_5_bps": 0.12463645764920664,
        "downside_risk_rescaled_1_5_bps": 0.08615122292632474,
        "max_drawdown_rescaled_1_5_bps": 0.19678303889373114,
        "annual_return_rescaled_2_0_bps": 0.03496826094139294,
        "annual_volatility_rescaled_2_0_bps": 0.12463645764920644,
        "downside_risk_rescaled_2_0_bps": 0.08617993860019338,
        "max_drawdown_rescaled_2_0_bps": 0.19693850691023665,
        "annual_return_rescaled_2_5_bps": 0.03372344142904776,
        "annual_volatility_rescaled_2_5_bps": 0.1246364576492062,
        "downside_risk_rescaled_2_5_bps": 0.08620867486380229,
        "max_drawdown_rescaled_2_5_bps": 0.1970939144904906,
        "annual_return_rescaled_3_0_bps": 0.03248018120852325,
        "annual_volatility_rescaled_3_0_bps": 0.12463645764920678,
        "downside_risk_rescaled_3_0_bps": 0.08623743174783449,
        "max_drawdown_rescaled_3_0_bps": 0.19724926162809503,
        "sharpe_ratio_years": 0.4239163857883095,
        "sharpe_ratio_years_0_5_bps": 0.41403947858714496,
        "sharpe_ratio_years_1_0_bps": 0.40416229805276344,
        "sharpe_ratio_years_1_5_bps": 0.39428484670394653,
        "sharpe_ratio_years_2_0_bps": 0.384407127059942,
        "sharpe_ratio_years_2_5_bps": 0.3745291416404545,
        "sharpe_ratio_years_3_0_bps": 0.3646508929656485,
        "sharpe_ratio_years_std": 0.6263105799469135,
        "sharpe_ratio_years_std_0_5_bps": 0.622794669251166,
        "sharpe_ratio_years_std_1_0_bps": 0.6192785070402864,
        "sharpe_ratio_years_std_1_5_bps": 0.6157620951580365,
        "sharpe_ratio_years_std_2_0_bps": 0.6122454354486251,
        "sharpe_ratio_years_std_2_5_bps": 0.6087285297567084,
        "sharpe_ratio_years_std_3_0_bps": 0.6052113799273805
    },
    "COMB": {
        "annual_return": 0.021915690020275,
        "annual_volatility": 0.052342436897753,
        "sharpe_ratio": 0.5144715982883376,
        "downside_risk": 0.0361440169515495,
        "sortino_ratio": 0.6896826327109431,
        "max_drawdown": 0.0740261939026335,
        "calmar_ratio": 0.729982652421015,
        "perc_pos_return": 0.5534246575342461,
        "profit_loss_ratio": 0.8999202041119672,
        "annual_return_0_5_bps": 0.021299608007676003,
        "annual_volatility_0_5_bps": 0.0523420074294125,
        "sharpe_ratio_0_5_bps": 0.50257808756016,
        "downside_risk_0_5_bps": 0.036155753941411004,
        "sortino_ratio_0_5_bps": 0.6725483839906665,
        "max_drawdown_0_5_bps": 0.07409202044009851,
        "calmar_ratio_0_5_bps": 0.71709189833874,
        "perc_pos_return_0_5_bps": 0.5534246575342461,
        "profit_loss_ratio_0_5_bps": 0.8980539763217216,
        "annual_return_1_0_bps": 0.0206839193624625,
        "annual_volatility_1_0_bps": 0.052341581542322504,
        "sharpe_ratio_1_0_bps": 0.490684243479406,
        "downside_risk_1_0_bps": 0.036167501810486,
        "sortino_ratio_1_0_bps": 0.6554252293844409,
        "max_drawdown_1_0_bps": 0.07415783936452901,
        "calmar_ratio_1_0_bps": 0.7042231351141995,
        "perc_pos_return_1_0_bps": 0.5520547945205475,
        "profit_loss_ratio_1_0_bps": 0.9009555337054416,
        "annual_return_1_5_bps": 0.020068623821523,
        "annual_volatility_1_5_bps": 0.05234115923660951,
        "sharpe_ratio_1_5_bps": 0.47879006909642646,
        "downside_risk_1_5_bps": 0.036179260568419004,
        "sortino_ratio_1_5_bps": 0.638313176369333,
        "max_drawdown_1_5_bps": 0.0742236506768905,
        "calmar_ratio_1_5_bps": 0.691376318801908,
        "perc_pos_return_1_5_bps": 0.5520547945205475,
        "profit_loss_ratio_1_5_bps": 0.8990823060346591,
        "annual_return_2_0_bps": 0.019453721121931,
        "annual_volatility_2_0_bps": 0.05234074051239751,
        "sharpe_ratio_2_0_bps": 0.46689556746213745,