{
    "ALL": {
        "annual_return": 0.019044924350858403,
        "annual_volatility": 0.010494849487791601,
        "sharpe_ratio": 1.8515104282722412,
        "downside_risk": 0.006638038493629,
        "sortino_ratio": 3.1757355619183145,
        "max_drawdown": 0.0069956880552012,
        "calmar_ratio": 3.462159192231243,
        "perc_pos_return": 0.5681737244527938,
        "profit_loss_ratio": 1.0773169001624348,
        "annual_return_0_5_bps": 0.013815998356054602,
        "annual_volatility_0_5_bps": 0.010496713673336803,
        "sharpe_ratio_0_5_bps": 1.3304999224084546,
        "downside_risk_0_5_bps": 0.006791507741456801,
        "sortino_ratio_0_5_bps": 2.2868804549381365,
        "max_drawdown_0_5_bps": 0.0080097806399088,
        "calmar_ratio_0_5_bps": 2.207631818523889,
        "perc_pos_return_0_5_bps": 0.5519751670914459,
        "profit_loss_ratio_0_5_bps": 1.046344055864431,
        "annual_return_1_0_bps": 0.008614899127724002,
        "annual_volatility_1_0_bps": 0.0104995922526042,
        "sharpe_ratio_1_0_bps": 0.8098108095383536,
        "downside_risk_1_0_bps": 0.0069493119506058,
        "sortino_ratio_1_0_bps": 1.4451361491474388,
        "max_drawdown_1_0_bps": 0.009435127957669001,
        "calmar_ratio_1_0_bps": 1.2733142098960664,
        "perc_pos_return_1_0_bps": 0.5373210342977781,
        "profit_loss_ratio_1_0_bps": 1.009865140007855,
        "annual_return_1_5_bps": 0.0034414739923998737,
        "annual_volatility_1_5_bps": 0.010503483130822399,
        "sharpe_ratio_1_5_bps": 0.2896254861351395,
        "downside_risk_1_5_bps": 0.0071114835651082,
        "sortino_ratio_1_5_bps": 0.648141055309797,
        "max_drawdown_1_5_bps": 0.011221576591910599,
        "calmar_ratio_1_5_bps": 0.5864278266585622,
        "perc_pos_return_1_5_bps": 0.5203443361582892,
        "profit_loss_ratio_1_5_bps": 0.9859784789008451,
        "annual_return_2_0_bps": -0.001704428865601601,
        "annual_volatility_2_0_bps": 0.010508383838809001,
        "sharpe_ratio_2_0_bps": -0.22987534100044757,
        "downside_risk_2_0_bps": 0.007278027770790199,
        "sortino_ratio_2_0_bps": -0.10637555860212441,
        "max_drawdown_2_0_bps": 0.013988832621792601,
        "calmar_ratio_2_0_bps": 0.13111923854881238,
        "perc_pos_return_2_0_bps": 0.5087909785584198,
        "profit_loss_ratio_2_0_bps": 0.9393285419838318,
        "annual_return_2_5_bps": -0.006822960409083601,
        "annual_volatility_2_5_bps": 0.0105142915386936,
        "sharpe_ratio_2_5_bps": -0.7485129998498896,
        "downside_risk_2_5_bps": 0.0074489005600582,
        "sortino_ratio_2_5_bps": -0.8206204409558648,
        "max_drawdown_2_5_bps": 0.016803159700488002,
        "calmar_ratio_2_5_bps": -0.1948087033898226,
        "perc_pos_return_2_5_bps": 0.4910599457111083,
        "profit_loss_ratio_2_5_bps": 0.9181974640047763,
        "annual_return_3_0_bps": -0.011914270752839202,
        "annual_volatility_3_0_bps": 0.0105212030303346,
        "sharpe_ratio_3_0_bps": -1.2661111868444006,
        "downside_risk_3_0_bps": 0.0076240984369942005,
        "sortino_ratio_3_0_bps": -1.4967037302315378,
        "max_drawdown_3_0_bps": 0.0198870216420818,
        "calmar_ratio_3_0_bps": -0.44413371655632805,
        "perc_pos_return_3_0_bps": 0.4748822474403866,
        "profit_loss_ratio_3_0_bps": 0.8905493092831192,
        "annual_return_rescaled": 0.3177674052062943,
        "annual_volatility_rescaled": 0.15000000000000988,
        "downside_risk_rescaled": 0.09487566021815366,
        "max_drawdown_rescaled": 0.09700436325200013,
        "annual_return_rescaled_0_5_bps": 0.22333980159685587,
        "annual_volatility_rescaled_0_5_bps": 0.1500000000000076,
        "downside_risk_rescaled_0_5_bps": 0.09705191481085136,
        "max_drawdown_rescaled_0_5_bps": 0.11049659061604969,
        "annual_return_rescaled_1_0_bps": 0.13593100644964956,
        "annual_volatility_rescaled_1_0_bps": 0.1500000000000051,
        "downside_risk_rescaled_1_0_bps": 0.09927974034728827,
        "max_drawdown_rescaled_1_0_bps": 0.12893703913702179,
        "annual_return_rescaled_1_5_bps": 0.05502587270499171,
        "annual_volatility_rescaled_1_5_bps": 0.15000000000000652,
        "downside_risk_rescaled_1_5_bps": 0.10155893254457596,
        "max_drawdown_rescaled_1_5_bps": 0.15188138174939012,
        "annual_return_rescaled_2_0_bps": -0.01985533541002016,
        "annual_volatility_rescaled_2_0_bps": 0.15000000000000918,
        "downside_risk_rescaled_2_0_bps": 0.1038888740994395,
        "max_drawdown_rescaled_2_0_bps": 0.18468769929248602,
        "annual_return_rescaled_2_5_bps": -0.08915902659381632,
        "annual_volatility_rescaled_2_5_bps": 0.1500000000000023,
        "downside_risk_rescaled_2_5_bps": 0.10626822357901422,
        "max_drawdown_rescaled_2_5_bps": 0.21595747796268833,
        "annual_return_rescaled_3_0_bps": -0.15330028637785892,
        "annual_volatility_rescaled_3_0_bps": 0.1500000000000049,
        "downside_risk_rescaled_3_0_bps": 0.10869619778764168,
        "max_drawdown_rescaled_3_0_bps": 0.2512877827200718,
        "sharpe_ratio_years": 1.8949667407771629,
        "sharpe_ratio_years_0_5_bps": 1.3724881981486727,
        "sharpe_ratio_years_1_0_bps": 0.8503031628076505,
        "sharpe_ratio_years_1_5_bps": 0.3285795354712623,
        "sharpe_ratio_years_2_0_bps": -0.19251629307879323,
        "sharpe_ratio_years_2_5_bps": -0.7128197394161345,
        "sharpe_ratio_years_3_0_bps": -1.2321683151550478,
        "sharpe_ratio_years_std": 1.4681495177859822,
        "sharpe_ratio_years_std_0_5_bps": 1.4077863828962962,
        "sharpe_ratio_years_std_1_0_bps": 1.3654770661357414,
        "sharpe_ratio_years_std_1_5_bps": 1.3428263948270711,
        "sharpe_ratio_years_std_2_0_bps": 1.3406877961138803,
        "sharpe_ratio_years_std_2_5_bps": 1.3589779319873563,
        "sharpe_ratio_years_std_3_0_bps": 1.396682606983908
    },
    "COMB": {
        "annual_return": 0.019044924350858403,
        "annual_volatility": 0.010494849487791601,
        "sharpe_ratio": 1.8515104282722412,
        "downside_risk": 0.006638038493629,
        "sortino_ratio": 3.1757355619183145,
        "max_drawdown": 0.0069956880552012,
        "calmar_ratio": 3.462159192231243,
        "perc_pos_return": 0.5681737244527938,
        "profit_loss_ratio": 1.0773169001624348,
        "annual_return_0_5_bps": 0.013815998356054602,
        "annual_volatility_0_5_bps": 0.010496713673336803,
        "sharpe_ratio_0_5_bps": 1.3304999224084546,
        "downside_risk_0_5_bps": 0.006791507741456801,
        "sortino_ratio_0_5_bps": 2.2868804549381365,
        "max_drawdown_0_5_bps": 0.0080097806399088,
        "calmar_ratio_0_5_bps": 2.207631818523889,
        "perc_pos_return_0_5_bps": 0.5519751670914459,
        "profit_loss_ratio_0_5_bps": 1.046344055864431,
        "annual_return_1_0_bps": 0.008614899127724002,
        "annual_volatility_1_0_bps": 0.0104995922526042,
        "sharpe_ratio_1_0_bps": 0.8098108095383536,
        "downside_risk_1_0_bps": 0.0069493119506058,
        "sortino_ratio_1_0_bps": 1.4451361491474388,
        "max_drawdown_1_0_bps": 0.009435127957669001,
        "calmar_ratio_1_0_bps": 1.2733142098960664,
        "perc_pos_return_1_0_bps": 0.5373210342977781,
        "profit_loss_ratio_1_0_bps": 1.009865140007855,
        "annual_return_1_5_bps": 0.0034414739923998737,
        "annual_volatility_1_5_bps": 0.010503483130822399,
        "sharpe_ratio_1_5_bps": 0.2896254861351395,
        "downside_risk_1_5_bps": 0.0071114835651082,
        "sortino_ratio_1_5_bps": 0.648141055309797,
        "max_drawdown_1_5_bps": 0.011221576591910599,
        "calmar_ratio_1_5_bps": 0.5864278266585622,
        "perc_pos_return_1_5_bps": 0.5203443361582892,
        "profit_loss_ratio_1_5_bps": 0.9859784789008451,
        "annual_return_2_0_bps": -0.001704428865601601,
        "annual_volatility_2_0_bps": 0.010508383838809001,