{
    "ALL": {
        "performance_sw": 0.1901194892347487,
        "performance_fw": 0.07968716158472267,
        "val_loss": 4.441806563109909,
        "annual_return_2022_2023": 0.011631847389761862,
        "annual_volatility_2022_2023": 0.05787045373302026,
        "sharpe_ratio_2022_2023": 0.22880884071237748,
        "downside_risk_2022_2023": 0.0441090535810759,
        "sortino_ratio_2022_2023": 0.3001939591792227,
        "max_drawdown_2022_2023": 0.04219963531005424,
        "calmar_ratio_2022_2023": 0.2756385761227308,
        "perc_pos_return_2022_2023": 0.5714285714285714,
        "profit_loss_ratio_2022_2023": 0.7847399946081084,
        "sharpe_ratio_2022": 0.18790835103298664,
        "annual_return_2022_2023_0_5_bps": 0.01064626718900441,
        "annual_volatility_2022_2023_0_5_bps": 0.05787133567451196,
        "sharpe_ratio_2022_2023_0_5_bps": 0.21196290183103123,
        "downside_risk_2022_2023_0_5_bps": 0.04412861558937256,
        "sortino_ratio_2022_2023_0_5_bps": 0.27797328510258956,
        "max_drawdown_2022_2023_0_5_bps": 0.04228219220460521,
        "calmar_ratio_2022_2023_0_5_bps": 0.2517908044475721,
        "perc_pos_return_2022_2023_0_5_bps": 0.5714285714285714,
        "profit_loss_ratio_2022_2023_0_5_bps": 0.7821356880088468,
        "sharpe_ratio_2022_0_5_bps": 0.1738980419135038,
        "annual_return_2022_2023_1_0_bps": 0.0096616439056183,
        "annual_volatility_2022_2023_1_0_bps": 0.05787222881126106,
        "sharpe_ratio_2022_2023_1_0_bps": 0.19511743865074002,
        "downside_risk_2022_2023_1_0_bps": 0.04414820029793599,
        "sortino_ratio_2022_2023_1_0_bps": 0.2557721714239558,
        "max_drawdown_2022_2023_1_0_bps": 0.042364742247013705,
        "calmar_ratio_2022_2023_1_0_bps": 0.22805860234637332,
        "perc_pos_return_2022_2023_1_0_bps": 0.5714285714285714,
        "profit_loss_ratio_2022_2023_1_0_bps": 0.7795389902473391,
        "sharpe_ratio_2022_1_0_bps": 0.15988813698497104,
        "annual_return_2022_2023_1_5_bps": 0.008677976613698402,
        "annual_volatility_2022_2023_1_5_bps": 0.05787313314274923,
        "sharpe_ratio_2022_2023_1_5_bps": 0.17827246092707916,
        "downside_risk_2022_2023_1_5_bps": 0.04416780767948918,
        "sortino_ratio_2022_2023_1_5_bps": 0.2335906264985289,
        "max_drawdown_2022_2023_1_5_bps": 0.042447285437827234,
        "calmar_ratio_2022_2023_1_5_bps": 0.2044412622430021,
        "perc_pos_return_2022_2023_1_5_bps": 0.5659340659340659,
        "profit_loss_ratio_2022_2023_1_5_bps": 0.7945506239911719,
        "sharpe_ratio_2022_1_5_bps": 0.14587864437310058,
        "annual_return_2022_2023_2_0_bps": 0.007695264388227763,
        "annual_volatility_2022_2023_2_0_bps": 0.05787404866845168,
        "sharpe_ratio_2022_2023_2_0_bps": 0.1614279784138679,
        "downside_risk_2022_2023_2_0_bps": 0.044187438168554326,
        "sortino_ratio_2022_2023_2_0_bps": 0.21142865634202973,
        "max_drawdown_2022_2023_2_0_bps": 0.04252982177759175,
        "calmar_ratio_2022_2023_2_0_bps": 0.18093808218783244,
        "perc_pos_return_2022_2023_2_0_bps": 0.5631868131868132,
        "profit_loss_ratio_2022_2023_2_0_bps": 0.8008092392197349,
        "sharpe_ratio_2022_2_0_bps": 0.13186957220211293,
        "annual_return_2022_2023_2_5_bps": 0.006713506305086714,
        "annual_volatility_2022_2023_2_5_bps": 0.0578749753878372,
        "sharpe_ratio_2022_2023_2_5_bps": 0.1445840008631448,
        "downside_risk_2022_2023_2_5_bps": 0.04420709271021867,
        "sortino_ratio_2022_2023_2_5_bps": 0.18928626558369635,
        "max_drawdown_2022_2023_2_5_bps": 0.042612351266854614,
        "calmar_ratio_2022_2023_2_5_bps": 0.15754836580230472,
        "perc_pos_return_2022_2023_2_5_bps": 0.5631868131868132,
        "profit_loss_ratio_2022_2023_2_5_bps": 0.7981464336240198,
        "sharpe_ratio_2022_2_5_bps": 0.11786092859471553,
        "annual_return_2022_2023_3_0_bps": 0.00573270144104443,
        "annual_volatility_2022_2023_3_0_bps": 0.05787591330036805,
        "sharpe_ratio_2022_2023_3_0_bps": 0.12774053802513585,
        "downside_risk_2022_2023_3_0_bps": 0.04422677133149191,
        "sortino_ratio_2022_2023_3_0_bps": 0.16716346414418987,
        "max_drawdown_2022_2023_3_0_bps": 0.04269487390616434,
        "calmar_ratio_2022_2023_3_0_bps": 0.13427142222375169,
        "perc_pos_return_2022_2023_3_0_bps": 0.5631868131868132,
        "profit_loss_ratio_2022_2023_3_0_bps": 0.7954915824560134,
        "sharpe_ratio_2022_3_0_bps": 0.10385272167207683
    },
    "COMB": {
        "annual_return_2022_2023": 0.011631847389761862,
        "annual_volatility_2022_2023": 0.05787045373302026,
        "sharpe_ratio_2022_2023": 0.22880884071237748,
        "downside_risk_2022_2023": 0.0441090535810759,
        "sortino_ratio_2022_2023": 0.3001939591792227,
        "max_drawdown_2022_2023": 0.04219963531005424,
        "calmar_ratio_2022_2023": 0.2756385761227308,
        "perc_pos_return_2022_2023": 0.5714285714285714,
        "profit_loss_ratio_2022_2023": 0.7847399946081084,
        "sharpe_ratio_2022": 0.18790835103298664,
        "annual_return_2022_2023_0_5_bps": 0.01064626718900441,
        "annual_volatility_2022_2023_0_5_bps": 0.05787133567451196,
        "sharpe_ratio_2022_2023_0_5_bps": 0.21196290183103123,
        "downside_risk_2022_2023_0_5_bps": 0.04412861558937256,
        "sortino_ratio_2022_2023_0_5_bps": 0.27797328510258956,
        "max_drawdown_2022_2023_0_5_bps": 0.04228219220460521,
        "calmar_ratio_2022_2023_0_5_bps": 0.2517908044475721,
        "perc_pos_return_2022_2023_0_5_bps": 0.5714285714285714,
        "profit_loss_ratio_2022_2023_0_5_bps": 0.7821356880088468,
        "sharpe_ratio_2022_0_5_bps": 0.1738980419135038,
        "annual_return_2022_2023_1_0_bps": 0.0096616439056183,
        "annual_volatility_2022_2023_1_0_bps": 0.05787222881126106,
        "sharpe_ratio_2022_2023_1_0_bps": 0.19511743865074002,
        "downside_risk_2022_2023_1_0_bps": 0.04414820029793599,
        "sortino_ratio_2022_2023_1_0_bps": 0.2557721714239558,
        "max_drawdown_2022_2023_1_0_bps": 0.042364742247013705,
        "calmar_ratio_2022_2023_1_0_bps": 0.22805860234637332,
        "perc_pos_return_2022_2023_1_0_bps": 0.5714285714285714,
        "profit_loss_ratio_2022_2023_1_0_bps": 0.7795389902473391,
        "sharpe_ratio_2022_1_0_bps": 0.15988813698497104,
        "annual_return_2022_2023_1_5_bps": 0.008677976613698402,
        "annual_volatility_2022_2023_1_5_bps": 0.05787313314274923,
        "sharpe_ratio_2022_2023_1_5_bps": 0.17827246092707916,
        "downside_risk_2022_2023_1_5_bps": 0.04416780767948918,
        "sortino_ratio_2022_2023_1_5_bps": 0.2335906264985289,
        "max_drawdown_2022_2023_1_5_bps": 0.042447285437827234,
        "calmar_ratio_2022_2023_1_5_bps": 0.2044412622430021,
        "perc_pos_return_2022_2023_1_5_bps": 0.5659340659340659,
        "profit_loss_ratio_2022_2023_1_5_bps": 0.7945506239911719,
        "sharpe_ratio_2022_1_5_bps": 0.14587864437310058,
        "annual_return_2022_2023_2_0_bps": 0.007695264388227763,
        "annual_volatility_2022_2023_2_0_bps": 0.05787404866845168,
        "sharpe_ratio_2022_2023_2_0_bps": 0.1614279784138679,
        "downside_risk_2022_2023_2_0_bps": 0.044187438168554326,
        "sortino_ratio_2022_2023_2_0_bps": 0.21142865634202973,
        "max_drawdown_2022_2023_2_0_bps": 0.04252982177759175,
        "calmar_ratio_2022_2023_2_0_bps": 0.18093808218783244,
        "perc_pos_return_2022_2023_2_0_bps": 0.5631868131868132,
        "profit_loss_ratio_2022_2023_2_0_bps": 0.8008092392197349,
        "sharpe_ratio_2022_2_0_bps": 0.13186957220211293,
        "annual_return_2022_2023_2_5_bps": 0.006713506305086714,
        "annual_volatility_2022_2023_2_5_bps": 0.0578749753878372,
        "sharpe_ratio_2022_2023_2_5_bps": 0.1445840008631448,
        "downside_risk_2022_2023_2_5_bps": 0.04420709271021867,
        "sortino_ratio_2022_2023_2_5_bps": 0.18928626558369635,