{
    "ALL": {
        "annual_return_2020_2021": 0.02850296469769731,
        "annual_volatility_2020_2021": 0.04013258052457769,
        "sharpe_ratio_2020_2021": 0.7202987622169161,
        "downside_risk_2020_2021": 0.026545807360830974,
        "sortino_ratio_2020_2021": 1.0889647349388103,
        "max_drawdown_2020_2021": 0.0505240897799576,
        "calmar_ratio_2020_2021": 0.5641460305734028,
        "perc_pos_return_2020_2021": 0.5307692307692308,
        "profit_loss_ratio_2020_2021": 1.01554191261403,
        "sharpe_ratio_2020": 0.6277192459193184,
        "annual_return_2020_2021_0_5_bps": 0.027347515943674017,
        "annual_volatility_2020_2021_0_5_bps": 0.040132495167515235,
        "sharpe_ratio_2020_2021_0_5_bps": 0.6922885316767111,
        "downside_risk_2020_2021_0_5_bps": 0.026578571331486785,
        "sortino_ratio_2020_2021_0_5_bps": 1.0453257929303323,
        "max_drawdown_2020_2021_0_5_bps": 0.05128494842009588,
        "calmar_ratio_2020_2021_0_5_bps": 0.5332464355751981,
        "perc_pos_return_2020_2021_0_5_bps": 0.5307692307692308,
        "profit_loss_ratio_2020_2021_0_5_bps": 1.010077186506261,
        "sharpe_ratio_2020_0_5_bps": 0.5995242117633129,
        "annual_return_2020_2021_1_0_bps": 0.026193356920628963,
        "annual_volatility_2020_2021_1_0_bps": 0.040132487472728996,
        "sharpe_ratio_2020_2021_1_0_bps": 0.6642768965112154,
        "downside_risk_2020_2021_1_0_bps": 0.026611454787608835,
        "sortino_ratio_2020_2021_1_0_bps": 1.0017898097052922,
        "max_drawdown_2020_2021_1_0_bps": 0.052045202607699445,
        "calmar_ratio_2020_2021_1_0_bps": 0.5032809098288337,
        "perc_pos_return_2020_2021_1_0_bps": 0.5307692307692308,
        "profit_loss_ratio_2020_2021_1_0_bps": 1.0046427717278963,
        "sharpe_ratio_2020_1_0_bps": 0.5713274987311927,
        "annual_return_2020_2021_1_5_bps": 0.02504048619820165,
        "annual_volatility_2020_2021_1_5_bps": 0.04013255744026361,
        "sharpe_ratio_2020_2021_1_5_bps": 0.6362640193385527,
        "downside_risk_2020_2021_1_5_bps": 0.026644457286805492,
        "sortino_ratio_2020_2021_1_5_bps": 0.9583570056772187,
        "max_drawdown_2020_2021_1_5_bps": 0.05280485281881746,
        "calmar_ratio_2020_2021_1_5_bps": 0.4742080483420694,
        "perc_pos_return_2020_2021_1_5_bps": 0.5307692307692308,
        "profit_loss_ratio_2020_2021_1_5_bps": 0.9992384167835402,
        "sharpe_ratio_2020_1_5_bps": 0.5431292641682783,
        "annual_return_2020_2021_2_0_bps": 0.023888902347597885,
        "annual_volatility_2020_2021_2_0_bps": 0.0401327050697129,
        "sharpe_ratio_2020_2021_2_0_bps": 0.6082500627977204,
        "downside_risk_2020_2021_2_0_bps": 0.0266775784447725,
        "sortino_ratio_2020_2021_2_0_bps": 0.9150275925316815,
        "max_drawdown_2020_2021_2_0_bps": 0.053563899529126165,
        "calmar_ratio_2020_2021_2_0_bps": 0.4459888573760008,
        "perc_pos_return_2020_2021_2_0_bps": 0.5269230769230769,
        "profit_loss_ratio_2020_2021_2_0_bps": 1.009323263536849,
        "sharpe_ratio_2020_2_0_bps": 0.5149296654530473,
        "annual_return_2020_2021_2_5_bps": 0.02273860394160776,
        "annual_volatility_2020_2021_2_5_bps": 0.04013293036021983,
        "sharpe_ratio_2020_2021_2_5_bps": 0.5802351895438698,
        "downside_risk_2020_2021_2_5_bps": 0.026710819172155953,
        "sortino_ratio_2020_2021_2_5_bps": 0.8718017333885276,
        "max_drawdown_2020_2021_2_5_bps": 0.05432234321392892,
        "calmar_ratio_2020_2021_2_5_bps": 0.41858658143777017,
        "perc_pos_return_2020_2021_2_5_bps": 0.5269230769230769,
        "profit_loss_ratio_2020_2021_2_5_bps": 1.0038913355993189,
        "sharpe_ratio_2020_2_5_bps": 0.48672885999274274,
        "annual_return_2020_2021_3_0_bps": 0.021589589554587008,
        "annual_volatility_2020_2021_3_0_bps": 0.04013323331047653,
        "sharpe_ratio_2020_2021_3_0_bps": 0.5522195622435818,
        "downside_risk_2020_2021_3_0_bps": 0.02674417959298225,
        "sortino_ratio_2020_2021_3_0_bps": 0.82867961804842,
        "max_drawdown_2020_2021_3_0_bps": 0.05508018434816259,
        "calmar_ratio_2020_2021_3_0_bps": 0.39196654495778227,
        "perc_pos_return_2020_2021_3_0_bps": 0.5269230769230769,
        "profit_loss_ratio_2020_2021_3_0_bps": 0.9984895976463918,
        "sharpe_ratio_2020_3_0_bps": 0.4585270052189811
    },
    "COMB": {
        "annual_return_2020_2021": 0.02850296469769731,
        "annual_volatility_2020_2021": 0.04013258052457769,
        "sharpe_ratio_2020_2021": 0.7202987622169161,
        "downside_risk_2020_2021": 0.026545807360830974,
        "sortino_ratio_2020_2021": 1.0889647349388103,
        "max_drawdown_2020_2021": 0.0505240897799576,
        "calmar_ratio_2020_2021": 0.5641460305734028,
        "perc_pos_return_2020_2021": 0.5307692307692308,
        "profit_loss_ratio_2020_2021": 1.01554191261403,
        "sharpe_ratio_2020": 0.6277192459193184,
        "annual_return_2020_2021_0_5_bps": 0.027347515943674017,
        "annual_volatility_2020_2021_0_5_bps": 0.040132495167515235,
        "sharpe_ratio_2020_2021_0_5_bps": 0.6922885316767111,
        "downside_risk_2020_2021_0_5_bps": 0.026578571331486785,
        "sortino_ratio_2020_2021_0_5_bps": 1.0453257929303323,
        "max_drawdown_2020_2021_0_5_bps": 0.05128494842009588,
        "calmar_ratio_2020_2021_0_5_bps": 0.5332464355751981,
        "perc_pos_return_2020_2021_0_5_bps": 0.5307692307692308,
        "profit_loss_ratio_2020_2021_0_5_bps": 1.010077186506261,
        "sharpe_ratio_2020_0_5_bps": 0.5995242117633129,
        "annual_return_2020_2021_1_0_bps": 0.026193356920628963,
        "annual_volatility_2020_2021_1_0_bps": 0.040132487472728996,
        "sharpe_ratio_2020_2021_1_0_bps": 0.6642768965112154,
        "downside_risk_2020_2021_1_0_bps": 0.026611454787608835,
        "sortino_ratio_2020_2021_1_0_bps": 1.0017898097052922,
        "max_drawdown_2020_2021_1_0_bps": 0.052045202607699445,
        "calmar_ratio_2020_2021_1_0_bps": 0.5032809098288337,
        "perc_pos_return_2020_2021_1_0_bps": 0.5307692307692308,
        "profit_loss_ratio_2020_2021_1_0_bps": 1.0046427717278963,
        "sharpe_ratio_2020_1_0_bps": 0.5713274987311927,
        "annual_return_2020_2021_1_5_bps": 0.02504048619820165,
        "annual_volatility_2020_2021_1_5_bps": 0.04013255744026361,
        "sharpe_ratio_2020_2021_1_5_bps": 0.6362640193385527,
        "downside_risk_2020_2021_1_5_bps": 0.026644457286805492,
        "sortino_ratio_2020_2021_1_5_bps": 0.9583570056772187,
        "max_drawdown_2020_2021_1_5_bps": 0.05280485281881746,
        "calmar_ratio_2020_2021_1_5_bps": 0.4742080483420694,
        "perc_pos_return_2020_2021_1_5_bps": 0.5307692307692308,
        "profit_loss_ratio_2020_2021_1_5_bps": 0.9992384167835402,
        "sharpe_ratio_2020_1_5_bps": 0.5431292641682783,
        "annual_return_2020_2021_2_0_bps": 0.023888902347597885,
        "annual_volatility_2020_2021_2_0_bps": 0.0401327050697129,
        "sharpe_ratio_2020_2021_2_0_bps": 0.6082500627977204,
        "downside_risk_2020_2021_2_0_bps": 0.0266775784447725,
        "sortino_ratio_2020_2021_2_0_bps": 0.9150275925316815,
        "max_drawdown_2020_2021_2_0_bps": 0.053563899529126165,
        "calmar_ratio_2020_2021_2_0_bps": 0.4459888573760008,
        "perc_pos_return_2020_2021_2_0_bps": 0.5269230769230769,
        "profit_loss_ratio_2020_2021_2_0_bps": 1.009323263536849,
        "sharpe_ratio_2020_2_0_bps": 0.5149296654530473,
        "annual_return_2020_2021_2_5_bps": 0.02273860394160776,
        "annual_volatility_2020_2021_2_5_bps": 0.04013293036021983,
        "sharpe_ratio_2020_2021_2_5_bps": 0.5802351895438698,
        "downside_risk_2020_2021_2_5_bps": 0.026710819172155953,
        "sortino_ratio_2020_2021_2_5_bps": 0.8718017333885276,
        "max_drawdown_2020_2021_2_5_bps": 0.05432234321392892,
        "calmar_ratio_2020_2021_2_5_bps": 0.41858658143777017,