{
    "ALL": {
        "performance_sw": 2.4938835183017862,
        "performance_fw": 2.3674384416082166,
        "val_loss": 2.8240276411159075,
        "annual_return_2017_2018": 0.019915954625344012,
        "annual_volatility_2017_2018": 0.007920274069975648,
        "sharpe_ratio_2017_2018": 2.493883518301786,
        "downside_risk_2017_2018": 0.005064997322139087,
        "sortino_ratio_2017_2018": 3.899753485990662,
        "max_drawdown_2017_2018": 0.005504704380171002,
        "calmar_ratio_2017_2018": 3.6179880425704765,
        "perc_pos_return_2017_2018": 0.562015503875969,
        "profit_loss_ratio_2017_2018": 1.1729556986440905,
        "sharpe_ratio_2017": 2.382535991422644,
        "annual_return_2017_2018_0_5_bps": 0.014647127878554711,
        "annual_volatility_2017_2018_0_5_bps": 0.007922316432908397,
        "sharpe_ratio_2017_2018_0_5_bps": 1.839433464222238,
        "downside_risk_2017_2018_0_5_bps": 0.00522863328494727,
        "sortino_ratio_2017_2018_0_5_bps": 2.7870713371317297,
        "max_drawdown_2017_2018_0_5_bps": 0.006655912599213087,
        "calmar_ratio_2017_2018_0_5_bps": 2.2006190225944984,
        "perc_pos_return_2017_2018_0_5_bps": 0.5581395348837209,
        "profit_loss_ratio_2017_2018_0_5_bps": 1.0702960997721507,
        "sharpe_ratio_2017_0_5_bps": 1.7566076101312276,
        "annual_return_2017_2018_1_0_bps": 0.00940540621610464,
        "annual_volatility_2017_2018_1_0_bps": 0.007925100590733918,
        "sharpe_ratio_2017_2018_1_0_bps": 1.1852098090888445,
        "downside_risk_2017_2018_1_0_bps": 0.005396823777558146,
        "sortino_ratio_2017_2018_1_0_bps": 1.7404509291581063,
        "max_drawdown_2017_2018_1_0_bps": 0.007974233756683486,
        "calmar_ratio_2017_2018_1_0_bps": 1.1794746057226675,
        "perc_pos_return_2017_2018_1_0_bps": 0.5387596899224806,
        "profit_loss_ratio_2017_2018_1_0_bps": 1.039719769677476,
        "sharpe_ratio_2017_1_0_bps": 1.130138096516124,
        "annual_return_2017_2018_1_5_bps": 0.004190650780961036,
        "annual_volatility_2017_2018_1_5_bps": 0.007928625762002558,
        "sharpe_ratio_2017_2018_1_5_bps": 0.531395992436609,
        "downside_risk_2017_2018_1_5_bps": 0.005569481500861156,
        "sortino_ratio_2017_2018_1_5_bps": 0.7564869287753916,
        "max_drawdown_2017_2018_1_5_bps": 0.009290833043643915,
        "calmar_ratio_2017_2018_1_5_bps": 0.45105221041809185,
        "perc_pos_return_2017_2018_1_5_bps": 0.5310077519379846,
        "profit_loss_ratio_2017_2018_1_5_bps": 0.9636889448303793,
        "sharpe_ratio_2017_1_5_bps": 0.5032690441102922,
        "annual_return_2017_2018_2_0_bps": -0.0009972765755542623,
        "annual_volatility_2017_2018_2_0_bps": 0.00793289095885284,
        "sharpe_ratio_2017_2018_2_0_bps": -0.12182532852786827,
        "downside_risk_2017_2018_2_0_bps": 0.00574636686488443,
        "sortino_ratio_2017_2018_2_0_bps": -0.16818053388546397,
        "max_drawdown_2017_2018_2_0_bps": 0.01060673365085705,
        "calmar_ratio_2017_2018_2_0_bps": -0.09402296770916652,
        "perc_pos_return_2017_2018_2_0_bps": 0.5271317829457365,
        "profit_loss_ratio_2017_2018_2_0_bps": 0.8792645487326759,
        "sharpe_ratio_2017_2_0_bps": -0.12385746826658038,
        "annual_return_2017_2018_2_5_bps": -0.006158513297339296,
        "annual_volatility_2017_2018_2_5_bps": 0.007937894988391222,
        "sharpe_ratio_2017_2018_2_5_bps": -0.7742725318138095,
        "downside_risk_2017_2018_2_5_bps": 0.005927285666263243,
        "sortino_ratio_2017_2018_2_5_bps": -1.0369154442675144,
        "max_drawdown_2017_2018_2_5_bps": 0.011976104184975033,
        "calmar_ratio_2017_2018_2_5_bps": -0.5142334437158318,
        "perc_pos_return_2017_2018_2_5_bps": 0.5038759689922481,
        "profit_loss_ratio_2017_2018_2_5_bps": 0.8666037244887341,
        "sharpe_ratio_2017_2_5_bps": -0.7510990370867887,
        "annual_return_2017_2018_3_0_bps": -0.01129319612711166,
        "annual_volatility_2017_2018_3_0_bps": 0.007943636454352804,
        "sharpe_ratio_2017_2018_3_0_bps": -1.4257652798830651,
        "downside_risk_2017_2018_3_0_bps": 0.006112298668214008,
        "sortino_ratio_2017_2018_3_0_bps": -1.8529462756012525,
        "max_drawdown_2017_2018_3_0_bps": 0.015061156297270263,
        "calmar_ratio_2017_2018_3_0_bps": -0.7498226500151571,
        "perc_pos_return_2017_2018_3_0_bps": 0.4883720930232558,
        "profit_loss_ratio_2017_2018_3_0_bps": 0.8276849294566601,
        "sharpe_ratio_2017_3_0_bps": -1.3783130955892935
    },
    "COMB": {
        "annual_return_2017_2018": 0.019915954625344012,
        "annual_volatility_2017_2018": 0.007920274069975648,
        "sharpe_ratio_2017_2018": 2.493883518301786,
        "downside_risk_2017_2018": 0.005064997322139087,
        "sortino_ratio_2017_2018": 3.899753485990662,
        "max_drawdown_2017_2018": 0.005504704380171002,
        "calmar_ratio_2017_2018": 3.6179880425704765,
        "perc_pos_return_2017_2018": 0.562015503875969,
        "profit_loss_ratio_2017_2018": 1.1729556986440905,
        "sharpe_ratio_2017": 2.382535991422644,
        "annual_return_2017_2018_0_5_bps": 0.014647127878554711,
        "annual_volatility_2017_2018_0_5_bps": 0.007922316432908397,
        "sharpe_ratio_2017_2018_0_5_bps": 1.839433464222238,
        "downside_risk_2017_2018_0_5_bps": 0.00522863328494727,
        "sortino_ratio_2017_2018_0_5_bps": 2.7870713371317297,
        "max_drawdown_2017_2018_0_5_bps": 0.006655912599213087,
        "calmar_ratio_2017_2018_0_5_bps": 2.2006190225944984,
        "perc_pos_return_2017_2018_0_5_bps": 0.5581395348837209,
        "profit_loss_ratio_2017_2018_0_5_bps": 1.0702960997721507,
        "sharpe_ratio_2017_0_5_bps": 1.7566076101312276,
        "annual_return_2017_2018_1_0_bps": 0.00940540621610464,
        "annual_volatility_2017_2018_1_0_bps": 0.007925100590733918,
        "sharpe_ratio_2017_2018_1_0_bps": 1.1852098090888445,
        "downside_risk_2017_2018_1_0_bps": 0.005396823777558146,
        "sortino_ratio_2017_2018_1_0_bps": 1.7404509291581063,
        "max_drawdown_2017_2018_1_0_bps": 0.007974233756683486,
        "calmar_ratio_2017_2018_1_0_bps": 1.1794746057226675,
        "perc_pos_return_2017_2018_1_0_bps": 0.5387596899224806,
        "profit_loss_ratio_2017_2018_1_0_bps": 1.039719769677476,
        "sharpe_ratio_2017_1_0_bps": 1.130138096516124,
        "annual_return_2017_2018_1_5_bps": 0.004190650780961036,
        "annual_volatility_2017_2018_1_5_bps": 0.007928625762002558,
        "sharpe_ratio_2017_2018_1_5_bps": 0.531395992436609,
        "downside_risk_2017_2018_1_5_bps": 0.005569481500861156,
        "sortino_ratio_2017_2018_1_5_bps": 0.7564869287753916,
        "max_drawdown_2017_2018_1_5_bps": 0.009290833043643915,
        "calmar_ratio_2017_2018_1_5_bps": 0.45105221041809185,
        "perc_pos_return_2017_2018_1_5_bps": 0.5310077519379846,
        "profit_loss_ratio_2017_2018_1_5_bps": 0.9636889448303793,
        "sharpe_ratio_2017_1_5_bps": 0.5032690441102922,
        "annual_return_2017_2018_2_0_bps": -0.0009972765755542623,
        "annual_volatility_2017_2018_2_0_bps": 0.00793289095885284,
        "sharpe_ratio_2017_2018_2_0_bps": -0.12182532852786827,
        "downside_risk_2017_2018_2_0_bps": 0.00574636686488443,
        "sortino_ratio_2017_2018_2_0_bps": -0.16818053388546397,
        "max_drawdown_2017_2018_2_0_bps": 0.01060673365085705,
        "calmar_ratio_2017_2018_2_0_bps": -0.09402296770916652,
        "perc_pos_return_2017_2018_2_0_bps": 0.5271317829457365,
        "profit_loss_ratio_2017_2018_2_0_bps": 0.8792645487326759,
        "sharpe_ratio_2017_2_0_bps": -0.12385746826658038,
        "annual_return_2017_2018_2_5_bps": -0.006158513297339296,
        "annual_volatility_2017_2018_2_5_bps": 0.007937894988391222,
        "sharpe_ratio_2017_2018_2_5_bps": -0.7742725318138095,
        "downside_risk_2017_2018_2_5_bps": 0.005927285666263243,