{
    "ALL": {
        "annual_return": 0.024862029291668197,
        "annual_volatility": 0.0104360633633018,
        "sharpe_ratio": 2.46138522377434,
        "downside_risk": 0.006752750207176,
        "sortino_ratio": 4.193628412744972,
        "max_drawdown": 0.008365538068918802,
        "calmar_ratio": 5.268011682895562,
        "perc_pos_return": 0.5812922736178545,
        "profit_loss_ratio": 1.120243854702755,
        "annual_return_0_5_bps": 0.019106775371623204,
        "annual_volatility_0_5_bps": 0.010430844744035401,
        "sharpe_ratio_0_5_bps": 1.8944979440514735,
        "downside_risk_0_5_bps": 0.006913937098262,
        "sortino_ratio_0_5_bps": 3.1835631947547745,
        "max_drawdown_0_5_bps": 0.0091781806463542,
        "calmar_ratio_0_5_bps": 3.9184750567183686,
        "perc_pos_return_0_5_bps": 0.5658689561015139,
        "profit_loss_ratio_0_5_bps": 1.081710687396875,
        "annual_return_1_0_bps": 0.0133846911058488,
        "annual_volatility_1_0_bps": 0.010427031248365802,
        "sharpe_ratio_1_0_bps": 1.3269091289724648,
        "downside_risk_1_0_bps": 0.007080123803424601,
        "sortino_ratio_1_0_bps": 2.2295388399670477,
        "max_drawdown_1_0_bps": 0.0101742467228702,
        "calmar_ratio_1_0_bps": 2.7731250900893363,
        "perc_pos_return_1_0_bps": 0.5488624658392097,
        "profit_loss_ratio_1_0_bps": 1.053044343919315,
        "annual_return_1_5_bps": 0.007695581607641401,
        "annual_volatility_1_5_bps": 0.010424622785307,
        "sharpe_ratio_1_5_bps": 0.7588424013683815,
        "downside_risk_1_5_bps": 0.007251420257361802,
        "sortino_ratio_1_5_bps": 1.3286478686834422,
        "max_drawdown_1_5_bps": 0.0114948753679162,
        "calmar_ratio_1_5_bps": 1.606693609554749,
        "perc_pos_return_1_5_bps": 0.5257408545780634,
        "profit_loss_ratio_1_5_bps": 1.045831318258283,
        "annual_return_2_0_bps": 0.002039253151426,
        "annual_volatility_2_0_bps": 0.010423618553896601,
        "sharpe_ratio_2_0_bps": 0.190521540771062,
        "downside_risk_2_0_bps": 0.0074279297817134,
        "sortino_ratio_2_0_bps": 0.47810369828644206,
        "max_drawdown_2_0_bps": 0.013182822252468002,
        "calmar_ratio_2_0_bps": 0.7570711588842706,
        "perc_pos_return_2_0_bps": 0.5087969415876388,
        "profit_loss_ratio_2_0_bps": 1.0146631788016074,
        "annual_return_2_5_bps": -0.0035844868342322007,
        "annual_volatility_2_5_bps": 0.0104240170482562,
        "sharpe_ratio_2_5_bps": -0.37783003490143824,
        "downside_risk_2_5_bps": 0.0076096824530449995,
        "sortino_ratio_2_5_bps": -0.3247492035854872,
        "max_drawdown_2_5_bps": 0.015310287369687602,
        "calmar_ratio_2_5_bps": 0.16452483732738662,
        "perc_pos_return_2_5_bps": 0.49031454403547386,
        "profit_loss_ratio_2_5_bps": 0.9886350134245966,
        "annual_return_3_0_bps": -0.009175829773570001,
        "annual_volatility_3_0_bps": 0.010425816064627603,
        "sharpe_ratio_3_0_bps": -0.9459897816255823,
        "downside_risk_3_0_bps": 0.007796672765526401,
        "sortino_ratio_3_0_bps": -1.0824745911450595,
        "max_drawdown_3_0_bps": 0.017441681650749403,
        "calmar_ratio_3_0_bps": -0.2800348031303822,
        "perc_pos_return_3_0_bps": 0.4764445841190025,
        "profit_loss_ratio_3_0_bps": 0.9506251520177761,
        "annual_return_rescaled": 0.41752198725629286,
        "annual_volatility_rescaled": 0.15000000000000918,
        "downside_risk_rescaled": 0.09705887132099648,
        "max_drawdown_rescaled": 0.11190207779562351,
        "annual_return_rescaled_0_5_bps": 0.30879273867897433,
        "annual_volatility_rescaled_0_5_bps": 0.15000000000000974,
        "downside_risk_rescaled_0_5_bps": 0.09942536680285549,
        "max_drawdown_rescaled_0_5_bps": 0.12225101025654073,
        "annual_return_rescaled_1_0_bps": 0.20849930959271398,
        "annual_volatility_rescaled_1_0_bps": 0.15000000000000768,
        "downside_risk_rescaled_1_0_bps": 0.10185243960788745,
        "max_drawdown_rescaled_1_0_bps": 0.13461760984495644,
        "annual_return_rescaled_1_5_bps": 0.11601858873927662,
        "annual_volatility_rescaled_1_5_bps": 0.15000000000000482,
        "downside_risk_rescaled_1_5_bps": 0.10434075755119239,
        "max_drawdown_rescaled_1_5_bps": 0.1510882019626057,
        "annual_return_rescaled_2_0_bps": 0.030767881975879853,
        "annual_volatility_rescaled_2_0_bps": 0.15000000000000765,
        "downside_risk_rescaled_2_0_bps": 0.1068908519144256,
        "max_drawdown_rescaled_2_0_bps": 0.17175778700982575,
        "annual_return_rescaled_2_5_bps": -0.047796978448180094,
        "annual_volatility_rescaled_2_5_bps": 0.15000000000000743,
        "downside_risk_rescaled_2_5_bps": 0.109502158589404,
        "max_drawdown_rescaled_2_5_bps": 0.19606170356072036,
        "annual_return_rescaled_3_0_bps": -0.120183522854409,
        "annual_volatility_rescaled_3_0_bps": 0.15000000000000474,
        "downside_risk_rescaled_3_0_bps": 0.11217356105071341,
        "max_drawdown_rescaled_3_0_bps": 0.21994770063456065,
        "sharpe_ratio_years": 2.467496155191658,
        "sharpe_ratio_years_0_5_bps": 1.9087093664351513,
        "sharpe_ratio_years_1_0_bps": 1.349377861051615,
        "sharpe_ratio_years_1_5_bps": 0.7896998979327954,
        "sharpe_ratio_years_2_0_bps": 0.2298738489507138,
        "sharpe_ratio_years_2_5_bps": -0.32990223480676245,
        "sharpe_ratio_years_3_0_bps": -0.8894310525747361,
        "sharpe_ratio_years_std": 1.016061766000704,
        "sharpe_ratio_years_std_0_5_bps": 1.040570767785369,
        "sharpe_ratio_years_std_1_0_bps": 1.0857600581805267,
        "sharpe_ratio_years_std_1_5_bps": 1.1490121771948332,
        "sharpe_ratio_years_std_2_0_bps": 1.2273378987155088,
        "sharpe_ratio_years_std_2_5_bps": 1.3178381019350296,
        "sharpe_ratio_years_std_3_0_bps": 1.4179594040248424
    },
    "COMB": {
        "annual_return": 0.024862029291668197,
        "annual_volatility": 0.0104360633633018,
        "sharpe_ratio": 2.46138522377434,
        "downside_risk": 0.006752750207176,
        "sortino_ratio": 4.193628412744972,
        "max_drawdown": 0.008365538068918802,
        "calmar_ratio": 5.268011682895562,
        "perc_pos_return": 0.5812922736178545,
        "profit_loss_ratio": 1.120243854702755,
        "annual_return_0_5_bps": 0.019106775371623204,
        "annual_volatility_0_5_bps": 0.010430844744035401,
        "sharpe_ratio_0_5_bps": 1.8944979440514735,
        "downside_risk_0_5_bps": 0.006913937098262,
        "sortino_ratio_0_5_bps": 3.1835631947547745,
        "max_drawdown_0_5_bps": 0.0091781806463542,
        "calmar_ratio_0_5_bps": 3.9184750567183686,
        "perc_pos_return_0_5_bps": 0.5658689561015139,
        "profit_loss_ratio_0_5_bps": 1.081710687396875,
        "annual_return_1_0_bps": 0.0133846911058488,
        "annual_volatility_1_0_bps": 0.010427031248365802,
        "sharpe_ratio_1_0_bps": 1.3269091289724648,
        "downside_risk_1_0_bps": 0.007080123803424601,
        "sortino_ratio_1_0_bps": 2.2295388399670477,
        "max_drawdown_1_0_bps": 0.0101742467228702,
        "calmar_ratio_1_0_bps": 2.7731250900893363,
        "perc_pos_return_1_0_bps": 0.5488624658392097,
        "profit_loss_ratio_1_0_bps": 1.053044343919315,
        "annual_return_1_5_bps": 0.007695581607641401,
        "annual_volatility_1_5_bps": 0.010424622785307,
        "sharpe_ratio_1_5_bps": 0.7588424013683815,
        "downside_risk_1_5_bps": 0.007251420257361802,
        "sortino_ratio_1_5_bps": 1.3286478686834422,
        "max_drawdown_1_5_bps": 0.0114948753679162,
        "calmar_ratio_1_5_bps": 1.606693609554749,
        "perc_pos_return_1_5_bps": 0.5257408545780634,
        "profit_loss_ratio_1_5_bps": 1.045831318258283,
        "annual_return_2_0_bps": 0.002039253151426,
        "annual_volatility_2_0_bps": 0.010423618553896601,
        "sharpe_ratio_2_0_bps": 0.190521540771062,