{
    "ALL": {
        "performance_sw": 3.9098477190301573,
        "performance_fw": 3.957527759492899,
        "val_loss": 3.006807341873185,
        "annual_return_2019_2020": 0.035843103530111886,
        "annual_volatility_2019_2020": 0.009017905722571997,
        "sharpe_ratio_2019_2020": 3.909847719030157,
        "downside_risk_2019_2020": 0.004893218613621599,
        "sortino_ratio_2019_2020": 7.205612686438155,
        "max_drawdown_2019_2020": 0.0040636659145377885,
        "calmar_ratio_2019_2020": 8.820386390988238,
        "perc_pos_return_2019_2020": 0.5961538461538461,
        "profit_loss_ratio_2019_2020": 1.376032262107998,
        "sharpe_ratio_2019": 3.9657942923097704,
        "annual_return_2019_2020_0_5_bps": 0.02999905170546735,
        "annual_volatility_2019_2020_0_5_bps": 0.009018546100757462,
        "sharpe_ratio_2019_2020_0_5_bps": 3.2821378307095133,
        "downside_risk_2019_2020_0_5_bps": 0.005059692576227945,
        "sortino_ratio_2019_2020_0_5_bps": 5.8501798062523855,
        "max_drawdown_2019_2020_0_5_bps": 0.004601712510489291,
        "calmar_ratio_2019_2020_0_5_bps": 6.519106014790483,
        "perc_pos_return_2019_2020_0_5_bps": 0.5807692307692308,
        "profit_loss_ratio_2019_2020_0_5_bps": 1.3074565176714699,
        "sharpe_ratio_2019_0_5_bps": 3.3440731600687914,
        "annual_return_2019_2020_1_0_bps": 0.024187831712302765,
        "annual_volatility_2019_2020_1_0_bps": 0.009020188254766866,
        "sharpe_ratio_2019_2020_1_0_bps": 2.6542222705948775,
        "downside_risk_2019_2020_1_0_bps": 0.0052317357904183345,
        "sortino_ratio_2019_2020_1_0_bps": 4.576222024554141,
        "max_drawdown_2019_2020_1_0_bps": 0.005139483301492392,
        "calmar_ratio_2019_2020_1_0_bps": 4.706276933574072,
        "perc_pos_return_2019_2020_1_0_bps": 0.5576923076923077,
        "profit_loss_ratio_2019_2020_1_0_bps": 1.2813742000494717,
        "sharpe_ratio_2019_1_0_bps": 2.7225470031744727,
        "annual_return_2019_2020_1_5_bps": 0.018409259884112128,
        "annual_volatility_2019_2020_1_5_bps": 0.009022831637631075,
        "sharpe_ratio_2019_2020_1_5_bps": 2.026310420109695,
        "downside_risk_2019_2020_1_5_bps": 0.00540950185227584,
        "sortino_ratio_2019_2020_1_5_bps": 3.3798043268134528,
        "max_drawdown_2019_2020_1_5_bps": 0.005718493526313748,
        "calmar_ratio_2019_2020_1_5_bps": 3.219249929968723,
        "perc_pos_return_2019_2020_1_5_bps": 0.5461538461538461,
        "profit_loss_ratio_2019_2020_1_5_bps": 1.1976284634375856,
        "sharpe_ratio_2019_1_5_bps": 2.1013898006741956,
        "annual_return_2019_2020_2_0_bps": 0.012663153577445074,
        "annual_volatility_2019_2020_2_0_bps": 0.009026475369727326,
        "sharpe_ratio_2019_2020_2_0_bps": 1.3986113587628783,
        "downside_risk_2019_2020_2_0_bps": 0.005592960870917378,
        "sortino_ratio_2019_2020_2_0_bps": 2.2572178266684824,
        "max_drawdown_2019_2020_2_0_bps": 0.006575744712561875,
        "calmar_ratio_2019_2020_2_0_bps": 1.9257367995527883,
        "perc_pos_return_2019_2020_2_0_bps": 0.5153846153846153,
        "profit_loss_ratio_2019_2020_2_0_bps": 1.2094802877810844,
        "sharpe_ratio_2019_2_0_bps": 1.4807746994429876,
        "annual_return_2019_2020_2_5_bps": 0.006949331166284933,
        "annual_volatility_2019_2020_2_5_bps": 0.009031118240240655,
        "sharpe_ratio_2019_2020_2_5_bps": 0.7713335172738344,
        "downside_risk_2019_2020_2_5_bps": 0.005782179552487816,
        "sortino_ratio_2019_2020_2_5_bps": 1.204736749166418,
        "max_drawdown_2019_2020_2_5_bps": 0.007837572895690306,
        "calmar_ratio_2019_2020_2_5_bps": 0.8866687760066901,
        "perc_pos_return_2019_2020_2_5_bps": 0.49230769230769234,
        "profit_loss_ratio_2019_2020_2_5_bps": 1.1843481234482598,
        "sharpe_ratio_2019_2_5_bps": 0.8608737760644427,
        "annual_return_2019_2020_3_0_bps": 0.0012676120363683818,
        "annual_volatility_2019_2020_3_0_bps": 0.009036758709170922,
        "sharpe_ratio_2019_2020_3_0_bps": 0.14468433369815795,
        "downside_risk_2019_2020_3_0_bps": 0.005977139039501021,
        "sortino_ratio_2019_2020_3_0_bps": 0.21874636075666234,
        "max_drawdown_2019_2020_3_0_bps": 0.00951459907914111,
        "calmar_ratio_2019_2020_3_0_bps": 0.13322810828123827,
        "perc_pos_return_2019_2020_3_0_bps": 0.47692307692307695,
        "profit_loss_ratio_2019_2020_3_0_bps": 1.125545521570419,
        "sharpe_ratio_2019_3_0_bps": 0.2418578026079973
    },
    "COMB": {
        "annual_return_2019_2020": 0.035843103530111886,
        "annual_volatility_2019_2020": 0.009017905722571997,
        "sharpe_ratio_2019_2020": 3.909847719030157,
        "downside_risk_2019_2020": 0.004893218613621599,
        "sortino_ratio_2019_2020": 7.205612686438155,
        "max_drawdown_2019_2020": 0.0040636659145377885,
        "calmar_ratio_2019_2020": 8.820386390988238,
        "perc_pos_return_2019_2020": 0.5961538461538461,
        "profit_loss_ratio_2019_2020": 1.376032262107998,
        "sharpe_ratio_2019": 3.9657942923097704,
        "annual_return_2019_2020_0_5_bps": 0.02999905170546735,
        "annual_volatility_2019_2020_0_5_bps": 0.009018546100757462,
        "sharpe_ratio_2019_2020_0_5_bps": 3.2821378307095133,
        "downside_risk_2019_2020_0_5_bps": 0.005059692576227945,
        "sortino_ratio_2019_2020_0_5_bps": 5.8501798062523855,
        "max_drawdown_2019_2020_0_5_bps": 0.004601712510489291,
        "calmar_ratio_2019_2020_0_5_bps": 6.519106014790483,
        "perc_pos_return_2019_2020_0_5_bps": 0.5807692307692308,
        "profit_loss_ratio_2019_2020_0_5_bps": 1.3074565176714699,
        "sharpe_ratio_2019_0_5_bps": 3.3440731600687914,
        "annual_return_2019_2020_1_0_bps": 0.024187831712302765,
        "annual_volatility_2019_2020_1_0_bps": 0.009020188254766866,
        "sharpe_ratio_2019_2020_1_0_bps": 2.6542222705948775,
        "downside_risk_2019_2020_1_0_bps": 0.0052317357904183345,
        "sortino_ratio_2019_2020_1_0_bps": 4.576222024554141,
        "max_drawdown_2019_2020_1_0_bps": 0.005139483301492392,
        "calmar_ratio_2019_2020_1_0_bps": 4.706276933574072,
        "perc_pos_return_2019_2020_1_0_bps": 0.5576923076923077,
        "profit_loss_ratio_2019_2020_1_0_bps": 1.2813742000494717,
        "sharpe_ratio_2019_1_0_bps": 2.7225470031744727,
        "annual_return_2019_2020_1_5_bps": 0.018409259884112128,
        "annual_volatility_2019_2020_1_5_bps": 0.009022831637631075,
        "sharpe_ratio_2019_2020_1_5_bps": 2.026310420109695,
        "downside_risk_2019_2020_1_5_bps": 0.00540950185227584,
        "sortino_ratio_2019_2020_1_5_bps": 3.3798043268134528,
        "max_drawdown_2019_2020_1_5_bps": 0.005718493526313748,
        "calmar_ratio_2019_2020_1_5_bps": 3.219249929968723,
        "perc_pos_return_2019_2020_1_5_bps": 0.5461538461538461,
        "profit_loss_ratio_2019_2020_1_5_bps": 1.1976284634375856,
        "sharpe_ratio_2019_1_5_bps": 2.1013898006741956,
        "annual_return_2019_2020_2_0_bps": 0.012663153577445074,
        "annual_volatility_2019_2020_2_0_bps": 0.009026475369727326,
        "sharpe_ratio_2019_2020_2_0_bps": 1.3986113587628783,
        "downside_risk_2019_2020_2_0_bps": 0.005592960870917378,
        "sortino_ratio_2019_2020_2_0_bps": 2.2572178266684824,
        "max_drawdown_2019_2020_2_0_bps": 0.006575744712561875,
        "calmar_ratio_2019_2020_2_0_bps": 1.9257367995527883,
        "perc_pos_return_2019_2020_2_0_bps": 0.5153846153846153,
        "profit_loss_ratio_2019_2020_2_0_bps": 1.2094802877810844,
        "sharpe_ratio_2019_2_0_bps": 1.4807746994429876,
        "annual_return_2019_2020_2_5_bps": 0.006949331166284933,
        "annual_volatility_2019_2020_2_5_bps": 0.009031118240240655,
        "sharpe_ratio_2019_2020_2_5_bps": 0.7713335172738344,
        "downside_risk_2019_2020_2_5_bps": 0.005782179552487816,
        "sortino_ratio_2019_2020_2_5_bps": 1.204736749166418,