{
    "ALL": {
        "performance_sw": 2.4429167411628065,
        "performance_fw": 1.6105940704643773,
        "val_loss": 2.8176180623992004,
        "annual_return_2018_2019": 0.017551233238288333,
        "annual_volatility_2018_2019": 0.007132838885852255,
        "sharpe_ratio_2018_2019": 2.4429167411628065,
        "downside_risk_2018_2019": 0.004728309002758069,
        "sortino_ratio_2018_2019": 3.685235359216456,
        "max_drawdown_2018_2019": 0.003919667650146572,
        "calmar_ratio_2018_2019": 4.477735054305439,
        "perc_pos_return_2018_2019": 0.6192307692307693,
        "profit_loss_ratio_2018_2019": 0.9390580147953705,
        "sharpe_ratio_2018": 2.101687600556884,
        "annual_return_2018_2019_0_5_bps": 0.013212134233339556,
        "annual_volatility_2018_2019_0_5_bps": 0.007138222969836314,
        "sharpe_ratio_2018_2019_0_5_bps": 1.8423825561422909,
        "downside_risk_2018_2019_0_5_bps": 0.004853696012840012,
        "sortino_ratio_2018_2019_0_5_bps": 2.709551122832986,
        "max_drawdown_2018_2019_0_5_bps": 0.004276319544631692,
        "calmar_ratio_2018_2019_0_5_bps": 3.089604061493838,
        "perc_pos_return_2018_2019_0_5_bps": 0.6,
        "profit_loss_ratio_2018_2019_0_5_bps": 0.9188713778282676,
        "sharpe_ratio_2018_0_5_bps": 1.5293505851452478,
        "annual_return_2018_2019_1_0_bps": 0.008891460794709927,
        "annual_volatility_2018_2019_1_0_bps": 0.0071442087780873255,
        "sharpe_ratio_2018_2019_1_0_bps": 1.2426489360061141,
        "downside_risk_2018_2019_1_0_bps": 0.0049825466782710435,
        "sortino_ratio_2018_2019_1_0_bps": 1.7817682422147134,
        "max_drawdown_2018_2019_1_0_bps": 0.005108026323579729,
        "calmar_ratio_2018_2019_1_0_bps": 1.7406842156754487,
        "perc_pos_return_2018_2019_1_0_bps": 0.573076923076923,
        "profit_loss_ratio_2018_2019_1_0_bps": 0.9256348504682307,
        "sharpe_ratio_2018_1_0_bps": 0.9574982932856196,
        "annual_return_2018_2019_1_5_bps": 0.0045891350088487215,
        "annual_volatility_2018_2019_1_5_bps": 0.0071507947995261174,
        "sharpe_ratio_2018_2019_1_5_bps": 0.643865405313544,
        "downside_risk_2018_2019_1_5_bps": 0.005115070398590821,
        "sortino_ratio_2018_2019_1_5_bps": 0.9001145699146755,
        "max_drawdown_2018_2019_1_5_bps": 0.006067961142239358,
        "calmar_ratio_2018_2019_1_5_bps": 0.7562894523011264,
        "perc_pos_return_2018_2019_1_5_bps": 0.55,
        "profit_loss_ratio_2018_2019_1_5_bps": 0.91585419085265,
        "sharpe_ratio_2018_1_5_bps": 0.38624360539805336,
        "annual_return_2018_2019_2_0_bps": 0.0003050792902690169,
        "annual_volatility_2018_2019_2_0_bps": 0.007157979377393318,
        "sharpe_ratio_2018_2019_2_0_bps": 0.0461799803684759,
        "downside_risk_2018_2019_2_0_bps": 0.005251353270329911,
        "sortino_ratio_2018_2019_2_0_bps": 0.0629466977576262,
        "max_drawdown_2018_2019_2_0_bps": 0.007026988859944856,
        "calmar_ratio_2018_2019_2_0_bps": 0.04341536557828142,
        "perc_pos_return_2018_2019_2_0_bps": 0.5307692307692308,
        "profit_loss_ratio_2018_2019_2_0_bps": 0.8912517733294195,
        "sharpe_ratio_2018_2_0_bps": -0.18430134546986285,
        "annual_return_2018_2019_2_5_bps": -0.00396078361982366,
        "annual_volatility_2018_2019_2_5_bps": 0.0071657607113044764,
        "sharpe_ratio_2018_2019_2_5_bps": -0.5502610059862174,
        "downside_risk_2018_2019_2_5_bps": 0.005391381176560047,
        "sortino_ratio_2018_2019_2_5_bps": -0.731359658783161,
        "max_drawdown_2018_2019_2_5_bps": 0.008502752026362569,
        "calmar_ratio_2018_2019_2_5_bps": -0.46582372478267625,
        "perc_pos_return_2018_2019_2_5_bps": 0.5115384615384615,
        "profit_loss_ratio_2018_2019_2_5_bps": 0.8668067471783086,
        "sharpe_ratio_2018_2_5_bps": -0.7540252811320849,
        "annual_return_2018_2019_3_0_bps": -0.008208530654893242,
        "annual_volatility_2018_2019_3_0_bps": 0.0071741368594688895,
        "sharpe_ratio_2018_2019_3_0_bps": -1.145313074366425,
        "downside_risk_2018_2019_3_0_bps": 0.0055351037574169525,
        "sortino_ratio_2018_2019_3_0_bps": -1.4844586664583554,
        "max_drawdown_2018_2019_3_0_bps": 0.011683242392633275,
        "calmar_ratio_2018_2019_3_0_bps": -0.702590118310738,
        "perc_pos_return_2018_2019_3_0_bps": 0.47692307692307695,
        "profit_loss_ratio_2018_2019_3_0_bps": 0.8964055012186012,
        "sharpe_ratio_2018_3_0_bps": -1.322817883652225
    },
    "COMB": {
        "annual_return_2018_2019": 0.017551233238288333,
        "annual_volatility_2018_2019": 0.007132838885852255,
        "sharpe_ratio_2018_2019": 2.4429167411628065,
        "downside_risk_2018_2019": 0.004728309002758069,
        "sortino_ratio_2018_2019": 3.685235359216456,
        "max_drawdown_2018_2019": 0.003919667650146572,
        "calmar_ratio_2018_2019": 4.477735054305439,
        "perc_pos_return_2018_2019": 0.6192307692307693,
        "profit_loss_ratio_2018_2019": 0.9390580147953705,
        "sharpe_ratio_2018": 2.101687600556884,
        "annual_return_2018_2019_0_5_bps": 0.013212134233339556,
        "annual_volatility_2018_2019_0_5_bps": 0.007138222969836314,
        "sharpe_ratio_2018_2019_0_5_bps": 1.8423825561422909,
        "downside_risk_2018_2019_0_5_bps": 0.004853696012840012,
        "sortino_ratio_2018_2019_0_5_bps": 2.709551122832986,
        "max_drawdown_2018_2019_0_5_bps": 0.004276319544631692,
        "calmar_ratio_2018_2019_0_5_bps": 3.089604061493838,
        "perc_pos_return_2018_2019_0_5_bps": 0.6,
        "profit_loss_ratio_2018_2019_0_5_bps": 0.9188713778282676,
        "sharpe_ratio_2018_0_5_bps": 1.5293505851452478,
        "annual_return_2018_2019_1_0_bps": 0.008891460794709927,
        "annual_volatility_2018_2019_1_0_bps": 0.0071442087780873255,
        "sharpe_ratio_2018_2019_1_0_bps": 1.2426489360061141,
        "downside_risk_2018_2019_1_0_bps": 0.0049825466782710435,
        "sortino_ratio_2018_2019_1_0_bps": 1.7817682422147134,
        "max_drawdown_2018_2019_1_0_bps": 0.005108026323579729,
        "calmar_ratio_2018_2019_1_0_bps": 1.7406842156754487,
        "perc_pos_return_2018_2019_1_0_bps": 0.573076923076923,
        "profit_loss_ratio_2018_2019_1_0_bps": 0.9256348504682307,
        "sharpe_ratio_2018_1_0_bps": 0.9574982932856196,
        "annual_return_2018_2019_1_5_bps": 0.0045891350088487215,
        "annual_volatility_2018_2019_1_5_bps": 0.0071507947995261174,
        "sharpe_ratio_2018_2019_1_5_bps": 0.643865405313544,
        "downside_risk_2018_2019_1_5_bps": 0.005115070398590821,
        "sortino_ratio_2018_2019_1_5_bps": 0.9001145699146755,
        "max_drawdown_2018_2019_1_5_bps": 0.006067961142239358,
        "calmar_ratio_2018_2019_1_5_bps": 0.7562894523011264,
        "perc_pos_return_2018_2019_1_5_bps": 0.55,
        "profit_loss_ratio_2018_2019_1_5_bps": 0.91585419085265,
        "sharpe_ratio_2018_1_5_bps": 0.38624360539805336,
        "annual_return_2018_2019_2_0_bps": 0.0003050792902690169,
        "annual_volatility_2018_2019_2_0_bps": 0.007157979377393318,
        "sharpe_ratio_2018_2019_2_0_bps": 0.0461799803684759,
        "downside_risk_2018_2019_2_0_bps": 0.005251353270329911,
        "sortino_ratio_2018_2019_2_0_bps": 0.0629466977576262,
        "max_drawdown_2018_2019_2_0_bps": 0.007026988859944856,
        "calmar_ratio_2018_2019_2_0_bps": 0.04341536557828142,
        "perc_pos_return_2018_2019_2_0_bps": 0.5307692307692308,
        "profit_loss_ratio_2018_2019_2_0_bps": 0.8912517733294195,
        "sharpe_ratio_2018_2_0_bps": -0.18430134546986285,
        "annual_return_2018_2019_2_5_bps": -0.00396078361982366,
        "annual_volatility_2018_2019_2_5_bps": 0.0071657607113044764,
        "sharpe_ratio_2018_2019_2_5_bps": -0.5502610059862174,
        "downside_risk_2018_2019_2_5_bps": 0.005391381176560047,
        "sortino_ratio_2018_2019_2_5_bps": -0.731359658783161,