{
    "ALL": {
        "annual_return": 0.0081306057718936,
        "annual_volatility": 0.013521938321406001,
        "sharpe_ratio": 0.8565864593685409,
        "downside_risk": 0.009678170653935201,
        "sortino_ratio": 1.463177605538935,
        "max_drawdown": 0.016823390067821402,
        "calmar_ratio": 1.5434172410364373,
        "perc_pos_return": 0.51966160384765,
        "profit_loss_ratio": 1.0799716956391496,
        "annual_return_0_5_bps": 0.0028632732133138,
        "annual_volatility_0_5_bps": 0.013523051577041001,
        "sharpe_ratio_0_5_bps": 0.429124757280109,
        "downside_risk_0_5_bps": 0.009839789729552201,
        "sortino_ratio_0_5_bps": 0.7750670819933525,
        "max_drawdown_0_5_bps": 0.0179309434516422,
        "calmar_ratio_0_5_bps": 0.8278097670819516,
        "perc_pos_return_0_5_bps": 0.5027027947958176,
        "profit_loss_ratio_0_5_bps": 1.0691538984489923,
        "annual_return_1_0_bps": -0.0023753177221500004,
        "annual_volatility_1_0_bps": 0.013524901991892602,
        "sharpe_ratio_1_0_bps": 0.0018847173623422365,
        "downside_risk_1_0_bps": 0.010005126216559402,
        "sortino_ratio_1_0_bps": 0.12069133268823617,
        "max_drawdown_1_0_bps": 0.019074360807812402,
        "calmar_ratio_1_0_bps": 0.2747537636122766,
        "perc_pos_return_1_0_bps": 0.49191275098251824,
        "profit_loss_ratio_1_0_bps": 1.0324302587724075,
        "annual_return_1_5_bps": -0.007585330360410801,
        "annual_volatility_1_5_bps": 0.0135274889265038,
        "sharpe_ratio_1_5_bps": -0.42504347871569503,
        "downside_risk_1_5_bps": 0.010174062377096402,
        "sortino_ratio_1_5_bps": -0.5015413281978597,
        "max_drawdown_1_5_bps": 0.020352892483668,
        "calmar_ratio_1_5_bps": -0.1585586767319968,
        "perc_pos_return_1_5_bps": 0.4811137280904717,
        "profit_loss_ratio_1_5_bps": 0.9972020167481318,
        "annual_return_2_0_bps": -0.0127669270654864,
        "annual_volatility_2_0_bps": 0.013530811587502203,
        "sharpe_ratio_2_0_bps": -0.851570174655712,
        "downside_risk_2_0_bps": 0.010346538516797201,
        "sortino_ratio_2_0_bps": -1.0932123782684307,
        "max_drawdown_2_0_bps": 0.021782919612768403,
        "calmar_ratio_2_0_bps": -0.5008502971116281,
        "perc_pos_return_2_0_bps": 0.4656904105741311,
        "profit_loss_ratio_2_0_bps": 0.9816262867546938,
        "annual_return_2_5_bps": -0.0179202692453386,
        "annual_volatility_2_5_bps": 0.013534869028797799,
        "sharpe_ratio_2_5_bps": -1.2776063527062216,
        "downside_risk_2_5_bps": 0.010522507272956,
        "sortino_ratio_2_5_bps": -1.655859738587457,
        "max_drawdown_2_5_bps": 0.024674901453209202,
        "calmar_ratio_2_5_bps": -0.7076418359822998,
        "perc_pos_return_2_5_bps": 0.4494739871484055,
        "profit_loss_ratio_2_5_bps": 0.9648752328215213,
        "annual_return_3_0_bps": -0.0230455173576732,
        "annual_volatility_3_0_bps": 0.013539660152974003,
        "sharpe_ratio_3_0_bps": -1.7030637444937688,
        "downside_risk_3_0_bps": 0.0107020233032796,
        "sortino_ratio_3_0_bps": -2.1909250867385572,
        "max_drawdown_3_0_bps": 0.028406932839244402,
        "calmar_ratio_3_0_bps": -0.8170393937047887,
        "perc_pos_return_3_0_bps": 0.4363583158931988,
        "profit_loss_ratio_3_0_bps": 0.9385693549979957,
        "annual_return_rescaled": 0.09526706897518147,
        "annual_volatility_rescaled": 0.15000000000000618,
        "downside_risk_rescaled": 0.10736076171802703,
        "max_drawdown_rescaled": 0.16107233307110574,
        "annual_return_rescaled_0_5_bps": 0.03233998439563048,
        "annual_volatility_rescaled_0_5_bps": 0.1500000000000071,
        "downside_risk_rescaled_0_5_bps": 0.10914462989542453,
        "max_drawdown_rescaled_0_5_bps": 0.17181275232773252,
        "annual_return_rescaled_1_0_bps": -0.026821716352740377,
        "annual_volatility_rescaled_1_0_bps": 0.15000000000000452,
        "downside_risk_rescaled_1_0_bps": 0.11096338689800574,
        "max_drawdown_rescaled_1_0_bps": 0.1827941829589613,
        "annual_return_rescaled_1_5_bps": -0.0824429139809506,
        "annual_volatility_rescaled_1_5_bps": 0.1500000000000051,
        "downside_risk_rescaled_1_5_bps": 0.11281542087049992,
        "max_drawdown_rescaled_1_5_bps": 0.19492617898467177,
        "annual_return_rescaled_2_0_bps": -0.13473562837586145,
        "annual_volatility_rescaled_2_0_bps": 0.15000000000000466,
        "downside_risk_rescaled_2_0_bps": 0.11469975525733685,
        "max_drawdown_rescaled_2_0_bps": 0.20949248853993802,
        "annual_return_rescaled_2_5_bps": -0.18389968188785003,
        "annual_volatility_rescaled_2_5_bps": 0.15000000000000174,
        "downside_risk_rescaled_2_5_bps": 0.11661554224021013,
        "max_drawdown_rescaled_2_5_bps": 0.2371311169758979,
        "annual_return_rescaled_3_0_bps": -0.23012333554997078,
        "annual_volatility_rescaled_3_0_bps": 0.15000000000000338,
        "downside_risk_rescaled_3_0_bps": 0.11856305677948709,
        "max_drawdown_rescaled_3_0_bps": 0.2707390433937725,
        "sharpe_ratio_years": 0.8514577498402488,
        "sharpe_ratio_years_0_5_bps": 0.42248784643581605,
        "sharpe_ratio_years_1_0_bps": -0.006214173875811024,
        "sharpe_ratio_years_1_5_bps": -0.4345693259689038,
        "sharpe_ratio_years_2_0_bps": -0.8624991534385293,
        "sharpe_ratio_years_2_5_bps": -1.2899258127057522,
        "sharpe_ratio_years_3_0_bps": -1.7167721551171244,
        "sharpe_ratio_years_std": 0.9682835497856037,
        "sharpe_ratio_years_std_0_5_bps": 0.8458922768498318,
        "sharpe_ratio_years_std_1_0_bps": 0.7382059244549042,
        "sharpe_ratio_years_std_1_5_bps": 0.6523000230807054,
        "sharpe_ratio_years_std_2_0_bps": 0.597309646032115,
        "sharpe_ratio_years_std_2_5_bps": 0.581658659164866,
        "sharpe_ratio_years_std_3_0_bps": 0.6079431277587827
    },
    "COMB": {
        "annual_return": 0.0081306057718936,
        "annual_volatility": 0.013521938321406001,
        "sharpe_ratio": 0.8565864593685409,
        "downside_risk": 0.009678170653935201,
        "sortino_ratio": 1.463177605538935,
        "max_drawdown": 0.016823390067821402,
        "calmar_ratio": 1.5434172410364373,
        "perc_pos_return": 0.51966160384765,
        "profit_loss_ratio": 1.0799716956391496,
        "annual_return_0_5_bps": 0.0028632732133138,
        "annual_volatility_0_5_bps": 0.013523051577041001,
        "sharpe_ratio_0_5_bps": 0.429124757280109,
        "downside_risk_0_5_bps": 0.009839789729552201,
        "sortino_ratio_0_5_bps": 0.7750670819933525,
        "max_drawdown_0_5_bps": 0.0179309434516422,
        "calmar_ratio_0_5_bps": 0.8278097670819516,
        "perc_pos_return_0_5_bps": 0.5027027947958176,
        "profit_loss_ratio_0_5_bps": 1.0691538984489923,
        "annual_return_1_0_bps": -0.0023753177221500004,
        "annual_volatility_1_0_bps": 0.013524901991892602,
        "sharpe_ratio_1_0_bps": 0.0018847173623422365,
        "downside_risk_1_0_bps": 0.010005126216559402,
        "sortino_ratio_1_0_bps": 0.12069133268823617,
        "max_drawdown_1_0_bps": 0.019074360807812402,
        "calmar_ratio_1_0_bps": 0.2747537636122766,
        "perc_pos_return_1_0_bps": 0.49191275098251824,
        "profit_loss_ratio_1_0_bps": 1.0324302587724075,
        "annual_return_1_5_bps": -0.007585330360410801,
        "annual_volatility_1_5_bps": 0.0135274889265038,
        "sharpe_ratio_1_5_bps": -0.42504347871569503,
        "downside_risk_1_5_bps": 0.010174062377096402,
        "sortino_ratio_1_5_bps": -0.5015413281978597,
        "max_drawdown_1_5_bps": 0.020352892483668,
        "calmar_ratio_1_5_bps": -0.1585586767319968,
        "perc_pos_return_1_5_bps": 0.4811137280904717,
        "profit_loss_ratio_1_5_bps": 0.9972020167481318,
        "annual_return_2_0_bps": -0.0127669270654864,
        "annual_volatility_2_0_bps": 0.013530811587502203,