{
    "ALL": {
        "performance_sw": 1.8630805918322484,
        "performance_fw": 1.5395672038017982,
        "val_loss": 2.7782678772482363,
        "annual_return_2018_2019": 0.012635347336720226,
        "annual_volatility_2018_2019": 0.006751831240476019,
        "sharpe_ratio_2018_2019": 1.8630805918322488,
        "downside_risk_2018_2019": 0.00434140671784933,
        "sortino_ratio_2018_2019": 2.8974953421754237,
        "max_drawdown_2018_2019": 0.005202986610411288,
        "calmar_ratio_2018_2019": 2.428479694996067,
        "perc_pos_return_2018_2019": 0.5384615384615384,
        "profit_loss_ratio_2018_2019": 1.181413253314705,
        "sharpe_ratio_2018": 1.3934297620567924,
        "annual_return_2018_2019_0_5_bps": 0.008425925152955704,
        "annual_volatility_2018_2019_0_5_bps": 0.006752200074654555,
        "sharpe_ratio_2018_2019_0_5_bps": 1.246034354130102,
        "downside_risk_2018_2019_0_5_bps": 0.004474025251112857,
        "sortino_ratio_2018_2019_0_5_bps": 1.88051537189842,
        "max_drawdown_2018_2019_0_5_bps": 0.0053536133179649375,
        "calmar_ratio_2018_2019_0_5_bps": 1.5738763060606404,
        "perc_pos_return_2018_2019_0_5_bps": 0.5230769230769231,
        "profit_loss_ratio_2018_2019_0_5_bps": 1.1299046117433564,
        "sharpe_ratio_2018_0_5_bps": 0.8073100257813353,
        "annual_return_2018_2019_1_0_bps": 0.0042339273840714675,
        "annual_volatility_2018_2019_1_0_bps": 0.006753246301723455,
        "sharpe_ratio_2018_2019_1_0_bps": 0.6289924259710862,
        "downside_risk_2018_2019_1_0_bps": 0.004610088889980671,
        "sortino_ratio_2018_2019_1_0_bps": 0.9214010566549209,
        "max_drawdown_2018_2019_1_0_bps": 0.0055118392634934885,
        "calmar_ratio_2018_2019_1_0_bps": 0.7681514611853792,
        "perc_pos_return_2018_2019_1_0_bps": 0.5115384615384615,
        "profit_loss_ratio_2018_2019_1_0_bps": 1.0641579355727773,
        "sharpe_ratio_2018_1_0_bps": 0.22073853764326573,
        "annual_return_2018_2019_1_5_bps": 5.928220878748114e-05,
        "annual_volatility_2018_2019_1_5_bps": 0.0067549696069336695,
        "sharpe_ratio_2018_2019_1_5_bps": 0.012140438047124391,
        "downside_risk_2018_2019_1_5_bps": 0.004749547815145317,
        "sortino_ratio_2018_2019_1_5_bps": 0.017266546882985172,
        "max_drawdown_2018_2019_1_5_bps": 0.006604784112513607,
        "calmar_ratio_2018_2019_1_5_bps": 0.008975646709657538,
        "perc_pos_return_2018_2019_1_5_bps": 0.4807692307692308,
        "profit_loss_ratio_2018_2019_1_5_bps": 1.0822611537547975,
        "sharpe_ratio_2018_1_5_bps": -0.36615152163375864,
        "annual_return_2018_2019_2_0_bps": -0.00409808189939731,
        "annual_volatility_2018_2019_2_0_bps": 0.006757369472267534,
        "sharpe_ratio_2018_2019_2_0_bps": -0.6043363784109573,
        "downside_risk_2018_2019_2_0_bps": 0.004892638257165268,
        "sortino_ratio_2018_2019_2_0_bps": -0.8346671018390354,
        "max_drawdown_2018_2019_2_0_bps": 0.00769654655032194,
        "calmar_ratio_2018_2019_2_0_bps": -0.5324572355410351,
        "perc_pos_return_2018_2019_2_0_bps": 0.46153846153846156,
        "profit_loss_ratio_2018_2019_2_0_bps": 1.051465406805281,
        "sharpe_ratio_2018_2_0_bps": -0.953226547705398,
        "annual_return_2018_2019_2_5_bps": -0.008238236173405022,
        "annual_volatility_2018_2019_2_5_bps": 0.006760445177216388,
        "sharpe_ratio_2018_2019_2_5_bps": -1.2202534689187066,
        "downside_risk_2018_2019_2_5_bps": 0.0050393863957876464,
        "sortino_ratio_2018_2019_2_5_bps": -1.636996259272487,
        "max_drawdown_2018_2019_2_5_bps": 0.01090557466396319,
        "calmar_ratio_2018_2019_2_5_bps": -0.7554151365014973,
        "perc_pos_return_2018_2019_2_5_bps": 0.4423076923076923,
        "profit_loss_ratio_2018_2019_2_5_bps": 1.0224020716042326,
        "sharpe_ratio_2018_2_5_bps": -1.540352664252691,
        "annual_return_2018_2019_3_0_bps": -0.012361251553782204,
        "annual_volatility_2018_2019_3_0_bps": 0.006764195799859946,
        "sharpe_ratio_2018_2019_3_0_bps": -1.835427230487357,
        "downside_risk_2018_2019_3_0_bps": 0.0051897199314393655,
        "sortino_ratio_2018_2019_3_0_bps": -2.3922657344570437,
        "max_drawdown_2018_2019_3_0_bps": 0.01479982291051064,
        "calmar_ratio_2018_2019_3_0_bps": -0.8352296935258195,
        "perc_pos_return_2018_2019_3_0_bps": 0.4307692307692308,
        "profit_loss_ratio_2018_2019_3_0_bps": 0.9642300257918966,
        "sharpe_ratio_2018_3_0_bps": -2.127395875420248
    },
    "COMB": {
        "annual_return_2018_2019": 0.012635347336720226,
        "annual_volatility_2018_2019": 0.006751831240476019,
        "sharpe_ratio_2018_2019": 1.8630805918322488,
        "downside_risk_2018_2019": 0.00434140671784933,
        "sortino_ratio_2018_2019": 2.8974953421754237,
        "max_drawdown_2018_2019": 0.005202986610411288,
        "calmar_ratio_2018_2019": 2.428479694996067,
        "perc_pos_return_2018_2019": 0.5384615384615384,
        "profit_loss_ratio_2018_2019": 1.181413253314705,
        "sharpe_ratio_2018": 1.3934297620567924,
        "annual_return_2018_2019_0_5_bps": 0.008425925152955704,
        "annual_volatility_2018_2019_0_5_bps": 0.006752200074654555,
        "sharpe_ratio_2018_2019_0_5_bps": 1.246034354130102,
        "downside_risk_2018_2019_0_5_bps": 0.004474025251112857,
        "sortino_ratio_2018_2019_0_5_bps": 1.88051537189842,
        "max_drawdown_2018_2019_0_5_bps": 0.0053536133179649375,
        "calmar_ratio_2018_2019_0_5_bps": 1.5738763060606404,
        "perc_pos_return_2018_2019_0_5_bps": 0.5230769230769231,
        "profit_loss_ratio_2018_2019_0_5_bps": 1.1299046117433564,
        "sharpe_ratio_2018_0_5_bps": 0.8073100257813353,
        "annual_return_2018_2019_1_0_bps": 0.0042339273840714675,
        "annual_volatility_2018_2019_1_0_bps": 0.006753246301723455,
        "sharpe_ratio_2018_2019_1_0_bps": 0.6289924259710862,
        "downside_risk_2018_2019_1_0_bps": 0.004610088889980671,
        "sortino_ratio_2018_2019_1_0_bps": 0.9214010566549209,
        "max_drawdown_2018_2019_1_0_bps": 0.0055118392634934885,
        "calmar_ratio_2018_2019_1_0_bps": 0.7681514611853792,
        "perc_pos_return_2018_2019_1_0_bps": 0.5115384615384615,
        "profit_loss_ratio_2018_2019_1_0_bps": 1.0641579355727773,
        "sharpe_ratio_2018_1_0_bps": 0.22073853764326573,
        "annual_return_2018_2019_1_5_bps": 5.928220878748114e-05,
        "annual_volatility_2018_2019_1_5_bps": 0.0067549696069336695,
        "sharpe_ratio_2018_2019_1_5_bps": 0.012140438047124391,
        "downside_risk_2018_2019_1_5_bps": 0.004749547815145317,
        "sortino_ratio_2018_2019_1_5_bps": 0.017266546882985172,
        "max_drawdown_2018_2019_1_5_bps": 0.006604784112513607,
        "calmar_ratio_2018_2019_1_5_bps": 0.008975646709657538,
        "perc_pos_return_2018_2019_1_5_bps": 0.4807692307692308,
        "profit_loss_ratio_2018_2019_1_5_bps": 1.0822611537547975,
        "sharpe_ratio_2018_1_5_bps": -0.36615152163375864,
        "annual_return_2018_2019_2_0_bps": -0.00409808189939731,
        "annual_volatility_2018_2019_2_0_bps": 0.006757369472267534,
        "sharpe_ratio_2018_2019_2_0_bps": -0.6043363784109573,
        "downside_risk_2018_2019_2_0_bps": 0.004892638257165268,
        "sortino_ratio_2018_2019_2_0_bps": -0.8346671018390354,
        "max_drawdown_2018_2019_2_0_bps": 0.00769654655032194,
        "calmar_ratio_2018_2019_2_0_bps": -0.5324572355410351,
        "perc_pos_return_2018_2019_2_0_bps": 0.46153846153846156,
        "profit_loss_ratio_2018_2019_2_0_bps": 1.051465406805281,
        "sharpe_ratio_2018_2_0_bps": -0.953226547705398,
        "annual_return_2018_2019_2_5_bps": -0.008238236173405022,
        "annual_volatility_2018_2019_2_5_bps": 0.006760445177216388,
        "sharpe_ratio_2018_2019_2_5_bps": -1.2202534689187066,
        "downside_risk_2018_2019_2_5_bps": 0.0050393863957876464,