{
    "ALL": {
        "performance_sw": 1.899773701415009,
        "performance_fw": 2.0433996111760147,
        "val_loss": 3.1550971684495335,
        "annual_return_2020_2021": 0.028753652367785376,
        "annual_volatility_2020_2021": 0.014981537165537507,
        "sharpe_ratio_2020_2021": 1.8997737014150091,
        "downside_risk_2020_2021": 0.011307961656937881,
        "sortino_ratio_2020_2021": 2.5169461285179935,
        "max_drawdown_2020_2021": 0.016853291541729865,
        "calmar_ratio_2020_2021": 1.7061149328954186,
        "perc_pos_return_2020_2021": 0.6384615384615384,
        "profit_loss_ratio_2020_2021": 0.8313092696569971,
        "sharpe_ratio_2020": 1.916828536924906,
        "annual_return_2020_2021_0_5_bps": 0.02420379504188097,
        "annual_volatility_2020_2021_0_5_bps": 0.014987958026721378,
        "sharpe_ratio_2020_2021_0_5_bps": 1.603198412210427,
        "downside_risk_2020_2021_0_5_bps": 0.011406710656931203,
        "sortino_ratio_2020_2021_0_5_bps": 2.1065380926547297,
        "max_drawdown_2020_2021_0_5_bps": 0.017664523971125785,
        "calmar_ratio_2020_2021_0_5_bps": 1.3701923177462465,
        "perc_pos_return_2020_2021_0_5_bps": 0.6384615384615384,
        "profit_loss_ratio_2020_2021_0_5_bps": 0.7840704761963858,
        "sharpe_ratio_2020_0_5_bps": 1.6139195673720563,
        "annual_return_2020_2021_1_0_bps": 0.019673963571360975,
        "annual_volatility_2020_2021_1_0_bps": 0.014995508436011828,
        "sharpe_ratio_2020_2021_1_0_bps": 1.306778679175244,
        "downside_risk_2020_2021_1_0_bps": 0.011507817846547256,
        "sortino_ratio_2020_2021_1_0_bps": 1.7028259370174323,
        "max_drawdown_2020_2021_1_0_bps": 0.018475438809202934,
        "calmar_ratio_2020_2021_1_0_bps": 1.0648712474185476,
        "perc_pos_return_2020_2021_1_0_bps": 0.6269230769230769,
        "profit_loss_ratio_2020_2021_1_0_bps": 0.7768637438406334,
        "sharpe_ratio_2020_1_0_bps": 1.3111390013140871,
        "annual_return_2020_2021_1_5_bps": 0.015164070238997907,
        "annual_volatility_2020_2021_1_5_bps": 0.015004186688174798,
        "sharpe_ratio_2020_2021_1_5_bps": 1.0105813277023281,
        "downside_risk_2020_2021_1_5_bps": 0.011611397152074243,
        "sortino_ratio_2020_2021_1_5_bps": 1.3058679076979633,
        "max_drawdown_2020_2021_1_5_bps": 0.019285700206063454,
        "calmar_ratio_2020_2021_1_5_bps": 0.7862856975361621,
        "perc_pos_return_2020_2021_1_5_bps": 0.6038461538461538,
        "profit_loss_ratio_2020_2021_1_5_bps": 0.8068111811499796,
        "sharpe_ratio_2020_1_5_bps": 1.0085595247535546,
        "annual_return_2020_2021_2_0_bps": 0.010674027709949963,
        "annual_volatility_2020_2021_2_0_bps": 0.01501399082749359,
        "sharpe_ratio_2020_2021_2_0_bps": 0.714672815813693,
        "downside_risk_2020_2021_2_0_bps": 0.011717868142654546,
        "sortino_ratio_2020_2021_2_0_bps": 0.9157033489928849,
        "max_drawdown_2020_2021_2_0_bps": 0.02009530867540896,
        "calmar_ratio_2020_2021_2_0_bps": 0.5311701294248835,
        "perc_pos_return_2020_2021_2_0_bps": 0.5923076923076923,
        "profit_loss_ratio_2020_2021_2_0_bps": 0.7969876365293761,
        "sharpe_ratio_2020_2_0_bps": 0.706253458576616,
        "annual_return_2020_2021_2_5_bps": 0.00620374903005394,
        "annual_volatility_2020_2021_2_5_bps": 0.015024918649958856,
        "sharpe_ratio_2020_2021_2_5_bps": 0.4191191609652789,
        "downside_risk_2020_2021_2_5_bps": 0.011827433562182275,
        "sortino_ratio_2020_2021_2_5_bps": 0.532425844122047,
        "max_drawdown_2020_2021_2_5_bps": 0.020904264730549457,
        "calmar_ratio_2020_2021_2_5_bps": 0.2967695400923521,
        "perc_pos_return_2020_2021_2_5_bps": 0.573076923076923,
        "profit_loss_ratio_2020_2021_2_5_bps": 0.8119723643018322,
        "sharpe_ratio_2020_2_5_bps": 0.40429267344416514,
        "annual_return_2020_2021_3_0_bps": 0.0017531476242094168,
        "annual_volatility_2020_2021_3_0_bps": 0.015036967705726483,
        "sharpe_ratio_2020_2021_3_0_bps": 0.12398586812744467,
        "downside_risk_2020_2021_3_0_bps": 0.011940214761839417,
        "sortino_ratio_2020_2021_3_0_bps": 0.15614220784012406,
        "max_drawdown_2020_2021_3_0_bps": 0.021858575565229636,
        "calmar_ratio_2020_2021_3_0_bps": 0.08020411114977423,
        "perc_pos_return_2020_2021_3_0_bps": 0.5576923076923077,
        "profit_loss_ratio_2020_2021_3_0_bps": 0.8136007244670376,
        "sharpe_ratio_2020_3_0_bps": 0.1027485060777045
    },
    "COMB": {
        "annual_return_2020_2021": 0.028753652367785376,
        "annual_volatility_2020_2021": 0.014981537165537507,
        "sharpe_ratio_2020_2021": 1.8997737014150091,
        "downside_risk_2020_2021": 0.011307961656937881,
        "sortino_ratio_2020_2021": 2.5169461285179935,
        "max_drawdown_2020_2021": 0.016853291541729865,
        "calmar_ratio_2020_2021": 1.7061149328954186,
        "perc_pos_return_2020_2021": 0.6384615384615384,
        "profit_loss_ratio_2020_2021": 0.8313092696569971,
        "sharpe_ratio_2020": 1.916828536924906,
        "annual_return_2020_2021_0_5_bps": 0.02420379504188097,
        "annual_volatility_2020_2021_0_5_bps": 0.014987958026721378,
        "sharpe_ratio_2020_2021_0_5_bps": 1.603198412210427,
        "downside_risk_2020_2021_0_5_bps": 0.011406710656931203,
        "sortino_ratio_2020_2021_0_5_bps": 2.1065380926547297,
        "max_drawdown_2020_2021_0_5_bps": 0.017664523971125785,
        "calmar_ratio_2020_2021_0_5_bps": 1.3701923177462465,
        "perc_pos_return_2020_2021_0_5_bps": 0.6384615384615384,
        "profit_loss_ratio_2020_2021_0_5_bps": 0.7840704761963858,
        "sharpe_ratio_2020_0_5_bps": 1.6139195673720563,
        "annual_return_2020_2021_1_0_bps": 0.019673963571360975,
        "annual_volatility_2020_2021_1_0_bps": 0.014995508436011828,
        "sharpe_ratio_2020_2021_1_0_bps": 1.306778679175244,
        "downside_risk_2020_2021_1_0_bps": 0.011507817846547256,
        "sortino_ratio_2020_2021_1_0_bps": 1.7028259370174323,
        "max_drawdown_2020_2021_1_0_bps": 0.018475438809202934,
        "calmar_ratio_2020_2021_1_0_bps": 1.0648712474185476,
        "perc_pos_return_2020_2021_1_0_bps": 0.6269230769230769,
        "profit_loss_ratio_2020_2021_1_0_bps": 0.7768637438406334,
        "sharpe_ratio_2020_1_0_bps": 1.3111390013140871,
        "annual_return_2020_2021_1_5_bps": 0.015164070238997907,
        "annual_volatility_2020_2021_1_5_bps": 0.015004186688174798,
        "sharpe_ratio_2020_2021_1_5_bps": 1.0105813277023281,
        "downside_risk_2020_2021_1_5_bps": 0.011611397152074243,
        "sortino_ratio_2020_2021_1_5_bps": 1.3058679076979633,
        "max_drawdown_2020_2021_1_5_bps": 0.019285700206063454,
        "calmar_ratio_2020_2021_1_5_bps": 0.7862856975361621,
        "perc_pos_return_2020_2021_1_5_bps": 0.6038461538461538,
        "profit_loss_ratio_2020_2021_1_5_bps": 0.8068111811499796,
        "sharpe_ratio_2020_1_5_bps": 1.0085595247535546,
        "annual_return_2020_2021_2_0_bps": 0.010674027709949963,
        "annual_volatility_2020_2021_2_0_bps": 0.01501399082749359,
        "sharpe_ratio_2020_2021_2_0_bps": 0.714672815813693,
        "downside_risk_2020_2021_2_0_bps": 0.011717868142654546,
        "sortino_ratio_2020_2021_2_0_bps": 0.9157033489928849,
        "max_drawdown_2020_2021_2_0_bps": 0.02009530867540896,
        "calmar_ratio_2020_2021_2_0_bps": 0.5311701294248835,
        "perc_pos_return_2020_2021_2_0_bps": 0.5923076923076923,
        "profit_loss_ratio_2020_2021_2_0_bps": 0.7969876365293761,
        "sharpe_ratio_2020_2_0_bps": 0.706253458576616,
        "annual_return_2020_2021_2_5_bps": 0.00620374903005394,
        "annual_volatility_2020_2021_2_5_bps": 0.015024918649958856,
        "sharpe_ratio_2020_2021_2_5_bps": 0.4191191609652789,
        "downside_risk_2020_2021_2_5_bps": 0.011827433562182275,
        "sortino_ratio_2020_2021_2_5_bps": 0.532425844122047,