{
    "ALL": {
        "performance_sw": 3.349450208349817,
        "performance_fw": 3.475655509474872,
        "val_loss": 3.747558800674943,
        "annual_return_2019_2020": 0.03637802984574834,
        "annual_volatility_2019_2020": 0.0106857369484543,
        "sharpe_ratio_2019_2020": 3.3494502083498165,
        "downside_risk_2019_2020": 0.005759976229474276,
        "sortino_ratio_2019_2020": 6.213800616958158,
        "max_drawdown_2019_2020": 0.005487384274041756,
        "calmar_ratio_2019_2020": 6.629393537798283,
        "perc_pos_return_2019_2020": 0.5769230769230769,
        "profit_loss_ratio_2019_2020": 1.3144685932399838,
        "sharpe_ratio_2019": 3.3303630699227416,
        "annual_return_2019_2020_0_5_bps": 0.028746007904820958,
        "annual_volatility_2019_2020_0_5_bps": 0.010679585132222644,
        "sharpe_ratio_2019_2020_0_5_bps": 2.6591821209817206,
        "downside_risk_2019_2020_0_5_bps": 0.005990612480372773,
        "sortino_ratio_2019_2020_0_5_bps": 4.7405773510059355,
        "max_drawdown_2019_2020_0_5_bps": 0.005956770051019861,
        "calmar_ratio_2019_2020_0_5_bps": 4.8257709561743685,
        "perc_pos_return_2019_2020_0_5_bps": 0.5615384615384615,
        "profit_loss_ratio_2019_2020_0_5_bps": 1.2399049769798112,
        "sharpe_ratio_2019_0_5_bps": 2.6797228647486278,
        "annual_return_2019_2020_1_0_bps": 0.021169955166917775,
        "annual_volatility_2019_2020_1_0_bps": 0.010674590724169323,
        "sharpe_ratio_2019_2020_1_0_bps": 1.9679049418056662,
        "downside_risk_2019_2020_1_0_bps": 0.006228647905691675,
        "sortino_ratio_2019_2020_1_0_bps": 3.3725746190678296,
        "max_drawdown_2019_2020_1_0_bps": 0.0067678269092706165,
        "calmar_ratio_2019_2020_1_0_bps": 3.1280284573943553,
        "perc_pos_return_2019_2020_1_0_bps": 0.5384615384615384,
        "profit_loss_ratio_2019_2020_1_0_bps": 1.2060371337399403,
        "sharpe_ratio_2019_1_0_bps": 2.02925492223863,
        "annual_return_2019_2020_1_5_bps": 0.013649462899148368,
        "annual_volatility_2019_2020_1_5_bps": 0.010670755349456471,
        "sharpe_ratio_2019_2020_1_5_bps": 1.2758419986900238,
        "downside_risk_2019_2020_1_5_bps": 0.006474151173792728,
        "sortino_ratio_2019_2020_1_5_bps": 2.1028544850316266,
        "max_drawdown_2019_2020_1_5_bps": 0.008337466968682164,
        "calmar_ratio_2019_2020_1_5_bps": 1.6371234753216453,
        "perc_pos_return_2019_2020_1_5_bps": 0.5038461538461538,
        "profit_loss_ratio_2019_2020_1_5_bps": 1.2280579492000674,
        "sharpe_ratio_2019_1_5_bps": 1.3791134781324965,
        "annual_return_2019_2020_2_0_bps": 0.006184125341001545,
        "annual_volatility_2019_2020_2_0_bps": 0.010668080258166759,
        "sharpe_ratio_2019_2020_2_0_bps": 0.5832179433180477,
        "downside_risk_2019_2020_2_0_bps": 0.006727350648305278,
        "sortino_ratio_2019_2020_2_0_bps": 0.9248538024232842,
        "max_drawdown_2019_2020_2_0_bps": 0.010252940547900855,
        "calmar_ratio_2019_2020_2_0_bps": 0.6031562664495951,
        "perc_pos_return_2019_2020_2_0_bps": 0.49230769230769234,
        "profit_loss_ratio_2019_2020_2_0_bps": 1.1403714318799505,
        "sharpe_ratio_2019_2_0_bps": 0.7294521899273462,
        "annual_return_2019_2020_2_5_bps": -0.0012264603171929789,
        "annual_volatility_2019_2020_2_5_bps": 0.010666566323270206,
        "sharpe_ratio_2019_2020_2_5_bps": -0.10974161154272669,
        "downside_risk_2019_2020_2_5_bps": 0.006988045926023245,
        "sortino_ratio_2019_2020_2_5_bps": -0.16750980035547572,
        "max_drawdown_2019_2020_2_5_bps": 0.012164775704204834,
        "calmar_ratio_2019_2020_2_5_bps": -0.10082062727790737,
        "perc_pos_return_2019_2020_2_5_bps": 0.47307692307692306,
        "profit_loss_ratio_2019_2020_2_5_bps": 1.0929938652818567,
        "sharpe_ratio_2019_2_5_bps": 0.0804239569301401,
        "annual_return_2019_2020_3_0_bps": -0.008582693955609288,
        "annual_volatility_2019_2020_3_0_bps": 0.010666214039201453,
        "sharpe_ratio_2019_2020_3_0_bps": -0.8028104584939549,
        "downside_risk_2019_2020_3_0_bps": 0.007255981041066912,
        "sortino_ratio_2019_2020_3_0_bps": -1.1801227338856015,
        "max_drawdown_2019_2020_3_0_bps": 0.01416622709772323,
        "calmar_ratio_2019_2020_3_0_bps": -0.6058560191364349,
        "perc_pos_return_2019_2020_3_0_bps": 0.45,
        "profit_loss_ratio_2019_2020_3_0_bps": 1.065017881093211,
        "sharpe_ratio_2019_3_0_bps": -0.5678192573828645
    },
    "COMB": {
        "annual_return_2019_2020": 0.03637802984574834,
        "annual_volatility_2019_2020": 0.0106857369484543,
        "sharpe_ratio_2019_2020": 3.3494502083498165,
        "downside_risk_2019_2020": 0.005759976229474276,
        "sortino_ratio_2019_2020": 6.213800616958158,
        "max_drawdown_2019_2020": 0.005487384274041756,
        "calmar_ratio_2019_2020": 6.629393537798283,
        "perc_pos_return_2019_2020": 0.5769230769230769,
        "profit_loss_ratio_2019_2020": 1.3144685932399838,
        "sharpe_ratio_2019": 3.3303630699227416,
        "annual_return_2019_2020_0_5_bps": 0.028746007904820958,
        "annual_volatility_2019_2020_0_5_bps": 0.010679585132222644,
        "sharpe_ratio_2019_2020_0_5_bps": 2.6591821209817206,
        "downside_risk_2019_2020_0_5_bps": 0.005990612480372773,
        "sortino_ratio_2019_2020_0_5_bps": 4.7405773510059355,
        "max_drawdown_2019_2020_0_5_bps": 0.005956770051019861,
        "calmar_ratio_2019_2020_0_5_bps": 4.8257709561743685,
        "perc_pos_return_2019_2020_0_5_bps": 0.5615384615384615,
        "profit_loss_ratio_2019_2020_0_5_bps": 1.2399049769798112,
        "sharpe_ratio_2019_0_5_bps": 2.6797228647486278,
        "annual_return_2019_2020_1_0_bps": 0.021169955166917775,
        "annual_volatility_2019_2020_1_0_bps": 0.010674590724169323,
        "sharpe_ratio_2019_2020_1_0_bps": 1.9679049418056662,
        "downside_risk_2019_2020_1_0_bps": 0.006228647905691675,
        "sortino_ratio_2019_2020_1_0_bps": 3.3725746190678296,
        "max_drawdown_2019_2020_1_0_bps": 0.0067678269092706165,
        "calmar_ratio_2019_2020_1_0_bps": 3.1280284573943553,
        "perc_pos_return_2019_2020_1_0_bps": 0.5384615384615384,
        "profit_loss_ratio_2019_2020_1_0_bps": 1.2060371337399403,
        "sharpe_ratio_2019_1_0_bps": 2.02925492223863,
        "annual_return_2019_2020_1_5_bps": 0.013649462899148368,
        "annual_volatility_2019_2020_1_5_bps": 0.010670755349456471,
        "sharpe_ratio_2019_2020_1_5_bps": 1.2758419986900238,
        "downside_risk_2019_2020_1_5_bps": 0.006474151173792728,
        "sortino_ratio_2019_2020_1_5_bps": 2.1028544850316266,
        "max_drawdown_2019_2020_1_5_bps": 0.008337466968682164,
        "calmar_ratio_2019_2020_1_5_bps": 1.6371234753216453,
        "perc_pos_return_2019_2020_1_5_bps": 0.5038461538461538,
        "profit_loss_ratio_2019_2020_1_5_bps": 1.2280579492000674,
        "sharpe_ratio_2019_1_5_bps": 1.3791134781324965,
        "annual_return_2019_2020_2_0_bps": 0.006184125341001545,
        "annual_volatility_2019_2020_2_0_bps": 0.010668080258166759,
        "sharpe_ratio_2019_2020_2_0_bps": 0.5832179433180477,
        "downside_risk_2019_2020_2_0_bps": 0.006727350648305278,
        "sortino_ratio_2019_2020_2_0_bps": 0.9248538024232842,
        "max_drawdown_2019_2020_2_0_bps": 0.010252940547900855,
        "calmar_ratio_2019_2020_2_0_bps": 0.6031562664495951,
        "perc_pos_return_2019_2020_2_0_bps": 0.49230769230769234,
        "profit_loss_ratio_2019_2020_2_0_bps": 1.1403714318799505,
        "sharpe_ratio_2019_2_0_bps": 0.7294521899273462,
        "annual_return_2019_2020_2_5_bps": -0.0012264603171929789,
        "annual_volatility_2019_2020_2_5_bps": 0.010666566323270206,
        "sharpe_ratio_2019_2020_2_5_bps": -0.10974161154272669,
        "downside_risk_2019_2020_2_5_bps": 0.006988045926023245,
        "sortino_ratio_2019_2020_2_5_bps": -0.16750980035547572,