{
    "ALL": {
        "performance_sw": 1.6526987718167443,
        "performance_fw": 1.9395440096517524,
        "val_loss": 3.470071782412204,
        "annual_return_2017_2018": 0.01614304384248011,
        "annual_volatility_2017_2018": 0.009718455608684886,
        "sharpe_ratio_2017_2018": 1.6526987718167445,
        "downside_risk_2017_2018": 0.006449995939935145,
        "sortino_ratio_2017_2018": 2.490184458719297,
        "max_drawdown_2017_2018": 0.007771844987087226,
        "calmar_ratio_2017_2018": 2.07711860816852,
        "perc_pos_return_2017_2018": 0.5542635658914729,
        "profit_loss_ratio_2017_2018": 1.0524286841398067,
        "sharpe_ratio_2017": 1.8202901185671767,
        "annual_return_2017_2018_0_5_bps": 0.009099426933486976,
        "annual_volatility_2017_2018_0_5_bps": 0.009727169852487541,
        "sharpe_ratio_2017_2018_0_5_bps": 0.9360960617249802,
        "downside_risk_2017_2018_0_5_bps": 0.006680338286957188,
        "sortino_ratio_2017_2018_0_5_bps": 1.3630395646911193,
        "max_drawdown_2017_2018_0_5_bps": 0.009534680065291618,
        "calmar_ratio_2017_2018_0_5_bps": 0.9543505257833389,
        "perc_pos_return_2017_2018_0_5_bps": 0.5387596899224806,
        "profit_loss_ratio_2017_2018_0_5_bps": 0.996931363685086,
        "sharpe_ratio_2017_0_5_bps": 1.1032705664609292,
        "annual_return_2017_2018_1_0_bps": 0.002104429473852365,
        "annual_volatility_2017_2018_1_0_bps": 0.009737162757368236,
        "sharpe_ratio_2017_2018_1_0_bps": 0.2207471710618685,
        "downside_risk_2017_2018_1_0_bps": 0.006917770765112985,
        "sortino_ratio_2017_2018_1_0_bps": 0.31071442027219515,
        "max_drawdown_2017_2018_1_0_bps": 0.011936422342841223,
        "calmar_ratio_2017_2018_1_0_bps": 0.17630320152960072,
        "perc_pos_return_2017_2018_1_0_bps": 0.5310077519379846,
        "profit_loss_ratio_2017_2018_1_0_bps": 0.9155197623790026,
        "sharpe_ratio_2017_1_0_bps": 0.38741094429108,
        "annual_return_2017_2018_1_5_bps": -0.00484228272440812,
        "annual_volatility_2017_2018_1_5_bps": 0.009748430391144418,
        "sharpe_ratio_2017_2018_1_5_bps": -0.4930704669434715,
        "downside_risk_2017_2018_1_5_bps": 0.007161885891316196,
        "sortino_ratio_2017_2018_1_5_bps": -0.6711448908667474,
        "max_drawdown_2017_2018_1_5_bps": 0.014619158423201517,
        "calmar_ratio_2017_2018_1_5_bps": -0.3312285553129457,
        "perc_pos_return_2017_2018_1_5_bps": 0.5077519379844961,
        "profit_loss_ratio_2017_2018_1_5_bps": 0.8946074392791719,
        "sharpe_ratio_2017_1_5_bps": -0.3270412424106369,
        "annual_return_2017_2018_2_0_bps": -0.011741041561934895,
        "annual_volatility_2017_2018_2_0_bps": 0.00976096833934369,
        "sharpe_ratio_2017_2018_2_0_bps": -1.2050830382576498,
        "downside_risk_2017_2018_2_0_bps": 0.0074124944549622315,
        "sortino_ratio_2017_2018_2_0_bps": -1.586885151035564,
        "max_drawdown_2017_2018_2_0_bps": 0.01751324539607388,
        "calmar_ratio_2017_2018_2_0_bps": -0.6704092414857045,
        "perc_pos_return_2017_2018_2_0_bps": 0.4844961240310077,
        "profit_loss_ratio_2017_2018_2_0_bps": 0.8740054349368555,
        "sharpe_ratio_2017_2_0_bps": -1.0398414726158798,
        "annual_return_2017_2018_2_5_bps": -0.018592176667618587,
        "annual_volatility_2017_2018_2_5_bps": 0.0097747717137294,
        "sharpe_ratio_2017_2018_2_5_bps": -1.9150208504825192,
        "downside_risk_2017_2018_2_5_bps": 0.007669481210455982,
        "sortino_ratio_2017_2018_2_5_bps": -2.440698546203966,
        "max_drawdown_2017_2018_2_5_bps": 0.020398912050708155,
        "calmar_ratio_2017_2018_2_5_bps": -0.9114298165216685,
        "perc_pos_return_2017_2018_2_5_bps": 0.4728682170542636,
        "profit_loss_ratio_2017_2018_2_5_bps": 0.8151320539673841,
        "sharpe_ratio_2017_2_5_bps": -1.7507486107921784,
        "annual_return_2017_2018_3_0_bps": -0.025396015414077433,
        "annual_volatility_2017_2018_3_0_bps": 0.009789835161663938,
        "sharpe_ratio_2017_2018_3_0_bps": -2.6226188157717867,
        "downside_risk_2017_2018_3_0_bps": 0.007932734759951324,
        "sortino_ratio_2017_2018_3_0_bps": -3.2365894833526,
        "max_drawdown_2017_2018_3_0_bps": 0.027143763408763056,
        "calmar_ratio_2017_2018_3_0_bps": -0.9356114342596509,
        "perc_pos_return_2017_2018_3_0_bps": 0.4573643410852713,
        "profit_loss_ratio_2017_2018_3_0_bps": 0.7722494317590565,
        "sharpe_ratio_2017_3_0_bps": -2.4595252935540355
    },
    "COMB": {
        "annual_return_2017_2018": 0.01614304384248011,
        "annual_volatility_2017_2018": 0.009718455608684886,
        "sharpe_ratio_2017_2018": 1.6526987718167445,
        "downside_risk_2017_2018": 0.006449995939935145,
        "sortino_ratio_2017_2018": 2.490184458719297,
        "max_drawdown_2017_2018": 0.007771844987087226,
        "calmar_ratio_2017_2018": 2.07711860816852,
        "perc_pos_return_2017_2018": 0.5542635658914729,
        "profit_loss_ratio_2017_2018": 1.0524286841398067,
        "sharpe_ratio_2017": 1.8202901185671767,
        "annual_return_2017_2018_0_5_bps": 0.009099426933486976,
        "annual_volatility_2017_2018_0_5_bps": 0.009727169852487541,
        "sharpe_ratio_2017_2018_0_5_bps": 0.9360960617249802,
        "downside_risk_2017_2018_0_5_bps": 0.006680338286957188,
        "sortino_ratio_2017_2018_0_5_bps": 1.3630395646911193,
        "max_drawdown_2017_2018_0_5_bps": 0.009534680065291618,
        "calmar_ratio_2017_2018_0_5_bps": 0.9543505257833389,
        "perc_pos_return_2017_2018_0_5_bps": 0.5387596899224806,
        "profit_loss_ratio_2017_2018_0_5_bps": 0.996931363685086,
        "sharpe_ratio_2017_0_5_bps": 1.1032705664609292,
        "annual_return_2017_2018_1_0_bps": 0.002104429473852365,
        "annual_volatility_2017_2018_1_0_bps": 0.009737162757368236,
        "sharpe_ratio_2017_2018_1_0_bps": 0.2207471710618685,
        "downside_risk_2017_2018_1_0_bps": 0.006917770765112985,
        "sortino_ratio_2017_2018_1_0_bps": 0.31071442027219515,
        "max_drawdown_2017_2018_1_0_bps": 0.011936422342841223,
        "calmar_ratio_2017_2018_1_0_bps": 0.17630320152960072,
        "perc_pos_return_2017_2018_1_0_bps": 0.5310077519379846,
        "profit_loss_ratio_2017_2018_1_0_bps": 0.9155197623790026,
        "sharpe_ratio_2017_1_0_bps": 0.38741094429108,
        "annual_return_2017_2018_1_5_bps": -0.00484228272440812,
        "annual_volatility_2017_2018_1_5_bps": 0.009748430391144418,
        "sharpe_ratio_2017_2018_1_5_bps": -0.4930704669434715,
        "downside_risk_2017_2018_1_5_bps": 0.007161885891316196,
        "sortino_ratio_2017_2018_1_5_bps": -0.6711448908667474,
        "max_drawdown_2017_2018_1_5_bps": 0.014619158423201517,
        "calmar_ratio_2017_2018_1_5_bps": -0.3312285553129457,
        "perc_pos_return_2017_2018_1_5_bps": 0.5077519379844961,
        "profit_loss_ratio_2017_2018_1_5_bps": 0.8946074392791719,
        "sharpe_ratio_2017_1_5_bps": -0.3270412424106369,
        "annual_return_2017_2018_2_0_bps": -0.011741041561934895,
        "annual_volatility_2017_2018_2_0_bps": 0.00976096833934369,
        "sharpe_ratio_2017_2018_2_0_bps": -1.2050830382576498,
        "downside_risk_2017_2018_2_0_bps": 0.0074124944549622315,
        "sortino_ratio_2017_2018_2_0_bps": -1.586885151035564,
        "max_drawdown_2017_2018_2_0_bps": 0.01751324539607388,
        "calmar_ratio_2017_2018_2_0_bps": -0.6704092414857045,
        "perc_pos_return_2017_2018_2_0_bps": 0.4844961240310077,
        "profit_loss_ratio_2017_2018_2_0_bps": 0.8740054349368555,
        "sharpe_ratio_2017_2_0_bps": -1.0398414726158798,
        "annual_return_2017_2018_2_5_bps": -0.018592176667618587,
        "annual_volatility_2017_2018_2_5_bps": 0.0097747717137294,
        "sharpe_ratio_2017_2018_2_5_bps": -1.9150208504825192,
        "downside_risk_2017_2018_2_5_bps": 0.007669481210455982,