{
    "ALL": {
        "performance_sw": 3.708094738191387,
        "performance_fw": 2.537989161046793,
        "val_loss": 2.228388135194879,
        "annual_return_2018_2019": 0.04740904687838032,
        "annual_volatility_2018_2019": 0.012513644031297505,
        "sharpe_ratio_2018_2019": 3.7080947381913885,
        "downside_risk_2018_2019": 0.007408403546314922,
        "sortino_ratio_2018_2019": 6.263397680480764,
        "max_drawdown_2018_2019": 0.0060073322313255965,
        "calmar_ratio_2018_2019": 7.891863651416346,
        "perc_pos_return_2018_2019": 0.6153846153846154,
        "profit_loss_ratio_2018_2019": 1.1919160393358725,
        "sharpe_ratio_2018": 3.260966680986835,
        "annual_return_2018_2019_0_5_bps": 0.0404695323383395,
        "annual_volatility_2018_2019_0_5_bps": 0.01251251392500337,
        "sharpe_ratio_2018_2019_0_5_bps": 3.1770734459527556,
        "downside_risk_2018_2019_0_5_bps": 0.007594705746376348,
        "sortino_ratio_2018_2019_0_5_bps": 5.234327314420268,
        "max_drawdown_2018_2019_0_5_bps": 0.0061049956608792005,
        "calmar_ratio_2018_2019_0_5_bps": 6.628920737432817,
        "perc_pos_return_2018_2019_0_5_bps": 0.5961538461538461,
        "profit_loss_ratio_2018_2019_0_5_bps": 1.1784800608591164,
        "sharpe_ratio_2018_0_5_bps": 2.7520699185408275,
        "annual_return_2018_2019_1_0_bps": 0.03357580489131662,
        "annual_volatility_2018_2019_1_0_bps": 0.012512066397863935,
        "sharpe_ratio_2018_2019_1_0_bps": 2.645811876772158,
        "downside_risk_2018_2019_1_0_bps": 0.007785999609333332,
        "sortino_ratio_2018_2019_1_0_bps": 4.251807801113514,
        "max_drawdown_2018_2019_1_0_bps": 0.0062026519570481786,
        "calmar_ratio_2018_2019_1_0_bps": 5.413137013622675,
        "perc_pos_return_2018_2019_1_0_bps": 0.5884615384615385,
        "profit_loss_ratio_2018_2019_1_0_bps": 1.1094688674661628,
        "sharpe_ratio_2018_1_0_bps": 2.2434339173068327,
        "annual_return_2018_2019_1_5_bps": 0.0267275636864992,
        "annual_volatility_2018_2019_1_5_bps": 0.012512301523120576,
        "sharpe_ratio_2018_2019_1_5_bps": 2.114396937664274,
        "downside_risk_2018_2019_1_5_bps": 0.007982253640066064,
        "sortino_ratio_2018_2019_1_5_bps": 3.3143487060878725,
        "max_drawdown_2018_2019_1_5_bps": 0.006865257945782631,
        "calmar_ratio_2018_2019_1_5_bps": 3.8931623396493213,
        "perc_pos_return_2018_2019_1_5_bps": 0.573076923076923,
        "profit_loss_ratio_2018_2019_1_5_bps": 1.077669460177522,
        "sharpe_ratio_2018_1_5_bps": 1.7351258295956657,
        "annual_return_2018_2019_2_0_bps": 0.019924509841628968,
        "annual_volatility_2018_2019_2_0_bps": 0.01251321926229187,
        "sharpe_ratio_2018_2019_2_0_bps": 1.5829156153680541,
        "downside_risk_2018_2019_2_0_bps": 0.008183487359365384,
        "sortino_ratio_2018_2019_2_0_bps": 2.42040700974971,
        "max_drawdown_2018_2019_2_0_bps": 0.007736293579000408,
        "calmar_ratio_2018_2019_2_0_bps": 2.5754593770475003,
        "perc_pos_return_2018_2019_2_0_bps": 0.5461538461538461,
        "profit_loss_ratio_2018_2019_2_0_bps": 1.095777287915136,
        "sharpe_ratio_2018_2_0_bps": 1.227212508344957,
        "annual_return_2018_2019_2_5_bps": 0.013166346430168785,
        "annual_volatility_2018_2019_2_5_bps": 0.012514819465205086,
        "sharpe_ratio_2018_2019_2_5_bps": 1.0514549051689759,
        "downside_risk_2018_2019_2_5_bps": 0.008390028720637327,
        "sortino_ratio_2018_2019_2_5_bps": 1.5683817960750073,
        "max_drawdown_2018_2019_2_5_bps": 0.009600641977073802,
        "calmar_ratio_2018_2019_2_5_bps": 1.3714027105280913,
        "perc_pos_return_2018_2019_2_5_bps": 0.5269230769230769,
        "profit_loss_ratio_2018_2019_2_5_bps": 1.0787100485033394,
        "sharpe_ratio_2018_2_5_bps": 0.7197604639507831,
        "annual_return_2018_2019_3_0_bps": 0.006452778468561293,
        "annual_volatility_2018_2019_3_0_bps": 0.012517101870119021,
        "sharpe_ratio_2018_2019_3_0_bps": 0.5201017397424205,
        "downside_risk_2018_2019_3_0_bps": 0.00860197685923554,
        "sortino_ratio_2018_2019_3_0_bps": 0.7568221312049156,
        "max_drawdown_2018_2019_3_0_bps": 0.012240478793429696,
        "calmar_ratio_2018_2019_3_0_bps": 0.5271671621231795,
        "perc_pos_return_2018_2019_3_0_bps": 0.5115384615384615,
        "profit_loss_ratio_2018_2019_3_0_bps": 1.0455759846904424,
        "sharpe_ratio_2018_3_0_bps": 0.2128358216764134
    },
    "COMB": {
        "annual_return_2018_2019": 0.04740904687838032,
        "annual_volatility_2018_2019": 0.012513644031297505,
        "sharpe_ratio_2018_2019": 3.7080947381913885,
        "downside_risk_2018_2019": 0.007408403546314922,
        "sortino_ratio_2018_2019": 6.263397680480764,
        "max_drawdown_2018_2019": 0.0060073322313255965,
        "calmar_ratio_2018_2019": 7.891863651416346,
        "perc_pos_return_2018_2019": 0.6153846153846154,
        "profit_loss_ratio_2018_2019": 1.1919160393358725,
        "sharpe_ratio_2018": 3.260966680986835,
        "annual_return_2018_2019_0_5_bps": 0.0404695323383395,
        "annual_volatility_2018_2019_0_5_bps": 0.01251251392500337,
        "sharpe_ratio_2018_2019_0_5_bps": 3.1770734459527556,
        "downside_risk_2018_2019_0_5_bps": 0.007594705746376348,
        "sortino_ratio_2018_2019_0_5_bps": 5.234327314420268,
        "max_drawdown_2018_2019_0_5_bps": 0.0061049956608792005,
        "calmar_ratio_2018_2019_0_5_bps": 6.628920737432817,
        "perc_pos_return_2018_2019_0_5_bps": 0.5961538461538461,
        "profit_loss_ratio_2018_2019_0_5_bps": 1.1784800608591164,
        "sharpe_ratio_2018_0_5_bps": 2.7520699185408275,
        "annual_return_2018_2019_1_0_bps": 0.03357580489131662,
        "annual_volatility_2018_2019_1_0_bps": 0.012512066397863935,
        "sharpe_ratio_2018_2019_1_0_bps": 2.645811876772158,
        "downside_risk_2018_2019_1_0_bps": 0.007785999609333332,
        "sortino_ratio_2018_2019_1_0_bps": 4.251807801113514,
        "max_drawdown_2018_2019_1_0_bps": 0.0062026519570481786,
        "calmar_ratio_2018_2019_1_0_bps": 5.413137013622675,
        "perc_pos_return_2018_2019_1_0_bps": 0.5884615384615385,
        "profit_loss_ratio_2018_2019_1_0_bps": 1.1094688674661628,
        "sharpe_ratio_2018_1_0_bps": 2.2434339173068327,
        "annual_return_2018_2019_1_5_bps": 0.0267275636864992,
        "annual_volatility_2018_2019_1_5_bps": 0.012512301523120576,
        "sharpe_ratio_2018_2019_1_5_bps": 2.114396937664274,
        "downside_risk_2018_2019_1_5_bps": 0.007982253640066064,
        "sortino_ratio_2018_2019_1_5_bps": 3.3143487060878725,
        "max_drawdown_2018_2019_1_5_bps": 0.006865257945782631,
        "calmar_ratio_2018_2019_1_5_bps": 3.8931623396493213,
        "perc_pos_return_2018_2019_1_5_bps": 0.573076923076923,
        "profit_loss_ratio_2018_2019_1_5_bps": 1.077669460177522,
        "sharpe_ratio_2018_1_5_bps": 1.7351258295956657,
        "annual_return_2018_2019_2_0_bps": 0.019924509841628968,
        "annual_volatility_2018_2019_2_0_bps": 0.01251321926229187,
        "sharpe_ratio_2018_2019_2_0_bps": 1.5829156153680541,
        "downside_risk_2018_2019_2_0_bps": 0.008183487359365384,
        "sortino_ratio_2018_2019_2_0_bps": 2.42040700974971,
        "max_drawdown_2018_2019_2_0_bps": 0.007736293579000408,
        "calmar_ratio_2018_2019_2_0_bps": 2.5754593770475003,
        "perc_pos_return_2018_2019_2_0_bps": 0.5461538461538461,
        "profit_loss_ratio_2018_2019_2_0_bps": 1.095777287915136,
        "sharpe_ratio_2018_2_0_bps": 1.227212508344957,
        "annual_return_2018_2019_2_5_bps": 0.013166346430168785,
        "annual_volatility_2018_2019_2_5_bps": 0.012514819465205086,
        "sharpe_ratio_2018_2019_2_5_bps": 1.0514549051689759,
        "downside_risk_2018_2019_2_5_bps": 0.008390028720637327,
        "sortino_ratio_2018_2019_2_5_bps": 1.5683817960750073,