{
    "ALL": {
        "performance_sw": 0.08417016883718709,
        "performance_fw": -0.003858480235997173,
        "val_loss": 2.4628799640037915,
        "annual_return_2018_2019": 0.0007835636008903801,
        "annual_volatility_2018_2019": 0.009883947099827928,
        "sharpe_ratio_2018_2019": 0.08417016883718717,
        "downside_risk_2018_2019": 0.0075658854517022985,
        "sortino_ratio_2018_2019": 0.10995851067017687,
        "max_drawdown_2018_2019": 0.009006801010311885,
        "calmar_ratio_2018_2019": 0.08699688157796295,
        "perc_pos_return_2018_2019": 0.5192307692307693,
        "profit_loss_ratio_2018_2019": 0.9394888631543404,
        "sharpe_ratio_2018": -0.06892093691877575,
        "annual_return_2018_2019_0_5_bps": -0.004571688143698904,
        "annual_volatility_2018_2019_0_5_bps": 0.009882881358596255,
        "sharpe_ratio_2018_2019_0_5_bps": -0.45871871533207115,
        "downside_risk_2018_2019_0_5_bps": 0.007724362336235891,
        "sortino_ratio_2018_2019_0_5_bps": -0.5869044515593919,
        "max_drawdown_2018_2019_0_5_bps": 0.010571901998186863,
        "calmar_ratio_2018_2019_0_5_bps": -0.43243762044738715,
        "perc_pos_return_2018_2019_0_5_bps": 0.5,
        "profit_loss_ratio_2018_2019_0_5_bps": 0.9236239858748465,
        "sharpe_ratio_2018_0_5_bps": -0.605973085079484,
        "annual_return_2018_2019_1_0_bps": -0.009898403449137172,
        "annual_volatility_2018_2019_1_0_bps": 0.009882504974264829,
        "sharpe_ratio_2018_2019_1_0_bps": -1.0016548236643643,
        "downside_risk_2018_2019_1_0_bps": 0.007887034763076756,
        "sortino_ratio_2018_2019_1_0_bps": -1.2550798969089192,
        "max_drawdown_2018_2019_1_0_bps": 0.013924879614163724,
        "calmar_ratio_2018_2019_1_0_bps": -0.7108430179223229,
        "perc_pos_return_2018_2019_1_0_bps": 0.4846153846153846,
        "profit_loss_ratio_2018_2019_1_0_bps": 0.8937532001749424,
        "sharpe_ratio_2018_1_0_bps": -1.143163281993208,
        "annual_return_2018_2019_1_5_bps": -0.015196733738743085,
        "annual_volatility_2018_2019_1_5_bps": 0.009882818025595534,
        "sharpe_ratio_2018_2019_1_5_bps": -1.5445245348635788,
        "downside_risk_2018_2019_1_5_bps": 0.008053968015908476,
        "sortino_ratio_2018_2019_1_5_bps": -1.8952465274227375,
        "max_drawdown_2018_2019_1_5_bps": 0.01859451881239255,
        "calmar_ratio_2018_2019_1_5_bps": -0.8172695347520922,
        "perc_pos_return_2018_2019_1_5_bps": 0.46923076923076923,
        "profit_loss_ratio_2018_2019_1_5_bps": 0.8647089227851451,
        "sharpe_ratio_2018_1_5_bps": -1.6803981218380526,
        "annual_return_2018_2019_2_0_bps": -0.020466829635713668,
        "annual_volatility_2018_2019_2_0_bps": 0.00988382044707866,
        "sharpe_ratio_2018_2019_2_0_bps": -2.0872142671295375,
        "downside_risk_2018_2019_2_0_bps": 0.008225243208316966,
        "sortino_ratio_2018_2019_2_0_bps": -2.5080900987863215,
        "max_drawdown_2018_2019_2_0_bps": 0.023506830976732417,
        "calmar_ratio_2018_2019_2_0_bps": -0.8706758327386703,
        "perc_pos_return_2018_2019_2_0_bps": 0.4576923076923077,
        "profit_loss_ratio_2018_2019_2_0_bps": 0.8235834623655567,
        "sharpe_ratio_2018_2_0_bps": -2.2175841176116706,
        "annual_return_2018_2019_2_5_bps": -0.025708840967353153,
        "annual_volatility_2018_2019_2_5_bps": 0.009885512029001413,
        "sharpe_ratio_2018_2019_2_5_bps": -2.629610596941432,
        "downside_risk_2018_2019_2_5_bps": 0.00840081704359369,
        "sortino_ratio_2018_2019_2_5_bps": -3.0943474965304065,
        "max_drawdown_2018_2019_2_5_bps": 0.028610457414415202,
        "calmar_ratio_2018_2019_2_5_bps": -0.8985819623561807,
        "perc_pos_return_2018_2019_2_5_bps": 0.4461538461538462,
        "profit_loss_ratio_2018_2019_2_5_bps": 0.7843319606578394,
        "sharpe_ratio_2018_2_5_bps": -2.7546277824238397,
        "annual_return_2018_2019_3_0_bps": -0.030922916769240416,
        "annual_volatility_2018_2019_3_0_bps": 0.009887892417667188,
        "sharpe_ratio_2018_2019_3_0_bps": -3.171600377486485,
        "downside_risk_2018_2019_3_0_bps": 0.008580622978001086,
        "sortino_ratio_2018_2019_3_0_bps": -3.6547979563745656,
        "max_drawdown_2018_2019_3_0_bps": 0.033821347159497465,
        "calmar_ratio_2018_2019_3_0_bps": -0.9143017462731926,
        "perc_pos_return_2018_2019_3_0_bps": 0.43846153846153846,
        "profit_loss_ratio_2018_2019_3_0_bps": 0.7348472263595238,
        "sharpe_ratio_2018_3_0_bps": -3.291435710825653
    },
    "COMB": {
        "annual_return_2018_2019": 0.0007835636008903801,
        "annual_volatility_2018_2019": 0.009883947099827928,
        "sharpe_ratio_2018_2019": 0.08417016883718717,
        "downside_risk_2018_2019": 0.0075658854517022985,
        "sortino_ratio_2018_2019": 0.10995851067017687,
        "max_drawdown_2018_2019": 0.009006801010311885,
        "calmar_ratio_2018_2019": 0.08699688157796295,
        "perc_pos_return_2018_2019": 0.5192307692307693,
        "profit_loss_ratio_2018_2019": 0.9394888631543404,
        "sharpe_ratio_2018": -0.06892093691877575,
        "annual_return_2018_2019_0_5_bps": -0.004571688143698904,
        "annual_volatility_2018_2019_0_5_bps": 0.009882881358596255,
        "sharpe_ratio_2018_2019_0_5_bps": -0.45871871533207115,
        "downside_risk_2018_2019_0_5_bps": 0.007724362336235891,
        "sortino_ratio_2018_2019_0_5_bps": -0.5869044515593919,
        "max_drawdown_2018_2019_0_5_bps": 0.010571901998186863,
        "calmar_ratio_2018_2019_0_5_bps": -0.43243762044738715,
        "perc_pos_return_2018_2019_0_5_bps": 0.5,
        "profit_loss_ratio_2018_2019_0_5_bps": 0.9236239858748465,
        "sharpe_ratio_2018_0_5_bps": -0.605973085079484,
        "annual_return_2018_2019_1_0_bps": -0.009898403449137172,
        "annual_volatility_2018_2019_1_0_bps": 0.009882504974264829,
        "sharpe_ratio_2018_2019_1_0_bps": -1.0016548236643643,
        "downside_risk_2018_2019_1_0_bps": 0.007887034763076756,
        "sortino_ratio_2018_2019_1_0_bps": -1.2550798969089192,
        "max_drawdown_2018_2019_1_0_bps": 0.013924879614163724,
        "calmar_ratio_2018_2019_1_0_bps": -0.7108430179223229,
        "perc_pos_return_2018_2019_1_0_bps": 0.4846153846153846,
        "profit_loss_ratio_2018_2019_1_0_bps": 0.8937532001749424,
        "sharpe_ratio_2018_1_0_bps": -1.143163281993208,
        "annual_return_2018_2019_1_5_bps": -0.015196733738743085,
        "annual_volatility_2018_2019_1_5_bps": 0.009882818025595534,
        "sharpe_ratio_2018_2019_1_5_bps": -1.5445245348635788,
        "downside_risk_2018_2019_1_5_bps": 0.008053968015908476,
        "sortino_ratio_2018_2019_1_5_bps": -1.8952465274227375,
        "max_drawdown_2018_2019_1_5_bps": 0.01859451881239255,
        "calmar_ratio_2018_2019_1_5_bps": -0.8172695347520922,
        "perc_pos_return_2018_2019_1_5_bps": 0.46923076923076923,
        "profit_loss_ratio_2018_2019_1_5_bps": 0.8647089227851451,
        "sharpe_ratio_2018_1_5_bps": -1.6803981218380526,
        "annual_return_2018_2019_2_0_bps": -0.020466829635713668,
        "annual_volatility_2018_2019_2_0_bps": 0.00988382044707866,
        "sharpe_ratio_2018_2019_2_0_bps": -2.0872142671295375,
        "downside_risk_2018_2019_2_0_bps": 0.008225243208316966,
        "sortino_ratio_2018_2019_2_0_bps": -2.5080900987863215,
        "max_drawdown_2018_2019_2_0_bps": 0.023506830976732417,
        "calmar_ratio_2018_2019_2_0_bps": -0.8706758327386703,
        "perc_pos_return_2018_2019_2_0_bps": 0.4576923076923077,
        "profit_loss_ratio_2018_2019_2_0_bps": 0.8235834623655567,
        "sharpe_ratio_2018_2_0_bps": -2.2175841176116706,
        "annual_return_2018_2019_2_5_bps": -0.025708840967353153,
        "annual_volatility_2018_2019_2_5_bps": 0.009885512029001413,
        "sharpe_ratio_2018_2019_2_5_bps": -2.629610596941432,
        "downside_risk_2018_2019_2_5_bps": 0.00840081704359369,