{
    "ALL": {
        "performance_sw": 0.7501447232351939,
        "performance_fw": 1.0427203659533493,
        "val_loss": 3.9626363650118157,
        "annual_return_2018_2019": 0.007805106358355074,
        "annual_volatility_2018_2019": 0.010436901397156834,
        "sharpe_ratio_2018_2019": 0.750144723235194,
        "downside_risk_2018_2019": 0.007424665077153317,
        "sortino_ratio_2018_2019": 1.0544834586673373,
        "max_drawdown_2018_2019": 0.01002411935728857,
        "calmar_ratio_2018_2019": 0.7786326239900521,
        "perc_pos_return_2018_2019": 0.5384615384615384,
        "profit_loss_ratio_2018_2019": 0.9722292805674259,
        "sharpe_ratio_2018": 0.17066837803678936,
        "annual_return_2018_2019_0_5_bps": 0.0020458719924538737,
        "annual_volatility_2018_2019_0_5_bps": 0.010435993741942557,
        "sharpe_ratio_2018_2019_0_5_bps": 0.20103928044076494,
        "downside_risk_2018_2019_0_5_bps": 0.007607330413804019,
        "sortino_ratio_2018_2019_0_5_bps": 0.27579249992315474,
        "max_drawdown_2018_2019_0_5_bps": 0.010400066346708144,
        "calmar_ratio_2018_2019_0_5_bps": 0.19671720585719518,
        "perc_pos_return_2018_2019_0_5_bps": 0.5230769230769231,
        "profit_loss_ratio_2018_2019_0_5_bps": 0.9431261141201297,
        "sharpe_ratio_2018_0_5_bps": -0.35104612933433926,
        "annual_return_2018_2019_1_0_bps": -0.0036805872238822035,
        "annual_volatility_2018_2019_1_0_bps": 0.0104357515099263,
        "sharpe_ratio_2018_2019_1_0_bps": -0.34813948582606297,
        "downside_risk_2018_2019_1_0_bps": 0.007793982808953554,
        "sortino_ratio_2018_2019_1_0_bps": -0.4661412853901449,
        "max_drawdown_2018_2019_1_0_bps": 0.010775880233287006,
        "calmar_ratio_2018_2019_1_0_bps": -0.34155791862949286,
        "perc_pos_return_2018_2019_1_0_bps": 0.5192307692307693,
        "profit_loss_ratio_2018_2019_1_0_bps": 0.8731352748054383,
        "sharpe_ratio_2018_1_0_bps": -0.8731464858084875,
        "annual_return_2018_2019_1_5_bps": -0.00937445703228057,
        "annual_volatility_2018_2019_1_5_bps": 0.010436174747443084,
        "sharpe_ratio_2018_2019_1_5_bps": -0.8972865277679786,
        "downside_risk_2018_2019_1_5_bps": 0.007984417308374526,
        "sortino_ratio_2018_2019_1_5_bps": -1.1728143257857153,
        "max_drawdown_2018_2019_1_5_bps": 0.011424900284170848,
        "calmar_ratio_2018_2019_1_5_bps": -0.8205285647235662,
        "perc_pos_return_2018_2019_1_5_bps": 0.5076923076923077,
        "profit_loss_ratio_2018_2019_1_5_bps": 0.8331225088094268,
        "sharpe_ratio_2018_1_5_bps": -1.3955579630234847,
        "annual_return_2018_2019_2_0_bps": -0.015035922126154011,
        "annual_volatility_2018_2019_2_0_bps": 0.0104372633735373,
        "sharpe_ratio_2018_2019_2_0_bps": -1.446296821255344,
        "downside_risk_2018_2019_2_0_bps": 0.008178643866451897,
        "sortino_ratio_2018_2019_2_0_bps": -1.8457070739651344,
        "max_drawdown_2018_2019_2_0_bps": 0.016223523917156476,
        "calmar_ratio_2018_2019_2_0_bps": -0.9267975442902039,
        "perc_pos_return_2018_2019_2_0_bps": 0.48846153846153845,
        "profit_loss_ratio_2018_2019_2_0_bps": 0.8193312144932225,
        "sharpe_ratio_2018_2_0_bps": -1.9182055462795942,
        "annual_return_2018_2019_2_5_bps": -0.020665166156580872,
        "annual_volatility_2018_2019_2_5_bps": 0.010439017180040113,
        "sharpe_ratio_2018_2019_2_5_bps": -1.9950654662214624,
        "downside_risk_2018_2019_2_5_bps": 0.008376734562555424,
        "sortino_ratio_2018_2019_2_5_bps": -2.4862340476068754,
        "max_drawdown_2018_2019_2_5_bps": 0.02192685724421079,
        "calmar_ratio_2018_2019_2_5_bps": -0.9424591005643075,
        "perc_pos_return_2018_2019_2_5_bps": 0.46153846153846156,
        "profit_loss_ratio_2018_2019_2_5_bps": 0.8309582301955144,
        "sharpe_ratio_2018_2_5_bps": -2.441013987943089,
        "annual_return_2018_2019_3_0_bps": -0.026262371738179358,
        "annual_volatility_2018_2019_3_0_bps": 0.010441435831768391,
        "sharpe_ratio_2018_2019_3_0_bps": -2.5434877867876025,
        "downside_risk_2018_2019_3_0_bps": 0.008578748452564516,
        "sortino_ratio_2018_2019_3_0_bps": -3.095750465406204,
        "max_drawdown_2018_2019_3_0_bps": 0.027618880864534782,
        "calmar_ratio_2018_2019_3_0_bps": -0.9508847178490383,
        "perc_pos_return_2018_2019_3_0_bps": 0.45,
        "profit_loss_ratio_2018_2019_3_0_bps": 0.7921592148612363,
        "sharpe_ratio_2018_3_0_bps": -2.9639078612852576
    },
    "COMB": {
        "annual_return_2018_2019": 0.007805106358355074,
        "annual_volatility_2018_2019": 0.010436901397156834,
        "sharpe_ratio_2018_2019": 0.750144723235194,
        "downside_risk_2018_2019": 0.007424665077153317,
        "sortino_ratio_2018_2019": 1.0544834586673373,
        "max_drawdown_2018_2019": 0.01002411935728857,
        "calmar_ratio_2018_2019": 0.7786326239900521,
        "perc_pos_return_2018_2019": 0.5384615384615384,
        "profit_loss_ratio_2018_2019": 0.9722292805674259,
        "sharpe_ratio_2018": 0.17066837803678936,
        "annual_return_2018_2019_0_5_bps": 0.0020458719924538737,
        "annual_volatility_2018_2019_0_5_bps": 0.010435993741942557,
        "sharpe_ratio_2018_2019_0_5_bps": 0.20103928044076494,
        "downside_risk_2018_2019_0_5_bps": 0.007607330413804019,
        "sortino_ratio_2018_2019_0_5_bps": 0.27579249992315474,
        "max_drawdown_2018_2019_0_5_bps": 0.010400066346708144,
        "calmar_ratio_2018_2019_0_5_bps": 0.19671720585719518,
        "perc_pos_return_2018_2019_0_5_bps": 0.5230769230769231,
        "profit_loss_ratio_2018_2019_0_5_bps": 0.9431261141201297,
        "sharpe_ratio_2018_0_5_bps": -0.35104612933433926,
        "annual_return_2018_2019_1_0_bps": -0.0036805872238822035,
        "annual_volatility_2018_2019_1_0_bps": 0.0104357515099263,
        "sharpe_ratio_2018_2019_1_0_bps": -0.34813948582606297,
        "downside_risk_2018_2019_1_0_bps": 0.007793982808953554,
        "sortino_ratio_2018_2019_1_0_bps": -0.4661412853901449,
        "max_drawdown_2018_2019_1_0_bps": 0.010775880233287006,
        "calmar_ratio_2018_2019_1_0_bps": -0.34155791862949286,
        "perc_pos_return_2018_2019_1_0_bps": 0.5192307692307693,
        "profit_loss_ratio_2018_2019_1_0_bps": 0.8731352748054383,
        "sharpe_ratio_2018_1_0_bps": -0.8731464858084875,
        "annual_return_2018_2019_1_5_bps": -0.00937445703228057,
        "annual_volatility_2018_2019_1_5_bps": 0.010436174747443084,
        "sharpe_ratio_2018_2019_1_5_bps": -0.8972865277679786,
        "downside_risk_2018_2019_1_5_bps": 0.007984417308374526,
        "sortino_ratio_2018_2019_1_5_bps": -1.1728143257857153,
        "max_drawdown_2018_2019_1_5_bps": 0.011424900284170848,
        "calmar_ratio_2018_2019_1_5_bps": -0.8205285647235662,
        "perc_pos_return_2018_2019_1_5_bps": 0.5076923076923077,
        "profit_loss_ratio_2018_2019_1_5_bps": 0.8331225088094268,
        "sharpe_ratio_2018_1_5_bps": -1.3955579630234847,
        "annual_return_2018_2019_2_0_bps": -0.015035922126154011,
        "annual_volatility_2018_2019_2_0_bps": 0.0104372633735373,
        "sharpe_ratio_2018_2019_2_0_bps": -1.446296821255344,
        "downside_risk_2018_2019_2_0_bps": 0.008178643866451897,
        "sortino_ratio_2018_2019_2_0_bps": -1.8457070739651344,
        "max_drawdown_2018_2019_2_0_bps": 0.016223523917156476,
        "calmar_ratio_2018_2019_2_0_bps": -0.9267975442902039,
        "perc_pos_return_2018_2019_2_0_bps": 0.48846153846153845,
        "profit_loss_ratio_2018_2019_2_0_bps": 0.8193312144932225,
        "sharpe_ratio_2018_2_0_bps": -1.9182055462795942,
        "annual_return_2018_2019_2_5_bps": -0.020665166156580872,
        "annual_volatility_2018_2019_2_5_bps": 0.010439017180040113,
        "sharpe_ratio_2018_2019_2_5_bps": -1.9950654662214624,
        "downside_risk_2018_2019_2_5_bps": 0.008376734562555424,