{
    "ALL": {
        "performance_sw": 0.6878316849623954,
        "performance_fw": 0.0628287476841794,
        "val_loss": 3.6374454136085035,
        "annual_return_2022_2023": 0.04971419719786008,
        "annual_volatility_2022_2023": 0.06084955648466118,
        "sharpe_ratio_2022_2023": 0.8278055609920171,
        "downside_risk_2022_2023": 0.043967198711787406,
        "sortino_ratio_2022_2023": 1.1456631925107383,
        "max_drawdown_2022_2023": 0.046081695509762016,
        "calmar_ratio_2022_2023": 1.0788274313241912,
        "perc_pos_return_2022_2023": 0.5424657534246575,
        "profit_loss_ratio_2022_2023": 0.9852953521556987,
        "sharpe_ratio_2022": 0.687831684962395,
        "annual_return_2022_2023_0_5_bps": 0.048355635344424774,
        "annual_volatility_2022_2023_0_5_bps": 0.06084777684647527,
        "sharpe_ratio_2022_2023_0_5_bps": 0.8065417390861814,
        "downside_risk_2022_2023_0_5_bps": 0.04399042745861978,
        "sortino_ratio_2022_2023_0_5_bps": 1.115612522825525,
        "max_drawdown_2022_2023_0_5_bps": 0.046154968434796044,
        "calmar_ratio_2022_2023_0_5_bps": 1.047679956985295,
        "perc_pos_return_2022_2023_0_5_bps": 0.5424657534246575,
        "profit_loss_ratio_2022_2023_0_5_bps": 0.9813776441767995,
        "sharpe_ratio_2022_0_5_bps": 0.6701633687062153,
        "annual_return_2022_2023_1_0_bps": 0.04699882561691959,
        "annual_volatility_2022_2023_1_0_bps": 0.06084601829252687,
        "sharpe_ratio_2022_2023_1_0_bps": 0.7852764012092494,
        "downside_risk_2022_2023_1_0_bps": 0.04401370413130073,
        "sortino_ratio_2022_2023_1_0_bps": 1.0855923902730067,
        "max_drawdown_2022_2023_1_0_bps": 0.04622823605367533,
        "calmar_ratio_2022_2023_1_0_bps": 1.016669240036534,
        "perc_pos_return_2022_2023_1_0_bps": 0.5424657534246575,
        "profit_loss_ratio_2022_2023_1_0_bps": 0.9774751951174687,
        "sharpe_ratio_2022_1_0_bps": 0.6524937928149198,
        "annual_return_2022_2023_1_5_bps": 0.04564376576356999,
        "annual_volatility_2022_2023_1_5_bps": 0.06084428082464413,
        "sharpe_ratio_2022_2023_1_5_bps": 0.7640095693139157,
        "downside_risk_2022_2023_1_5_bps": 0.044037028653833694,
        "sortino_ratio_2022_2023_1_5_bps": 1.055602846265252,
        "max_drawdown_2022_2023_1_5_bps": 0.04630149836675942,
        "calmar_ratio_2022_2023_1_5_bps": 0.9857945719600809,
        "perc_pos_return_2022_2023_1_5_bps": 0.5424657534246575,
        "profit_loss_ratio_2022_2023_1_5_bps": 0.9735879160039699,
        "sharpe_ratio_2022_1_5_bps": 0.6348229755292162,
        "annual_return_2022_2023_2_0_bps": 0.04429045353548089,
        "annual_volatility_2022_2023_2_0_bps": 0.06084256444463348,
        "sharpe_ratio_2022_2023_2_0_bps": 0.7427412653613235,
        "downside_risk_2022_2023_2_0_bps": 0.044060400950226966,
        "sortino_ratio_2022_2023_2_0_bps": 1.0256439416991312,
        "max_drawdown_2022_2023_2_0_bps": 0.04639745520457355,
        "calmar_ratio_2022_2023_2_0_bps": 0.9545879906602083,
        "perc_pos_return_2022_2023_2_0_bps": 0.5424657534246575,
        "profit_loss_ratio_2022_2023_2_0_bps": 0.9697157185529572,
        "sharpe_ratio_2022_2_0_bps": 0.6171509350968314,
        "annual_return_2022_2023_2_5_bps": 0.04293888668664403,
        "annual_volatility_2022_2023_2_5_bps": 0.06084086915427968,
        "sharpe_ratio_2022_2023_2_5_bps": 0.721471511320954,
        "downside_risk_2022_2023_2_5_bps": 0.044083820965833645,
        "sortino_ratio_2022_2023_2_5_bps": 0.9957157264756734,
        "max_drawdown_2022_2023_2_5_bps": 0.046570684604721406,
        "calmar_ratio_2022_2023_2_5_bps": 0.9220153633363342,
        "perc_pos_return_2022_2023_2_5_bps": 0.5397260273972603,
        "profit_loss_ratio_2022_2023_2_5_bps": 0.9765737310472699,
        "sharpe_ratio_2022_2_5_bps": 0.599477689772421,
        "annual_return_2022_2023_3_0_bps": 0.04158906297391618,
        "annual_volatility_2022_2023_3_0_bps": 0.06083919495534569,
        "sharpe_ratio_2022_2023_3_0_bps": 0.7002003291705152,
        "downside_risk_2022_2023_3_0_bps": 0.044107288881732515,
        "sortino_ratio_2022_2023_3_0_bps": 0.9658182448807293,
        "max_drawdown_2022_2023_3_0_bps": 0.04674388324189829,
        "calmar_ratio_2022_2023_3_0_bps": 0.8897220361152697,
        "perc_pos_return_2022_2023_3_0_bps": 0.5397260273972603,
        "profit_loss_ratio_2022_2023_3_0_bps": 0.9726872617426255,
        "sharpe_ratio_2022_3_0_bps": 0.5818032578174762
    },
    "COMB": {
        "annual_return_2022_2023": 0.04971419719786008,
        "annual_volatility_2022_2023": 0.06084955648466118,
        "sharpe_ratio_2022_2023": 0.8278055609920171,
        "downside_risk_2022_2023": 0.043967198711787406,
        "sortino_ratio_2022_2023": 1.1456631925107383,
        "max_drawdown_2022_2023": 0.046081695509762016,
        "calmar_ratio_2022_2023": 1.0788274313241912,
        "perc_pos_return_2022_2023": 0.5424657534246575,
        "profit_loss_ratio_2022_2023": 0.9852953521556987,
        "sharpe_ratio_2022": 0.687831684962395,
        "annual_return_2022_2023_0_5_bps": 0.048355635344424774,
        "annual_volatility_2022_2023_0_5_bps": 0.06084777684647527,
        "sharpe_ratio_2022_2023_0_5_bps": 0.8065417390861814,
        "downside_risk_2022_2023_0_5_bps": 0.04399042745861978,
        "sortino_ratio_2022_2023_0_5_bps": 1.115612522825525,
        "max_drawdown_2022_2023_0_5_bps": 0.046154968434796044,
        "calmar_ratio_2022_2023_0_5_bps": 1.047679956985295,
        "perc_pos_return_2022_2023_0_5_bps": 0.5424657534246575,
        "profit_loss_ratio_2022_2023_0_5_bps": 0.9813776441767995,
        "sharpe_ratio_2022_0_5_bps": 0.6701633687062153,
        "annual_return_2022_2023_1_0_bps": 0.04699882561691959,
        "annual_volatility_2022_2023_1_0_bps": 0.06084601829252687,
        "sharpe_ratio_2022_2023_1_0_bps": 0.7852764012092494,
        "downside_risk_2022_2023_1_0_bps": 0.04401370413130073,
        "sortino_ratio_2022_2023_1_0_bps": 1.0855923902730067,
        "max_drawdown_2022_2023_1_0_bps": 0.04622823605367533,
        "calmar_ratio_2022_2023_1_0_bps": 1.016669240036534,
        "perc_pos_return_2022_2023_1_0_bps": 0.5424657534246575,
        "profit_loss_ratio_2022_2023_1_0_bps": 0.9774751951174687,
        "sharpe_ratio_2022_1_0_bps": 0.6524937928149198,
        "annual_return_2022_2023_1_5_bps": 0.04564376576356999,
        "annual_volatility_2022_2023_1_5_bps": 0.06084428082464413,
        "sharpe_ratio_2022_2023_1_5_bps": 0.7640095693139157,
        "downside_risk_2022_2023_1_5_bps": 0.044037028653833694,
        "sortino_ratio_2022_2023_1_5_bps": 1.055602846265252,
        "max_drawdown_2022_2023_1_5_bps": 0.04630149836675942,
        "calmar_ratio_2022_2023_1_5_bps": 0.9857945719600809,
        "perc_pos_return_2022_2023_1_5_bps": 0.5424657534246575,
        "profit_loss_ratio_2022_2023_1_5_bps": 0.9735879160039699,
        "sharpe_ratio_2022_1_5_bps": 0.6348229755292162,
        "annual_return_2022_2023_2_0_bps": 0.04429045353548089,
        "annual_volatility_2022_2023_2_0_bps": 0.06084256444463348,
        "sharpe_ratio_2022_2023_2_0_bps": 0.7427412653613235,
        "downside_risk_2022_2023_2_0_bps": 0.044060400950226966,
        "sortino_ratio_2022_2023_2_0_bps": 1.0256439416991312,
        "max_drawdown_2022_2023_2_0_bps": 0.04639745520457355,
        "calmar_ratio_2022_2023_2_0_bps": 0.9545879906602083,
        "perc_pos_return_2022_2023_2_0_bps": 0.5424657534246575,
        "profit_loss_ratio_2022_2023_2_0_bps": 0.9697157185529572,
        "sharpe_ratio_2022_2_0_bps": 0.6171509350968314,
        "annual_return_2022_2023_2_5_bps": 0.04293888668664403,
        "annual_volatility_2022_2023_2_5_bps": 0.06084086915427968,
        "sharpe_ratio_2022_2023_2_5_bps": 0.721471511320954,
        "downside_risk_2022_2023_2_5_bps": 0.044083820965833645,
        "sortino_ratio_2022_2023_2_5_bps": 0.9957157264756734,