{
    "ALL": {
        "performance_sw": 2.945397299490811,
        "performance_fw": 2.3825474700572054,
        "val_loss": 2.8005816512882635,
        "annual_return_2018_2019": 0.033688273191453844,
        "annual_volatility_2018_2019": 0.011271385392847643,
        "sharpe_ratio_2018_2019": 2.94539729949081,
        "downside_risk_2018_2019": 0.007241468263985582,
        "sortino_ratio_2018_2019": 4.584527182522181,
        "max_drawdown_2018_2019": 0.006576981974153182,
        "calmar_ratio_2018_2019": 5.122147715144282,
        "perc_pos_return_2018_2019": 0.6461538461538462,
        "profit_loss_ratio_2018_2019": 0.8948264017300436,
        "sharpe_ratio_2018": 2.5657253233189494,
        "annual_return_2018_2019_0_5_bps": 0.028431800585528855,
        "annual_volatility_2018_2019_0_5_bps": 0.011269478942692748,
        "sharpe_ratio_2018_2019_0_5_bps": 2.4934545403039095,
        "downside_risk_2018_2019_0_5_bps": 0.007386950722901946,
        "sortino_ratio_2018_2019_0_5_bps": 3.8039963295541708,
        "max_drawdown_2018_2019_0_5_bps": 0.00674721758461177,
        "calmar_ratio_2018_2019_0_5_bps": 4.213855597360997,
        "perc_pos_return_2018_2019_0_5_bps": 0.6307692307692307,
        "profit_loss_ratio_2018_2019_0_5_bps": 0.8889319982126416,
        "sharpe_ratio_2018_0_5_bps": 2.1370308343510382,
        "annual_return_2018_2019_1_0_bps": 0.023201946657007255,
        "annual_volatility_2018_2019_1_0_bps": 0.011268077822024025,
        "sharpe_ratio_2018_2019_1_0_bps": 2.041267298532722,
        "downside_risk_2018_2019_1_0_bps": 0.007534740508863157,
        "sortino_ratio_2018_2019_1_0_bps": 3.052680944800032,
        "max_drawdown_2018_2019_1_0_bps": 0.007220728334691368,
        "calmar_ratio_2018_2019_1_0_bps": 3.213241875550905,
        "perc_pos_return_2018_2019_1_0_bps": 0.6153846153846154,
        "profit_loss_ratio_2018_2019_1_0_bps": 0.8813996724451955,
        "sharpe_ratio_2018_1_0_bps": 1.7081678452716829,
        "annual_return_2018_2019_1_5_bps": 0.01799857717307285,
        "annual_volatility_2018_2019_1_5_bps": 0.011267182219360907,
        "sharpe_ratio_2018_2019_1_5_bps": 1.5888962977415868,
        "downside_risk_2018_2019_1_5_bps": 0.00768489498313068,
        "sortino_ratio_2018_2019_1_5_bps": 2.329554815468576,
        "max_drawdown_2018_2019_1_5_bps": 0.007757690513955196,
        "calmar_ratio_2018_2019_1_5_bps": 2.320094767984811,
        "perc_pos_return_2018_2019_1_5_bps": 0.6076923076923076,
        "profit_loss_ratio_2018_2019_1_5_bps": 0.8448273695934542,
        "sharpe_ratio_2018_1_5_bps": 1.2791850446981776,
        "annual_return_2018_2019_2_0_bps": 0.012821558574970027,
        "annual_volatility_2018_2019_2_0_bps": 0.011266792255254988,
        "sharpe_ratio_2018_2019_2_0_bps": 1.1364023728451658,
        "downside_risk_2018_2019_2_0_bps": 0.007837505353709954,
        "sortino_ratio_2018_2019_2_0_bps": 1.6336332640799538,
        "max_drawdown_2018_2019_2_0_bps": 0.008294374924554853,
        "calmar_ratio_2018_2019_2_0_bps": 1.5458137221423158,
        "perc_pos_return_2018_2019_2_0_bps": 0.5692307692307692,
        "profit_loss_ratio_2018_2019_2_0_bps": 0.9180425206686588,
        "sharpe_ratio_2018_2_0_bps": 0.8501311808726415,
        "annual_return_2018_2019_2_5_bps": 0.00767075797465111,
        "annual_volatility_2018_2019_2_5_bps": 0.011266907982208934,
        "sharpe_ratio_2018_2019_2_5_bps": 0.6838464292328108,
        "downside_risk_2018_2019_2_5_bps": 0.007992931675511529,
        "sortino_ratio_2018_2019_2_5_bps": 0.9639560432793441,
        "max_drawdown_2018_2019_2_5_bps": 0.008881425239772738,
        "calmar_ratio_2018_2019_2_5_bps": 0.8636854747479012,
        "perc_pos_return_2018_2019_2_5_bps": 0.5538461538461539,
        "profit_loss_ratio_2018_2019_2_5_bps": 0.9051699756247642,
        "sharpe_ratio_2018_2_5_bps": 0.42105503397387994,
        "annual_return_2018_2019_3_0_bps": 0.0025460431514074955,
        "annual_volatility_2018_2019_3_0_bps": 0.011267529384641133,
        "sharpe_ratio_2018_2019_3_0_bps": 0.2312894017905554,
        "downside_risk_2018_2019_3_0_bps": 0.008151294931870586,
        "sortino_ratio_2018_2019_3_0_bps": 0.31971118120653075,
        "max_drawdown_2018_2019_3_0_bps": 0.010209292747147988,
        "calmar_ratio_2018_2019_3_0_bps": 0.24938487067272552,
        "perc_pos_return_2018_2019_3_0_bps": 0.5423076923076923,
        "profit_loss_ratio_2018_2019_3_0_bps": 0.8780120092964407,
        "sharpe_ratio_2018_3_0_bps": -0.007994611608288885
    },
    "COMB": {
        "annual_return_2018_2019": 0.033688273191453844,
        "annual_volatility_2018_2019": 0.011271385392847643,
        "sharpe_ratio_2018_2019": 2.94539729949081,
        "downside_risk_2018_2019": 0.007241468263985582,
        "sortino_ratio_2018_2019": 4.584527182522181,
        "max_drawdown_2018_2019": 0.006576981974153182,
        "calmar_ratio_2018_2019": 5.122147715144282,
        "perc_pos_return_2018_2019": 0.6461538461538462,
        "profit_loss_ratio_2018_2019": 0.8948264017300436,
        "sharpe_ratio_2018": 2.5657253233189494,
        "annual_return_2018_2019_0_5_bps": 0.028431800585528855,
        "annual_volatility_2018_2019_0_5_bps": 0.011269478942692748,
        "sharpe_ratio_2018_2019_0_5_bps": 2.4934545403039095,
        "downside_risk_2018_2019_0_5_bps": 0.007386950722901946,
        "sortino_ratio_2018_2019_0_5_bps": 3.8039963295541708,
        "max_drawdown_2018_2019_0_5_bps": 0.00674721758461177,
        "calmar_ratio_2018_2019_0_5_bps": 4.213855597360997,
        "perc_pos_return_2018_2019_0_5_bps": 0.6307692307692307,
        "profit_loss_ratio_2018_2019_0_5_bps": 0.8889319982126416,
        "sharpe_ratio_2018_0_5_bps": 2.1370308343510382,
        "annual_return_2018_2019_1_0_bps": 0.023201946657007255,
        "annual_volatility_2018_2019_1_0_bps": 0.011268077822024025,
        "sharpe_ratio_2018_2019_1_0_bps": 2.041267298532722,
        "downside_risk_2018_2019_1_0_bps": 0.007534740508863157,
        "sortino_ratio_2018_2019_1_0_bps": 3.052680944800032,
        "max_drawdown_2018_2019_1_0_bps": 0.007220728334691368,
        "calmar_ratio_2018_2019_1_0_bps": 3.213241875550905,
        "perc_pos_return_2018_2019_1_0_bps": 0.6153846153846154,
        "profit_loss_ratio_2018_2019_1_0_bps": 0.8813996724451955,
        "sharpe_ratio_2018_1_0_bps": 1.7081678452716829,
        "annual_return_2018_2019_1_5_bps": 0.01799857717307285,
        "annual_volatility_2018_2019_1_5_bps": 0.011267182219360907,
        "sharpe_ratio_2018_2019_1_5_bps": 1.5888962977415868,
        "downside_risk_2018_2019_1_5_bps": 0.00768489498313068,
        "sortino_ratio_2018_2019_1_5_bps": 2.329554815468576,
        "max_drawdown_2018_2019_1_5_bps": 0.007757690513955196,
        "calmar_ratio_2018_2019_1_5_bps": 2.320094767984811,
        "perc_pos_return_2018_2019_1_5_bps": 0.6076923076923076,
        "profit_loss_ratio_2018_2019_1_5_bps": 0.8448273695934542,
        "sharpe_ratio_2018_1_5_bps": 1.2791850446981776,
        "annual_return_2018_2019_2_0_bps": 0.012821558574970027,
        "annual_volatility_2018_2019_2_0_bps": 0.011266792255254988,
        "sharpe_ratio_2018_2019_2_0_bps": 1.1364023728451658,
        "downside_risk_2018_2019_2_0_bps": 0.007837505353709954,
        "sortino_ratio_2018_2019_2_0_bps": 1.6336332640799538,
        "max_drawdown_2018_2019_2_0_bps": 0.008294374924554853,
        "calmar_ratio_2018_2019_2_0_bps": 1.5458137221423158,
        "perc_pos_return_2018_2019_2_0_bps": 0.5692307692307692,
        "profit_loss_ratio_2018_2019_2_0_bps": 0.9180425206686588,
        "sharpe_ratio_2018_2_0_bps": 0.8501311808726415,
        "annual_return_2018_2019_2_5_bps": 0.00767075797465111,
        "annual_volatility_2018_2019_2_5_bps": 0.011266907982208934,
        "sharpe_ratio_2018_2019_2_5_bps": 0.6838464292328108,
        "downside_risk_2018_2019_2_5_bps": 0.007992931675511529,
        "sortino_ratio_2018_2019_2_5_bps": 0.9639560432793441,