{
    "ALL": {
        "performance_sw": 0.9449386269414407,
        "performance_fw": 0.7324463940237903,
        "val_loss": 3.209490056488135,
        "annual_return_2021_2022": 0.027641711983347195,
        "annual_volatility_2021_2022": 0.024234245664825408,
        "sharpe_ratio_2021_2022": 1.1372338135616005,
        "downside_risk_2021_2022": 0.013656781547220085,
        "sortino_ratio_2021_2022": 2.0180452854800244,
        "max_drawdown_2021_2022": 0.011572454175800976,
        "calmar_ratio_2021_2022": 2.3885782188836364,
        "perc_pos_return_2021_2022": 0.4602739726027397,
        "profit_loss_ratio_2021_2022": 1.42565523452932,
        "sharpe_ratio_2021": 0.9449386269414408,
        "annual_return_2021_2022_0_5_bps": 0.02691043411487337,
        "annual_volatility_2021_2022_0_5_bps": 0.024235018890406305,
        "sharpe_ratio_2021_2022_0_5_bps": 1.107822921918224,
        "downside_risk_2021_2022_0_5_bps": 0.013677757800728108,
        "sortino_ratio_2021_2022_0_5_bps": 1.962902825964945,
        "max_drawdown_2021_2022_0_5_bps": 0.011785199495259316,
        "calmar_ratio_2021_2022_0_5_bps": 2.283409298730861,
        "perc_pos_return_2021_2022_0_5_bps": 0.4547945205479452,
        "profit_loss_ratio_2021_2022_0_5_bps": 1.4500442340202615,
        "sharpe_ratio_2021_0_5_bps": 0.9205008312698736,
        "annual_return_2021_2022_1_0_bps": 0.026179674820467014,
        "annual_volatility_2021_2022_1_0_bps": 0.024235807571924308,
        "sharpe_ratio_2021_2022_1_0_bps": 1.0784132192032112,
        "downside_risk_2021_2022_1_0_bps": 0.013698772141258909,
        "sortino_ratio_2021_2022_1_0_bps": 1.9079239361102738,
        "max_drawdown_2021_2022_1_0_bps": 0.011997899498348619,
        "calmar_ratio_2021_2022_1_0_bps": 2.1820215133549303,
        "perc_pos_return_2021_2022_1_0_bps": 0.4547945205479452,
        "profit_loss_ratio_2021_2022_1_0_bps": 1.4426518698949575,
        "sharpe_ratio_2021_1_0_bps": 0.8960640234904373,
        "annual_return_2021_2022_1_5_bps": 0.02544943373366726,
        "annual_volatility_2021_2022_1_5_bps": 0.02423661170787057,
        "sharpe_ratio_2021_2022_1_5_bps": 1.0490047616304132,
        "downside_risk_2021_2022_1_5_bps": 0.013719824418467249,
        "sortino_ratio_2021_2022_1_5_bps": 1.853108342488832,
        "max_drawdown_2021_2022_1_5_bps": 0.012210554194618637,
        "calmar_ratio_2021_2022_1_5_bps": 2.084216107478822,
        "perc_pos_return_2021_2022_1_5_bps": 0.4520547945205479,
        "profit_loss_ratio_2021_2022_1_5_bps": 1.4512573149052828,
        "sharpe_ratio_2021_1_5_bps": 0.8716282503117669,
        "annual_return_2021_2022_2_0_bps": 0.02471971048827659,
        "annual_volatility_2021_2022_2_0_bps": 0.024237431296706868,
        "sharpe_ratio_2021_2022_2_0_bps": 1.019597605395441,
        "downside_risk_2021_2022_2_0_bps": 0.013740914701163641,
        "sortino_ratio_2021_2022_2_0_bps": 1.7984557395561223,
        "max_drawdown_2021_2022_2_0_bps": 0.012423163593619847,
        "calmar_ratio_2021_2022_2_0_bps": 1.9898080148418775,
        "perc_pos_return_2021_2022_2_0_bps": 0.44931506849315067,
        "profit_loss_ratio_2021_2022_2_0_bps": 1.4599329327499073,
        "sharpe_ratio_2021_2_0_bps": 0.8471935584273423,
        "annual_return_2021_2022_2_5_bps": 0.023990504718349293,
        "annual_volatility_2021_2022_2_5_bps": 0.02423826633686565,
        "sharpe_ratio_2021_2022_2_5_bps": 0.9901918066751315,
        "downside_risk_2021_2022_2_5_bps": 0.013762043384740444,
        "sortino_ratio_2021_2022_2_5_bps": 1.7439657806475286,
        "max_drawdown_2021_2022_2_5_bps": 0.012635727704904105,
        "calmar_ratio_2021_2022_2_5_bps": 1.8986246996315248,
        "perc_pos_return_2021_2022_2_5_bps": 0.44931506849315067,
        "profit_loss_ratio_2021_2022_2_5_bps": 1.452500964728685,
        "sharpe_ratio_2021_2_5_bps": 0.8227599945150426,
        "annual_return_2021_2022_3_0_bps": 0.023261816058210094,
        "annual_volatility_2021_2022_3_0_bps": 0.024239116826750014,
        "sharpe_ratio_2021_2022_3_0_bps": 0.9607874216270182,
        "downside_risk_2021_2022_3_0_bps": 0.0137832103690115,
        "sortino_ratio_2021_2022_3_0_bps": 1.6896381855165306,
        "max_drawdown_2021_2022_3_0_bps": 0.012848246538014118,
        "calmar_ratio_2021_2022_3_0_bps": 1.8105051136266213,
        "perc_pos_return_2021_2022_3_0_bps": 0.44931506849315067,
        "profit_loss_ratio_2021_2022_3_0_bps": 1.44511339476264,
        "sharpe_ratio_2021_3_0_bps": 0.7983276052367083
    },
    "COMB": {
        "annual_return_2021_2022": 0.027641711983347195,
        "annual_volatility_2021_2022": 0.024234245664825408,
        "sharpe_ratio_2021_2022": 1.1372338135616005,
        "downside_risk_2021_2022": 0.013656781547220085,
        "sortino_ratio_2021_2022": 2.0180452854800244,
        "max_drawdown_2021_2022": 0.011572454175800976,
        "calmar_ratio_2021_2022": 2.3885782188836364,
        "perc_pos_return_2021_2022": 0.4602739726027397,
        "profit_loss_ratio_2021_2022": 1.42565523452932,
        "sharpe_ratio_2021": 0.9449386269414408,
        "annual_return_2021_2022_0_5_bps": 0.02691043411487337,
        "annual_volatility_2021_2022_0_5_bps": 0.024235018890406305,
        "sharpe_ratio_2021_2022_0_5_bps": 1.107822921918224,
        "downside_risk_2021_2022_0_5_bps": 0.013677757800728108,
        "sortino_ratio_2021_2022_0_5_bps": 1.962902825964945,
        "max_drawdown_2021_2022_0_5_bps": 0.011785199495259316,
        "calmar_ratio_2021_2022_0_5_bps": 2.283409298730861,
        "perc_pos_return_2021_2022_0_5_bps": 0.4547945205479452,
        "profit_loss_ratio_2021_2022_0_5_bps": 1.4500442340202615,
        "sharpe_ratio_2021_0_5_bps": 0.9205008312698736,
        "annual_return_2021_2022_1_0_bps": 0.026179674820467014,
        "annual_volatility_2021_2022_1_0_bps": 0.024235807571924308,
        "sharpe_ratio_2021_2022_1_0_bps": 1.0784132192032112,
        "downside_risk_2021_2022_1_0_bps": 0.013698772141258909,
        "sortino_ratio_2021_2022_1_0_bps": 1.9079239361102738,
        "max_drawdown_2021_2022_1_0_bps": 0.011997899498348619,
        "calmar_ratio_2021_2022_1_0_bps": 2.1820215133549303,
        "perc_pos_return_2021_2022_1_0_bps": 0.4547945205479452,
        "profit_loss_ratio_2021_2022_1_0_bps": 1.4426518698949575,
        "sharpe_ratio_2021_1_0_bps": 0.8960640234904373,
        "annual_return_2021_2022_1_5_bps": 0.02544943373366726,
        "annual_volatility_2021_2022_1_5_bps": 0.02423661170787057,
        "sharpe_ratio_2021_2022_1_5_bps": 1.0490047616304132,
        "downside_risk_2021_2022_1_5_bps": 0.013719824418467249,
        "sortino_ratio_2021_2022_1_5_bps": 1.853108342488832,
        "max_drawdown_2021_2022_1_5_bps": 0.012210554194618637,
        "calmar_ratio_2021_2022_1_5_bps": 2.084216107478822,
        "perc_pos_return_2021_2022_1_5_bps": 0.4520547945205479,
        "profit_loss_ratio_2021_2022_1_5_bps": 1.4512573149052828,
        "sharpe_ratio_2021_1_5_bps": 0.8716282503117669,
        "annual_return_2021_2022_2_0_bps": 0.02471971048827659,
        "annual_volatility_2021_2022_2_0_bps": 0.024237431296706868,
        "sharpe_ratio_2021_2022_2_0_bps": 1.019597605395441,
        "downside_risk_2021_2022_2_0_bps": 0.013740914701163641,
        "sortino_ratio_2021_2022_2_0_bps": 1.7984557395561223,
        "max_drawdown_2021_2022_2_0_bps": 0.012423163593619847,
        "calmar_ratio_2021_2022_2_0_bps": 1.9898080148418775,
        "perc_pos_return_2021_2022_2_0_bps": 0.44931506849315067,
        "profit_loss_ratio_2021_2022_2_0_bps": 1.4599329327499073,
        "sharpe_ratio_2021_2_0_bps": 0.8471935584273423,
        "annual_return_2021_2022_2_5_bps": 0.023990504718349293,
        "annual_volatility_2021_2022_2_5_bps": 0.02423826633686565,
        "sharpe_ratio_2021_2022_2_5_bps": 0.9901918066751315,
        "downside_risk_2021_2022_2_5_bps": 0.013762043384740444,
        "sortino_ratio_2021_2022_2_5_bps": 1.7439657806475286,