{
    "ALL": {
        "performance_sw": 2.0005402879619703,
        "performance_fw": 1.7735455140185235,
        "val_loss": 2.5173564773197312,
        "annual_return_2017_2018": 0.015015201011177481,
        "annual_volatility_2017_2018": 0.007463871786483109,
        "sharpe_ratio_2017_2018": 2.0005402879619703,
        "downside_risk_2017_2018": 0.0047783151680279865,
        "sortino_ratio_2017_2018": 3.124904006531762,
        "max_drawdown_2017_2018": 0.0057117101778761245,
        "calmar_ratio_2017_2018": 2.6288450470294733,
        "perc_pos_return_2017_2018": 0.5387596899224806,
        "profit_loss_ratio_2017_2018": 1.2028110822490499,
        "sharpe_ratio_2017": 2.134757034570157,
        "annual_return_2017_2018_0_5_bps": 0.007576732170258893,
        "annual_volatility_2017_2018_0_5_bps": 0.007467231674276941,
        "sharpe_ratio_2017_2018_0_5_bps": 1.0145739235014533,
        "downside_risk_2017_2018_0_5_bps": 0.005016463863561478,
        "sortino_ratio_2017_2018_0_5_bps": 1.510238834270561,
        "max_drawdown_2017_2018_0_5_bps": 0.007186116654004235,
        "calmar_ratio_2017_2018_0_5_bps": 1.0543569684520777,
        "perc_pos_return_2017_2018_0_5_bps": 0.5116279069767442,
        "profit_loss_ratio_2017_2018_0_5_bps": 1.1336037124691143,
        "sharpe_ratio_2017_0_5_bps": 1.148828680787475,
        "annual_return_2017_2018_1_0_bps": 0.00019254799154211355,
        "annual_volatility_2017_2018_1_0_bps": 0.007472323513211559,
        "sharpe_ratio_2017_2018_1_0_bps": 0.029487596662436638,
        "downside_risk_2017_2018_1_0_bps": 0.005265283538549537,
        "sortino_ratio_2017_2018_1_0_bps": 0.0418478625653506,
        "max_drawdown_2017_2018_1_0_bps": 0.00865839032374518,
        "calmar_ratio_2017_2018_1_0_bps": 0.022238312705083394,
        "perc_pos_return_2017_2018_1_0_bps": 0.4844961240310077,
        "profit_loss_ratio_2017_2018_1_0_bps": 1.0693175872245921,
        "sharpe_ratio_2017_1_0_bps": 0.16335425847461996,
        "annual_return_2017_2018_1_5_bps": -0.0071377460243455815,
        "annual_volatility_2017_2018_1_5_bps": 0.007479143765924485,
        "sharpe_ratio_2017_2018_1_5_bps": -0.9540365898830728,
        "downside_risk_2017_2018_1_5_bps": 0.005524406907478055,
        "sortino_ratio_2017_2018_1_5_bps": -1.291609566997882,
        "max_drawdown_2017_2018_1_5_bps": 0.010133470101965747,
        "calmar_ratio_2017_2018_1_5_bps": -0.7043733244903897,
        "perc_pos_return_2017_2018_1_5_bps": 0.4689922480620155,
        "profit_loss_ratio_2017_2018_1_5_bps": 0.9638405994893429,
        "sharpe_ratio_2017_1_5_bps": -0.8210778729837892,
        "annual_return_2017_2018_2_0_bps": -0.014414541521927005,
        "annual_volatility_2017_2018_2_0_bps": 0.007487687709376181,
        "sharpe_ratio_2017_2018_2_0_bps": -1.9353230331866758,
        "downside_risk_2017_2018_2_0_bps": 0.005793365826677855,
        "sortino_ratio_2017_2018_2_0_bps": -2.501325640879521,
        "max_drawdown_2017_2018_2_0_bps": 0.01579153788332965,
        "calmar_ratio_2017_2018_2_0_bps": -0.9128016301150584,
        "perc_pos_return_2017_2018_2_0_bps": 0.4418604651162791,
        "profit_loss_ratio_2017_2018_2_0_bps": 0.911449469902537,
        "sharpe_ratio_2017_2_0_bps": -1.8038831419510621,
        "annual_return_2017_2018_2_5_bps": -0.021638227311447378,
        "annual_volatility_2017_2018_2_5_bps": 0.007497949451111441,
        "sharpe_ratio_2017_2018_2_5_bps": -2.913704914562041,
        "downside_risk_2017_2018_2_5_bps": 0.0060720267127545935,
        "sortino_ratio_2017_2018_2_5_bps": -3.597944014137956,
        "max_drawdown_2017_2018_2_5_bps": 0.022854451336482565,
        "calmar_ratio_2017_2018_2_5_bps": -0.9467839324983607,
        "perc_pos_return_2017_2018_2_5_bps": 0.39147286821705424,
        "profit_loss_ratio_2017_2018_2_5_bps": 0.9522612401329686,
        "sharpe_ratio_2017_2_5_bps": -2.7844824842917384,
        "annual_return_2017_2018_3_0_bps": -0.02880918938928223,
        "annual_volatility_2017_2018_3_0_bps": 0.007509921949408321,
        "sharpe_ratio_2017_2018_3_0_bps": -3.888526410413438,
        "downside_risk_2017_2018_3_0_bps": 0.0063606983751746185,
        "sortino_ratio_2017_2018_3_0_bps": -4.591088606621146,
        "max_drawdown_2017_2018_3_0_bps": 0.029866897729925793,
        "calmar_ratio_2017_2018_3_0_bps": -0.96458593221807,
        "perc_pos_return_2017_2018_3_0_bps": 0.375968992248062,
        "profit_loss_ratio_2017_2018_3_0_bps": 0.8653239377616757,
        "sharpe_ratio_2017_3_0_bps": -3.762304023140986
    },
    "COMB": {
        "annual_return_2017_2018": 0.015015201011177481,
        "annual_volatility_2017_2018": 0.007463871786483109,
        "sharpe_ratio_2017_2018": 2.0005402879619703,
        "downside_risk_2017_2018": 0.0047783151680279865,
        "sortino_ratio_2017_2018": 3.124904006531762,
        "max_drawdown_2017_2018": 0.0057117101778761245,
        "calmar_ratio_2017_2018": 2.6288450470294733,
        "perc_pos_return_2017_2018": 0.5387596899224806,
        "profit_loss_ratio_2017_2018": 1.2028110822490499,
        "sharpe_ratio_2017": 2.134757034570157,
        "annual_return_2017_2018_0_5_bps": 0.007576732170258893,
        "annual_volatility_2017_2018_0_5_bps": 0.007467231674276941,
        "sharpe_ratio_2017_2018_0_5_bps": 1.0145739235014533,
        "downside_risk_2017_2018_0_5_bps": 0.005016463863561478,
        "sortino_ratio_2017_2018_0_5_bps": 1.510238834270561,
        "max_drawdown_2017_2018_0_5_bps": 0.007186116654004235,
        "calmar_ratio_2017_2018_0_5_bps": 1.0543569684520777,
        "perc_pos_return_2017_2018_0_5_bps": 0.5116279069767442,
        "profit_loss_ratio_2017_2018_0_5_bps": 1.1336037124691143,
        "sharpe_ratio_2017_0_5_bps": 1.148828680787475,
        "annual_return_2017_2018_1_0_bps": 0.00019254799154211355,
        "annual_volatility_2017_2018_1_0_bps": 0.007472323513211559,
        "sharpe_ratio_2017_2018_1_0_bps": 0.029487596662436638,
        "downside_risk_2017_2018_1_0_bps": 0.005265283538549537,
        "sortino_ratio_2017_2018_1_0_bps": 0.0418478625653506,
        "max_drawdown_2017_2018_1_0_bps": 0.00865839032374518,
        "calmar_ratio_2017_2018_1_0_bps": 0.022238312705083394,
        "perc_pos_return_2017_2018_1_0_bps": 0.4844961240310077,
        "profit_loss_ratio_2017_2018_1_0_bps": 1.0693175872245921,
        "sharpe_ratio_2017_1_0_bps": 0.16335425847461996,
        "annual_return_2017_2018_1_5_bps": -0.0071377460243455815,
        "annual_volatility_2017_2018_1_5_bps": 0.007479143765924485,
        "sharpe_ratio_2017_2018_1_5_bps": -0.9540365898830728,
        "downside_risk_2017_2018_1_5_bps": 0.005524406907478055,
        "sortino_ratio_2017_2018_1_5_bps": -1.291609566997882,
        "max_drawdown_2017_2018_1_5_bps": 0.010133470101965747,
        "calmar_ratio_2017_2018_1_5_bps": -0.7043733244903897,
        "perc_pos_return_2017_2018_1_5_bps": 0.4689922480620155,
        "profit_loss_ratio_2017_2018_1_5_bps": 0.9638405994893429,
        "sharpe_ratio_2017_1_5_bps": -0.8210778729837892,
        "annual_return_2017_2018_2_0_bps": -0.014414541521927005,
        "annual_volatility_2017_2018_2_0_bps": 0.007487687709376181,
        "sharpe_ratio_2017_2018_2_0_bps": -1.9353230331866758,
        "downside_risk_2017_2018_2_0_bps": 0.005793365826677855,
        "sortino_ratio_2017_2018_2_0_bps": -2.501325640879521,
        "max_drawdown_2017_2018_2_0_bps": 0.01579153788332965,
        "calmar_ratio_2017_2018_2_0_bps": -0.9128016301150584,
        "perc_pos_return_2017_2018_2_0_bps": 0.4418604651162791,
        "profit_loss_ratio_2017_2018_2_0_bps": 0.911449469902537,
        "sharpe_ratio_2017_2_0_bps": -1.8038831419510621,
        "annual_return_2017_2018_2_5_bps": -0.021638227311447378,
        "annual_volatility_2017_2018_2_5_bps": 0.007497949451111441,
        "sharpe_ratio_2017_2018_2_5_bps": -2.913704914562041,
        "downside_risk_2017_2018_2_5_bps": 0.0060720267127545935,