{
    "ALL": {
        "annual_return_2022_2023": -0.15002644254591535,
        "annual_volatility_2022_2023": 0.13048239537157133,
        "sharpe_ratio_2022_2023": -1.1801561319678435,
        "downside_risk_2022_2023": 0.10327121993965865,
        "sortino_ratio_2022_2023": -1.4911182331494541,
        "max_drawdown_2022_2023": 0.16689629233610861,
        "calmar_ratio_2022_2023": -0.8989201644083293,
        "perc_pos_return_2022_2023": 0.5095890410958904,
        "profit_loss_ratio_2022_2023": 0.8046380435497009,
        "sharpe_ratio_2022": -0.9806031984097441,
        "annual_return_2022_2023_0_5_bps": -0.15007793235011957,
        "annual_volatility_2022_2023_0_5_bps": 0.13048247970469112,
        "sharpe_ratio_2022_2023_0_5_bps": -1.1806193183014515,
        "downside_risk_2022_2023_0_5_bps": 0.10327323243326647,
        "sortino_ratio_2022_2023_0_5_bps": -1.491675360687293,
        "max_drawdown_2022_2023_0_5_bps": 0.16693794138296827,
        "calmar_ratio_2022_2023_0_5_bps": -0.8990043312312653,
        "perc_pos_return_2022_2023_0_5_bps": 0.5095890410958904,
        "profit_loss_ratio_2022_2023_0_5_bps": 0.8045807356016884,
        "sharpe_ratio_2022_0_5_bps": -0.9809880644354269,
        "annual_return_2022_2023_1_0_bps": -0.15012941905687482,
        "annual_volatility_2022_2023_1_0_bps": 0.13048256415564385,
        "sharpe_ratio_2022_2023_1_0_bps": -1.1810825029697463,
        "downside_risk_2022_2023_1_0_bps": 0.10327524500773566,
        "sortino_ratio_2022_2023_1_0_bps": -1.492232465343606,
        "max_drawdown_2022_2023_1_0_bps": 0.16697958836292073,
        "calmar_ratio_2022_2023_1_0_bps": -0.8990884486466513,
        "perc_pos_return_2022_2023_1_0_bps": 0.5095890410958904,
        "profit_loss_ratio_2022_2023_1_0_bps": 0.8045234310666823,
        "sharpe_ratio_2022_1_0_bps": -0.9813729290773846,
        "annual_return_2022_2023_1_5_bps": -0.15018090266635964,
        "annual_volatility_2022_2023_1_5_bps": 0.1304826487244293,
        "sharpe_ratio_2022_2023_1_5_bps": -1.1815456859714786,
        "downside_risk_2022_2023_1_5_bps": 0.1032772576630615,
        "sortino_ratio_2022_2023_1_5_bps": -1.492789547118491,
        "max_drawdown_2022_2023_1_5_bps": 0.16702123327606194,
        "calmar_ratio_2022_2023_1_5_bps": -0.8991725166951218,
        "perc_pos_return_2022_2023_1_5_bps": 0.5095890410958904,
        "profit_loss_ratio_2022_2023_1_5_bps": 0.8044661299443787,
        "sharpe_ratio_2022_1_5_bps": -0.9817577923345796,
        "annual_return_2022_2023_2_0_bps": -0.15023238317876375,
        "annual_volatility_2022_2023_2_0_bps": 0.13048273341104724,
        "sharpe_ratio_2022_2023_2_0_bps": -1.1820088673053981,
        "downside_risk_2022_2023_2_0_bps": 0.10327927039923926,
        "sortino_ratio_2022_2023_2_0_bps": -1.4933466060120453,
        "max_drawdown_2022_2023_2_0_bps": 0.1670628761225001,
        "calmar_ratio_2022_2023_2_0_bps": -0.8992565354172686,
        "perc_pos_return_2022_2023_2_0_bps": 0.5095890410958904,
        "profit_loss_ratio_2022_2023_2_0_bps": 0.8044088322344719,
        "sharpe_ratio_2022_2_0_bps": -0.9821426542059728,
        "annual_return_2022_2023_2_5_bps": -0.1502838605942719,
        "annual_volatility_2022_2023_2_5_bps": 0.13048281821549748,
        "sharpe_ratio_2022_2023_2_5_bps": -1.1824720469702565,
        "downside_risk_2022_2023_2_5_bps": 0.10328128321626419,
        "sortino_ratio_2022_2023_2_5_bps": -1.4939036420243668,
        "max_drawdown_2022_2023_2_5_bps": 0.16710451690233405,
        "calmar_ratio_2022_2023_2_5_bps": -0.899340504853659,
        "perc_pos_return_2022_2023_2_5_bps": 0.5095890410958904,
        "profit_loss_ratio_2022_2023_2_5_bps": 0.8043515379366573,
        "sharpe_ratio_2022_2_5_bps": -0.9825275146905267,
        "annual_return_2022_2023_3_0_bps": -0.15033533491306628,
        "annual_volatility_2022_2023_3_0_bps": 0.13048290313777972,
        "sharpe_ratio_2022_2023_3_0_bps": -1.1829352249648035,
        "downside_risk_2022_2023_3_0_bps": 0.10328329611413159,
        "sortino_ratio_2022_2023_3_0_bps": -1.4944606551555535,
        "max_drawdown_2022_2023_3_0_bps": 0.16714615561566531,
        "calmar_ratio_2022_2023_3_0_bps": -0.899424425044787,
        "perc_pos_return_2022_2023_3_0_bps": 0.5095890410958904,
        "profit_loss_ratio_2022_2023_3_0_bps": 0.80429424705063,
        "sharpe_ratio_2022_3_0_bps": -0.9829123737872028
    },
    "COMB": {
        "annual_return_2022_2023": -0.15002644254591535,
        "annual_volatility_2022_2023": 0.13048239537157133,
        "sharpe_ratio_2022_2023": -1.1801561319678435,
        "downside_risk_2022_2023": 0.10327121993965865,
        "sortino_ratio_2022_2023": -1.4911182331494541,
        "max_drawdown_2022_2023": 0.16689629233610861,
        "calmar_ratio_2022_2023": -0.8989201644083293,
        "perc_pos_return_2022_2023": 0.5095890410958904,
        "profit_loss_ratio_2022_2023": 0.8046380435497009,
        "sharpe_ratio_2022": -0.9806031984097441,
        "annual_return_2022_2023_0_5_bps": -0.15007793235011957,
        "annual_volatility_2022_2023_0_5_bps": 0.13048247970469112,
        "sharpe_ratio_2022_2023_0_5_bps": -1.1806193183014515,
        "downside_risk_2022_2023_0_5_bps": 0.10327323243326647,
        "sortino_ratio_2022_2023_0_5_bps": -1.491675360687293,
        "max_drawdown_2022_2023_0_5_bps": 0.16693794138296827,
        "calmar_ratio_2022_2023_0_5_bps": -0.8990043312312653,
        "perc_pos_return_2022_2023_0_5_bps": 0.5095890410958904,
        "profit_loss_ratio_2022_2023_0_5_bps": 0.8045807356016884,
        "sharpe_ratio_2022_0_5_bps": -0.9809880644354269,
        "annual_return_2022_2023_1_0_bps": -0.15012941905687482,
        "annual_volatility_2022_2023_1_0_bps": 0.13048256415564385,
        "sharpe_ratio_2022_2023_1_0_bps": -1.1810825029697463,
        "downside_risk_2022_2023_1_0_bps": 0.10327524500773566,
        "sortino_ratio_2022_2023_1_0_bps": -1.492232465343606,
        "max_drawdown_2022_2023_1_0_bps": 0.16697958836292073,
        "calmar_ratio_2022_2023_1_0_bps": -0.8990884486466513,
        "perc_pos_return_2022_2023_1_0_bps": 0.5095890410958904,
        "profit_loss_ratio_2022_2023_1_0_bps": 0.8045234310666823,
        "sharpe_ratio_2022_1_0_bps": -0.9813729290773846,
        "annual_return_2022_2023_1_5_bps": -0.15018090266635964,
        "annual_volatility_2022_2023_1_5_bps": 0.1304826487244293,
        "sharpe_ratio_2022_2023_1_5_bps": -1.1815456859714786,
        "downside_risk_2022_2023_1_5_bps": 0.1032772576630615,
        "sortino_ratio_2022_2023_1_5_bps": -1.492789547118491,
        "max_drawdown_2022_2023_1_5_bps": 0.16702123327606194,
        "calmar_ratio_2022_2023_1_5_bps": -0.8991725166951218,
        "perc_pos_return_2022_2023_1_5_bps": 0.5095890410958904,
        "profit_loss_ratio_2022_2023_1_5_bps": 0.8044661299443787,
        "sharpe_ratio_2022_1_5_bps": -0.9817577923345796,
        "annual_return_2022_2023_2_0_bps": -0.15023238317876375,
        "annual_volatility_2022_2023_2_0_bps": 0.13048273341104724,
        "sharpe_ratio_2022_2023_2_0_bps": -1.1820088673053981,
        "downside_risk_2022_2023_2_0_bps": 0.10327927039923926,
        "sortino_ratio_2022_2023_2_0_bps": -1.4933466060120453,
        "max_drawdown_2022_2023_2_0_bps": 0.1670628761225001,
        "calmar_ratio_2022_2023_2_0_bps": -0.8992565354172686,
        "perc_pos_return_2022_2023_2_0_bps": 0.5095890410958904,
        "profit_loss_ratio_2022_2023_2_0_bps": 0.8044088322344719,
        "sharpe_ratio_2022_2_0_bps": -0.9821426542059728,
        "annual_return_2022_2023_2_5_bps": -0.1502838605942719,
        "annual_volatility_2022_2023_2_5_bps": 0.13048281821549748,
        "sharpe_ratio_2022_2023_2_5_bps": -1.1824720469702565,
        "downside_risk_2022_2023_2_5_bps": 0.10328128321626419,
        "sortino_ratio_2022_2023_2_5_bps": -1.4939036420243668,
        "max_drawdown_2022_2023_2_5_bps": 0.16710451690233405,
        "calmar_ratio_2022_2023_2_5_bps": -0.899340504853659,