{
    "ALL": {
        "performance_sw": 1.451118086392865,
        "performance_fw": 1.5747204560081816,
        "val_loss": 2.5525244570163834,
        "annual_return_2016_2017": 0.008900335226223799,
        "annual_volatility_2016_2017": 0.006119258413608237,
        "sharpe_ratio_2016_2017": 1.4511180863928648,
        "downside_risk_2016_2017": 0.004051376509782751,
        "sortino_ratio_2016_2017": 2.191790009607077,
        "max_drawdown_2016_2017": 0.0035941408761939377,
        "calmar_ratio_2016_2017": 2.476345678372219,
        "perc_pos_return_2016_2017": 0.5482625482625483,
        "profit_loss_ratio_2016_2017": 1.0521923172160745,
        "sharpe_ratio_2016": 1.5737813628791388,
        "annual_return_2016_2017_0_5_bps": 0.005056772195408232,
        "annual_volatility_2016_2017_0_5_bps": 0.006116820366446508,
        "sharpe_ratio_2016_2017_0_5_bps": 0.8276711408125567,
        "downside_risk_2016_2017_0_5_bps": 0.004176857665332655,
        "sortino_ratio_2016_2017_0_5_bps": 1.2120871948455672,
        "max_drawdown_2016_2017_0_5_bps": 0.004085638459546333,
        "calmar_ratio_2016_2017_0_5_bps": 1.2376944865478217,
        "perc_pos_return_2016_2017_0_5_bps": 0.5366795366795367,
        "profit_loss_ratio_2016_2017_0_5_bps": 0.9925380001471347,
        "sharpe_ratio_2016_0_5_bps": 0.9535085044317582,
        "annual_return_2016_2017_1_0_bps": 0.0012277890766037025,
        "annual_volatility_2016_2017_1_0_bps": 0.006115177680954708,
        "sharpe_ratio_2016_2017_1_0_bps": 0.20370051164096836,
        "downside_risk_2016_2017_1_0_bps": 0.004305584151933476,
        "sortino_ratio_2016_2017_1_0_bps": 0.2893137791364554,
        "max_drawdown_2016_2017_1_0_bps": 0.004727162281768477,
        "calmar_ratio_2016_2017_1_0_bps": 0.2597306805689723,
        "perc_pos_return_2016_2017_1_0_bps": 0.5057915057915058,
        "profit_loss_ratio_2016_2017_1_0_bps": 1.0112229858753574,
        "sharpe_ratio_2016_1_0_bps": 0.33239780546628017,
        "annual_return_2016_2017_1_5_bps": -0.0025866691987923573,
        "annual_volatility_2016_2017_1_5_bps": 0.00611433099818211,
        "sharpe_ratio_2016_2017_1_5_bps": -0.42055067788037176,
        "downside_risk_2016_2017_1_5_bps": 0.004437625302360397,
        "sortino_ratio_2016_2017_1_5_bps": -0.5794509159443278,
        "max_drawdown_2016_2017_1_5_bps": 0.005597533120276873,
        "calmar_ratio_2016_2017_1_5_bps": -0.4621087795661693,
        "perc_pos_return_2016_2017_1_5_bps": 0.4942084942084942,
        "profit_loss_ratio_2016_2017_1_5_bps": 0.9534618547474708,
        "sharpe_ratio_2016_1_5_bps": -0.2893316998224416,
        "annual_return_2016_2017_2_0_bps": -0.006386657492275849,
        "annual_volatility_2016_2017_2_0_bps": 0.006114280648811182,
        "sharpe_ratio_2016_2017_2_0_bps": -1.0448386787363024,
        "downside_risk_2016_2017_2_0_bps": 0.004572931400822555,
        "sortino_ratio_2016_2017_2_0_bps": -1.3970113160625361,
        "max_drawdown_2016_2017_2_0_bps": 0.006878761617561716,
        "calmar_ratio_2016_2017_2_0_bps": -0.928460360651326,
        "perc_pos_return_2016_2017_2_0_bps": 0.4864864864864865,
        "profit_loss_ratio_2016_2017_2_0_bps": 0.885170700571197,
        "sharpe_ratio_2016_2_0_bps": -0.911459703196278,
        "annual_return_2016_2017_2_5_bps": -0.010172230459029374,
        "annual_volatility_2016_2017_2_5_bps": 0.006115026652512265,
        "sharpe_ratio_2016_2017_2_5_bps": -1.6689195915099417,
        "downside_risk_2016_2017_2_5_bps": 0.004711337787328835,
        "sortino_ratio_2016_2017_2_5_bps": -2.1661549741627275,
        "max_drawdown_2016_2017_2_5_bps": 0.010767356407167056,
        "calmar_ratio_2016_2017_2_5_bps": -0.9447286849591466,
        "perc_pos_return_2016_2017_2_5_bps": 0.47104247104247104,
        "profit_loss_ratio_2016_2017_2_5_bps": 0.8474510018150474,
        "sharpe_ratio_2016_2_5_bps": -1.5337650103385208,
        "annual_return_2016_2017_3_0_bps": -0.013943442548678964,
        "annual_volatility_2016_2017_3_0_bps": 0.006116568717905164,
        "sharpe_ratio_2016_2017_3_0_bps": -2.2925498425924737,
        "downside_risk_2016_2017_3_0_bps": 0.00485281001463644,
        "sortino_ratio_2016_2017_3_0_bps": -2.8895709102863085,
        "max_drawdown_2016_2017_3_0_bps": 0.01464078876193613,
        "calmar_ratio_2016_2017_3_0_bps": -0.9523696281261729,
        "perc_pos_return_2016_2017_3_0_bps": 0.4362934362934363,
        "profit_loss_ratio_2016_2017_3_0_bps": 0.8774051573687851,
        "sharpe_ratio_2016_3_0_bps": -2.156025932799974
    },
    "COMB": {
        "annual_return_2016_2017": 0.008900335226223799,
        "annual_volatility_2016_2017": 0.006119258413608237,
        "sharpe_ratio_2016_2017": 1.4511180863928648,
        "downside_risk_2016_2017": 0.004051376509782751,
        "sortino_ratio_2016_2017": 2.191790009607077,
        "max_drawdown_2016_2017": 0.0035941408761939377,
        "calmar_ratio_2016_2017": 2.476345678372219,
        "perc_pos_return_2016_2017": 0.5482625482625483,
        "profit_loss_ratio_2016_2017": 1.0521923172160745,
        "sharpe_ratio_2016": 1.5737813628791388,
        "annual_return_2016_2017_0_5_bps": 0.005056772195408232,
        "annual_volatility_2016_2017_0_5_bps": 0.006116820366446508,
        "sharpe_ratio_2016_2017_0_5_bps": 0.8276711408125567,
        "downside_risk_2016_2017_0_5_bps": 0.004176857665332655,
        "sortino_ratio_2016_2017_0_5_bps": 1.2120871948455672,
        "max_drawdown_2016_2017_0_5_bps": 0.004085638459546333,
        "calmar_ratio_2016_2017_0_5_bps": 1.2376944865478217,
        "perc_pos_return_2016_2017_0_5_bps": 0.5366795366795367,
        "profit_loss_ratio_2016_2017_0_5_bps": 0.9925380001471347,
        "sharpe_ratio_2016_0_5_bps": 0.9535085044317582,
        "annual_return_2016_2017_1_0_bps": 0.0012277890766037025,
        "annual_volatility_2016_2017_1_0_bps": 0.006115177680954708,
        "sharpe_ratio_2016_2017_1_0_bps": 0.20370051164096836,
        "downside_risk_2016_2017_1_0_bps": 0.004305584151933476,
        "sortino_ratio_2016_2017_1_0_bps": 0.2893137791364554,
        "max_drawdown_2016_2017_1_0_bps": 0.004727162281768477,
        "calmar_ratio_2016_2017_1_0_bps": 0.2597306805689723,
        "perc_pos_return_2016_2017_1_0_bps": 0.5057915057915058,
        "profit_loss_ratio_2016_2017_1_0_bps": 1.0112229858753574,
        "sharpe_ratio_2016_1_0_bps": 0.33239780546628017,
        "annual_return_2016_2017_1_5_bps": -0.0025866691987923573,
        "annual_volatility_2016_2017_1_5_bps": 0.00611433099818211,
        "sharpe_ratio_2016_2017_1_5_bps": -0.42055067788037176,
        "downside_risk_2016_2017_1_5_bps": 0.004437625302360397,
        "sortino_ratio_2016_2017_1_5_bps": -0.5794509159443278,
        "max_drawdown_2016_2017_1_5_bps": 0.005597533120276873,
        "calmar_ratio_2016_2017_1_5_bps": -0.4621087795661693,
        "perc_pos_return_2016_2017_1_5_bps": 0.4942084942084942,
        "profit_loss_ratio_2016_2017_1_5_bps": 0.9534618547474708,
        "sharpe_ratio_2016_1_5_bps": -0.2893316998224416,
        "annual_return_2016_2017_2_0_bps": -0.006386657492275849,
        "annual_volatility_2016_2017_2_0_bps": 0.006114280648811182,
        "sharpe_ratio_2016_2017_2_0_bps": -1.0448386787363024,
        "downside_risk_2016_2017_2_0_bps": 0.004572931400822555,
        "sortino_ratio_2016_2017_2_0_bps": -1.3970113160625361,
        "max_drawdown_2016_2017_2_0_bps": 0.006878761617561716,
        "calmar_ratio_2016_2017_2_0_bps": -0.928460360651326,
        "perc_pos_return_2016_2017_2_0_bps": 0.4864864864864865,
        "profit_loss_ratio_2016_2017_2_0_bps": 0.885170700571197,
        "sharpe_ratio_2016_2_0_bps": -0.911459703196278,
        "annual_return_2016_2017_2_5_bps": -0.010172230459029374,
        "annual_volatility_2016_2017_2_5_bps": 0.006115026652512265,
        "sharpe_ratio_2016_2017_2_5_bps": -1.6689195915099417,
        "downside_risk_2016_2017_2_5_bps": 0.004711337787328835,