{
    "ALL": {
        "performance_sw": 0.027471708199878188,
        "performance_fw": 0.7023390705276086,
        "val_loss": 2.9673083381656586,
        "annual_return_2020_2021": 0.00030662040339035634,
        "annual_volatility_2020_2021": 0.015555744968912799,
        "sharpe_ratio_2020_2021": 0.027471708199878236,
        "downside_risk_2020_2021": 0.013147517655559996,
        "sortino_ratio_2020_2021": 0.032503693686768004,
        "max_drawdown_2020_2021": 0.041472803983972066,
        "calmar_ratio_2020_2021": 0.007393288467036265,
        "perc_pos_return_2020_2021": 0.5269230769230769,
        "profit_loss_ratio_2020_2021": 0.9031995816206662,
        "sharpe_ratio_2020": 0.08215077886560691,
        "annual_return_2020_2021_0_5_bps": -0.0067598497267301605,
        "annual_volatility_2020_2021_0_5_bps": 0.015562224883061287,
        "sharpe_ratio_2020_2021_0_5_bps": -0.4280774540263641,
        "downside_risk_2020_2021_0_5_bps": 0.013299643234565459,
        "sortino_ratio_2020_2021_0_5_bps": -0.5009034821033881,
        "max_drawdown_2020_2021_0_5_bps": 0.04302221478379099,
        "calmar_ratio_2020_2021_0_5_bps": -0.1571246334179196,
        "perc_pos_return_2020_2021_0_5_bps": 0.5076923076923077,
        "profit_loss_ratio_2020_2021_0_5_bps": 0.8832454848549302,
        "sharpe_ratio_2020_0_5_bps": -0.389322574646669,
        "annual_return_2020_2021_1_0_bps": -0.013776630606628149,
        "annual_volatility_2020_2021_1_0_bps": 0.015570908015369518,
        "sharpe_ratio_2020_2021_1_0_bps": -0.8831224284992085,
        "downside_risk_2020_2021_1_0_bps": 0.013459056226317684,
        "sortino_ratio_2020_2021_1_0_bps": -1.0216925963636538,
        "max_drawdown_2020_2021_1_0_bps": 0.044569171657628553,
        "calmar_ratio_2020_2021_1_0_bps": -0.30910672319551874,
        "perc_pos_return_2020_2021_1_0_bps": 0.4846153846153846,
        "profit_loss_ratio_2020_2021_1_0_bps": 0.8770610499328673,
        "sharpe_ratio_2020_1_0_bps": -0.8604346025024371,
        "annual_return_2020_2021_1_5_bps": -0.020744070017551408,
        "annual_volatility_2020_2021_1_5_bps": 0.01558179068253184,
        "sharpe_ratio_2020_2021_1_5_bps": -1.3374713483591067,
        "downside_risk_2020_2021_1_5_bps": 0.013626097560209566,
        "sortino_ratio_2020_2021_1_5_bps": -1.5294326568504846,
        "max_drawdown_2020_2021_1_5_bps": 0.04611367841198182,
        "calmar_ratio_2020_2021_1_5_bps": -0.44984635214356333,
        "perc_pos_return_2020_2021_1_5_bps": 0.47307692307692306,
        "profit_loss_ratio_2020_2021_1_5_bps": 0.831955410279907,
        "sharpe_ratio_2020_1_5_bps": -1.330965446906389,
        "annual_return_2020_2021_2_0_bps": -0.027662513317898263,
        "annual_volatility_2020_2021_2_0_bps": 0.015594868279802308,
        "sharpe_ratio_2020_2021_2_0_bps": -1.790933952531825,
        "downside_risk_2020_2021_2_0_bps": 0.01380091437753894,
        "sortino_ratio_2020_2021_2_0_bps": -2.023733958745135,
        "max_drawdown_2020_2021_2_0_bps": 0.04765573884756629,
        "calmar_ratio_2020_2021_2_0_bps": -0.5804655218205886,
        "perc_pos_return_2020_2021_2_0_bps": 0.46153846153846156,
        "profit_loss_ratio_2020_2021_2_0_bps": 0.7893402080899136,
        "sharpe_ratio_2020_2_0_bps": -1.8006966898288408,
        "annual_return_2020_2021_2_5_bps": -0.0345323034600129,
        "annual_volatility_2020_2021_2_5_bps": 0.015610135290686717,
        "sharpe_ratio_2020_2021_2_5_bps": -2.243321978253227,
        "downside_risk_2020_2021_2_5_bps": 0.013983517551147639,
        "sortino_ratio_2020_2021_2_5_bps": -2.504274010671216,
        "max_drawdown_2020_2021_2_5_bps": 0.04919535675932795,
        "calmar_ratio_2020_2021_2_5_bps": -0.7019423322601521,
        "perc_pos_return_2020_2021_2_5_bps": 0.4346153846153846,
        "profit_loss_ratio_2020_2021_2_5_bps": 0.797730649869192,
        "sharpe_ratio_2020_2_5_bps": -2.2694118556337086,
        "annual_return_2020_2021_3_0_bps": -0.04135378100687459,
        "annual_volatility_2020_2021_3_0_bps": 0.015627585298494204,
        "sharpe_ratio_2020_2021_3_0_bps": -2.694449543571228,
        "downside_risk_2020_2021_3_0_bps": 0.014174067372868849,
        "sortino_ratio_2020_2021_3_0_bps": -2.9707591312320307,
        "max_drawdown_2020_2021_3_0_bps": 0.05073253593644853,
        "calmar_ratio_2020_2021_3_0_bps": -0.8151333309787138,
        "perc_pos_return_2020_2021_3_0_bps": 0.4230769230769231,
        "profit_loss_ratio_2020_2021_3_0_bps": 0.7583963800241146,
        "sharpe_ratio_2020_3_0_bps": -2.736896903019118
    },
    "COMB": {
        "annual_return_2020_2021": 0.00030662040339035634,
        "annual_volatility_2020_2021": 0.015555744968912799,
        "sharpe_ratio_2020_2021": 0.027471708199878236,
        "downside_risk_2020_2021": 0.013147517655559996,
        "sortino_ratio_2020_2021": 0.032503693686768004,
        "max_drawdown_2020_2021": 0.041472803983972066,
        "calmar_ratio_2020_2021": 0.007393288467036265,
        "perc_pos_return_2020_2021": 0.5269230769230769,
        "profit_loss_ratio_2020_2021": 0.9031995816206662,
        "sharpe_ratio_2020": 0.08215077886560691,
        "annual_return_2020_2021_0_5_bps": -0.0067598497267301605,
        "annual_volatility_2020_2021_0_5_bps": 0.015562224883061287,
        "sharpe_ratio_2020_2021_0_5_bps": -0.4280774540263641,
        "downside_risk_2020_2021_0_5_bps": 0.013299643234565459,
        "sortino_ratio_2020_2021_0_5_bps": -0.5009034821033881,
        "max_drawdown_2020_2021_0_5_bps": 0.04302221478379099,
        "calmar_ratio_2020_2021_0_5_bps": -0.1571246334179196,
        "perc_pos_return_2020_2021_0_5_bps": 0.5076923076923077,
        "profit_loss_ratio_2020_2021_0_5_bps": 0.8832454848549302,
        "sharpe_ratio_2020_0_5_bps": -0.389322574646669,
        "annual_return_2020_2021_1_0_bps": -0.013776630606628149,
        "annual_volatility_2020_2021_1_0_bps": 0.015570908015369518,
        "sharpe_ratio_2020_2021_1_0_bps": -0.8831224284992085,
        "downside_risk_2020_2021_1_0_bps": 0.013459056226317684,
        "sortino_ratio_2020_2021_1_0_bps": -1.0216925963636538,
        "max_drawdown_2020_2021_1_0_bps": 0.044569171657628553,
        "calmar_ratio_2020_2021_1_0_bps": -0.30910672319551874,
        "perc_pos_return_2020_2021_1_0_bps": 0.4846153846153846,
        "profit_loss_ratio_2020_2021_1_0_bps": 0.8770610499328673,
        "sharpe_ratio_2020_1_0_bps": -0.8604346025024371,
        "annual_return_2020_2021_1_5_bps": -0.020744070017551408,
        "annual_volatility_2020_2021_1_5_bps": 0.01558179068253184,
        "sharpe_ratio_2020_2021_1_5_bps": -1.3374713483591067,
        "downside_risk_2020_2021_1_5_bps": 0.013626097560209566,
        "sortino_ratio_2020_2021_1_5_bps": -1.5294326568504846,
        "max_drawdown_2020_2021_1_5_bps": 0.04611367841198182,
        "calmar_ratio_2020_2021_1_5_bps": -0.44984635214356333,
        "perc_pos_return_2020_2021_1_5_bps": 0.47307692307692306,
        "profit_loss_ratio_2020_2021_1_5_bps": 0.831955410279907,
        "sharpe_ratio_2020_1_5_bps": -1.330965446906389,
        "annual_return_2020_2021_2_0_bps": -0.027662513317898263,
        "annual_volatility_2020_2021_2_0_bps": 0.015594868279802308,
        "sharpe_ratio_2020_2021_2_0_bps": -1.790933952531825,
        "downside_risk_2020_2021_2_0_bps": 0.01380091437753894,
        "sortino_ratio_2020_2021_2_0_bps": -2.023733958745135,
        "max_drawdown_2020_2021_2_0_bps": 0.04765573884756629,
        "calmar_ratio_2020_2021_2_0_bps": -0.5804655218205886,
        "perc_pos_return_2020_2021_2_0_bps": 0.46153846153846156,
        "profit_loss_ratio_2020_2021_2_0_bps": 0.7893402080899136,
        "sharpe_ratio_2020_2_0_bps": -1.8006966898288408,
        "annual_return_2020_2021_2_5_bps": -0.0345323034600129,
        "annual_volatility_2020_2021_2_5_bps": 0.015610135290686717,
        "sharpe_ratio_2020_2021_2_5_bps": -2.243321978253227,
        "downside_risk_2020_2021_2_5_bps": 0.013983517551147639,