{
    "ALL": {
        "annual_return": 0.04714504157055051,
        "annual_volatility": 0.088832239363392,
        "sharpe_ratio": 0.510725139381039,
        "downside_risk": 0.063065182285666,
        "sortino_ratio": 0.766461145400732,
        "max_drawdown": 0.0901816946264025,
        "calmar_ratio": 0.38522321370175605,
        "perc_pos_return": 0.5082191780821915,
        "profit_loss_ratio": 1.0542851208604591,
        "annual_return_0_5_bps": 0.046305008917756504,
        "annual_volatility_0_5_bps": 0.088830717322151,
        "sharpe_ratio_0_5_bps": 0.5006564402052285,
        "downside_risk_0_5_bps": 0.06307980938,
        "sortino_ratio_0_5_bps": 0.7530441961710266,
        "max_drawdown_0_5_bps": 0.09039216657667301,
        "calmar_ratio_0_5_bps": 0.372475030003125,
        "perc_pos_return_0_5_bps": 0.5068493150684925,
        "profit_loss_ratio_0_5_bps": 1.057498114161109,
        "annual_return_1_0_bps": 0.045466159110732,
        "annual_volatility_1_0_bps": 0.08882920927669301,
        "sharpe_ratio_1_0_bps": 0.4905872016009395,
        "downside_risk_1_0_bps": 0.06309446292081651,
        "sortino_ratio_1_0_bps": 0.739637757386718,
        "max_drawdown_1_0_bps": 0.09060256623740051,
        "calmar_ratio_1_0_bps": 0.35988337448808655,
        "perc_pos_return_1_0_bps": 0.505479452054794,
        "profit_loss_ratio_1_0_bps": 1.060733011601094,
        "annual_return_1_5_bps": 0.044628490357982,
        "annual_volatility_1_5_bps": 0.08882771522816951,
        "sharpe_ratio_1_5_bps": 0.480517432806949,
        "downside_risk_1_5_bps": 0.06310914307808001,
        "sortino_ratio_1_5_bps": 0.7262418469196815,
        "max_drawdown_1_5_bps": 0.09081289363558051,
        "calmar_ratio_1_5_bps": 0.34744546616458305,
        "perc_pos_return_1_5_bps": 0.5041095890410956,
        "profit_loss_ratio_1_5_bps": 1.063990263398365,
        "annual_return_2_0_bps": 0.0437920008707305,
        "annual_volatility_2_0_bps": 0.08882623517771901,
        "sharpe_ratio_2_0_bps": 0.47044714306511504,
        "downside_risk_2_0_bps": 0.06312384988070249,
        "sortino_ratio_2_0_bps": 0.712856482571869,
        "max_drawdown_2_0_bps": 0.0910231487981975,
        "calmar_ratio_2_0_bps": 0.3351585894276215,
        "perc_pos_return_2_0_bps": 0.502739726027397,
        "profit_loss_ratio_2_0_bps": 1.0672702794208084,
        "annual_return_2_5_bps": 0.04295668886292601,
        "annual_volatility_2_5_bps": 0.088824769126468,
        "sharpe_ratio_2_5_bps": 0.46037634162032404,
        "downside_risk_2_5_bps": 0.0631385833538115,
        "sortino_ratio_2_5_bps": 0.699481682099583,
        "max_drawdown_2_5_bps": 0.0912333317522235,
        "calmar_ratio_2_5_bps": 0.3230200921487875,
        "perc_pos_return_2_5_bps": 0.502739726027397,
        "profit_loss_ratio_2_5_bps": 1.0655372256777151,
        "annual_return_3_0_bps": 0.0421225525512255,
        "annual_volatility_3_0_bps": 0.08882331707552751,
        "sharpe_ratio_3_0_bps": 0.4503050377204545,
        "downside_risk_3_0_bps": 0.063153344119557,
        "sortino_ratio_3_0_bps": 0.6861174647607501,
        "max_drawdown_3_0_bps": 0.09144344252462501,
        "calmar_ratio_3_0_bps": 0.31102738383214956,
        "perc_pos_return_3_0_bps": 0.501369863013698,
        "profit_loss_ratio_3_0_bps": 1.0688284311544967,
        "annual_return_rescaled": 0.05202707572945614,
        "annual_volatility_rescaled": 0.12463645764920653,
        "downside_risk_rescaled": 0.08848387677060165,
        "max_drawdown_rescaled": 0.1486804125613173,
        "annual_return_rescaled_0_5_bps": 0.05105076470114167,
        "annual_volatility_rescaled_0_5_bps": 0.12463645764920692,
        "downside_risk_rescaled_0_5_bps": 0.08850591582862186,
        "max_drawdown_rescaled_0_5_bps": 0.14902048928149203,
        "annual_return_rescaled_1_0_bps": 0.050076012514231716,
        "annual_volatility_rescaled_1_0_bps": 0.12463645764920667,
        "downside_risk_rescaled_1_0_bps": 0.08852797880069763,
        "max_drawdown_rescaled_1_0_bps": 0.149360357249081,
        "annual_return_rescaled_1_5_bps": 0.04910281697157726,
        "annual_volatility_rescaled_1_5_bps": 0.12463645764920644,
        "downside_risk_rescaled_1_5_bps": 0.0885500659149502,
        "max_drawdown_rescaled_1_5_bps": 0.14970001642671876,
        "annual_return_rescaled_2_0_bps": 0.048131175877568544,
        "annual_volatility_rescaled_2_0_bps": 0.12463645764920675,
        "downside_risk_rescaled_2_0_bps": 0.08857217720159094,
        "max_drawdown_rescaled_2_0_bps": 0.15003946677733743,
        "annual_return_rescaled_2_5_bps": 0.04716108703813432,
        "annual_volatility_rescaled_2_5_bps": 0.12463645764920622,
        "downside_risk_rescaled_2_5_bps": 0.08859431268550694,
        "max_drawdown_rescaled_2_5_bps": 0.15037870826417774,
        "annual_return_rescaled_3_0_bps": 0.04619254826076091,
        "annual_volatility_rescaled_3_0_bps": 0.1246364576492065,
        "downside_risk_rescaled_3_0_bps": 0.08861647322932106,
        "max_drawdown_rescaled_3_0_bps": 0.150717740850776,
        "sharpe_ratio_years": 0.42436648136566657,
        "sharpe_ratio_years_0_5_bps": 0.4160003013762765,
        "sharpe_ratio_years_1_0_bps": 0.4076336731705215,
        "sharpe_ratio_years_1_5_bps": 0.399266604424992,
        "sharpe_ratio_years_2_0_bps": 0.39089910281883605,
        "sharpe_ratio_years_2_5_bps": 0.3825311760337215,
        "sharpe_ratio_years_3_0_bps": 0.3741628317537985,
        "sharpe_ratio_years_std": 0.43352003709928755,
        "sharpe_ratio_years_std_0_5_bps": 0.4407112266466735,
        "sharpe_ratio_years_std_1_0_bps": 0.4479028390594405,
        "sharpe_ratio_years_std_1_5_bps": 0.45509486669291505,
        "sharpe_ratio_years_std_2_0_bps": 0.46228730189987105,
        "sharpe_ratio_years_std_2_5_bps": 0.4694801370305655,
        "sharpe_ratio_years_std_3_0_bps": 0.4766733644327745
    },
    "COMB": {
        "annual_return": 0.04714504157055051,
        "annual_volatility": 0.088832239363392,
        "sharpe_ratio": 0.510725139381039,
        "downside_risk": 0.063065182285666,
        "sortino_ratio": 0.766461145400732,
        "max_drawdown": 0.0901816946264025,
        "calmar_ratio": 0.38522321370175605,
        "perc_pos_return": 0.5082191780821915,
        "profit_loss_ratio": 1.0542851208604591,
        "annual_return_0_5_bps": 0.046305008917756504,
        "annual_volatility_0_5_bps": 0.088830717322151,
        "sharpe_ratio_0_5_bps": 0.5006564402052285,
        "downside_risk_0_5_bps": 0.06307980938,
        "sortino_ratio_0_5_bps": 0.7530441961710266,
        "max_drawdown_0_5_bps": 0.09039216657667301,
        "calmar_ratio_0_5_bps": 0.372475030003125,
        "perc_pos_return_0_5_bps": 0.5068493150684925,
        "profit_loss_ratio_0_5_bps": 1.057498114161109,
        "annual_return_1_0_bps": 0.045466159110732,
        "annual_volatility_1_0_bps": 0.08882920927669301,
        "sharpe_ratio_1_0_bps": 0.4905872016009395,
        "downside_risk_1_0_bps": 0.06309446292081651,
        "sortino_ratio_1_0_bps": 0.739637757386718,
        "max_drawdown_1_0_bps": 0.09060256623740051,
        "calmar_ratio_1_0_bps": 0.35988337448808655,
        "perc_pos_return_1_0_bps": 0.505479452054794,
        "profit_loss_ratio_1_0_bps": 1.060733011601094,
        "annual_return_1_5_bps": 0.044628490357982,
        "annual_volatility_1_5_bps": 0.08882771522816951,
        "sharpe_ratio_1_5_bps": 0.480517432806949,
        "downside_risk_1_5_bps": 0.06310914307808001,
        "sortino_ratio_1_5_bps": 0.7262418469196815,
        "max_drawdown_1_5_bps": 0.09081289363558051,
        "calmar_ratio_1_5_bps": 0.34744546616458305,
        "perc_pos_return_1_5_bps": 0.5041095890410956,
        "profit_loss_ratio_1_5_bps": 1.063990263398365,
        "annual_return_2_0_bps": 0.0437920008707305,
        "annual_volatility_2_0_bps": 0.08882623517771901,
        "sharpe_ratio_2_0_bps": 0.47044714306511504,
        "downside_risk_2_0_bps": 0.06312384988070249,