{
    "ALL": {
        "annual_return": 0.02511090504241901,
        "annual_volatility": 0.0143230209772922,
        "sharpe_ratio": 2.0436912861575687,
        "downside_risk": 0.009923139778218801,
        "sortino_ratio": 3.3910663424631813,
        "max_drawdown": 0.0144608948109892,
        "calmar_ratio": 3.68365102129282,
        "perc_pos_return": 0.5866740110926154,
        "profit_loss_ratio": 1.0200519497522034,
        "annual_return_0_5_bps": 0.018825865324633602,
        "annual_volatility_0_5_bps": 0.014321315993854,
        "sharpe_ratio_0_5_bps": 1.5714291875209585,
        "downside_risk_0_5_bps": 0.0100980614145734,
        "sortino_ratio_0_5_bps": 2.583538483172011,
        "max_drawdown_0_5_bps": 0.015367306851271,
        "calmar_ratio_0_5_bps": 2.7721194372906277,
        "perc_pos_return_0_5_bps": 0.5774134497390306,
        "profit_loss_ratio_0_5_bps": 0.9762994964445898,
        "annual_return_1_0_bps": 0.0125807265304974,
        "annual_volatility_1_0_bps": 0.0143206298948648,
        "sharpe_ratio_1_0_bps": 1.0989762786050898,
        "downside_risk_1_0_bps": 0.010276994907022202,
        "sortino_ratio_1_0_bps": 1.8142902987671516,
        "max_drawdown_1_0_bps": 0.016302557069877,
        "calmar_ratio_1_0_bps": 1.9865390097254623,
        "perc_pos_return_1_0_bps": 0.5589191951982645,
        "profit_loss_ratio_1_0_bps": 0.9710230879470407,
        "annual_return_1_5_bps": 0.006375225062385,
        "annual_volatility_1_5_bps": 0.014320962403413202,
        "sharpe_ratio_1_5_bps": 0.6264347796399159,
        "downside_risk_1_5_bps": 0.0104599613940218,
        "sortino_ratio_1_5_bps": 1.0814395435867832,
        "max_drawdown_1_5_bps": 0.017586355897206602,
        "calmar_ratio_1_5_bps": 1.2921185636521482,
        "perc_pos_return_1_5_bps": 0.5434958316353661,
        "profit_loss_ratio_1_5_bps": 0.9481315954911013,
        "annual_return_2_0_bps": 0.00020909913800940054,
        "annual_volatility_2_0_bps": 0.014322312986756602,
        "sharpe_ratio_2_0_bps": 0.15390687225041977,
        "downside_risk_2_0_bps": 0.010646983697144601,
        "sortino_ratio_2_0_bps": 0.383198826832876,
        "max_drawdown_2_0_bps": 0.019526052457172004,
        "calmar_ratio_2_0_bps": 0.7190514392347883,
        "perc_pos_return_2_0_bps": 0.5257856578786806,
        "profit_loss_ratio_2_0_bps": 0.9382646709950997,
        "annual_return_2_5_bps": -0.0059179112225788005,
        "annual_volatility_2_5_bps": 0.0143246808574506,
        "sharpe_ratio_2_5_bps": -0.31850542598873605,
        "downside_risk_2_5_bps": 0.010838116145916201,
        "sortino_ratio_2_5_bps": -0.2821515913529574,
        "max_drawdown_2_5_bps": 0.0215408489312632,
        "calmar_ratio_2_5_bps": 0.20718711213567437,
        "perc_pos_return_2_5_bps": 0.5142174042174038,
        "profit_loss_ratio_2_5_bps": 0.9034208256800431,
        "annual_return_3_0_bps": -0.0120060642099136,
        "annual_volatility_3_0_bps": 0.014328064974826601,
        "sharpe_ratio_3_0_bps": -0.7907003861726836,
        "downside_risk_3_0_bps": 0.0110334188001436,
        "sortino_ratio_3_0_bps": -0.9162251022088366,
        "max_drawdown_3_0_bps": 0.0236147978427738,
        "calmar_ratio_3_0_bps": -0.209301449646005,
        "perc_pos_return_3_0_bps": 0.49648639439337067,
        "profit_loss_ratio_3_0_bps": 0.8925646300813727,
        "annual_return_rescaled": 0.28742466108843223,
        "annual_volatility_rescaled": 0.1500000000000044,
        "downside_risk_rescaled": 0.10392157974862273,
        "max_drawdown_rescaled": 0.13782801642118522,
        "annual_return_rescaled_0_5_bps": 0.20794947745698394,
        "annual_volatility_rescaled_0_5_bps": 0.15000000000000288,
        "downside_risk_rescaled_0_5_bps": 0.10576606317716424,
        "max_drawdown_rescaled_0_5_bps": 0.1456844205253789,
        "annual_return_rescaled_1_0_bps": 0.13350722955770422,
        "annual_volatility_rescaled_1_0_bps": 0.1500000000000057,
        "downside_risk_rescaled_1_0_bps": 0.10764535131280577,
        "max_drawdown_rescaled_1_0_bps": 0.15370528851518755,
        "annual_return_rescaled_1_5_bps": 0.06378319124220536,
        "annual_volatility_rescaled_1_5_bps": 0.15000000000000338,
        "downside_risk_rescaled_1_5_bps": 0.10955927157028282,
        "max_drawdown_rescaled_1_5_bps": 0.1658468483071271,
        "annual_return_rescaled_2_0_bps": -0.0015186871631951426,
        "annual_volatility_rescaled_2_0_bps": 0.15000000000000513,
        "downside_risk_rescaled_2_0_bps": 0.1115076563435334,
        "max_drawdown_rescaled_2_0_bps": 0.18267840821624146,
        "annual_return_rescaled_2_5_bps": -0.0626767670108167,
        "annual_volatility_rescaled_2_5_bps": 0.15000000000000477,
        "downside_risk_rescaled_2_5_bps": 0.11349065560800424,
        "max_drawdown_rescaled_2_5_bps": 0.1998936727846224,
        "annual_return_rescaled_3_0_bps": -0.11995266942240987,
        "annual_volatility_rescaled_3_0_bps": 0.15000000000000369,
        "downside_risk_rescaled_3_0_bps": 0.11550846697927161,
        "max_drawdown_rescaled_3_0_bps": 0.21714952601876297,
        "sharpe_ratio_years": 2.0869751329276465,
        "sharpe_ratio_years_0_5_bps": 1.6174357369908574,
        "sharpe_ratio_years_1_0_bps": 1.1476694203152937,
        "sharpe_ratio_years_1_5_bps": 0.6777664472816918,
        "sharpe_ratio_years_2_0_bps": 0.2078171243288472,
        "sharpe_ratio_years_2_5_bps": -0.2620883037745646,
        "sharpe_ratio_years_3_0_bps": -0.731859757203788,
        "sharpe_ratio_years_std": 1.1320707521688946,
        "sharpe_ratio_years_std_0_5_bps": 1.0716517374470709,
        "sharpe_ratio_years_std_1_0_bps": 1.024026996914522,
        "sharpe_ratio_years_std_1_5_bps": 0.9910469079531866,
        "sharpe_ratio_years_std_2_0_bps": 0.9741862193576926,
        "sharpe_ratio_years_std_2_5_bps": 0.9742505776365225,
        "sharpe_ratio_years_std_3_0_bps": 0.9911881704641241
    },
    "COMB": {
        "annual_return": 0.02511090504241901,
        "annual_volatility": 0.0143230209772922,
        "sharpe_ratio": 2.0436912861575687,
        "downside_risk": 0.009923139778218801,
        "sortino_ratio": 3.3910663424631813,
        "max_drawdown": 0.0144608948109892,
        "calmar_ratio": 3.68365102129282,
        "perc_pos_return": 0.5866740110926154,
        "profit_loss_ratio": 1.0200519497522034,
        "annual_return_0_5_bps": 0.018825865324633602,
        "annual_volatility_0_5_bps": 0.014321315993854,
        "sharpe_ratio_0_5_bps": 1.5714291875209585,
        "downside_risk_0_5_bps": 0.0100980614145734,
        "sortino_ratio_0_5_bps": 2.583538483172011,
        "max_drawdown_0_5_bps": 0.015367306851271,
        "calmar_ratio_0_5_bps": 2.7721194372906277,
        "perc_pos_return_0_5_bps": 0.5774134497390306,
        "profit_loss_ratio_0_5_bps": 0.9762994964445898,
        "annual_return_1_0_bps": 0.0125807265304974,
        "annual_volatility_1_0_bps": 0.0143206298948648,
        "sharpe_ratio_1_0_bps": 1.0989762786050898,
        "downside_risk_1_0_bps": 0.010276994907022202,
        "sortino_ratio_1_0_bps": 1.8142902987671516,
        "max_drawdown_1_0_bps": 0.016302557069877,
        "calmar_ratio_1_0_bps": 1.9865390097254623,
        "perc_pos_return_1_0_bps": 0.5589191951982645,
        "profit_loss_ratio_1_0_bps": 0.9710230879470407,
        "annual_return_1_5_bps": 0.006375225062385,
        "annual_volatility_1_5_bps": 0.014320962403413202,
        "sharpe_ratio_1_5_bps": 0.6264347796399159,
        "downside_risk_1_5_bps": 0.0104599613940218,
        "sortino_ratio_1_5_bps": 1.0814395435867832,
        "max_drawdown_1_5_bps": 0.017586355897206602,
        "calmar_ratio_1_5_bps": 1.2921185636521482,
        "perc_pos_return_1_5_bps": 0.5434958316353661,
        "profit_loss_ratio_1_5_bps": 0.9481315954911013,
        "annual_return_2_0_bps": 0.00020909913800940054,
        "annual_volatility_2_0_bps": 0.014322312986756602,
        "sharpe_ratio_2_0_bps": 0.15390687225041977,