{
    "ALL": {
        "performance_sw": -1.1235188715017455,
        "performance_fw": -0.9220415479931796,
        "val_loss": 4.025935545567618,
        "annual_return_2020_2021": -0.025050755426445748,
        "annual_volatility_2020_2021": 0.022356766874032277,
        "sharpe_ratio_2020_2021": -1.123518871501745,
        "downside_risk_2020_2021": 0.02047424731999593,
        "sortino_ratio_2020_2021": -1.2268216309084483,
        "max_drawdown_2020_2021": 0.045472851337880406,
        "calmar_ratio_2020_2021": -0.5508947578481324,
        "perc_pos_return_2020_2021": 0.5,
        "profit_loss_ratio_2020_2021": 0.709637215174531,
        "sharpe_ratio_2020": -1.0606411038889862,
        "annual_return_2020_2021_0_5_bps": -0.028997775990240116,
        "annual_volatility_2020_2021_0_5_bps": 0.02236119880855819,
        "sharpe_ratio_2020_2021_0_5_bps": -1.3046867576208572,
        "downside_risk_2020_2021_0_5_bps": 0.0205447269804003,
        "sortino_ratio_2020_2021_0_5_bps": -1.420041259145743,
        "max_drawdown_2020_2021_0_5_bps": 0.04640842481708203,
        "calmar_ratio_2020_2021_0_5_bps": -0.6248386172237977,
        "perc_pos_return_2020_2021_0_5_bps": 0.4846153846153846,
        "profit_loss_ratio_2020_2021_0_5_bps": 0.7135991913259643,
        "sharpe_ratio_2020_0_5_bps": -1.2482536644262219,
        "annual_return_2020_2021_1_0_bps": -0.03292888711755282,
        "annual_volatility_2020_2021_1_0_bps": 0.0223659394059154,
        "sharpe_ratio_2020_2021_1_0_bps": -1.4857623392548904,
        "downside_risk_2020_2021_1_0_bps": 0.020616955791240153,
        "sortino_ratio_2020_2021_1_0_bps": -1.6118029639218194,
        "max_drawdown_2020_2021_1_0_bps": 0.047343099872570814,
        "calmar_ratio_2020_2021_1_0_bps": -0.6955371998492823,
        "perc_pos_return_2020_2021_1_0_bps": 0.4807692307692308,
        "profit_loss_ratio_2020_2021_1_0_bps": 0.6851979764693255,
        "sharpe_ratio_2020_1_0_bps": -1.4357798941151958,
        "annual_return_2020_2021_1_5_bps": -0.03684415265403507,
        "annual_volatility_2020_2021_1_5_bps": 0.022370988469879276,
        "sharpe_ratio_2020_2021_1_5_bps": -1.666738194554174,
        "downside_risk_2020_2021_1_5_bps": 0.020690945810966473,
        "sortino_ratio_2020_2021_1_5_bps": -1.802072330251643,
        "max_drawdown_2020_2021_1_5_bps": 0.0482768773493124,
        "calmar_ratio_2020_2021_1_5_bps": -0.7631842545955353,
        "perc_pos_return_2020_2021_1_5_bps": 0.46923076923076923,
        "profit_loss_ratio_2020_2021_1_5_bps": 0.6783657054567455,
        "sharpe_ratio_2020_1_5_bps": -1.6232117881717014,
        "annual_return_2020_2021_2_0_bps": -0.04074363619025467,
        "annual_volatility_2020_2021_2_0_bps": 0.022376345791639912,
        "sharpe_ratio_2020_2021_2_0_bps": -1.8476069238006594,
        "downside_risk_2020_2021_2_0_bps": 0.020766723737236294,
        "sortino_ratio_2020_2021_2_0_bps": -1.99081434014847,
        "max_drawdown_2020_2021_2_0_bps": 0.04920975809149461,
        "calmar_ratio_2020_2021_2_0_bps": -0.8279584734901752,
        "perc_pos_return_2020_2021_2_0_bps": 0.4576923076923077,
        "profit_loss_ratio_2020_2021_2_0_bps": 0.6717285200048595,
        "sharpe_ratio_2020_2_0_bps": -1.8105413634323788,
        "annual_return_2020_2021_2_5_bps": -0.044627401062692806,
        "annual_volatility_2020_2021_2_5_bps": 0.02238201114984505,
        "sharpe_ratio_2020_2021_2_5_bps": -2.028361150897683,
        "downside_risk_2020_2021_2_5_bps": 0.020844333160033476,
        "sortino_ratio_2020_2021_2_5_bps": -2.177992529036682,
        "max_drawdown_2020_2021_2_5_bps": 0.050141742942528156,
        "calmar_ratio_2020_2021_2_5_bps": -0.890024926214555,
        "perc_pos_return_2020_2021_2_5_bps": 0.43846153846153846,
        "profit_loss_ratio_2020_2021_2_5_bps": 0.6865038652499423,
        "sharpe_ratio_2020_2_5_bps": -1.9977606600345914,
        "annual_return_2020_2021_3_0_bps": -0.04849551035478106,
        "annual_volatility_2020_2021_3_0_bps": 0.02238798431064558,
        "sharpe_ratio_2020_2021_3_0_bps": -2.208993524848117,
        "downside_risk_2020_2021_3_0_bps": 0.020923812993378598,
        "sortino_ratio_2020_2021_3_0_bps": -2.363570750334438,
        "max_drawdown_2020_2021_3_0_bps": 0.05242860021493275,
        "calmar_ratio_2020_2021_3_0_bps": -0.9249819784616056,
        "perc_pos_return_2020_2021_3_0_bps": 0.4230769230769231,
        "profit_loss_ratio_2020_2021_3_0_bps": 0.6913293854169305,
        "sharpe_ratio_2020_3_0_bps": -2.18486174308441
    },
    "COMB": {
        "annual_return_2020_2021": -0.025050755426445748,
        "annual_volatility_2020_2021": 0.022356766874032277,
        "sharpe_ratio_2020_2021": -1.123518871501745,
        "downside_risk_2020_2021": 0.02047424731999593,
        "sortino_ratio_2020_2021": -1.2268216309084483,
        "max_drawdown_2020_2021": 0.045472851337880406,
        "calmar_ratio_2020_2021": -0.5508947578481324,
        "perc_pos_return_2020_2021": 0.5,
        "profit_loss_ratio_2020_2021": 0.709637215174531,
        "sharpe_ratio_2020": -1.0606411038889862,
        "annual_return_2020_2021_0_5_bps": -0.028997775990240116,
        "annual_volatility_2020_2021_0_5_bps": 0.02236119880855819,
        "sharpe_ratio_2020_2021_0_5_bps": -1.3046867576208572,
        "downside_risk_2020_2021_0_5_bps": 0.0205447269804003,
        "sortino_ratio_2020_2021_0_5_bps": -1.420041259145743,
        "max_drawdown_2020_2021_0_5_bps": 0.04640842481708203,
        "calmar_ratio_2020_2021_0_5_bps": -0.6248386172237977,
        "perc_pos_return_2020_2021_0_5_bps": 0.4846153846153846,
        "profit_loss_ratio_2020_2021_0_5_bps": 0.7135991913259643,
        "sharpe_ratio_2020_0_5_bps": -1.2482536644262219,
        "annual_return_2020_2021_1_0_bps": -0.03292888711755282,
        "annual_volatility_2020_2021_1_0_bps": 0.0223659394059154,
        "sharpe_ratio_2020_2021_1_0_bps": -1.4857623392548904,
        "downside_risk_2020_2021_1_0_bps": 0.020616955791240153,
        "sortino_ratio_2020_2021_1_0_bps": -1.6118029639218194,
        "max_drawdown_2020_2021_1_0_bps": 0.047343099872570814,
        "calmar_ratio_2020_2021_1_0_bps": -0.6955371998492823,
        "perc_pos_return_2020_2021_1_0_bps": 0.4807692307692308,
        "profit_loss_ratio_2020_2021_1_0_bps": 0.6851979764693255,
        "sharpe_ratio_2020_1_0_bps": -1.4357798941151958,
        "annual_return_2020_2021_1_5_bps": -0.03684415265403507,
        "annual_volatility_2020_2021_1_5_bps": 0.022370988469879276,
        "sharpe_ratio_2020_2021_1_5_bps": -1.666738194554174,
        "downside_risk_2020_2021_1_5_bps": 0.020690945810966473,
        "sortino_ratio_2020_2021_1_5_bps": -1.802072330251643,
        "max_drawdown_2020_2021_1_5_bps": 0.0482768773493124,
        "calmar_ratio_2020_2021_1_5_bps": -0.7631842545955353,
        "perc_pos_return_2020_2021_1_5_bps": 0.46923076923076923,
        "profit_loss_ratio_2020_2021_1_5_bps": 0.6783657054567455,
        "sharpe_ratio_2020_1_5_bps": -1.6232117881717014,
        "annual_return_2020_2021_2_0_bps": -0.04074363619025467,
        "annual_volatility_2020_2021_2_0_bps": 0.022376345791639912,
        "sharpe_ratio_2020_2021_2_0_bps": -1.8476069238006594,
        "downside_risk_2020_2021_2_0_bps": 0.020766723737236294,
        "sortino_ratio_2020_2021_2_0_bps": -1.99081434014847,
        "max_drawdown_2020_2021_2_0_bps": 0.04920975809149461,
        "calmar_ratio_2020_2021_2_0_bps": -0.8279584734901752,
        "perc_pos_return_2020_2021_2_0_bps": 0.4576923076923077,
        "profit_loss_ratio_2020_2021_2_0_bps": 0.6717285200048595,
        "sharpe_ratio_2020_2_0_bps": -1.8105413634323788,
        "annual_return_2020_2021_2_5_bps": -0.044627401062692806,
        "annual_volatility_2020_2021_2_5_bps": 0.02238201114984505,
        "sharpe_ratio_2020_2021_2_5_bps": -2.028361150897683,
        "downside_risk_2020_2021_2_5_bps": 0.020844333160033476,
        "sortino_ratio_2020_2021_2_5_bps": -2.177992529036682,