{
    "ALL": {
        "annual_return": 0.03139805448131951,
        "annual_volatility": 0.030262876135435504,
        "sharpe_ratio": 1.0833663896622026,
        "downside_risk": 0.020632298449439503,
        "sortino_ratio": 1.7055830679218484,
        "max_drawdown": 0.022496065965875,
        "calmar_ratio": 1.3874341817117866,
        "perc_pos_return": 0.543835616438356,
        "profit_loss_ratio": 1.058477488318478,
        "annual_return_0_5_bps": 0.030852890376979504,
        "annual_volatility_0_5_bps": 0.030263374879736002,
        "sharpe_ratio_0_5_bps": 1.065442305348569,
        "downside_risk_0_5_bps": 0.020643451458611004,
        "sortino_ratio_0_5_bps": 1.6764190626556856,
        "max_drawdown_0_5_bps": 0.022662024065524,
        "calmar_ratio_0_5_bps": 1.353288625557953,
        "perc_pos_return_0_5_bps": 0.538356164383561,
        "profit_loss_ratio_0_5_bps": 1.078406910634983,
        "annual_return_1_0_bps": 0.0303080272932985,
        "annual_volatility_1_0_bps": 0.030263880645833005,
        "sharpe_ratio_1_0_bps": 1.047518396503837,
        "downside_risk_1_0_bps": 0.0206546214233405,
        "sortino_ratio_1_0_bps": 1.647292922933874,
        "max_drawdown_1_0_bps": 0.0228279503170375,
        "calmar_ratio_1_0_bps": 1.319683252163112,
        "perc_pos_return_1_0_bps": 0.5369863013698626,
        "profit_loss_ratio_1_0_bps": 1.0817126767372929,
        "annual_return_1_5_bps": 0.0297634650577165,
        "annual_volatility_1_5_bps": 0.030264393433445003,
        "sharpe_ratio_1_5_bps": 1.029594677549148,
        "downside_risk_1_5_bps": 0.020665808352414,
        "sortino_ratio_1_5_bps": 1.618204660747184,
        "max_drawdown_1_5_bps": 0.022993844727032503,
        "calmar_ratio_1_5_bps": 1.2866045153605143,
        "perc_pos_return_1_5_bps": 0.5369863013698626,
        "profit_loss_ratio_1_5_bps": 1.0778754439271625,
        "annual_return_2_0_bps": 0.029219203497771504,
        "annual_volatility_2_0_bps": 0.030264913242288,
        "sharpe_ratio_2_0_bps": 1.0116711629046855,
        "downside_risk_2_0_bps": 0.020677012215978,
        "sortino_ratio_2_0_bps": 1.589154294003512,
        "max_drawdown_2_0_bps": 0.0231597073021195,
        "calmar_ratio_2_0_bps": 1.2540393423540026,
        "perc_pos_return_2_0_bps": 0.5369863013698626,
        "profit_loss_ratio_2_0_bps": 1.074052696948441,
        "annual_return_2_5_bps": 0.028675242441113503,
        "annual_volatility_2_5_bps": 0.03026544007207,
        "sharpe_ratio_2_5_bps": 0.993747866989611,
        "downside_risk_2_5_bps": 0.020688232992968,
        "sortino_ratio_2_5_bps": 1.5601418385796315,
        "max_drawdown_2_5_bps": 0.023325538048907003,
        "calmar_ratio_2_5_bps": 1.2219751125699125,
        "perc_pos_return_2_5_bps": 0.535616438356164,
        "profit_loss_ratio_2_5_bps": 1.077377814632445,
        "annual_return_3_0_bps": 0.028131581715481503,
        "annual_volatility_3_0_bps": 0.030265973922494502,
        "sharpe_ratio_3_0_bps": 0.975824804222,
        "downside_risk_3_0_bps": 0.020699470802698003,
        "sortino_ratio_3_0_bps": 1.5311672875848794,
        "max_drawdown_3_0_bps": 0.0234913369740025,
        "calmar_ratio_3_0_bps": 1.1903996376513288,
        "perc_pos_return_3_0_bps": 0.535616438356164,
        "profit_loss_ratio_3_0_bps": 1.0735555685859806,
        "annual_return_rescaled": 0.1041254537790971,
        "annual_volatility_rescaled": 0.12463645764920889,
        "downside_risk_rescaled": 0.08497330459903937,
        "max_drawdown_rescaled": 0.10954845472146318,
        "annual_return_rescaled_0_5_bps": 0.10212469992573281,
        "annual_volatility_rescaled_0_5_bps": 0.12463645764920875,
        "downside_risk_rescaled_0_5_bps": 0.08501783669796505,
        "max_drawdown_rescaled_0_5_bps": 0.11029425311145578,
        "annual_return_rescaled_1_0_bps": 0.10012777028480835,
        "annual_volatility_rescaled_1_0_bps": 0.12463645764920639,
        "downside_risk_rescaled_1_0_bps": 0.08506241742151,
        "max_drawdown_rescaled_1_0_bps": 0.11103929497774076,
        "annual_return_rescaled_1_5_bps": 0.0981346585877465,
        "annual_volatility_rescaled_1_5_bps": 0.12463645764920817,
        "downside_risk_rescaled_1_5_bps": 0.08510704677318626,
        "max_drawdown_rescaled_1_5_bps": 0.11178358066634195,
        "annual_return_rescaled_2_0_bps": 0.09614535857117479,
        "annual_volatility_rescaled_2_0_bps": 0.12463645764920755,
        "downside_risk_rescaled_2_0_bps": 0.08515172459731368,
        "max_drawdown_rescaled_2_0_bps": 0.11252711052432672,
        "annual_return_rescaled_2_5_bps": 0.09415986397695586,
        "annual_volatility_rescaled_2_5_bps": 0.12463645764920805,
        "downside_risk_rescaled_2_5_bps": 0.08519645077437848,
        "max_drawdown_rescaled_2_5_bps": 0.11326988489981649,
        "annual_return_rescaled_3_0_bps": 0.09217816855220473,
        "annual_volatility_rescaled_3_0_bps": 0.12463645764920847,
        "downside_risk_rescaled_3_0_bps": 0.08524122576290372,
        "max_drawdown_rescaled_3_0_bps": 0.11401190414197145,
        "sharpe_ratio_years": 0.9011023138489831,
        "sharpe_ratio_years_0_5_bps": 0.8862035581349861,
        "sharpe_ratio_years_1_0_bps": 0.8713049462656061,
        "sharpe_ratio_years_1_5_bps": 0.8564064902191836,
        "sharpe_ratio_years_2_0_bps": 0.8415082019732711,
        "sharpe_ratio_years_2_5_bps": 0.8266100935045796,
        "sharpe_ratio_years_3_0_bps": 0.8117121767889246,
        "sharpe_ratio_years_std": 0.12581806492504,
        "sharpe_ratio_years_std_0_5_bps": 0.124559552384498,
        "sharpe_ratio_years_std_1_0_bps": 0.123300684272867,
        "sharpe_ratio_years_std_1_5_bps": 0.12204146582595354,
        "sharpe_ratio_years_std_2_0_bps": 0.12078190228046598,
        "sharpe_ratio_years_std_2_5_bps": 0.11952199887397752,
        "sharpe_ratio_years_std_3_0_bps": 0.11826176084488754
    },
    "COMB": {
        "annual_return": 0.03139805448131951,
        "annual_volatility": 0.030262876135435504,
        "sharpe_ratio": 1.0833663896622026,
        "downside_risk": 0.020632298449439503,
        "sortino_ratio": 1.7055830679218484,
        "max_drawdown": 0.022496065965875,
        "calmar_ratio": 1.3874341817117866,
        "perc_pos_return": 0.543835616438356,
        "profit_loss_ratio": 1.058477488318478,
        "annual_return_0_5_bps": 0.030852890376979504,
        "annual_volatility_0_5_bps": 0.030263374879736002,
        "sharpe_ratio_0_5_bps": 1.065442305348569,
        "downside_risk_0_5_bps": 0.020643451458611004,
        "sortino_ratio_0_5_bps": 1.6764190626556856,
        "max_drawdown_0_5_bps": 0.022662024065524,
        "calmar_ratio_0_5_bps": 1.353288625557953,
        "perc_pos_return_0_5_bps": 0.538356164383561,
        "profit_loss_ratio_0_5_bps": 1.078406910634983,
        "annual_return_1_0_bps": 0.0303080272932985,
        "annual_volatility_1_0_bps": 0.030263880645833005,
        "sharpe_ratio_1_0_bps": 1.047518396503837,
        "downside_risk_1_0_bps": 0.0206546214233405,
        "sortino_ratio_1_0_bps": 1.647292922933874,
        "max_drawdown_1_0_bps": 0.0228279503170375,
        "calmar_ratio_1_0_bps": 1.319683252163112,
        "perc_pos_return_1_0_bps": 0.5369863013698626,
        "profit_loss_ratio_1_0_bps": 1.0817126767372929,
        "annual_return_1_5_bps": 0.0297634650577165,
        "annual_volatility_1_5_bps": 0.030264393433445003,
        "sharpe_ratio_1_5_bps": 1.029594677549148,
        "downside_risk_1_5_bps": 0.020665808352414,
        "sortino_ratio_1_5_bps": 1.618204660747184,
        "max_drawdown_1_5_bps": 0.022993844727032503,
        "calmar_ratio_1_5_bps": 1.2866045153605143,
        "perc_pos_return_1_5_bps": 0.5369863013698626,
        "profit_loss_ratio_1_5_bps": 1.0778754439271625,
        "annual_return_2_0_bps": 0.029219203497771504,
        "annual_volatility_2_0_bps": 0.030264913242288,
        "sharpe_ratio_2_0_bps": 1.0116711629046855,