{
    "ALL": {
        "annual_return": 0.011276495389802504,
        "annual_volatility": 0.07495349705139101,
        "sharpe_ratio": 0.2696786563089405,
        "downside_risk": 0.05351114284924101,
        "sortino_ratio": 0.38535108175111454,
        "max_drawdown": 0.0751101785872535,
        "calmar_ratio": 0.15929498361942152,
        "perc_pos_return": 0.516438356164383,
        "profit_loss_ratio": 0.971149703371028,
        "annual_return_0_5_bps": 0.010372144235532003,
        "annual_volatility_0_5_bps": 0.0749555850294735,
        "sharpe_ratio_0_5_bps": 0.258445699979436,
        "downside_risk_0_5_bps": 0.053533284129739504,
        "sortino_ratio_0_5_bps": 0.3697718982103379,
        "max_drawdown_0_5_bps": 0.075309945891238,
        "calmar_ratio_0_5_bps": 0.14810429552024354,
        "perc_pos_return_0_5_bps": 0.516438356164383,
        "profit_loss_ratio_0_5_bps": 0.9693706879558559,
        "annual_return_1_0_bps": 0.009469085534217502,
        "annual_volatility_1_0_bps": 0.07495769438238101,
        "sharpe_ratio_1_0_bps": 0.2472136165100505,
        "downside_risk_1_0_bps": 0.053555458864528505,
        "sortino_ratio_1_0_bps": 0.3542098262990285,
        "max_drawdown_1_0_bps": 0.07550965133200851,
        "calmar_ratio_1_0_bps": 0.13701365961529655,
        "perc_pos_return_1_0_bps": 0.516438356164383,
        "profit_loss_ratio_1_0_bps": 0.9675965952660875,
        "annual_return_1_5_bps": 0.008567317244297,
        "annual_volatility_1_5_bps": 0.07495982510763051,
        "sharpe_ratio_1_5_bps": 0.23598241940223302,
        "downside_risk_1_5_bps": 0.05357766699224201,
        "sortino_ratio_1_5_bps": 0.33866487526889105,
        "max_drawdown_1_5_bps": 0.07570929493061102,
        "calmar_ratio_1_5_bps": 0.12602174674308353,
        "perc_pos_return_1_5_bps": 0.516438356164383,
        "profit_loss_ratio_1_5_bps": 0.965827402535404,
        "annual_return_2_0_bps": 0.007666837327478502,
        "annual_volatility_2_0_bps": 0.074961977202712,
        "sharpe_ratio_2_0_bps": 0.224752122150539,
        "downside_risk_2_0_bps": 0.053599908451564,
        "sortino_ratio_2_0_bps": 0.32313705414360894,
        "max_drawdown_2_0_bps": 0.0759088767080765,
        "calmar_ratio_2_0_bps": 0.115127251467532,
        "perc_pos_return_2_0_bps": 0.516438356164383,
        "profit_loss_ratio_2_0_bps": 0.9640630871405815,
        "annual_return_2_5_bps": 0.006767643748718501,
        "annual_volatility_2_5_bps": 0.07496415066508501,
        "sharpe_ratio_2_5_bps": 0.213522738242532,
        "downside_risk_2_5_bps": 0.053622183184071005,
        "sortino_ratio_2_5_bps": 0.30762637174990104,
        "max_drawdown_2_5_bps": 0.07610839668543401,
        "calmar_ratio_2_5_bps": 0.10432889154872599,
        "perc_pos_return_2_5_bps": 0.5150684931506846,
        "profit_loss_ratio_2_5_bps": 0.9673559922470445,
        "annual_return_3_0_bps": 0.005869734476236,
        "annual_volatility_3_0_bps": 0.07496634549218101,
        "sharpe_ratio_3_0_bps": 0.20229428115869452,
        "downside_risk_3_0_bps": 0.053644491228098,
        "sortino_ratio_3_0_bps": 0.292132837753648,
        "max_drawdown_3_0_bps": 0.0763078548837045,
        "calmar_ratio_3_0_bps": 0.09362540742799697,
        "perc_pos_return_3_0_bps": 0.513698630136986,
        "profit_loss_ratio_3_0_bps": 0.9706770302145327,
        "annual_return_rescaled": 0.012237225079132774,
        "annual_volatility_rescaled": 0.12463645764920642,
        "downside_risk_rescaled": 0.08898102892940785,
        "max_drawdown_rescaled": 0.14611361816148366,
        "annual_return_rescaled_0_5_bps": 0.01100463119126427,
        "annual_volatility_rescaled_0_5_bps": 0.12463645764920672,
        "downside_risk_rescaled_0_5_bps": 0.08901536686873482,
        "max_drawdown_rescaled_0_5_bps": 0.14647884766944919,
        "annual_return_rescaled_1_0_bps": 0.009774519947511384,
        "annual_volatility_rescaled_1_0_bps": 0.12463645764920628,
        "downside_risk_rescaled_1_0_bps": 0.08904973312815304,
        "max_drawdown_rescaled_1_0_bps": 0.1468437917902115,
        "annual_return_rescaled_1_5_bps": 0.008546886693542588,
        "annual_volatility_rescaled_1_5_bps": 0.12463645764920683,
        "downside_risk_rescaled_1_5_bps": 0.08908412757678866,
        "max_drawdown_rescaled_1_5_bps": 0.14720845046298808,
        "annual_return_rescaled_2_0_bps": 0.007321726780014137,
        "annual_volatility_rescaled_2_0_bps": 0.12463645764920683,
        "downside_risk_rescaled_2_0_bps": 0.08911855008385569,
        "max_drawdown_rescaled_2_0_bps": 0.14757282362775734,
        "annual_return_rescaled_2_5_bps": 0.006099035562592281,
        "annual_volatility_rescaled_2_5_bps": 0.1246364576492072,
        "downside_risk_rescaled_2_5_bps": 0.08915300052338612,
        "max_drawdown_rescaled_2_5_bps": 0.1479369112252592,
        "annual_return_rescaled_3_0_bps": 0.004878808401962642,
        "annual_volatility_rescaled_3_0_bps": 0.12463645764920722,
        "downside_risk_rescaled_3_0_bps": 0.08918747893028167,
        "max_drawdown_rescaled_3_0_bps": 0.148300713196995,
        "sharpe_ratio_years": 0.2240786161729615,
        "sharpe_ratio_years_0_5_bps": 0.21474504360071003,
        "sharpe_ratio_years_1_0_bps": 0.20541219629641402,
        "sharpe_ratio_years_1_5_bps": 0.196080085478558,
        "sharpe_ratio_years_2_0_bps": 0.1867487223598995,
        "sharpe_ratio_years_2_5_bps": 0.17741811814738598,
        "sharpe_ratio_years_3_0_bps": 0.16808828404208198,
        "sharpe_ratio_years_std": 0.5382425078205795,
        "sharpe_ratio_years_std_0_5_bps": 0.5445672904812671,
        "sharpe_ratio_years_std_1_0_bps": 0.55089140181908,
        "sharpe_ratio_years_std_1_5_bps": 0.557214830858637,
        "sharpe_ratio_years_std_2_0_bps": 0.5635375666302576,
        "sharpe_ratio_years_std_2_5_bps": 0.5698595981700361,
        "sharpe_ratio_years_std_3_0_bps": 0.57618091451992
    },
    "COMB": {
        "annual_return": 0.011276495389802504,
        "annual_volatility": 0.07495349705139101,
        "sharpe_ratio": 0.2696786563089405,
        "downside_risk": 0.05351114284924101,
        "sortino_ratio": 0.38535108175111454,
        "max_drawdown": 0.0751101785872535,
        "calmar_ratio": 0.15929498361942152,
        "perc_pos_return": 0.516438356164383,
        "profit_loss_ratio": 0.971149703371028,
        "annual_return_0_5_bps": 0.010372144235532003,
        "annual_volatility_0_5_bps": 0.0749555850294735,
        "sharpe_ratio_0_5_bps": 0.258445699979436,
        "downside_risk_0_5_bps": 0.053533284129739504,
        "sortino_ratio_0_5_bps": 0.3697718982103379,
        "max_drawdown_0_5_bps": 0.075309945891238,
        "calmar_ratio_0_5_bps": 0.14810429552024354,
        "perc_pos_return_0_5_bps": 0.516438356164383,
        "profit_loss_ratio_0_5_bps": 0.9693706879558559,
        "annual_return_1_0_bps": 0.009469085534217502,
        "annual_volatility_1_0_bps": 0.07495769438238101,
        "sharpe_ratio_1_0_bps": 0.2472136165100505,
        "downside_risk_1_0_bps": 0.053555458864528505,
        "sortino_ratio_1_0_bps": 0.3542098262990285,
        "max_drawdown_1_0_bps": 0.07550965133200851,
        "calmar_ratio_1_0_bps": 0.13701365961529655,
        "perc_pos_return_1_0_bps": 0.516438356164383,
        "profit_loss_ratio_1_0_bps": 0.9675965952660875,
        "annual_return_1_5_bps": 0.008567317244297,
        "annual_volatility_1_5_bps": 0.07495982510763051,
        "sharpe_ratio_1_5_bps": 0.23598241940223302,
        "downside_risk_1_5_bps": 0.05357766699224201,
        "sortino_ratio_1_5_bps": 0.33866487526889105,
        "max_drawdown_1_5_bps": 0.07570929493061102,
        "calmar_ratio_1_5_bps": 0.12602174674308353,
        "perc_pos_return_1_5_bps": 0.516438356164383,
        "profit_loss_ratio_1_5_bps": 0.965827402535404,
        "annual_return_2_0_bps": 0.007666837327478502,
        "annual_volatility_2_0_bps": 0.074961977202712,
        "sharpe_ratio_2_0_bps": 0.224752122150539,