{
    "ALL": {
        "performance_sw": 0.6023265434151023,
        "performance_fw": 0.5859596630000272,
        "val_loss": 3.417336171072093,
        "annual_return_2021_2022": 0.02587999911556982,
        "annual_volatility_2021_2022": 0.03614832498351077,
        "sharpe_ratio_2021_2022": 0.7249001072106487,
        "downside_risk_2021_2022": 0.026497991882710972,
        "sortino_ratio_2021_2022": 0.9889022825586072,
        "max_drawdown_2021_2022": 0.020795162894216308,
        "calmar_ratio_2021_2022": 1.2445201438055453,
        "perc_pos_return_2021_2022": 0.5643835616438356,
        "profit_loss_ratio_2021_2022": 0.8653803933059829,
        "sharpe_ratio_2021": 0.6023265434151022,
        "annual_return_2021_2022_0_5_bps": 0.025314385888341562,
        "annual_volatility_2021_2022_0_5_bps": 0.03614720248086906,
        "sharpe_ratio_2021_2022_0_5_bps": 0.7096635104426537,
        "downside_risk_2021_2022_0_5_bps": 0.026509875423229804,
        "sortino_ratio_2021_2022_0_5_bps": 0.9676526273969798,
        "max_drawdown_2021_2022_0_5_bps": 0.020967346230680212,
        "calmar_ratio_2021_2022_0_5_bps": 1.2073242655429897,
        "perc_pos_return_2021_2022_0_5_bps": 0.5643835616438356,
        "profit_loss_ratio_2021_2022_0_5_bps": 0.8633116885178453,
        "sharpe_ratio_2021_0_5_bps": 0.5896663070964873,
        "annual_return_2021_2022_1_0_bps": 0.02474908342530524,
        "annual_volatility_2021_2022_1_0_bps": 0.03614608616597334,
        "sharpe_ratio_2021_2022_1_0_bps": 0.6944258484645166,
        "downside_risk_2021_2022_1_0_bps": 0.026521770212731666,
        "sortino_ratio_2021_2022_1_0_bps": 0.9464216133819016,
        "max_drawdown_2021_2022_1_0_bps": 0.02113949956702305,
        "calmar_ratio_2021_2022_1_0_bps": 1.1707506767999858,
        "perc_pos_return_2021_2022_1_0_bps": 0.5643835616438356,
        "profit_loss_ratio_2021_2022_1_0_bps": 0.8612474902179298,
        "sharpe_ratio_2021_1_0_bps": 0.577005185684414,
        "annual_return_2021_2022_1_5_bps": 0.02418409155630319,
        "annual_volatility_2021_2022_1_5_bps": 0.03614497603939691,
        "sharpe_ratio_2021_2022_1_5_bps": 0.6791871289924858,
        "downside_risk_2021_2022_1_5_bps": 0.026533676236088113,
        "sortino_ratio_2021_2022_1_5_bps": 0.9252092429736941,
        "max_drawdown_2021_2022_1_5_bps": 0.02131162290843304,
        "calmar_ratio_2021_2022_1_5_bps": 1.1347841344702805,
        "perc_pos_return_2021_2022_1_5_bps": 0.5643835616438356,
        "profit_loss_ratio_2021_2022_1_5_bps": 0.8591877836967867,
        "sharpe_ratio_2021_1_5_bps": 0.5643431855903878,
        "annual_return_2021_2022_2_0_bps": 0.02361941011129165,
        "annual_volatility_2021_2022_2_0_bps": 0.03614387210170998,
        "sharpe_ratio_2021_2022_2_0_bps": 0.6639473597458715,
        "downside_risk_2021_2022_2_0_bps": 0.02654559347818359,
        "sortino_ratio_2021_2022_2_0_bps": 0.9040155185321127,
        "max_drawdown_2021_2022_2_0_bps": 0.0214837162600804,
        "calmar_ratio_2021_2022_2_0_bps": 1.0994098891158626,
        "perc_pos_return_2021_2022_2_0_bps": 0.5643835616438356,
        "profit_loss_ratio_2021_2022_2_0_bps": 0.8571325543089127,
        "sharpe_ratio_2021_2_0_bps": 0.551680313228459,
        "annual_return_2021_2022_2_5_bps": 0.02305503892029681,
        "annual_volatility_2021_2022_2_5_bps": 0.036142774353479644,
        "sharpe_ratio_2021_2022_2_5_bps": 0.6487065484470245,
        "downside_risk_2021_2022_2_5_bps": 0.026557521923915434,
        "sortino_ratio_2021_2022_2_5_bps": 0.8828404423167174,
        "max_drawdown_2021_2022_2_5_bps": 0.021655779627145454,
        "calmar_ratio_2021_2022_2_5_bps": 1.064613665138954,
        "perc_pos_return_2021_2022_2_5_bps": 0.5643835616438356,
        "profit_loss_ratio_2021_2022_2_5_bps": 0.8550817874724049,
        "sharpe_ratio_2021_2_5_bps": 0.5390165750152037,
        "annual_return_2021_2022_3_0_bps": 0.022490977813456547,
        "annual_volatility_2021_2022_3_0_bps": 0.0361416827952699,
        "sharpe_ratio_2021_2022_3_0_bps": 0.633464702821319,
        "downside_risk_2021_2022_3_0_bps": 0.026569461558193914,
        "sortino_ratio_2021_2022_3_0_bps": 0.8616840164872465,
        "max_drawdown_2021_2022_3_0_bps": 0.02182781301480532,
        "calmar_ratio_2021_2022_3_0_bps": 1.0303816419080287,
        "perc_pos_return_2021_2022_3_0_bps": 0.5643835616438356,
        "profit_loss_ratio_2021_2022_3_0_bps": 0.8530354686686149,
        "sharpe_ratio_2021_3_0_bps": 0.5263519773697104
    },
    "COMB": {
        "annual_return_2021_2022": 0.02587999911556982,
        "annual_volatility_2021_2022": 0.03614832498351077,
        "sharpe_ratio_2021_2022": 0.7249001072106487,
        "downside_risk_2021_2022": 0.026497991882710972,
        "sortino_ratio_2021_2022": 0.9889022825586072,
        "max_drawdown_2021_2022": 0.020795162894216308,
        "calmar_ratio_2021_2022": 1.2445201438055453,
        "perc_pos_return_2021_2022": 0.5643835616438356,
        "profit_loss_ratio_2021_2022": 0.8653803933059829,
        "sharpe_ratio_2021": 0.6023265434151022,
        "annual_return_2021_2022_0_5_bps": 0.025314385888341562,
        "annual_volatility_2021_2022_0_5_bps": 0.03614720248086906,
        "sharpe_ratio_2021_2022_0_5_bps": 0.7096635104426537,
        "downside_risk_2021_2022_0_5_bps": 0.026509875423229804,
        "sortino_ratio_2021_2022_0_5_bps": 0.9676526273969798,
        "max_drawdown_2021_2022_0_5_bps": 0.020967346230680212,
        "calmar_ratio_2021_2022_0_5_bps": 1.2073242655429897,
        "perc_pos_return_2021_2022_0_5_bps": 0.5643835616438356,
        "profit_loss_ratio_2021_2022_0_5_bps": 0.8633116885178453,
        "sharpe_ratio_2021_0_5_bps": 0.5896663070964873,
        "annual_return_2021_2022_1_0_bps": 0.02474908342530524,
        "annual_volatility_2021_2022_1_0_bps": 0.03614608616597334,
        "sharpe_ratio_2021_2022_1_0_bps": 0.6944258484645166,
        "downside_risk_2021_2022_1_0_bps": 0.026521770212731666,
        "sortino_ratio_2021_2022_1_0_bps": 0.9464216133819016,
        "max_drawdown_2021_2022_1_0_bps": 0.02113949956702305,
        "calmar_ratio_2021_2022_1_0_bps": 1.1707506767999858,
        "perc_pos_return_2021_2022_1_0_bps": 0.5643835616438356,
        "profit_loss_ratio_2021_2022_1_0_bps": 0.8612474902179298,
        "sharpe_ratio_2021_1_0_bps": 0.577005185684414,
        "annual_return_2021_2022_1_5_bps": 0.02418409155630319,
        "annual_volatility_2021_2022_1_5_bps": 0.03614497603939691,
        "sharpe_ratio_2021_2022_1_5_bps": 0.6791871289924858,
        "downside_risk_2021_2022_1_5_bps": 0.026533676236088113,
        "sortino_ratio_2021_2022_1_5_bps": 0.9252092429736941,
        "max_drawdown_2021_2022_1_5_bps": 0.02131162290843304,
        "calmar_ratio_2021_2022_1_5_bps": 1.1347841344702805,
        "perc_pos_return_2021_2022_1_5_bps": 0.5643835616438356,
        "profit_loss_ratio_2021_2022_1_5_bps": 0.8591877836967867,
        "sharpe_ratio_2021_1_5_bps": 0.5643431855903878,
        "annual_return_2021_2022_2_0_bps": 0.02361941011129165,
        "annual_volatility_2021_2022_2_0_bps": 0.03614387210170998,
        "sharpe_ratio_2021_2022_2_0_bps": 0.6639473597458715,
        "downside_risk_2021_2022_2_0_bps": 0.02654559347818359,
        "sortino_ratio_2021_2022_2_0_bps": 0.9040155185321127,
        "max_drawdown_2021_2022_2_0_bps": 0.0214837162600804,
        "calmar_ratio_2021_2022_2_0_bps": 1.0994098891158626,
        "perc_pos_return_2021_2022_2_0_bps": 0.5643835616438356,
        "profit_loss_ratio_2021_2022_2_0_bps": 0.8571325543089127,
        "sharpe_ratio_2021_2_0_bps": 0.551680313228459,
        "annual_return_2021_2022_2_5_bps": 0.02305503892029681,
        "annual_volatility_2021_2022_2_5_bps": 0.036142774353479644,
        "sharpe_ratio_2021_2022_2_5_bps": 0.6487065484470245,
        "downside_risk_2021_2022_2_5_bps": 0.026557521923915434,
        "sortino_ratio_2021_2022_2_5_bps": 0.8828404423167174,