{
    "ALL": {
        "performance_sw": -0.9228954044347101,
        "performance_fw": -0.04315442011288186,
        "val_loss": 3.8156806129751346,
        "annual_return_2020_2021": -0.02151355855912407,
        "annual_volatility_2020_2021": 0.02327079335416723,
        "sharpe_ratio_2020_2021": -0.9228954044347102,
        "downside_risk_2020_2021": 0.020813485416349066,
        "sortino_ratio_2020_2021": -1.0318554444149397,
        "max_drawdown_2020_2021": 0.04716905312821584,
        "calmar_ratio_2020_2021": -0.45609477257568626,
        "perc_pos_return_2020_2021": 0.5269230769230769,
        "profit_loss_ratio_2020_2021": 0.7126369103501307,
        "sharpe_ratio_2020": -0.9064762721994528,
        "annual_return_2020_2021_0_5_bps": -0.025739605753491768,
        "annual_volatility_2020_2021_0_5_bps": 0.023276094493092793,
        "sharpe_ratio_2020_2021_0_5_bps": -1.1086175955707713,
        "downside_risk_2020_2021_0_5_bps": 0.020900724632965027,
        "sortino_ratio_2020_2021_0_5_bps": -1.2346121182091254,
        "max_drawdown_2020_2021_0_5_bps": 0.04816174347447385,
        "calmar_ratio_2020_2021_0_5_bps": -0.5344409046805788,
        "perc_pos_return_2020_2021_0_5_bps": 0.5153846153846153,
        "profit_loss_ratio_2020_2021_0_5_bps": 0.711999338850092,
        "sharpe_ratio_2020_0_5_bps": -1.0988678474514573,
        "annual_return_2020_2021_1_0_bps": -0.02994748293938032,
        "annual_volatility_2020_2021_1_0_bps": 0.023281839461688637,
        "sharpe_ratio_2020_2021_1_0_bps": -1.294230536547346,
        "downside_risk_2020_2021_1_0_bps": 0.02098971255523066,
        "sortino_ratio_2020_2021_1_0_bps": -1.435563612365978,
        "max_drawdown_2020_2021_1_0_bps": 0.04915342112949404,
        "calmar_ratio_2020_2021_1_0_bps": -0.6092654845017618,
        "perc_pos_return_2020_2021_1_0_bps": 0.5115384615384615,
        "profit_loss_ratio_2020_2021_1_0_bps": 0.6896112846293223,
        "sharpe_ratio_2020_1_0_bps": -1.2911628633611025,
        "annual_return_2020_2021_1_5_bps": -0.03413726788642257,
        "annual_volatility_2020_2021_1_5_bps": 0.023288027931487182,
        "sharpe_ratio_2020_2021_1_5_bps": -1.4797237167007173,
        "downside_risk_2020_2021_1_5_bps": 0.0210804578116656,
        "sortino_ratio_2020_2021_1_5_bps": -1.6346821095289865,
        "max_drawdown_2020_2021_1_5_bps": 0.05014408710445876,
        "calmar_ratio_2020_2021_1_5_bps": -0.6807835152190281,
        "perc_pos_return_2020_2021_1_5_bps": 0.5038461538461538,
        "profit_loss_ratio_2020_2021_1_5_bps": 0.6781705103624263,
        "sharpe_ratio_2020_1_5_bps": -1.4833495943543924,
        "annual_return_2020_2021_2_0_bps": -0.03830903803290697,
        "annual_volatility_2020_2021_2_0_bps": 0.023294659549026233,
        "sharpe_ratio_2020_2021_2_0_bps": -1.6650866620684994,
        "downside_risk_2020_2021_2_0_bps": 0.02117298200929512,
        "sortino_ratio_2020_2021_2_0_bps": -1.831939728446474,
        "max_drawdown_2020_2021_2_0_bps": 0.05113374240956261,
        "calmar_ratio_2020_2021_2_0_bps": -0.749192924821844,
        "perc_pos_return_2020_2021_2_0_bps": 0.49230769230769234,
        "profit_loss_ratio_2020_2021_2_0_bps": 0.6771499907929868,
        "sharpe_ratio_2020_2_0_bps": -1.6754163497689125,
        "annual_return_2020_2021_2_5_bps": -0.04246287048716291,
        "annual_volatility_2020_2021_2_5_bps": 0.023301733935949448,
        "sharpe_ratio_2020_2021_2_5_bps": -1.8503089383014737,
        "downside_risk_2020_2021_2_5_bps": 0.021267321516578886,
        "sortino_ratio_2020_2021_2_5_bps": -2.027307789840838,
        "max_drawdown_2020_2021_2_5_bps": 0.05212238805401587,
        "calmar_ratio_2020_2021_2_5_bps": -0.8146762278650292,
        "perc_pos_return_2020_2021_2_5_bps": 0.4846153846153846,
        "profit_loss_ratio_2020_2021_2_5_bps": 0.6657349590710889,
        "sharpe_ratio_2020_2_5_bps": -1.8673514773739535,
        "annual_return_2020_2021_3_0_bps": -0.046598842028982124,
        "annual_volatility_2020_2021_3_0_bps": 0.023309250689113638,
        "sharpe_ratio_2020_2021_3_0_bps": -2.0353801535485556,
        "downside_risk_2020_2021_3_0_bps": 0.02136349304030871,
        "sortino_ratio_2020_2021_3_0_bps": -2.2207597866694333,
        "max_drawdown_2020_2021_3_0_bps": 0.05311002504604053,
        "calmar_ratio_2020_2021_3_0_bps": -0.8774019968656778,
        "perc_pos_return_2020_2021_3_0_bps": 0.47692307692307695,
        "profit_loss_ratio_2020_2021_3_0_bps": 0.6544659889859266,
        "sharpe_ratio_2020_3_0_bps": -2.0591433668627936
    },
    "COMB": {
        "annual_return_2020_2021": -0.02151355855912407,
        "annual_volatility_2020_2021": 0.02327079335416723,
        "sharpe_ratio_2020_2021": -0.9228954044347102,
        "downside_risk_2020_2021": 0.020813485416349066,
        "sortino_ratio_2020_2021": -1.0318554444149397,
        "max_drawdown_2020_2021": 0.04716905312821584,
        "calmar_ratio_2020_2021": -0.45609477257568626,
        "perc_pos_return_2020_2021": 0.5269230769230769,
        "profit_loss_ratio_2020_2021": 0.7126369103501307,
        "sharpe_ratio_2020": -0.9064762721994528,
        "annual_return_2020_2021_0_5_bps": -0.025739605753491768,
        "annual_volatility_2020_2021_0_5_bps": 0.023276094493092793,
        "sharpe_ratio_2020_2021_0_5_bps": -1.1086175955707713,
        "downside_risk_2020_2021_0_5_bps": 0.020900724632965027,
        "sortino_ratio_2020_2021_0_5_bps": -1.2346121182091254,
        "max_drawdown_2020_2021_0_5_bps": 0.04816174347447385,
        "calmar_ratio_2020_2021_0_5_bps": -0.5344409046805788,
        "perc_pos_return_2020_2021_0_5_bps": 0.5153846153846153,
        "profit_loss_ratio_2020_2021_0_5_bps": 0.711999338850092,
        "sharpe_ratio_2020_0_5_bps": -1.0988678474514573,
        "annual_return_2020_2021_1_0_bps": -0.02994748293938032,
        "annual_volatility_2020_2021_1_0_bps": 0.023281839461688637,
        "sharpe_ratio_2020_2021_1_0_bps": -1.294230536547346,
        "downside_risk_2020_2021_1_0_bps": 0.02098971255523066,
        "sortino_ratio_2020_2021_1_0_bps": -1.435563612365978,
        "max_drawdown_2020_2021_1_0_bps": 0.04915342112949404,
        "calmar_ratio_2020_2021_1_0_bps": -0.6092654845017618,
        "perc_pos_return_2020_2021_1_0_bps": 0.5115384615384615,
        "profit_loss_ratio_2020_2021_1_0_bps": 0.6896112846293223,
        "sharpe_ratio_2020_1_0_bps": -1.2911628633611025,
        "annual_return_2020_2021_1_5_bps": -0.03413726788642257,
        "annual_volatility_2020_2021_1_5_bps": 0.023288027931487182,
        "sharpe_ratio_2020_2021_1_5_bps": -1.4797237167007173,
        "downside_risk_2020_2021_1_5_bps": 0.0210804578116656,
        "sortino_ratio_2020_2021_1_5_bps": -1.6346821095289865,
        "max_drawdown_2020_2021_1_5_bps": 0.05014408710445876,
        "calmar_ratio_2020_2021_1_5_bps": -0.6807835152190281,
        "perc_pos_return_2020_2021_1_5_bps": 0.5038461538461538,
        "profit_loss_ratio_2020_2021_1_5_bps": 0.6781705103624263,
        "sharpe_ratio_2020_1_5_bps": -1.4833495943543924,
        "annual_return_2020_2021_2_0_bps": -0.03830903803290697,
        "annual_volatility_2020_2021_2_0_bps": 0.023294659549026233,
        "sharpe_ratio_2020_2021_2_0_bps": -1.6650866620684994,
        "downside_risk_2020_2021_2_0_bps": 0.02117298200929512,
        "sortino_ratio_2020_2021_2_0_bps": -1.831939728446474,
        "max_drawdown_2020_2021_2_0_bps": 0.05113374240956261,
        "calmar_ratio_2020_2021_2_0_bps": -0.749192924821844,
        "perc_pos_return_2020_2021_2_0_bps": 0.49230769230769234,
        "profit_loss_ratio_2020_2021_2_0_bps": 0.6771499907929868,
        "sharpe_ratio_2020_2_0_bps": -1.6754163497689125,
        "annual_return_2020_2021_2_5_bps": -0.04246287048716291,
        "annual_volatility_2020_2021_2_5_bps": 0.023301733935949448,
        "sharpe_ratio_2020_2021_2_5_bps": -1.8503089383014737,
        "downside_risk_2020_2021_2_5_bps": 0.021267321516578886,