{
    "ALL": {
        "performance_sw": 1.136021849926569,
        "performance_fw": 0.6498265892908464,
        "val_loss": 3.23913177346991,
        "annual_return_2018_2019": 0.014160027910436357,
        "annual_volatility_2018_2019": 0.012445424048754082,
        "sharpe_ratio_2018_2019": 1.136021849926569,
        "downside_risk_2018_2019": 0.00896550435398015,
        "sortino_ratio_2018_2019": 1.576963558632334,
        "max_drawdown_2018_2019": 0.014558456698867876,
        "calmar_ratio_2018_2019": 0.9726324845639371,
        "perc_pos_return_2018_2019": 0.5576923076923077,
        "profit_loss_ratio_2018_2019": 0.9667025253536503,
        "sharpe_ratio_2018": 0.7827107274128381,
        "annual_return_2018_2019_0_5_bps": 0.008378142222134732,
        "annual_volatility_2018_2019_0_5_bps": 0.012452108407098407,
        "sharpe_ratio_2018_2019_0_5_bps": 0.6762415716985558,
        "downside_risk_2018_2019_0_5_bps": 0.00913726992263818,
        "sortino_ratio_2018_2019_0_5_bps": 0.9215699472021026,
        "max_drawdown_2018_2019_0_5_bps": 0.015438106814834762,
        "calmar_ratio_2018_2019_0_5_bps": 0.5426923341457918,
        "perc_pos_return_2018_2019_0_5_bps": 0.5346153846153846,
        "profit_loss_ratio_2018_2019_0_5_bps": 0.9795527208547422,
        "sharpe_ratio_2018_0_5_bps": 0.3508880170138577,
        "annual_return_2018_2019_1_0_bps": 0.0026290818790430937,
        "annual_volatility_2018_2019_1_0_bps": 0.012459434088680683,
        "sharpe_ratio_2018_2019_1_0_bps": 0.21694348636777072,
        "downside_risk_2018_2019_1_0_bps": 0.009313023761988061,
        "sortino_ratio_2018_2019_1_0_bps": 0.2902379655037865,
        "max_drawdown_2018_2019_1_0_bps": 0.016316993475938235,
        "calmar_ratio_2018_2019_1_0_bps": 0.1611253864212212,
        "perc_pos_return_2018_2019_1_0_bps": 0.5230769230769231,
        "profit_loss_ratio_2018_2019_1_0_bps": 0.9469887560201373,
        "sharpe_ratio_2018_1_0_bps": -0.08052023507112918,
        "annual_return_2018_2019_1_5_bps": -0.003087338693546382,
        "annual_volatility_2018_2019_1_5_bps": 0.012467399963001457,
        "sharpe_ratio_2018_2019_1_5_bps": -0.24180239908783666,
        "downside_risk_2018_2019_1_5_bps": 0.009492846298020528,
        "sortino_ratio_2018_2019_1_5_bps": -0.3175704237484578,
        "max_drawdown_2018_2019_1_5_bps": 0.01719511732594308,
        "calmar_ratio_2018_2019_1_5_bps": -0.17954740494200463,
        "perc_pos_return_2018_2019_1_5_bps": 0.5,
        "profit_loss_ratio_2018_2019_1_5_bps": 0.95861753631073,
        "sharpe_ratio_2018_1_5_bps": -0.5114628204720079,
        "annual_return_2018_2019_2_0_bps": -0.008771304025649962,
        "annual_volatility_2018_2019_2_0_bps": 0.012476004803780026,
        "sharpe_ratio_2018_2019_2_0_bps": -0.6999265910513925,
        "downside_risk_2018_2019_2_0_bps": 0.009676849807618572,
        "sortino_ratio_2018_2019_2_0_bps": -0.9023894847862195,
        "max_drawdown_2018_2019_2_0_bps": 0.01807247900808501,
        "calmar_ratio_2018_2019_2_0_bps": -0.485340390863145,
        "perc_pos_return_2018_2019_2_0_bps": 0.48846153846153845,
        "profit_loss_ratio_2018_2019_2_0_bps": 0.9265950725024733,
        "sharpe_ratio_2018_2_0_bps": -0.9418888636443269,
        "annual_return_2018_2019_2_5_bps": -0.01442299760844068,
        "annual_volatility_2018_2019_2_5_bps": 0.012485247289888129,
        "sharpe_ratio_2018_2019_2_5_bps": -1.1573601601598087,
        "downside_risk_2018_2019_2_5_bps": 0.00986493996455369,
        "sortino_ratio_2018_2019_2_5_bps": -1.4647760508407195,
        "max_drawdown_2018_2019_2_5_bps": 0.020101639853475635,
        "calmar_ratio_2018_2019_2_5_bps": -0.7175035327253114,
        "perc_pos_return_2018_2019_2_5_bps": 0.46923076923076923,
        "profit_loss_ratio_2018_2019_2_5_bps": 0.9238027175140686,
        "sharpe_ratio_2018_2_5_bps": -1.3717478509340761,
        "annual_return_2018_2019_3_0_bps": -0.02004260190006668,
        "annual_volatility_2018_2019_3_0_bps": 0.012495126006351377,
        "sharpe_ratio_2018_2019_3_0_bps": -1.6140347911351673,
        "downside_risk_2018_2019_3_0_bps": 0.01005708336897471,
        "sortino_ratio_2018_2019_3_0_bps": -2.005309825320158,
        "max_drawdown_2018_2019_3_0_bps": 0.02523813728232569,
        "calmar_ratio_2018_2019_3_0_bps": -0.794139507042881,
        "perc_pos_return_2018_2019_3_0_bps": 0.4653846153846154,
        "profit_loss_ratio_2018_2019_3_0_bps": 0.8660277454488694,
        "sharpe_ratio_2018_3_0_bps": -1.8009896591132772
    },
    "COMB": {
        "annual_return_2018_2019": 0.014160027910436357,
        "annual_volatility_2018_2019": 0.012445424048754082,
        "sharpe_ratio_2018_2019": 1.136021849926569,
        "downside_risk_2018_2019": 0.00896550435398015,
        "sortino_ratio_2018_2019": 1.576963558632334,
        "max_drawdown_2018_2019": 0.014558456698867876,
        "calmar_ratio_2018_2019": 0.9726324845639371,
        "perc_pos_return_2018_2019": 0.5576923076923077,
        "profit_loss_ratio_2018_2019": 0.9667025253536503,
        "sharpe_ratio_2018": 0.7827107274128381,
        "annual_return_2018_2019_0_5_bps": 0.008378142222134732,
        "annual_volatility_2018_2019_0_5_bps": 0.012452108407098407,
        "sharpe_ratio_2018_2019_0_5_bps": 0.6762415716985558,
        "downside_risk_2018_2019_0_5_bps": 0.00913726992263818,
        "sortino_ratio_2018_2019_0_5_bps": 0.9215699472021026,
        "max_drawdown_2018_2019_0_5_bps": 0.015438106814834762,
        "calmar_ratio_2018_2019_0_5_bps": 0.5426923341457918,
        "perc_pos_return_2018_2019_0_5_bps": 0.5346153846153846,
        "profit_loss_ratio_2018_2019_0_5_bps": 0.9795527208547422,
        "sharpe_ratio_2018_0_5_bps": 0.3508880170138577,
        "annual_return_2018_2019_1_0_bps": 0.0026290818790430937,
        "annual_volatility_2018_2019_1_0_bps": 0.012459434088680683,
        "sharpe_ratio_2018_2019_1_0_bps": 0.21694348636777072,
        "downside_risk_2018_2019_1_0_bps": 0.009313023761988061,
        "sortino_ratio_2018_2019_1_0_bps": 0.2902379655037865,
        "max_drawdown_2018_2019_1_0_bps": 0.016316993475938235,
        "calmar_ratio_2018_2019_1_0_bps": 0.1611253864212212,
        "perc_pos_return_2018_2019_1_0_bps": 0.5230769230769231,
        "profit_loss_ratio_2018_2019_1_0_bps": 0.9469887560201373,
        "sharpe_ratio_2018_1_0_bps": -0.08052023507112918,
        "annual_return_2018_2019_1_5_bps": -0.003087338693546382,
        "annual_volatility_2018_2019_1_5_bps": 0.012467399963001457,
        "sharpe_ratio_2018_2019_1_5_bps": -0.24180239908783666,
        "downside_risk_2018_2019_1_5_bps": 0.009492846298020528,
        "sortino_ratio_2018_2019_1_5_bps": -0.3175704237484578,
        "max_drawdown_2018_2019_1_5_bps": 0.01719511732594308,
        "calmar_ratio_2018_2019_1_5_bps": -0.17954740494200463,
        "perc_pos_return_2018_2019_1_5_bps": 0.5,
        "profit_loss_ratio_2018_2019_1_5_bps": 0.95861753631073,
        "sharpe_ratio_2018_1_5_bps": -0.5114628204720079,
        "annual_return_2018_2019_2_0_bps": -0.008771304025649962,
        "annual_volatility_2018_2019_2_0_bps": 0.012476004803780026,
        "sharpe_ratio_2018_2019_2_0_bps": -0.6999265910513925,
        "downside_risk_2018_2019_2_0_bps": 0.009676849807618572,
        "sortino_ratio_2018_2019_2_0_bps": -0.9023894847862195,
        "max_drawdown_2018_2019_2_0_bps": 0.01807247900808501,
        "calmar_ratio_2018_2019_2_0_bps": -0.485340390863145,
        "perc_pos_return_2018_2019_2_0_bps": 0.48846153846153845,
        "profit_loss_ratio_2018_2019_2_0_bps": 0.9265950725024733,
        "sharpe_ratio_2018_2_0_bps": -0.9418888636443269,
        "annual_return_2018_2019_2_5_bps": -0.01442299760844068,
        "annual_volatility_2018_2019_2_5_bps": 0.012485247289888129,
        "sharpe_ratio_2018_2019_2_5_bps": -1.1573601601598087,
        "downside_risk_2018_2019_2_5_bps": 0.00986493996455369,
        "sortino_ratio_2018_2019_2_5_bps": -1.4647760508407195,