{
    "ALL": {
        "annual_return": 0.051065399635769004,
        "annual_volatility": 0.04011866713163151,
        "sharpe_ratio": 1.6518895415424344,
        "downside_risk": 0.028963354828604,
        "sortino_ratio": 2.5862725888177227,
        "max_drawdown": 0.028030639747904505,
        "calmar_ratio": 3.155981700993979,
        "perc_pos_return": 0.5780821917808215,
        "profit_loss_ratio": 0.9888526781845935,
        "annual_return_0_5_bps": 0.0503705056833615,
        "annual_volatility_0_5_bps": 0.0401191898121305,
        "sharpe_ratio_0_5_bps": 1.6323231573501071,
        "downside_risk_0_5_bps": 0.0289765075305525,
        "sortino_ratio_0_5_bps": 2.554035295815156,
        "max_drawdown_0_5_bps": 0.028081975209506,
        "calmar_ratio_0_5_bps": 3.0973799067515877,
        "perc_pos_return_0_5_bps": 0.5767123287671225,
        "profit_loss_ratio_0_5_bps": 0.9919036604670171,
        "annual_return_1_0_bps": 0.0496760780279915,
        "annual_volatility_1_0_bps": 0.040119718804330504,
        "sharpe_ratio_1_0_bps": 1.6127565448501766,
        "downside_risk_1_0_bps": 0.028989678626077504,
        "sortino_ratio_1_0_bps": 2.521846159083368,
        "max_drawdown_1_0_bps": 0.028133306899470502,
        "calmar_ratio_1_0_bps": 3.0396048712688843,
        "perc_pos_return_1_0_bps": 0.5753424657534241,
        "profit_loss_ratio_1_0_bps": 0.9928285412969464,
        "annual_return_1_5_bps": 0.0489821163523695,
        "annual_volatility_1_5_bps": 0.040120254108095,
        "sharpe_ratio_1_5_bps": 1.5931897201513525,
        "downside_risk_1_5_bps": 0.029002868146134002,
        "sortino_ratio_1_5_bps": 2.4897051827805994,
        "max_drawdown_1_5_bps": 0.028184634818103002,
        "calmar_ratio_1_5_bps": 2.982637113211556,
        "perc_pos_return_1_5_bps": 0.5739726027397256,
        "profit_loss_ratio_1_5_bps": 0.9958719721917431,
        "annual_return_2_0_bps": 0.048288620339419004,
        "annual_volatility_2_0_bps": 0.040120795723279506,
        "sharpe_ratio_2_0_bps": 1.5736226993632636,
        "downside_risk_2_0_bps": 0.029016076163685504,
        "sortino_ratio_2_0_bps": 2.457612356519949,
        "max_drawdown_2_0_bps": 0.0282359589657145,
        "calmar_ratio_2_0_bps": 2.926457766807612,
        "perc_pos_return_2_0_bps": 0.572602739726027,
        "profit_loss_ratio_2_0_bps": 0.9989357782398756,
        "annual_return_2_5_bps": 0.04759558967229,
        "annual_volatility_2_5_bps": 0.040121343649735505,
        "sharpe_ratio_2_5_bps": 1.5540554985963697,
        "downside_risk_2_5_bps": 0.0290293026790785,
        "sortino_ratio_2_5_bps": 2.425567688343836,
        "max_drawdown_2_5_bps": 0.028287279342611004,
        "calmar_ratio_2_5_bps": 2.8710485577089893,
        "perc_pos_return_2_5_bps": 0.572602739726027,
        "profit_loss_ratio_2_5_bps": 0.9953350020741765,
        "annual_return_3_0_bps": 0.0469030240343455,
        "annual_volatility_3_0_bps": 0.040121897887311006,
        "sharpe_ratio_3_0_bps": 1.5344881339618777,
        "downside_risk_3_0_bps": 0.029042547653219,
        "sortino_ratio_3_0_bps": 2.393571197205457,
        "max_drawdown_3_0_bps": 0.0283385959490995,
        "calmar_ratio_3_0_bps": 2.81639177996929,
        "perc_pos_return_3_0_bps": 0.5712328767123285,
        "profit_loss_ratio_3_0_bps": 0.99840671579043,
        "annual_return_rescaled": 0.129404705286139,
        "annual_volatility_rescaled": 0.12463645764920797,
        "downside_risk_rescaled": 0.08998030606625168,
        "max_drawdown_rescaled": 0.10082515434814343,
        "annual_return_rescaled_0_5_bps": 0.12748013578994744,
        "annual_volatility_rescaled_0_5_bps": 0.12463645764920747,
        "downside_risk_rescaled_0_5_bps": 0.0900199946849793,
        "max_drawdown_rescaled_0_5_bps": 0.10100768318409427,
        "annual_return_rescaled_1_0_bps": 0.12555892091541943,
        "annual_volatility_rescaled_1_0_bps": 0.12463645764920875,
        "downside_risk_rescaled_1_0_bps": 0.09005972524297073,
        "max_drawdown_rescaled_1_0_bps": 0.10119014137870924,
        "annual_return_rescaled_1_5_bps": 0.12364105558919758,
        "annual_volatility_rescaled_1_5_bps": 0.12463645764920683,
        "downside_risk_rescaled_1_5_bps": 0.09009949781628634,
        "max_drawdown_rescaled_1_5_bps": 0.1013725288716329,
        "annual_return_rescaled_2_0_bps": 0.1217265347424773,
        "annual_volatility_rescaled_2_0_bps": 0.12463645764920592,
        "downside_risk_rescaled_2_0_bps": 0.09013931261146386,
        "max_drawdown_rescaled_2_0_bps": 0.1015548456026384,
        "annual_return_rescaled_2_5_bps": 0.11981535331099014,
        "annual_volatility_rescaled_2_5_bps": 0.12463645764920725,
        "downside_risk_rescaled_2_5_bps": 0.09017916960941225,
        "max_drawdown_rescaled_2_5_bps": 0.101737091511622,
        "annual_return_rescaled_3_0_bps": 0.11790750623501978,
        "annual_volatility_rescaled_3_0_bps": 0.12463645764920701,
        "downside_risk_rescaled_3_0_bps": 0.09021906866849204,
        "max_drawdown_rescaled_3_0_bps": 0.10191926653859448,
        "sharpe_ratio_years": 1.3725205106042582,
        "sharpe_ratio_years_0_5_bps": 1.3562572023672346,
        "sharpe_ratio_years_1_0_bps": 1.3399937026379964,
        "sharpe_ratio_years_1_5_bps": 1.3237300248018944,
        "sharpe_ratio_years_2_0_bps": 1.307466182245039,
        "sharpe_ratio_years_2_5_bps": 1.29120218835424,
        "sharpe_ratio_years_3_0_bps": 1.2749380565169266,
        "sharpe_ratio_years_std": 0.703000688684453,
        "sharpe_ratio_years_std_0_5_bps": 0.6974401212443484,
        "sharpe_ratio_years_std_1_0_bps": 0.6918790431605054,
        "sharpe_ratio_years_std_1_5_bps": 0.6863174653410563,
        "sharpe_ratio_years_std_2_0_bps": 0.680755398695381,
        "sharpe_ratio_years_std_2_5_bps": 0.675192854134039,
        "sharpe_ratio_years_std_3_0_bps": 0.6696298425687035
    },
    "COMB": {
        "annual_return": 0.051065399635769004,
        "annual_volatility": 0.04011866713163151,
        "sharpe_ratio": 1.6518895415424344,
        "downside_risk": 0.028963354828604,
        "sortino_ratio": 2.5862725888177227,
        "max_drawdown": 0.028030639747904505,
        "calmar_ratio": 3.155981700993979,
        "perc_pos_return": 0.5780821917808215,
        "profit_loss_ratio": 0.9888526781845935,
        "annual_return_0_5_bps": 0.0503705056833615,
        "annual_volatility_0_5_bps": 0.0401191898121305,
        "sharpe_ratio_0_5_bps": 1.6323231573501071,
        "downside_risk_0_5_bps": 0.0289765075305525,
        "sortino_ratio_0_5_bps": 2.554035295815156,
        "max_drawdown_0_5_bps": 0.028081975209506,
        "calmar_ratio_0_5_bps": 3.0973799067515877,
        "perc_pos_return_0_5_bps": 0.5767123287671225,
        "profit_loss_ratio_0_5_bps": 0.9919036604670171,
        "annual_return_1_0_bps": 0.0496760780279915,
        "annual_volatility_1_0_bps": 0.040119718804330504,
        "sharpe_ratio_1_0_bps": 1.6127565448501766,
        "downside_risk_1_0_bps": 0.028989678626077504,
        "sortino_ratio_1_0_bps": 2.521846159083368,
        "max_drawdown_1_0_bps": 0.028133306899470502,
        "calmar_ratio_1_0_bps": 3.0396048712688843,
        "perc_pos_return_1_0_bps": 0.5753424657534241,
        "profit_loss_ratio_1_0_bps": 0.9928285412969464,
        "annual_return_1_5_bps": 0.0489821163523695,
        "annual_volatility_1_5_bps": 0.040120254108095,
        "sharpe_ratio_1_5_bps": 1.5931897201513525,
        "downside_risk_1_5_bps": 0.029002868146134002,
        "sortino_ratio_1_5_bps": 2.4897051827805994,
        "max_drawdown_1_5_bps": 0.028184634818103002,
        "calmar_ratio_1_5_bps": 2.982637113211556,
        "perc_pos_return_1_5_bps": 0.5739726027397256,
        "profit_loss_ratio_1_5_bps": 0.9958719721917431,
        "annual_return_2_0_bps": 0.048288620339419004,
        "annual_volatility_2_0_bps": 0.040120795723279506,
        "sharpe_ratio_2_0_bps": 1.5736226993632636,