{
    "ALL": {
        "performance_sw": 0.06975347919886841,
        "performance_fw": 1.179719333027572,
        "val_loss": 3.267463254206145,
        "annual_return_2020_2021": 0.0014152664893642974,
        "annual_volatility_2020_2021": 0.0246128524745464,
        "sharpe_ratio_2020_2021": 0.06975347919886837,
        "downside_risk_2020_2021": 0.020285923735677152,
        "sortino_ratio_2020_2021": 0.08463169414802985,
        "max_drawdown_2020_2021": 0.03722812810968413,
        "calmar_ratio_2020_2021": 0.03801605294777486,
        "perc_pos_return_2020_2021": 0.5615384615384615,
        "profit_loss_ratio_2020_2021": 0.7931160024904882,
        "sharpe_ratio_2020": 0.22484018736217556,
        "annual_return_2020_2021_0_5_bps": -0.005570003335898854,
        "annual_volatility_2020_2021_0_5_bps": 0.02460430335235763,
        "sharpe_ratio_2020_2021_0_5_bps": -0.2147247352086892,
        "downside_risk_2020_2021_0_5_bps": 0.020428036089407638,
        "sortino_ratio_2020_2021_0_5_bps": -0.25862263504951805,
        "max_drawdown_2020_2021_0_5_bps": 0.03874286036742224,
        "calmar_ratio_2020_2021_0_5_bps": -0.1437685107159127,
        "perc_pos_return_2020_2021_0_5_bps": 0.5461538461538461,
        "profit_loss_ratio_2020_2021_0_5_bps": 0.7918424937708585,
        "sharpe_ratio_2020_0_5_bps": -0.06597602056899661,
        "annual_return_2020_2021_1_0_bps": -0.012506770994158645,
        "annual_volatility_2020_2021_1_0_bps": 0.024597027050041517,
        "sharpe_ratio_2020_2021_1_0_bps": -0.49937486805934334,
        "downside_risk_2020_2021_1_0_bps": 0.020574183015184468,
        "sortino_ratio_2020_2021_1_0_bps": -0.59701700566682,
        "max_drawdown_2020_2021_1_0_bps": 0.0402552650149588,
        "calmar_ratio_2020_2021_1_0_bps": -0.31068658943149785,
        "perc_pos_return_2020_2021_1_0_bps": 0.5269230769230769,
        "profit_loss_ratio_2020_2021_1_0_bps": 0.8022415811524546,
        "sharpe_ratio_2020_1_0_bps": -0.35707360139751027,
        "annual_return_2020_2021_1_5_bps": -0.01939537171419825,
        "annual_volatility_2020_2021_1_5_bps": 0.024591024697452033,
        "sharpe_ratio_2020_2021_1_5_bps": -0.7841528358597402,
        "downside_risk_2020_2021_1_5_bps": 0.020724481961167985,
        "sortino_ratio_2020_2021_1_5_bps": -0.9304513275330702,
        "max_drawdown_2020_2021_1_5_bps": 0.04178314517810896,
        "calmar_ratio_2020_2021_1_5_bps": -0.4641912817123178,
        "perc_pos_return_2020_2021_1_5_bps": 0.5230769230769231,
        "profit_loss_ratio_2020_2021_1_5_bps": 0.7636872286299269,
        "sharpe_ratio_2020_1_5_bps": -0.6484067213824206,
        "annual_return_2020_2021_2_0_bps": -0.026236138418482047,
        "annual_volatility_2020_2021_2_0_bps": 0.024586297227632763,
        "sharpe_ratio_2020_2021_2_0_bps": -1.0690144239817223,
        "downside_risk_2020_2021_2_0_bps": 0.020878930169050278,
        "sortino_ratio_2020_2021_2_0_bps": -1.2588339611194166,
        "max_drawdown_2020_2021_2_0_bps": 0.04331459626141176,
        "calmar_ratio_2020_2021_2_0_bps": -0.6057112540110499,
        "perc_pos_return_2020_2021_2_0_bps": 0.5115384615384615,
        "profit_loss_ratio_2020_2021_2_0_bps": 0.7493920790567105,
        "sharpe_ratio_2020_2_0_bps": -0.9399293138849592,
        "annual_return_2020_2021_2_5_bps": -0.03302940173897129,
        "annual_volatility_2020_2021_2_5_bps": 0.024582845376092944,
        "sharpe_ratio_2020_2021_2_5_bps": -1.3539153208215158,
        "downside_risk_2020_2021_2_5_bps": 0.021037564989965896,
        "sortino_ratio_2020_2021_2_5_bps": -1.582079057151022,
        "max_drawdown_2020_2021_2_5_bps": 0.044843655591423594,
        "calmar_ratio_2020_2021_2_5_bps": -0.736545700910436,
        "perc_pos_return_2020_2021_2_5_bps": 0.5,
        "profit_loss_ratio_2020_2021_2_5_bps": 0.7350439415297627,
        "sharpe_ratio_2020_2_5_bps": -1.2315951153145992,
        "annual_return_2020_2021_3_0_bps": -0.03977549003280034,
        "annual_volatility_2020_2021_3_0_bps": 0.024580669680235947,
        "sharpe_ratio_2020_2021_3_0_bps": -1.6388111521593522,
        "downside_risk_2020_2021_3_0_bps": 0.021200397091113016,
        "sortino_ratio_2020_2021_3_0_bps": -1.900109485043663,
        "max_drawdown_2020_2021_3_0_bps": 0.04719271491525279,
        "calmar_ratio_2020_2021_3_0_bps": -0.8428311468036525,
        "perc_pos_return_2020_2021_3_0_bps": 0.49230769230769234,
        "profit_loss_ratio_2020_2021_3_0_bps": 0.7095818989631059,
        "sharpe_ratio_2020_3_0_bps": -1.523357701475343
    },
    "COMB": {
        "annual_return_2020_2021": 0.0014152664893642974,
        "annual_volatility_2020_2021": 0.0246128524745464,
        "sharpe_ratio_2020_2021": 0.06975347919886837,
        "downside_risk_2020_2021": 0.020285923735677152,
        "sortino_ratio_2020_2021": 0.08463169414802985,
        "max_drawdown_2020_2021": 0.03722812810968413,
        "calmar_ratio_2020_2021": 0.03801605294777486,
        "perc_pos_return_2020_2021": 0.5615384615384615,
        "profit_loss_ratio_2020_2021": 0.7931160024904882,
        "sharpe_ratio_2020": 0.22484018736217556,
        "annual_return_2020_2021_0_5_bps": -0.005570003335898854,
        "annual_volatility_2020_2021_0_5_bps": 0.02460430335235763,
        "sharpe_ratio_2020_2021_0_5_bps": -0.2147247352086892,
        "downside_risk_2020_2021_0_5_bps": 0.020428036089407638,
        "sortino_ratio_2020_2021_0_5_bps": -0.25862263504951805,
        "max_drawdown_2020_2021_0_5_bps": 0.03874286036742224,
        "calmar_ratio_2020_2021_0_5_bps": -0.1437685107159127,
        "perc_pos_return_2020_2021_0_5_bps": 0.5461538461538461,
        "profit_loss_ratio_2020_2021_0_5_bps": 0.7918424937708585,
        "sharpe_ratio_2020_0_5_bps": -0.06597602056899661,
        "annual_return_2020_2021_1_0_bps": -0.012506770994158645,
        "annual_volatility_2020_2021_1_0_bps": 0.024597027050041517,
        "sharpe_ratio_2020_2021_1_0_bps": -0.49937486805934334,
        "downside_risk_2020_2021_1_0_bps": 0.020574183015184468,
        "sortino_ratio_2020_2021_1_0_bps": -0.59701700566682,
        "max_drawdown_2020_2021_1_0_bps": 0.0402552650149588,
        "calmar_ratio_2020_2021_1_0_bps": -0.31068658943149785,
        "perc_pos_return_2020_2021_1_0_bps": 0.5269230769230769,
        "profit_loss_ratio_2020_2021_1_0_bps": 0.8022415811524546,
        "sharpe_ratio_2020_1_0_bps": -0.35707360139751027,
        "annual_return_2020_2021_1_5_bps": -0.01939537171419825,
        "annual_volatility_2020_2021_1_5_bps": 0.024591024697452033,
        "sharpe_ratio_2020_2021_1_5_bps": -0.7841528358597402,
        "downside_risk_2020_2021_1_5_bps": 0.020724481961167985,
        "sortino_ratio_2020_2021_1_5_bps": -0.9304513275330702,
        "max_drawdown_2020_2021_1_5_bps": 0.04178314517810896,
        "calmar_ratio_2020_2021_1_5_bps": -0.4641912817123178,
        "perc_pos_return_2020_2021_1_5_bps": 0.5230769230769231,
        "profit_loss_ratio_2020_2021_1_5_bps": 0.7636872286299269,
        "sharpe_ratio_2020_1_5_bps": -0.6484067213824206,
        "annual_return_2020_2021_2_0_bps": -0.026236138418482047,
        "annual_volatility_2020_2021_2_0_bps": 0.024586297227632763,
        "sharpe_ratio_2020_2021_2_0_bps": -1.0690144239817223,
        "downside_risk_2020_2021_2_0_bps": 0.020878930169050278,
        "sortino_ratio_2020_2021_2_0_bps": -1.2588339611194166,
        "max_drawdown_2020_2021_2_0_bps": 0.04331459626141176,
        "calmar_ratio_2020_2021_2_0_bps": -0.6057112540110499,
        "perc_pos_return_2020_2021_2_0_bps": 0.5115384615384615,
        "profit_loss_ratio_2020_2021_2_0_bps": 0.7493920790567105,
        "sharpe_ratio_2020_2_0_bps": -0.9399293138849592,
        "annual_return_2020_2021_2_5_bps": -0.03302940173897129,
        "annual_volatility_2020_2021_2_5_bps": 0.024582845376092944,
        "sharpe_ratio_2020_2021_2_5_bps": -1.3539153208215158,
        "downside_risk_2020_2021_2_5_bps": 0.021037564989965896,