{
    "ALL": {
        "performance_sw": 3.4504017588090474,
        "performance_fw": 3.0909266303208747,
        "val_loss": 3.0089077364438443,
        "annual_return_2019_2020": 0.015615798862527397,
        "annual_volatility_2019_2020": 0.004493871489785324,
        "sharpe_ratio_2019_2020": 3.450401758809047,
        "downside_risk_2019_2020": 0.0028369253627894974,
        "sortino_ratio_2019_2020": 5.46565739641831,
        "max_drawdown_2019_2020": 0.0020327729554873728,
        "calmar_ratio_2019_2020": 7.682018210825414,
        "perc_pos_return_2019_2020": 0.6,
        "profit_loss_ratio_2019_2020": 1.1849251513808372,
        "sharpe_ratio_2019": 3.410903253007822,
        "annual_return_2019_2020_0_5_bps": 0.012592113659317894,
        "annual_volatility_2019_2020_0_5_bps": 0.004496378285135038,
        "sharpe_ratio_2019_2020_0_5_bps": 2.785324623672342,
        "downside_risk_2019_2020_0_5_bps": 0.002927353514258522,
        "sortino_ratio_2019_2020_0_5_bps": 4.278223690419039,
        "max_drawdown_2019_2020_0_5_bps": 0.00236915792778293,
        "calmar_ratio_2019_2020_0_5_bps": 5.315016576839881,
        "perc_pos_return_2019_2020_0_5_bps": 0.5807692307692308,
        "profit_loss_ratio_2019_2020_0_5_bps": 1.1483717703204137,
        "sharpe_ratio_2019_0_5_bps": 2.74829326651378,
        "annual_return_2019_2020_1_0_bps": 0.00957739184774642,
        "annual_volatility_2019_2020_1_0_bps": 0.004499566259992062,
        "sharpe_ratio_2019_2020_1_0_bps": 2.120667563558492,
        "downside_risk_2019_2020_1_0_bps": 0.003020610648754039,
        "sortino_ratio_2019_2020_1_0_bps": 3.158991782533555,
        "max_drawdown_2019_2020_1_0_bps": 0.0027484002772367438,
        "calmar_ratio_2019_2020_1_0_bps": 3.484715063911862,
        "perc_pos_return_2019_2020_1_0_bps": 0.5692307692307692,
        "profit_loss_ratio_2019_2020_1_0_bps": 1.0778930204184252,
        "sharpe_ratio_2019_1_0_bps": 2.0859766393285986,
        "annual_return_2019_2020_1_5_bps": 0.006571606971478294,
        "annual_volatility_2019_2020_1_5_bps": 0.004503433967738456,
        "sharpe_ratio_2019_2020_1_5_bps": 1.456731757889402,
        "downside_risk_2019_2020_1_5_bps": 0.0031166530084426654,
        "sortino_ratio_2019_2020_1_5_bps": 2.104916801001387,
        "max_drawdown_2019_2020_1_5_bps": 0.0031532791517371243,
        "calmar_ratio_2019_2020_1_5_bps": 2.0840549330553344,
        "perc_pos_return_2019_2020_1_5_bps": 0.5576923076923077,
        "profit_loss_ratio_2019_2020_1_5_bps": 1.0114628903034317,
        "sharpe_ratio_2019_1_5_bps": 1.4242243066318232,
        "annual_return_2019_2020_2_0_bps": 0.0035747326519171008,
        "annual_volatility_2019_2020_2_0_bps": 0.004507979658804888,
        "sharpe_ratio_2019_2020_2_0_bps": 0.793815991624573,
        "downside_risk_2019_2020_2_0_bps": 0.003215497853079775,
        "sortino_ratio_2019_2020_2_0_bps": 1.112893401452638,
        "max_drawdown_2019_2020_2_0_bps": 0.003575221868049644,
        "calmar_ratio_2019_2020_2_0_bps": 0.9998631648186886,
        "perc_pos_return_2019_2020_2_0_bps": 0.5230769230769231,
        "profit_loss_ratio_2019_2020_2_0_bps": 1.0409922828940423,
        "sharpe_ratio_2019_2_0_bps": 0.7633054714317223,
        "annual_return_2019_2020_2_5_bps": 0.0005867425879959587,
        "annual_volatility_2019_2020_2_5_bps": 0.004513201284599796,
        "sharpe_ratio_2019_2020_2_5_bps": 0.13221599662059902,
        "downside_risk_2019_2020_2_5_bps": 0.00331720738926741,
        "sortino_ratio_2019_2020_2_5_bps": 0.17988546863948476,
        "max_drawdown_2019_2020_2_5_bps": 0.004117287329943709,
        "calmar_ratio_2019_2020_2_5_bps": 0.1425070783204194,
        "perc_pos_return_2019_2020_2_5_bps": 0.5038461538461538,
        "profit_loss_ratio_2019_2020_2_5_bps": 1.0067151507280037,
        "sharpe_ratio_2019_2_5_bps": 0.10348706540977863,
        "annual_return_2019_2020_3_0_bps": -0.0023923894440551763,
        "annual_volatility_2019_2020_3_0_bps": 0.0045190965020814045,
        "sharpe_ratio_2019_2020_3_0_bps": -0.527776189420526,
        "downside_risk_2019_2020_3_0_bps": 0.003421802268242701,
        "sortino_ratio_2019_2020_3_0_bps": -0.697022020713379,
        "max_drawdown_2019_2020_3_0_bps": 0.004874759887504027,
        "calmar_ratio_2019_2020_3_0_bps": -0.490770724972082,
        "perc_pos_return_2019_2020_3_0_bps": 0.4807692307692308,
        "profit_loss_ratio_2019_2020_3_0_bps": 0.9889746860691248,
        "sharpe_ratio_2019_3_0_bps": -0.5549667783637652
    },
    "COMB": {
        "annual_return_2019_2020": 0.015615798862527397,
        "annual_volatility_2019_2020": 0.004493871489785324,
        "sharpe_ratio_2019_2020": 3.450401758809047,
        "downside_risk_2019_2020": 0.0028369253627894974,
        "sortino_ratio_2019_2020": 5.46565739641831,
        "max_drawdown_2019_2020": 0.0020327729554873728,
        "calmar_ratio_2019_2020": 7.682018210825414,
        "perc_pos_return_2019_2020": 0.6,
        "profit_loss_ratio_2019_2020": 1.1849251513808372,
        "sharpe_ratio_2019": 3.410903253007822,
        "annual_return_2019_2020_0_5_bps": 0.012592113659317894,
        "annual_volatility_2019_2020_0_5_bps": 0.004496378285135038,
        "sharpe_ratio_2019_2020_0_5_bps": 2.785324623672342,
        "downside_risk_2019_2020_0_5_bps": 0.002927353514258522,
        "sortino_ratio_2019_2020_0_5_bps": 4.278223690419039,
        "max_drawdown_2019_2020_0_5_bps": 0.00236915792778293,
        "calmar_ratio_2019_2020_0_5_bps": 5.315016576839881,
        "perc_pos_return_2019_2020_0_5_bps": 0.5807692307692308,
        "profit_loss_ratio_2019_2020_0_5_bps": 1.1483717703204137,
        "sharpe_ratio_2019_0_5_bps": 2.74829326651378,
        "annual_return_2019_2020_1_0_bps": 0.00957739184774642,
        "annual_volatility_2019_2020_1_0_bps": 0.004499566259992062,
        "sharpe_ratio_2019_2020_1_0_bps": 2.120667563558492,
        "downside_risk_2019_2020_1_0_bps": 0.003020610648754039,
        "sortino_ratio_2019_2020_1_0_bps": 3.158991782533555,
        "max_drawdown_2019_2020_1_0_bps": 0.0027484002772367438,
        "calmar_ratio_2019_2020_1_0_bps": 3.484715063911862,
        "perc_pos_return_2019_2020_1_0_bps": 0.5692307692307692,
        "profit_loss_ratio_2019_2020_1_0_bps": 1.0778930204184252,
        "sharpe_ratio_2019_1_0_bps": 2.0859766393285986,
        "annual_return_2019_2020_1_5_bps": 0.006571606971478294,
        "annual_volatility_2019_2020_1_5_bps": 0.004503433967738456,
        "sharpe_ratio_2019_2020_1_5_bps": 1.456731757889402,
        "downside_risk_2019_2020_1_5_bps": 0.0031166530084426654,
        "sortino_ratio_2019_2020_1_5_bps": 2.104916801001387,
        "max_drawdown_2019_2020_1_5_bps": 0.0031532791517371243,
        "calmar_ratio_2019_2020_1_5_bps": 2.0840549330553344,
        "perc_pos_return_2019_2020_1_5_bps": 0.5576923076923077,
        "profit_loss_ratio_2019_2020_1_5_bps": 1.0114628903034317,
        "sharpe_ratio_2019_1_5_bps": 1.4242243066318232,
        "annual_return_2019_2020_2_0_bps": 0.0035747326519171008,
        "annual_volatility_2019_2020_2_0_bps": 0.004507979658804888,
        "sharpe_ratio_2019_2020_2_0_bps": 0.793815991624573,
        "downside_risk_2019_2020_2_0_bps": 0.003215497853079775,
        "sortino_ratio_2019_2020_2_0_bps": 1.112893401452638,
        "max_drawdown_2019_2020_2_0_bps": 0.003575221868049644,
        "calmar_ratio_2019_2020_2_0_bps": 0.9998631648186886,
        "perc_pos_return_2019_2020_2_0_bps": 0.5230769230769231,
        "profit_loss_ratio_2019_2020_2_0_bps": 1.0409922828940423,
        "sharpe_ratio_2019_2_0_bps": 0.7633054714317223,
        "annual_return_2019_2020_2_5_bps": 0.0005867425879959587,
        "annual_volatility_2019_2020_2_5_bps": 0.004513201284599796,
        "sharpe_ratio_2019_2020_2_5_bps": 0.13221599662059902,
        "downside_risk_2019_2020_2_5_bps": 0.00331720738926741,
        "sortino_ratio_2019_2020_2_5_bps": 0.17988546863948476,