{
    "ALL": {
        "performance_sw": 0.45361251363166044,
        "performance_fw": -0.015391635282004566,
        "val_loss": 2.749213813742385,
        "annual_return_2021_2022": 0.02306129382079325,
        "annual_volatility_2021_2022": 0.04349430177456838,
        "sharpe_ratio_2021_2022": 0.5459227446615595,
        "downside_risk_2021_2022": 0.03201826188146035,
        "sortino_ratio_2021_2022": 0.7415933035284279,
        "max_drawdown_2021_2022": 0.04592508623171753,
        "calmar_ratio_2021_2022": 0.5021502562768468,
        "perc_pos_return_2021_2022": 0.5287671232876713,
        "profit_loss_ratio_2021_2022": 0.9704154169501314,
        "sharpe_ratio_2021": 0.45361251363166066,
        "annual_return_2021_2022_0_5_bps": 0.022375922399112458,
        "annual_volatility_2021_2022_0_5_bps": 0.04349403718148254,
        "sharpe_ratio_2021_2022_0_5_bps": 0.530517102332019,
        "downside_risk_2021_2022_0_5_bps": 0.03203243837330855,
        "sortino_ratio_2021_2022_0_5_bps": 0.7203426197322587,
        "max_drawdown_2021_2022_0_5_bps": 0.04604806615838832,
        "calmar_ratio_2021_2022_0_5_bps": 0.48592534422938755,
        "perc_pos_return_2021_2022_0_5_bps": 0.5287671232876713,
        "profit_loss_ratio_2021_2022_0_5_bps": 0.9680880348146517,
        "sharpe_ratio_2021_0_5_bps": 0.44081181571322986,
        "annual_return_2021_2022_1_0_bps": 0.02169100866567808,
        "annual_volatility_2021_2022_1_0_bps": 0.04349377710607307,
        "sharpe_ratio_2021_2022_1_0_bps": 0.5151112190585908,
        "downside_risk_2021_2022_1_0_bps": 0.032046629749026424,
        "sortino_ratio_2021_2022_1_0_bps": 0.699110412609069,
        "max_drawdown_2021_2022_1_0_bps": 0.04617103049565313,
        "calmar_ratio_2021_2022_1_0_bps": 0.4697969361485277,
        "perc_pos_return_2021_2022_1_0_bps": 0.5287671232876713,
        "profit_loss_ratio_2021_2022_1_0_bps": 0.9657661640762818,
        "sharpe_ratio_2021_1_0_bps": 0.4280109175921815,
        "annual_return_2021_2022_1_5_bps": 0.021006552315809168,
        "annual_volatility_2021_2022_1_5_bps": 0.04349352154842102,
        "sharpe_ratio_2021_2022_1_5_bps": 0.4997050996366527,
        "downside_risk_2021_2022_1_5_bps": 0.03206083598884946,
        "sortino_ratio_2021_2022_1_5_bps": 0.6778966876116874,
        "max_drawdown_2021_2022_1_5_bps": 0.046293979245453566,
        "calmar_ratio_2021_2022_1_5_bps": 0.45376424014948286,
        "perc_pos_return_2021_2022_1_5_bps": 0.5287671232876713,
        "profit_loss_ratio_2021_2022_1_5_bps": 0.963449785181137,
        "sharpe_ratio_2021_1_5_bps": 0.4152098232530415,
        "annual_return_2021_2022_2_0_bps": 0.0203225530450446,
        "annual_volatility_2021_2022_2_0_bps": 0.04349327050860601,
        "sharpe_ratio_2021_2022_2_0_bps": 0.484298748861975,
        "downside_risk_2021_2022_2_0_bps": 0.03207505707763929,
        "sortino_ratio_2021_2022_2_0_bps": 0.6567014499848745,
        "max_drawdown_2021_2022_2_0_bps": 0.04641691240973459,
        "calmar_ratio_2021_2022_2_0_bps": 0.4378264729383969,
        "perc_pos_return_2021_2022_2_0_bps": 0.5260273972602739,
        "profit_loss_ratio_2021_2022_2_0_bps": 0.9717617879855849,
        "sharpe_ratio_2021_2_0_bps": 0.4024085366806619,
        "annual_return_2021_2022_2_5_bps": 0.019639010549121316,
        "annual_volatility_2021_2022_2_5_bps": 0.04349302398670629,
        "sharpe_ratio_2021_2022_2_5_bps": 0.46889217153071117,
        "downside_risk_2021_2022_2_5_bps": 0.032089293025147424,
        "sortino_ratio_2021_2022_2_5_bps": 0.6355247043798133,
        "max_drawdown_2021_2022_2_5_bps": 0.04653982999043564,
        "calmar_ratio_2021_2022_2_5_bps": 0.42198285969581995,
        "perc_pos_return_2021_2022_2_5_bps": 0.5260273972602739,
        "profit_loss_ratio_2021_2022_2_5_bps": 0.969430572220441,
        "sharpe_ratio_2021_2_5_bps": 0.38960706186021327,
        "annual_return_2021_2022_3_0_bps": 0.01895592452396988,
        "annual_volatility_2021_2022_3_0_bps": 0.04349278198279868,
        "sharpe_ratio_2021_2022_3_0_bps": 0.45348537243939213,
        "downside_risk_2021_2022_3_0_bps": 0.032103543816839324,
        "sortino_ratio_2021_2022_3_0_bps": 0.6143664558785945,
        "max_drawdown_2021_2022_3_0_bps": 0.04666273198950009,
        "calmar_ratio_2021_2022_3_0_bps": 0.40623263396226533,
        "perc_pos_return_2021_2022_3_0_bps": 0.5260273972602739,
        "profit_loss_ratio_2021_2022_3_0_bps": 0.9671048703241939,
        "sharpe_ratio_2021_3_0_bps": 0.37680540277717983
    },
    "COMB": {
        "annual_return_2021_2022": 0.02306129382079325,
        "annual_volatility_2021_2022": 0.04349430177456838,
        "sharpe_ratio_2021_2022": 0.5459227446615595,
        "downside_risk_2021_2022": 0.03201826188146035,
        "sortino_ratio_2021_2022": 0.7415933035284279,
        "max_drawdown_2021_2022": 0.04592508623171753,
        "calmar_ratio_2021_2022": 0.5021502562768468,
        "perc_pos_return_2021_2022": 0.5287671232876713,
        "profit_loss_ratio_2021_2022": 0.9704154169501314,
        "sharpe_ratio_2021": 0.45361251363166066,
        "annual_return_2021_2022_0_5_bps": 0.022375922399112458,
        "annual_volatility_2021_2022_0_5_bps": 0.04349403718148254,
        "sharpe_ratio_2021_2022_0_5_bps": 0.530517102332019,
        "downside_risk_2021_2022_0_5_bps": 0.03203243837330855,
        "sortino_ratio_2021_2022_0_5_bps": 0.7203426197322587,
        "max_drawdown_2021_2022_0_5_bps": 0.04604806615838832,
        "calmar_ratio_2021_2022_0_5_bps": 0.48592534422938755,
        "perc_pos_return_2021_2022_0_5_bps": 0.5287671232876713,
        "profit_loss_ratio_2021_2022_0_5_bps": 0.9680880348146517,
        "sharpe_ratio_2021_0_5_bps": 0.44081181571322986,
        "annual_return_2021_2022_1_0_bps": 0.02169100866567808,
        "annual_volatility_2021_2022_1_0_bps": 0.04349377710607307,
        "sharpe_ratio_2021_2022_1_0_bps": 0.5151112190585908,
        "downside_risk_2021_2022_1_0_bps": 0.032046629749026424,
        "sortino_ratio_2021_2022_1_0_bps": 0.699110412609069,
        "max_drawdown_2021_2022_1_0_bps": 0.04617103049565313,
        "calmar_ratio_2021_2022_1_0_bps": 0.4697969361485277,
        "perc_pos_return_2021_2022_1_0_bps": 0.5287671232876713,
        "profit_loss_ratio_2021_2022_1_0_bps": 0.9657661640762818,
        "sharpe_ratio_2021_1_0_bps": 0.4280109175921815,
        "annual_return_2021_2022_1_5_bps": 0.021006552315809168,
        "annual_volatility_2021_2022_1_5_bps": 0.04349352154842102,
        "sharpe_ratio_2021_2022_1_5_bps": 0.4997050996366527,
        "downside_risk_2021_2022_1_5_bps": 0.03206083598884946,
        "sortino_ratio_2021_2022_1_5_bps": 0.6778966876116874,
        "max_drawdown_2021_2022_1_5_bps": 0.046293979245453566,
        "calmar_ratio_2021_2022_1_5_bps": 0.45376424014948286,
        "perc_pos_return_2021_2022_1_5_bps": 0.5287671232876713,
        "profit_loss_ratio_2021_2022_1_5_bps": 0.963449785181137,
        "sharpe_ratio_2021_1_5_bps": 0.4152098232530415,
        "annual_return_2021_2022_2_0_bps": 0.0203225530450446,
        "annual_volatility_2021_2022_2_0_bps": 0.04349327050860601,
        "sharpe_ratio_2021_2022_2_0_bps": 0.484298748861975,
        "downside_risk_2021_2022_2_0_bps": 0.03207505707763929,
        "sortino_ratio_2021_2022_2_0_bps": 0.6567014499848745,
        "max_drawdown_2021_2022_2_0_bps": 0.04641691240973459,
        "calmar_ratio_2021_2022_2_0_bps": 0.4378264729383969,
        "perc_pos_return_2021_2022_2_0_bps": 0.5260273972602739,
        "profit_loss_ratio_2021_2022_2_0_bps": 0.9717617879855849,
        "sharpe_ratio_2021_2_0_bps": 0.4024085366806619,
        "annual_return_2021_2022_2_5_bps": 0.019639010549121316,
        "annual_volatility_2021_2022_2_5_bps": 0.04349302398670629,
        "sharpe_ratio_2021_2022_2_5_bps": 0.46889217153071117,
        "downside_risk_2021_2022_2_5_bps": 0.032089293025147424,
        "sortino_ratio_2021_2022_2_5_bps": 0.6355247043798133,