{
    "ALL": {
        "performance_sw": 2.6361037275586217,
        "performance_fw": 2.5559861170819804,
        "val_loss": 3.9631786000041247,
        "annual_return_2017_2018": 0.025528358220519687,
        "annual_volatility_2017_2018": 0.00958039469439,
        "sharpe_ratio_2017_2018": 2.636103727558621,
        "downside_risk_2017_2018": 0.005594833520957429,
        "sortino_ratio_2017_2018": 4.513970624999492,
        "max_drawdown_2017_2018": 0.004344494452910799,
        "calmar_ratio_2017_2018": 5.876025046692316,
        "perc_pos_return_2017_2018": 0.5581395348837209,
        "profit_loss_ratio_2017_2018": 1.2373872045452015,
        "sharpe_ratio_2017": 2.7343125974802334,
        "annual_return_2017_2018_0_5_bps": 0.018724104940230468,
        "annual_volatility_2017_2018_0_5_bps": 0.009586408500495384,
        "sharpe_ratio_2017_2018_0_5_bps": 1.9399768322840831,
        "downside_risk_2017_2018_0_5_bps": 0.005818917286922612,
        "sortino_ratio_2017_2018_0_5_bps": 3.1960259063258913,
        "max_drawdown_2017_2018_0_5_bps": 0.004927902179746048,
        "calmar_ratio_2017_2018_0_5_bps": 3.79960970353421,
        "perc_pos_return_2017_2018_0_5_bps": 0.5387596899224806,
        "profit_loss_ratio_2017_2018_0_5_bps": 1.1886725601426857,
        "sharpe_ratio_2017_0_5_bps": 2.03411193135631,
        "annual_return_2017_2018_1_0_bps": 0.011964808373020164,
        "annual_volatility_2017_2018_1_0_bps": 0.009593524792720434,
        "sharpe_ratio_2017_2018_1_0_bps": 1.244579743541202,
        "downside_risk_2017_2018_1_0_bps": 0.006049074201569765,
        "sortino_ratio_2017_2018_1_0_bps": 1.973840331315773,
        "max_drawdown_2017_2018_1_0_bps": 0.00585272278184461,
        "calmar_ratio_2017_2018_1_0_bps": 2.0443148973560645,
        "perc_pos_return_2017_2018_1_0_bps": 0.5155038759689923,
        "profit_loss_ratio_2017_2018_1_0_bps": 1.1596399778607847,
        "sharpe_ratio_2017_1_0_bps": 1.3349626818024318,
        "annual_return_2017_2018_1_5_bps": 0.005250172729307057,
        "annual_volatility_2017_2018_1_5_bps": 0.009601741119755865,
        "sharpe_ratio_2017_2018_1_5_bps": 0.550150518609524,
        "downside_risk_2017_2018_1_5_bps": 0.00628541503162625,
        "sortino_ratio_2017_2018_1_5_bps": 0.8404222839714919,
        "max_drawdown_2017_2018_1_5_bps": 0.0073811309201651555,
        "calmar_ratio_2017_2018_1_5_bps": 0.7112965189336571,
        "perc_pos_return_2017_2018_1_5_bps": 0.4883720930232558,
        "profit_loss_ratio_2017_2018_1_5_bps": 1.1493564029603616,
        "sharpe_ratio_2017_1_5_bps": 0.6370753369868756,
        "annual_return_2017_2018_2_0_bps": -0.001420095842553759,
        "annual_volatility_2017_2018_2_0_bps": 0.009611054660398981,
        "sharpe_ratio_2017_2018_2_0_bps": -0.1430749237822883,
        "downside_risk_2017_2018_2_0_bps": 0.006527846443594652,
        "sortino_ratio_2017_2018_2_0_bps": -0.21065154103820682,
        "max_drawdown_2017_2018_2_0_bps": 0.008907237137193817,
        "calmar_ratio_2017_2018_2_0_bps": -0.1594316869171346,
        "perc_pos_return_2017_2018_2_0_bps": 0.4806201550387597,
        "profit_loss_ratio_2017_2018_2_0_bps": 1.0549629221425798,
        "sharpe_ratio_2017_2_0_bps": -0.05934203145601192,
        "annual_return_2017_2018_2_5_bps": -0.008046289268924922,
        "annual_volatility_2017_2018_2_5_bps": 0.009621462228353903,
        "sharpe_ratio_2017_2018_2_5_bps": -0.8348631935512292,
        "downside_risk_2017_2018_2_5_bps": 0.00677607862784069,
        "sortino_ratio_2017_2018_2_5_bps": -1.1854355776795031,
        "max_drawdown_2017_2018_2_5_bps": 0.0113342522905265,
        "calmar_ratio_2017_2018_2_5_bps": -0.7099091376014496,
        "perc_pos_return_2017_2018_2_5_bps": 0.4689922480620155,
        "profit_loss_ratio_2017_2018_2_5_bps": 0.9841204402664948,
        "sharpe_ratio_2017_2_5_bps": -0.7540840644308988,
        "annual_return_2017_2018_3_0_bps": -0.014628697563439097,
        "annual_volatility_2017_2018_3_0_bps": 0.00963296027761986,
        "sharpe_ratio_2017_2018_3_0_bps": -1.5249838085928262,
        "downside_risk_2017_2018_3_0_bps": 0.007029893294479111,
        "sortino_ratio_2017_2018_3_0_bps": -2.089663076923933,
        "max_drawdown_2017_2018_3_0_bps": 0.016973698157123563,
        "calmar_ratio_2017_2018_3_0_bps": -0.8618450397799544,
        "perc_pos_return_2017_2018_3_0_bps": 0.4418604651162791,
        "profit_loss_ratio_2017_2018_3_0_bps": 0.9780214669933167,
        "sharpe_ratio_2017_3_0_bps": -1.4469484012819949
    },
    "COMB": {
        "annual_return_2017_2018": 0.025528358220519687,
        "annual_volatility_2017_2018": 0.00958039469439,
        "sharpe_ratio_2017_2018": 2.636103727558621,
        "downside_risk_2017_2018": 0.005594833520957429,
        "sortino_ratio_2017_2018": 4.513970624999492,
        "max_drawdown_2017_2018": 0.004344494452910799,
        "calmar_ratio_2017_2018": 5.876025046692316,
        "perc_pos_return_2017_2018": 0.5581395348837209,
        "profit_loss_ratio_2017_2018": 1.2373872045452015,
        "sharpe_ratio_2017": 2.7343125974802334,
        "annual_return_2017_2018_0_5_bps": 0.018724104940230468,
        "annual_volatility_2017_2018_0_5_bps": 0.009586408500495384,
        "sharpe_ratio_2017_2018_0_5_bps": 1.9399768322840831,
        "downside_risk_2017_2018_0_5_bps": 0.005818917286922612,
        "sortino_ratio_2017_2018_0_5_bps": 3.1960259063258913,
        "max_drawdown_2017_2018_0_5_bps": 0.004927902179746048,
        "calmar_ratio_2017_2018_0_5_bps": 3.79960970353421,
        "perc_pos_return_2017_2018_0_5_bps": 0.5387596899224806,
        "profit_loss_ratio_2017_2018_0_5_bps": 1.1886725601426857,
        "sharpe_ratio_2017_0_5_bps": 2.03411193135631,
        "annual_return_2017_2018_1_0_bps": 0.011964808373020164,
        "annual_volatility_2017_2018_1_0_bps": 0.009593524792720434,
        "sharpe_ratio_2017_2018_1_0_bps": 1.244579743541202,
        "downside_risk_2017_2018_1_0_bps": 0.006049074201569765,
        "sortino_ratio_2017_2018_1_0_bps": 1.973840331315773,
        "max_drawdown_2017_2018_1_0_bps": 0.00585272278184461,
        "calmar_ratio_2017_2018_1_0_bps": 2.0443148973560645,
        "perc_pos_return_2017_2018_1_0_bps": 0.5155038759689923,
        "profit_loss_ratio_2017_2018_1_0_bps": 1.1596399778607847,
        "sharpe_ratio_2017_1_0_bps": 1.3349626818024318,
        "annual_return_2017_2018_1_5_bps": 0.005250172729307057,
        "annual_volatility_2017_2018_1_5_bps": 0.009601741119755865,
        "sharpe_ratio_2017_2018_1_5_bps": 0.550150518609524,
        "downside_risk_2017_2018_1_5_bps": 0.00628541503162625,
        "sortino_ratio_2017_2018_1_5_bps": 0.8404222839714919,
        "max_drawdown_2017_2018_1_5_bps": 0.0073811309201651555,
        "calmar_ratio_2017_2018_1_5_bps": 0.7112965189336571,
        "perc_pos_return_2017_2018_1_5_bps": 0.4883720930232558,
        "profit_loss_ratio_2017_2018_1_5_bps": 1.1493564029603616,
        "sharpe_ratio_2017_1_5_bps": 0.6370753369868756,
        "annual_return_2017_2018_2_0_bps": -0.001420095842553759,
        "annual_volatility_2017_2018_2_0_bps": 0.009611054660398981,
        "sharpe_ratio_2017_2018_2_0_bps": -0.1430749237822883,
        "downside_risk_2017_2018_2_0_bps": 0.006527846443594652,
        "sortino_ratio_2017_2018_2_0_bps": -0.21065154103820682,
        "max_drawdown_2017_2018_2_0_bps": 0.008907237137193817,
        "calmar_ratio_2017_2018_2_0_bps": -0.1594316869171346,
        "perc_pos_return_2017_2018_2_0_bps": 0.4806201550387597,
        "profit_loss_ratio_2017_2018_2_0_bps": 1.0549629221425798,
        "sharpe_ratio_2017_2_0_bps": -0.05934203145601192,
        "annual_return_2017_2018_2_5_bps": -0.008046289268924922,
        "annual_volatility_2017_2018_2_5_bps": 0.009621462228353903,
        "sharpe_ratio_2017_2018_2_5_bps": -0.8348631935512292,
        "downside_risk_2017_2018_2_5_bps": 0.00677607862784069,
        "sortino_ratio_2017_2018_2_5_bps": -1.1854355776795031,