{
    "ALL": {
        "performance_sw": 2.4380635518801164,
        "performance_fw": 2.756476099064741,
        "val_loss": 2.5289831303264805,
        "annual_return_2017_2018": 0.0161323667867852,
        "annual_volatility_2017_2018": 0.006573105224304949,
        "sharpe_ratio_2017_2018": 2.438063551880116,
        "downside_risk_2017_2018": 0.004024500849181878,
        "sortino_ratio_2017_2018": 3.9820213414313104,
        "max_drawdown_2017_2018": 0.0071265794292225465,
        "calmar_ratio_2017_2018": 2.2636900278743,
        "perc_pos_return_2017_2018": 0.5542635658914729,
        "profit_loss_ratio_2017_2018": 1.189972069643248,
        "sharpe_ratio_2017": 2.5515597515812236,
        "annual_return_2017_2018_0_5_bps": 0.011338137252876468,
        "annual_volatility_2017_2018_0_5_bps": 0.006577839998034739,
        "sharpe_ratio_2017_2018_0_5_bps": 1.7173028111949777,
        "downside_risk_2017_2018_0_5_bps": 0.004187488573611739,
        "sortino_ratio_2017_2018_0_5_bps": 2.6975937776644052,
        "max_drawdown_2017_2018_0_5_bps": 0.00846046104522917,
        "calmar_ratio_2017_2018_0_5_bps": 1.3401323157524625,
        "perc_pos_return_2017_2018_0_5_bps": 0.5387596899224806,
        "profit_loss_ratio_2017_2018_0_5_bps": 1.1280999673223395,
        "sharpe_ratio_2017_0_5_bps": 1.8336710904806355,
        "annual_return_2017_2018_1_0_bps": 0.006566431706333642,
        "annual_volatility_2017_2018_1_0_bps": 0.006583540964477605,
        "sharpe_ratio_2017_2018_1_0_bps": 0.9974325375678776,
        "downside_risk_2017_2018_1_0_bps": 0.0043548165259019835,
        "sortino_ratio_2017_2018_1_0_bps": 1.507902326383513,
        "max_drawdown_2017_2018_1_0_bps": 0.009792575895504111,
        "calmar_ratio_2017_2018_1_0_bps": 0.6705520361959482,
        "perc_pos_return_2017_2018_1_0_bps": 0.5077519379844961,
        "profit_loss_ratio_2017_2018_1_0_bps": 1.137575617989296,
        "sharpe_ratio_2017_1_0_bps": 1.1165018163713973,
        "annual_return_2017_2018_1_5_bps": 0.0018171447757153736,
        "annual_volatility_2017_2018_1_5_bps": 0.006590205616171028,
        "sharpe_ratio_2017_2018_1_5_bps": 0.2787671474222542,
        "downside_risk_2017_2018_1_5_bps": 0.004526623285641173,
        "sortino_ratio_2017_2018_1_5_bps": 0.4058506097411851,
        "max_drawdown_2017_2018_1_5_bps": 0.011122926286782745,
        "calmar_ratio_2017_2018_1_5_bps": 0.16336930847727252,
        "perc_pos_return_2017_2018_1_5_bps": 0.5038759689922481,
        "profit_loss_ratio_2017_2018_1_5_bps": 1.0295695243912009,
        "sharpe_ratio_2017_1_5_bps": 0.4003338786865184,
        "annual_return_2017_2018_2_0_bps": -0.0029098284195558932,
        "annual_volatility_2017_2018_2_0_bps": 0.006597831032780246,
        "sharpe_ratio_2017_2018_2_0_bps": -0.43838229789736327,
        "downside_risk_2017_2018_2_0_bps": 0.004702613456378195,
        "sortino_ratio_2017_2018_2_0_bps": -0.6150563630454866,
        "max_drawdown_2017_2018_2_0_bps": 0.01281878216360297,
        "calmar_ratio_2017_2018_2_0_bps": -0.22699725936664397,
        "perc_pos_return_2017_2018_2_0_bps": 0.49612403100775193,
        "profit_loss_ratio_2017_2018_2_0_bps": 0.9467597140950621,
        "sharpe_ratio_2017_2_0_bps": -0.31455331120207536,
        "annual_return_2017_2018_2_5_bps": -0.007614592271503073,
        "annual_volatility_2017_2018_2_5_bps": 0.0066064138874333605,
        "sharpe_ratio_2017_2018_2_5_bps": -1.1537087456209538,
        "downside_risk_2017_2018_2_5_bps": 0.004882574253168242,
        "sortino_ratio_2017_2018_2_5_bps": -1.5610366753107439,
        "max_drawdown_2017_2018_2_5_bps": 0.015097218500693987,
        "calmar_ratio_2017_2018_2_5_bps": -0.5043705415771155,
        "perc_pos_return_2017_2018_2_5_bps": 0.4689922480620155,
        "profit_loss_ratio_2017_2018_2_5_bps": 0.9410888726075584,
        "sharpe_ratio_2017_2_5_bps": -1.027883412080267,
        "annual_return_2017_2018_3_0_bps": -0.012297250685836869,
        "annual_volatility_2017_2018_3_0_bps": 0.0066159504538860535,
        "sharpe_ratio_2017_2018_3_0_bps": -1.86690978341646,
        "downside_risk_2017_2018_3_0_bps": 0.005066509071239296,
        "sortino_ratio_2017_2018_3_0_bps": -2.4378487150201087,
        "max_drawdown_2017_2018_3_0_bps": 0.017373192951745206,
        "calmar_ratio_2017_2018_3_0_bps": -0.7078290513432398,
        "perc_pos_return_2017_2018_3_0_bps": 0.45348837209302323,
        "profit_loss_ratio_2017_2018_3_0_bps": 0.8933764850165714,
        "sharpe_ratio_2017_3_0_bps": -1.7393836700087355
    },
    "COMB": {
        "annual_return_2017_2018": 0.0161323667867852,
        "annual_volatility_2017_2018": 0.006573105224304949,
        "sharpe_ratio_2017_2018": 2.438063551880116,
        "downside_risk_2017_2018": 0.004024500849181878,
        "sortino_ratio_2017_2018": 3.9820213414313104,
        "max_drawdown_2017_2018": 0.0071265794292225465,
        "calmar_ratio_2017_2018": 2.2636900278743,
        "perc_pos_return_2017_2018": 0.5542635658914729,
        "profit_loss_ratio_2017_2018": 1.189972069643248,
        "sharpe_ratio_2017": 2.5515597515812236,
        "annual_return_2017_2018_0_5_bps": 0.011338137252876468,
        "annual_volatility_2017_2018_0_5_bps": 0.006577839998034739,
        "sharpe_ratio_2017_2018_0_5_bps": 1.7173028111949777,
        "downside_risk_2017_2018_0_5_bps": 0.004187488573611739,
        "sortino_ratio_2017_2018_0_5_bps": 2.6975937776644052,
        "max_drawdown_2017_2018_0_5_bps": 0.00846046104522917,
        "calmar_ratio_2017_2018_0_5_bps": 1.3401323157524625,
        "perc_pos_return_2017_2018_0_5_bps": 0.5387596899224806,
        "profit_loss_ratio_2017_2018_0_5_bps": 1.1280999673223395,
        "sharpe_ratio_2017_0_5_bps": 1.8336710904806355,
        "annual_return_2017_2018_1_0_bps": 0.006566431706333642,
        "annual_volatility_2017_2018_1_0_bps": 0.006583540964477605,
        "sharpe_ratio_2017_2018_1_0_bps": 0.9974325375678776,
        "downside_risk_2017_2018_1_0_bps": 0.0043548165259019835,
        "sortino_ratio_2017_2018_1_0_bps": 1.507902326383513,
        "max_drawdown_2017_2018_1_0_bps": 0.009792575895504111,
        "calmar_ratio_2017_2018_1_0_bps": 0.6705520361959482,
        "perc_pos_return_2017_2018_1_0_bps": 0.5077519379844961,
        "profit_loss_ratio_2017_2018_1_0_bps": 1.137575617989296,
        "sharpe_ratio_2017_1_0_bps": 1.1165018163713973,
        "annual_return_2017_2018_1_5_bps": 0.0018171447757153736,
        "annual_volatility_2017_2018_1_5_bps": 0.006590205616171028,
        "sharpe_ratio_2017_2018_1_5_bps": 0.2787671474222542,
        "downside_risk_2017_2018_1_5_bps": 0.004526623285641173,
        "sortino_ratio_2017_2018_1_5_bps": 0.4058506097411851,
        "max_drawdown_2017_2018_1_5_bps": 0.011122926286782745,
        "calmar_ratio_2017_2018_1_5_bps": 0.16336930847727252,
        "perc_pos_return_2017_2018_1_5_bps": 0.5038759689922481,
        "profit_loss_ratio_2017_2018_1_5_bps": 1.0295695243912009,
        "sharpe_ratio_2017_1_5_bps": 0.4003338786865184,
        "annual_return_2017_2018_2_0_bps": -0.0029098284195558932,
        "annual_volatility_2017_2018_2_0_bps": 0.006597831032780246,
        "sharpe_ratio_2017_2018_2_0_bps": -0.43838229789736327,
        "downside_risk_2017_2018_2_0_bps": 0.004702613456378195,
        "sortino_ratio_2017_2018_2_0_bps": -0.6150563630454866,
        "max_drawdown_2017_2018_2_0_bps": 0.01281878216360297,
        "calmar_ratio_2017_2018_2_0_bps": -0.22699725936664397,
        "perc_pos_return_2017_2018_2_0_bps": 0.49612403100775193,
        "profit_loss_ratio_2017_2018_2_0_bps": 0.9467597140950621,
        "sharpe_ratio_2017_2_0_bps": -0.31455331120207536,
        "annual_return_2017_2018_2_5_bps": -0.007614592271503073,
        "annual_volatility_2017_2018_2_5_bps": 0.0066064138874333605,
        "sharpe_ratio_2017_2018_2_5_bps": -1.1537087456209538,
        "downside_risk_2017_2018_2_5_bps": 0.004882574253168242,