{
    "ALL": {
        "performance_sw": 2.8274947020399357,
        "performance_fw": 3.0070220333195077,
        "val_loss": 2.822958718825947,
        "annual_return_2019_2020": 0.02949406760394857,
        "annual_volatility_2019_2020": 0.01029957986221245,
        "sharpe_ratio_2019_2020": 2.827494702039936,
        "downside_risk_2019_2020": 0.00688965348721378,
        "sortino_ratio_2019_2020": 4.226919038481287,
        "max_drawdown_2019_2020": 0.004617134021740827,
        "calmar_ratio_2019_2020": 6.387960034313285,
        "perc_pos_return_2019_2020": 0.5846153846153846,
        "profit_loss_ratio_2019_2020": 1.1494333165647184,
        "sharpe_ratio_2019": 2.754015999189824,
        "annual_return_2019_2020_0_5_bps": 0.02553752695025291,
        "annual_volatility_2019_2020_0_5_bps": 0.010296415571964366,
        "sharpe_ratio_2019_2020_0_5_bps": 2.454346126266381,
        "downside_risk_2019_2020_0_5_bps": 0.006992835349072907,
        "sortino_ratio_2019_2020_0_5_bps": 3.6138370792371006,
        "max_drawdown_2019_2020_0_5_bps": 0.004955500970386053,
        "calmar_ratio_2019_2020_0_5_bps": 5.15336937735751,
        "perc_pos_return_2019_2020_0_5_bps": 0.5692307692307692,
        "profit_loss_ratio_2019_2020_0_5_bps": 1.1490724941458648,
        "sharpe_ratio_2019_0_5_bps": 2.3816837136007996,
        "annual_return_2019_2020_1_0_bps": 0.02159612758090379,
        "annual_volatility_2019_2020_1_0_bps": 0.010293664822622289,
        "sharpe_ratio_2019_2020_1_0_bps": 2.080884526786019,
        "downside_risk_2019_2020_1_0_bps": 0.007098334333892299,
        "sortino_ratio_2019_2020_1_0_bps": 3.0175991783090432,
        "max_drawdown_2019_2020_1_0_bps": 0.005492403476348742,
        "calmar_ratio_2019_2020_1_0_bps": 3.9319994741647304,
        "perc_pos_return_2019_2020_1_0_bps": 0.5653846153846154,
        "profit_loss_ratio_2019_2020_1_0_bps": 1.0954214895484817,
        "sharpe_ratio_2019_1_0_bps": 2.0090571548649847,
        "annual_return_2019_2020_1_5_bps": 0.017669811798271207,
        "annual_volatility_2019_2020_1_5_bps": 0.010291327945789895,
        "sharpe_ratio_2019_2020_1_5_bps": 1.7071546184999615,
        "downside_risk_2019_2020_1_5_bps": 0.0072061263255281185,
        "sortino_ratio_2019_2020_1_5_bps": 2.438048854474579,
        "max_drawdown_2019_2020_1_5_bps": 0.006029025255425627,
        "calmar_ratio_2019_2020_1_5_bps": 2.9307908077462153,
        "perc_pos_return_2019_2020_1_5_bps": 0.55,
        "profit_loss_ratio_2019_2020_1_5_bps": 1.0942092422999576,
        "sharpe_ratio_2019_1_5_bps": 1.6361732560940836,
        "annual_return_2019_2020_2_0_bps": 0.013758522123648032,
        "annual_volatility_2019_2020_2_0_bps": 0.01028940522345698,
        "sharpe_ratio_2019_2020_2_0_bps": 1.3332012798676391,
        "downside_risk_2019_2020_2_0_bps": 0.007316211748439207,
        "sortino_ratio_2019_2020_2_0_bps": 1.8749933277855295,
        "max_drawdown_2019_2020_2_0_bps": 0.0065653664497184305,
        "calmar_ratio_2019_2020_2_0_bps": 2.0956213532053636,
        "perc_pos_return_2019_2020_2_0_bps": 0.55,
        "profit_loss_ratio_2019_2020_2_0_bps": 1.0268188616232363,
        "sharpe_ratio_2019_2_0_bps": 1.2630690843167325,
        "annual_return_2019_2020_2_5_bps": 0.009862201296431339,
        "annual_volatility_2019_2020_2_5_bps": 0.010287896887829636,
        "sharpe_ratio_2019_2020_2_5_bps": 0.9590695261048465,
        "downside_risk_2019_2020_2_5_bps": 0.00742856082615802,
        "sortino_ratio_2019_2020_2_5_bps": 1.3282261024346098,
        "max_drawdown_2019_2020_2_5_bps": 0.007101427201258609,
        "calmar_ratio_2019_2020_2_5_bps": 1.388763274892606,
        "perc_pos_return_2019_2020_2_5_bps": 0.5423076923076923,
        "profit_loss_ratio_2019_2020_2_5_bps": 0.9938859543544958,
        "sharpe_ratio_2019_2_5_bps": 0.8897818221850001,
        "annual_return_2019_2020_3_0_bps": 0.005980792273290625,
        "annual_volatility_2019_2020_3_0_bps": 0.010286803121190222,
        "sharpe_ratio_2019_2020_3_0_bps": 0.5848044821885268,
        "downside_risk_2019_2020_3_0_bps": 0.007543127903845555,
        "sortino_ratio_2019_2020_3_0_bps": 0.7975164479971331,
        "max_drawdown_2019_2020_3_0_bps": 0.007848198799705912,
        "calmar_ratio_2019_2020_3_0_bps": 0.762059222240234,
        "perc_pos_return_2019_2020_3_0_bps": 0.5307692307692308,
        "profit_loss_ratio_2019_2020_3_0_bps": 0.976839981020829,
        "sharpe_ratio_2019_3_0_bps": 0.5163487495436716
    },
    "COMB": {
        "annual_return_2019_2020": 0.02949406760394857,
        "annual_volatility_2019_2020": 0.01029957986221245,
        "sharpe_ratio_2019_2020": 2.827494702039936,
        "downside_risk_2019_2020": 0.00688965348721378,
        "sortino_ratio_2019_2020": 4.226919038481287,
        "max_drawdown_2019_2020": 0.004617134021740827,
        "calmar_ratio_2019_2020": 6.387960034313285,
        "perc_pos_return_2019_2020": 0.5846153846153846,
        "profit_loss_ratio_2019_2020": 1.1494333165647184,
        "sharpe_ratio_2019": 2.754015999189824,
        "annual_return_2019_2020_0_5_bps": 0.02553752695025291,
        "annual_volatility_2019_2020_0_5_bps": 0.010296415571964366,
        "sharpe_ratio_2019_2020_0_5_bps": 2.454346126266381,
        "downside_risk_2019_2020_0_5_bps": 0.006992835349072907,
        "sortino_ratio_2019_2020_0_5_bps": 3.6138370792371006,
        "max_drawdown_2019_2020_0_5_bps": 0.004955500970386053,
        "calmar_ratio_2019_2020_0_5_bps": 5.15336937735751,
        "perc_pos_return_2019_2020_0_5_bps": 0.5692307692307692,
        "profit_loss_ratio_2019_2020_0_5_bps": 1.1490724941458648,
        "sharpe_ratio_2019_0_5_bps": 2.3816837136007996,
        "annual_return_2019_2020_1_0_bps": 0.02159612758090379,
        "annual_volatility_2019_2020_1_0_bps": 0.010293664822622289,
        "sharpe_ratio_2019_2020_1_0_bps": 2.080884526786019,
        "downside_risk_2019_2020_1_0_bps": 0.007098334333892299,
        "sortino_ratio_2019_2020_1_0_bps": 3.0175991783090432,
        "max_drawdown_2019_2020_1_0_bps": 0.005492403476348742,
        "calmar_ratio_2019_2020_1_0_bps": 3.9319994741647304,
        "perc_pos_return_2019_2020_1_0_bps": 0.5653846153846154,
        "profit_loss_ratio_2019_2020_1_0_bps": 1.0954214895484817,
        "sharpe_ratio_2019_1_0_bps": 2.0090571548649847,
        "annual_return_2019_2020_1_5_bps": 0.017669811798271207,
        "annual_volatility_2019_2020_1_5_bps": 0.010291327945789895,
        "sharpe_ratio_2019_2020_1_5_bps": 1.7071546184999615,
        "downside_risk_2019_2020_1_5_bps": 0.0072061263255281185,
        "sortino_ratio_2019_2020_1_5_bps": 2.438048854474579,
        "max_drawdown_2019_2020_1_5_bps": 0.006029025255425627,
        "calmar_ratio_2019_2020_1_5_bps": 2.9307908077462153,
        "perc_pos_return_2019_2020_1_5_bps": 0.55,
        "profit_loss_ratio_2019_2020_1_5_bps": 1.0942092422999576,
        "sharpe_ratio_2019_1_5_bps": 1.6361732560940836,
        "annual_return_2019_2020_2_0_bps": 0.013758522123648032,
        "annual_volatility_2019_2020_2_0_bps": 0.01028940522345698,
        "sharpe_ratio_2019_2020_2_0_bps": 1.3332012798676391,
        "downside_risk_2019_2020_2_0_bps": 0.007316211748439207,
        "sortino_ratio_2019_2020_2_0_bps": 1.8749933277855295,
        "max_drawdown_2019_2020_2_0_bps": 0.0065653664497184305,
        "calmar_ratio_2019_2020_2_0_bps": 2.0956213532053636,
        "perc_pos_return_2019_2020_2_0_bps": 0.55,
        "profit_loss_ratio_2019_2020_2_0_bps": 1.0268188616232363,
        "sharpe_ratio_2019_2_0_bps": 1.2630690843167325,
        "annual_return_2019_2020_2_5_bps": 0.009862201296431339,
        "annual_volatility_2019_2020_2_5_bps": 0.010287896887829636,
        "sharpe_ratio_2019_2020_2_5_bps": 0.9590695261048465,
        "downside_risk_2019_2020_2_5_bps": 0.00742856082615802,
        "sortino_ratio_2019_2020_2_5_bps": 1.3282261024346098,
        "max_drawdown_2019_2020_2_5_bps": 0.007101427201258609,