{
    "ALL": {
        "performance_sw": 0.818817134148755,
        "performance_fw": 0.8502369488946545,
        "val_loss": 4.158558305998334,
        "annual_return_2022_2023": 0.045687400990246374,
        "annual_volatility_2022_2023": 0.046429646431898335,
        "sharpe_ratio_2022_2023": 0.9854465734897683,
        "downside_risk_2022_2023": 0.03447656290752292,
        "sortino_ratio_2022_2023": 1.3271025916180286,
        "max_drawdown_2022_2023": 0.030267574201341896,
        "calmar_ratio_2022_2023": 1.5094503671265749,
        "perc_pos_return_2022_2023": 0.5835616438356165,
        "profit_loss_ratio_2022_2023": 0.8713862258886413,
        "sharpe_ratio_2022": 0.8168020103915816,
        "annual_return_2022_2023_0_5_bps": 0.04466624182176271,
        "annual_volatility_2022_2023_0_5_bps": 0.04643221547893228,
        "sharpe_ratio_2022_2023_0_5_bps": 0.9643502762809366,
        "downside_risk_2022_2023_0_5_bps": 0.034494769522274434,
        "sortino_ratio_2022_2023_0_5_bps": 1.298078533226041,
        "max_drawdown_2022_2023_0_5_bps": 0.030288867730118872,
        "calmar_ratio_2022_2023_0_5_bps": 1.474675191550563,
        "perc_pos_return_2022_2023_0_5_bps": 0.5835616438356165,
        "profit_loss_ratio_2022_2023_0_5_bps": 0.8677072755090364,
        "sharpe_ratio_2022_0_5_bps": 0.7992632321165214,
        "annual_return_2022_2023_1_0_bps": 0.04364607688855138,
        "annual_volatility_2022_2023_1_0_bps": 0.04643478936459451,
        "sharpe_ratio_2022_2023_1_0_bps": 0.9432562151262699,
        "downside_risk_2022_2023_1_0_bps": 0.03451300245251738,
        "sortino_ratio_2022_2023_1_0_bps": 1.2690841292783042,
        "max_drawdown_2022_2023_1_0_bps": 0.030310160866158536,
        "calmar_ratio_2022_2023_1_0_bps": 1.4399816972691315,
        "perc_pos_return_2022_2023_1_0_bps": 0.5835616438356165,
        "profit_loss_ratio_2022_2023_1_0_bps": 0.8640430659462967,
        "sharpe_ratio_2022_1_0_bps": 0.781726307473276,
        "annual_return_2022_2023_1_5_bps": 0.04262690522549084,
        "annual_volatility_2022_2023_1_5_bps": 0.046437368088080466,
        "sharpe_ratio_2022_2023_1_5_bps": 0.9221643962637375,
        "downside_risk_2022_2023_1_5_bps": 0.03453126165656704,
        "sortino_ratio_2022_2023_1_5_bps": 1.2401194005860416,
        "max_drawdown_2022_2023_1_5_bps": 0.030331453609465844,
        "calmar_ratio_2022_2023_1_5_bps": 1.4053696790907453,
        "perc_pos_return_2022_2023_1_5_bps": 0.5835616438356165,
        "profit_loss_ratio_2022_2023_1_5_bps": 0.8603935087823108,
        "sharpe_ratio_2022_1_5_bps": 0.7641912416078698,
        "annual_return_2022_2023_2_0_bps": 0.041608725868375496,
        "annual_volatility_2022_2023_2_0_bps": 0.04643995164858422,
        "sharpe_ratio_2022_2023_2_0_bps": 0.9010748259270865,
        "downside_risk_2022_2023_2_0_bps": 0.03454954709276683,
        "sortino_ratio_2022_2023_2_0_bps": 1.211184367640265,
        "max_drawdown_2022_2023_2_0_bps": 0.030352745960046914,
        "calmar_ratio_2022_2023_2_0_bps": 1.370838932436121,
        "perc_pos_return_2022_2023_2_0_bps": 0.5835616438356165,
        "profit_loss_ratio_2022_2023_2_0_bps": 0.8567585163046866,
        "sharpe_ratio_2022_2_0_bps": 0.7466580396628529,
        "annual_return_2022_2023_2_5_bps": 0.04059153785394498,
        "annual_volatility_2022_2023_2_5_bps": 0.046442540045298554,
        "sharpe_ratio_2022_2023_2_5_bps": 0.8799875103458349,
        "downside_risk_2022_2023_2_5_bps": 0.0345678587194885,
        "sortino_ratio_2022_2023_2_5_bps": 1.1822790506129373,
        "max_drawdown_2022_2023_2_5_bps": 0.03037403791790778,
        "calmar_ratio_2022_2023_2_5_bps": 1.3363892533370816,
        "perc_pos_return_2022_2023_2_5_bps": 0.5835616438356165,
        "profit_loss_ratio_2022_2023_2_5_bps": 0.8531380014997253,
        "sharpe_ratio_2022_2_5_bps": 0.7291267067772985,
        "annual_return_2022_2023_3_0_bps": 0.0395753402198713,
        "annual_volatility_2022_2023_3_0_bps": 0.046445133277414896,
        "sharpe_ratio_2022_2023_3_0_bps": 0.8589024557452626,
        "downside_risk_2022_2023_3_0_bps": 0.03458619649513244,
        "sortino_ratio_2022_2023_3_0_bps": 1.1534034693581279,
        "max_drawdown_2022_2023_3_0_bps": 0.03039532948305433,
        "calmar_ratio_2022_2023_3_0_bps": 1.3020204384339675,
        "perc_pos_return_2022_2023_3_0_bps": 0.5835616438356165,
        "profit_loss_ratio_2022_2023_3_0_bps": 0.8495318780454764,
        "sharpe_ratio_2022_3_0_bps": 0.7115972480867934
    },
    "COMB": {
        "annual_return_2022_2023": 0.045687400990246374,
        "annual_volatility_2022_2023": 0.046429646431898335,
        "sharpe_ratio_2022_2023": 0.9854465734897683,
        "downside_risk_2022_2023": 0.03447656290752292,
        "sortino_ratio_2022_2023": 1.3271025916180286,
        "max_drawdown_2022_2023": 0.030267574201341896,
        "calmar_ratio_2022_2023": 1.5094503671265749,
        "perc_pos_return_2022_2023": 0.5835616438356165,
        "profit_loss_ratio_2022_2023": 0.8713862258886413,
        "sharpe_ratio_2022": 0.8168020103915816,
        "annual_return_2022_2023_0_5_bps": 0.04466624182176271,
        "annual_volatility_2022_2023_0_5_bps": 0.04643221547893228,
        "sharpe_ratio_2022_2023_0_5_bps": 0.9643502762809366,
        "downside_risk_2022_2023_0_5_bps": 0.034494769522274434,
        "sortino_ratio_2022_2023_0_5_bps": 1.298078533226041,
        "max_drawdown_2022_2023_0_5_bps": 0.030288867730118872,
        "calmar_ratio_2022_2023_0_5_bps": 1.474675191550563,
        "perc_pos_return_2022_2023_0_5_bps": 0.5835616438356165,
        "profit_loss_ratio_2022_2023_0_5_bps": 0.8677072755090364,
        "sharpe_ratio_2022_0_5_bps": 0.7992632321165214,
        "annual_return_2022_2023_1_0_bps": 0.04364607688855138,
        "annual_volatility_2022_2023_1_0_bps": 0.04643478936459451,
        "sharpe_ratio_2022_2023_1_0_bps": 0.9432562151262699,
        "downside_risk_2022_2023_1_0_bps": 0.03451300245251738,
        "sortino_ratio_2022_2023_1_0_bps": 1.2690841292783042,
        "max_drawdown_2022_2023_1_0_bps": 0.030310160866158536,
        "calmar_ratio_2022_2023_1_0_bps": 1.4399816972691315,
        "perc_pos_return_2022_2023_1_0_bps": 0.5835616438356165,
        "profit_loss_ratio_2022_2023_1_0_bps": 0.8640430659462967,
        "sharpe_ratio_2022_1_0_bps": 0.781726307473276,
        "annual_return_2022_2023_1_5_bps": 0.04262690522549084,
        "annual_volatility_2022_2023_1_5_bps": 0.046437368088080466,
        "sharpe_ratio_2022_2023_1_5_bps": 0.9221643962637375,
        "downside_risk_2022_2023_1_5_bps": 0.03453126165656704,
        "sortino_ratio_2022_2023_1_5_bps": 1.2401194005860416,
        "max_drawdown_2022_2023_1_5_bps": 0.030331453609465844,
        "calmar_ratio_2022_2023_1_5_bps": 1.4053696790907453,
        "perc_pos_return_2022_2023_1_5_bps": 0.5835616438356165,
        "profit_loss_ratio_2022_2023_1_5_bps": 0.8603935087823108,
        "sharpe_ratio_2022_1_5_bps": 0.7641912416078698,
        "annual_return_2022_2023_2_0_bps": 0.041608725868375496,
        "annual_volatility_2022_2023_2_0_bps": 0.04643995164858422,
        "sharpe_ratio_2022_2023_2_0_bps": 0.9010748259270865,
        "downside_risk_2022_2023_2_0_bps": 0.03454954709276683,
        "sortino_ratio_2022_2023_2_0_bps": 1.211184367640265,
        "max_drawdown_2022_2023_2_0_bps": 0.030352745960046914,
        "calmar_ratio_2022_2023_2_0_bps": 1.370838932436121,
        "perc_pos_return_2022_2023_2_0_bps": 0.5835616438356165,
        "profit_loss_ratio_2022_2023_2_0_bps": 0.8567585163046866,
        "sharpe_ratio_2022_2_0_bps": 0.7466580396628529,
        "annual_return_2022_2023_2_5_bps": 0.04059153785394498,
        "annual_volatility_2022_2023_2_5_bps": 0.046442540045298554,
        "sharpe_ratio_2022_2023_2_5_bps": 0.8799875103458349,
        "downside_risk_2022_2023_2_5_bps": 0.0345678587194885,
        "sortino_ratio_2022_2023_2_5_bps": 1.1822790506129373,