{
    "ALL": {
        "performance_sw": 1.721463358675681,
        "performance_fw": 1.7776033602133883,
        "val_loss": 2.45761192242434,
        "annual_return_2018_2019": 0.01713412281279547,
        "annual_volatility_2018_2019": 0.009897602176810351,
        "sharpe_ratio_2018_2019": 1.7214633586756813,
        "downside_risk_2018_2019": 0.006776640519859514,
        "sortino_ratio_2018_2019": 2.5142781937739414,
        "max_drawdown_2018_2019": 0.005833391531776219,
        "calmar_ratio_2018_2019": 2.9372488919114734,
        "perc_pos_return_2018_2019": 0.5692307692307692,
        "profit_loss_ratio_2018_2019": 1.007640867035534,
        "sharpe_ratio_2018": 1.695830188695766,
        "annual_return_2018_2019_0_5_bps": 0.011198197353302852,
        "annual_volatility_2018_2019_0_5_bps": 0.009896309181867628,
        "sharpe_ratio_2018_2019_0_5_bps": 1.1302187138575726,
        "downside_risk_2018_2019_0_5_bps": 0.006957077799434125,
        "sortino_ratio_2018_2019_0_5_bps": 1.607714353342014,
        "max_drawdown_2018_2019_0_5_bps": 0.006043054442848212,
        "calmar_ratio_2018_2019_0_5_bps": 1.853069082731103,
        "perc_pos_return_2018_2019_0_5_bps": 0.5461538461538461,
        "profit_loss_ratio_2018_2019_0_5_bps": 1.0032384418291052,
        "sharpe_ratio_2018_0_5_bps": 1.136988327645931,
        "annual_return_2018_2019_1_0_bps": 0.005296769060445294,
        "annual_volatility_2018_2019_1_0_bps": 0.009895805507260666,
        "sharpe_ratio_2018_2019_1_0_bps": 0.5387765736599285,
        "downside_risk_2018_2019_1_0_bps": 0.007141943228353479,
        "sortino_ratio_2018_2019_1_0_bps": 0.7465234620796781,
        "max_drawdown_2018_2019_1_0_bps": 0.00679400646409594,
        "calmar_ratio_2018_2019_1_0_bps": 0.7796237887669012,
        "perc_pos_return_2018_2019_1_0_bps": 0.5230769230769231,
        "profit_loss_ratio_2018_2019_1_0_bps": 0.9975161591471735,
        "sharpe_ratio_2018_1_0_bps": 0.5785575992595221,
        "annual_return_2018_2019_1_5_bps": -0.0005703617096879388,
        "annual_volatility_2018_2019_1_5_bps": 0.009896091273509964,
        "sharpe_ratio_2018_2019_1_5_bps": -0.05272156970197045,
        "downside_risk_2018_2019_1_5_bps": 0.007331381847849876,
        "sortino_ratio_2018_2019_1_5_bps": -0.07116495589524238,
        "max_drawdown_2018_2019_1_5_bps": 0.010341407981680492,
        "calmar_ratio_2018_2019_1_5_bps": -0.055153196808241024,
        "perc_pos_return_2018_2019_1_5_bps": 0.5153846153846153,
        "profit_loss_ratio_2018_2019_1_5_bps": 0.9320535523287095,
        "sharpe_ratio_2018_1_5_bps": 0.020637949521549716,
        "annual_return_2018_2019_2_0_bps": -0.0064033934504545975,
        "annual_volatility_2018_2019_2_0_bps": 0.009897166412233656,
        "sharpe_ratio_2018_2019_2_0_bps": -0.6441341744677209,
        "downside_risk_2018_2019_2_0_bps": 0.007525299794257912,
        "sortino_ratio_2018_2019_2_0_bps": -0.8471560324252098,
        "max_drawdown_2018_2019_2_0_bps": 0.014481839192885539,
        "calmar_ratio_2018_2019_2_0_bps": -0.44216714225085296,
        "perc_pos_return_2018_2019_2_0_bps": 0.5038461538461538,
        "profit_loss_ratio_2018_2019_2_0_bps": 0.8840987420975516,
        "sharpe_ratio_2018_2_0_bps": -0.536671244322453,
        "annual_return_2018_2019_2_5_bps": -0.012202523511299912,
        "annual_volatility_2018_2019_2_5_bps": 0.009899030666229321,
        "sharpe_ratio_2018_2019_2_5_bps": -1.2353198186254473,
        "downside_risk_2018_2019_2_5_bps": 0.00772356332817079,
        "sortino_ratio_2018_2019_2_5_bps": -1.5832677544796245,
        "max_drawdown_2018_2019_2_5_bps": 0.018998636075830813,
        "calmar_ratio_2018_2019_2_5_bps": -0.6422841862223677,
        "perc_pos_return_2018_2019_2_5_bps": 0.4807692307692308,
        "profit_loss_ratio_2018_2019_2_5_bps": 0.8778676560915818,
        "sharpe_ratio_2018_2_5_bps": -1.0932712606343797,
        "annual_return_2018_2019_3_0_bps": -0.017967948104295806,
        "annual_volatility_2018_2019_3_0_bps": 0.009901683589781461,
        "sharpe_ratio_2018_2019_3_0_bps": -1.8261373688505829,
        "downside_risk_2018_2019_3_0_bps": 0.007926223160151583,
        "sortino_ratio_2018_2019_3_0_bps": -2.281267389585926,
        "max_drawdown_2018_2019_3_0_bps": 0.024544008120504432,
        "calmar_ratio_2018_2019_3_0_bps": -0.732070655130085,
        "perc_pos_return_2018_2019_3_0_bps": 0.46153846153846156,
        "profit_loss_ratio_2018_2019_3_0_bps": 0.8584087756291869,
        "sharpe_ratio_2018_3_0_bps": -1.649064118795959
    },
    "COMB": {
        "annual_return_2018_2019": 0.01713412281279547,
        "annual_volatility_2018_2019": 0.009897602176810351,
        "sharpe_ratio_2018_2019": 1.7214633586756813,
        "downside_risk_2018_2019": 0.006776640519859514,
        "sortino_ratio_2018_2019": 2.5142781937739414,
        "max_drawdown_2018_2019": 0.005833391531776219,
        "calmar_ratio_2018_2019": 2.9372488919114734,
        "perc_pos_return_2018_2019": 0.5692307692307692,
        "profit_loss_ratio_2018_2019": 1.007640867035534,
        "sharpe_ratio_2018": 1.695830188695766,
        "annual_return_2018_2019_0_5_bps": 0.011198197353302852,
        "annual_volatility_2018_2019_0_5_bps": 0.009896309181867628,
        "sharpe_ratio_2018_2019_0_5_bps": 1.1302187138575726,
        "downside_risk_2018_2019_0_5_bps": 0.006957077799434125,
        "sortino_ratio_2018_2019_0_5_bps": 1.607714353342014,
        "max_drawdown_2018_2019_0_5_bps": 0.006043054442848212,
        "calmar_ratio_2018_2019_0_5_bps": 1.853069082731103,
        "perc_pos_return_2018_2019_0_5_bps": 0.5461538461538461,
        "profit_loss_ratio_2018_2019_0_5_bps": 1.0032384418291052,
        "sharpe_ratio_2018_0_5_bps": 1.136988327645931,
        "annual_return_2018_2019_1_0_bps": 0.005296769060445294,
        "annual_volatility_2018_2019_1_0_bps": 0.009895805507260666,
        "sharpe_ratio_2018_2019_1_0_bps": 0.5387765736599285,
        "downside_risk_2018_2019_1_0_bps": 0.007141943228353479,
        "sortino_ratio_2018_2019_1_0_bps": 0.7465234620796781,
        "max_drawdown_2018_2019_1_0_bps": 0.00679400646409594,
        "calmar_ratio_2018_2019_1_0_bps": 0.7796237887669012,
        "perc_pos_return_2018_2019_1_0_bps": 0.5230769230769231,
        "profit_loss_ratio_2018_2019_1_0_bps": 0.9975161591471735,
        "sharpe_ratio_2018_1_0_bps": 0.5785575992595221,
        "annual_return_2018_2019_1_5_bps": -0.0005703617096879388,
        "annual_volatility_2018_2019_1_5_bps": 0.009896091273509964,
        "sharpe_ratio_2018_2019_1_5_bps": -0.05272156970197045,
        "downside_risk_2018_2019_1_5_bps": 0.007331381847849876,
        "sortino_ratio_2018_2019_1_5_bps": -0.07116495589524238,
        "max_drawdown_2018_2019_1_5_bps": 0.010341407981680492,
        "calmar_ratio_2018_2019_1_5_bps": -0.055153196808241024,
        "perc_pos_return_2018_2019_1_5_bps": 0.5153846153846153,
        "profit_loss_ratio_2018_2019_1_5_bps": 0.9320535523287095,
        "sharpe_ratio_2018_1_5_bps": 0.020637949521549716,
        "annual_return_2018_2019_2_0_bps": -0.0064033934504545975,
        "annual_volatility_2018_2019_2_0_bps": 0.009897166412233656,
        "sharpe_ratio_2018_2019_2_0_bps": -0.6441341744677209,
        "downside_risk_2018_2019_2_0_bps": 0.007525299794257912,
        "sortino_ratio_2018_2019_2_0_bps": -0.8471560324252098,
        "max_drawdown_2018_2019_2_0_bps": 0.014481839192885539,
        "calmar_ratio_2018_2019_2_0_bps": -0.44216714225085296,
        "perc_pos_return_2018_2019_2_0_bps": 0.5038461538461538,
        "profit_loss_ratio_2018_2019_2_0_bps": 0.8840987420975516,
        "sharpe_ratio_2018_2_0_bps": -0.536671244322453,
        "annual_return_2018_2019_2_5_bps": -0.012202523511299912,
        "annual_volatility_2018_2019_2_5_bps": 0.009899030666229321,
        "sharpe_ratio_2018_2019_2_5_bps": -1.2353198186254473,
        "downside_risk_2018_2019_2_5_bps": 0.00772356332817079,