{
    "ALL": {
        "annual_return_2021_2022": 0.21088627238119217,
        "annual_volatility_2021_2022": 0.12433253551177015,
        "sharpe_ratio_2021_2022": 1.6015855038480353,
        "downside_risk_2021_2022": 0.08897397490708935,
        "sortino_ratio_2021_2022": 2.238061036839839,
        "max_drawdown_2021_2022": 0.08622965881063638,
        "calmar_ratio_2021_2022": 2.445635008765447,
        "perc_pos_return_2021_2022": 0.5835616438356165,
        "profit_loss_ratio_2021_2022": 0.8932087500527406,
        "sharpe_ratio_2021": 1.3307729588129256,
        "annual_return_2021_2022_0_5_bps": 0.2108337575605166,
        "annual_volatility_2021_2022_0_5_bps": 0.12433244087541231,
        "sharpe_ratio_2021_2022_0_5_bps": 1.6012376310102785,
        "downside_risk_2021_2022_0_5_bps": 0.0889749862064749,
        "sortino_ratio_2021_2022_0_5_bps": 2.237547782509045,
        "max_drawdown_2021_2022_0_5_bps": 0.0862357477454239,
        "calmar_ratio_2021_2022_0_5_bps": 2.4448533592231128,
        "perc_pos_return_2021_2022_0_5_bps": 0.5835616438356165,
        "profit_loss_ratio_2021_2022_0_5_bps": 0.8931656630999588,
        "sharpe_ratio_2021_0_5_bps": 1.3304839078915232,
        "annual_return_2021_2022_1_0_bps": 0.21078124500561857,
        "annual_volatility_2021_2022_1_0_bps": 0.12433234627572974,
        "sharpe_ratio_2021_2022_1_0_bps": 1.6008897571707241,
        "downside_risk_2021_2022_1_0_bps": 0.0889759975390384,
        "sortino_ratio_2021_2022_1_0_bps": 2.237034539011368,
        "max_drawdown_2021_2022_1_0_bps": 0.08624183664123503,
        "calmar_ratio_2021_2022_1_0_bps": 2.44407184743138,
        "perc_pos_return_2021_2022_1_0_bps": 0.5835616438356165,
        "profit_loss_ratio_2021_2022_1_0_bps": 0.8931225780388227,
        "sharpe_ratio_2021_1_0_bps": 1.3301948561377173,
        "annual_return_2021_2022_1_5_bps": 0.21072873471640707,
        "annual_volatility_2021_2022_1_5_bps": 0.1243322517127225,
        "sharpe_ratio_2021_2022_1_5_bps": 1.6005418823296764,
        "downside_risk_2021_2022_1_5_bps": 0.08897700890477875,
        "sortino_ratio_2021_2022_1_5_bps": 2.2365213063470404,
        "max_drawdown_2021_2022_1_5_bps": 0.08624792549806982,
        "calmar_ratio_2021_2022_1_5_bps": 2.443290473358957,
        "perc_pos_return_2021_2022_1_5_bps": 0.5835616438356165,
        "profit_loss_ratio_2021_2022_1_5_bps": 0.8930794948692077,
        "sharpe_ratio_2021_1_5_bps": 1.3299058035517608,
        "annual_return_2021_2022_2_0_bps": 0.21067622669277752,
        "annual_volatility_2021_2022_2_0_bps": 0.12433215718639067,
        "sharpe_ratio_2021_2022_2_0_bps": 1.6001940064874394,
        "downside_risk_2021_2022_2_0_bps": 0.08897802030369481,
        "sortino_ratio_2021_2022_2_0_bps": 2.2360080845162944,
        "max_drawdown_2021_2022_2_0_bps": 0.0862540143159314,
        "calmar_ratio_2021_2022_2_0_bps": 2.442509236974318,
        "perc_pos_return_2021_2022_2_0_bps": 0.5835616438356165,
        "profit_loss_ratio_2021_2022_2_0_bps": 0.8930364135909888,
        "sharpe_ratio_2021_2_0_bps": 1.3296167501339065,
        "annual_return_2021_2022_2_5_bps": 0.21062372093463444,
        "annual_volatility_2021_2022_2_5_bps": 0.12433206269673432,
        "sharpe_ratio_2021_2022_2_5_bps": 1.599846129644319,
        "downside_risk_2021_2022_2_5_bps": 0.08897903173578545,
        "sortino_ratio_2021_2022_2_5_bps": 2.235494873519365,
        "max_drawdown_2021_2022_2_5_bps": 0.08626010309481552,
        "calmar_ratio_2021_2022_2_5_bps": 2.441728138246261,
        "perc_pos_return_2021_2022_2_5_bps": 0.5835616438356165,
        "profit_loss_ratio_2021_2022_2_5_bps": 0.892993334204042,
        "sharpe_ratio_2021_2_5_bps": 1.3293276958844082,
        "annual_return_2021_2022_3_0_bps": 0.21057121744188168,
        "annual_volatility_2021_2022_3_0_bps": 0.12433196824375357,
        "sharpe_ratio_2021_2022_3_0_bps": 1.5994982518006184,
        "downside_risk_2021_2022_3_0_bps": 0.0889800432010495,
        "sortino_ratio_2021_2022_3_0_bps": 2.234981673356484,
        "max_drawdown_2021_2022_3_0_bps": 0.08626619183472775,
        "calmar_ratio_2021_2022_3_0_bps": 2.4409471771433067,
        "perc_pos_return_2021_2022_3_0_bps": 0.5835616438356165,
        "profit_loss_ratio_2021_2022_3_0_bps": 0.8929502567082424,
        "sharpe_ratio_2021_3_0_bps": 1.3290386408035184
    },
    "COMB": {
        "annual_return_2021_2022": 0.21088627238119217,
        "annual_volatility_2021_2022": 0.12433253551177015,
        "sharpe_ratio_2021_2022": 1.6015855038480353,
        "downside_risk_2021_2022": 0.08897397490708935,
        "sortino_ratio_2021_2022": 2.238061036839839,
        "max_drawdown_2021_2022": 0.08622965881063638,
        "calmar_ratio_2021_2022": 2.445635008765447,
        "perc_pos_return_2021_2022": 0.5835616438356165,
        "profit_loss_ratio_2021_2022": 0.8932087500527406,
        "sharpe_ratio_2021": 1.3307729588129256,
        "annual_return_2021_2022_0_5_bps": 0.2108337575605166,
        "annual_volatility_2021_2022_0_5_bps": 0.12433244087541231,
        "sharpe_ratio_2021_2022_0_5_bps": 1.6012376310102785,
        "downside_risk_2021_2022_0_5_bps": 0.0889749862064749,
        "sortino_ratio_2021_2022_0_5_bps": 2.237547782509045,
        "max_drawdown_2021_2022_0_5_bps": 0.0862357477454239,
        "calmar_ratio_2021_2022_0_5_bps": 2.4448533592231128,
        "perc_pos_return_2021_2022_0_5_bps": 0.5835616438356165,
        "profit_loss_ratio_2021_2022_0_5_bps": 0.8931656630999588,
        "sharpe_ratio_2021_0_5_bps": 1.3304839078915232,
        "annual_return_2021_2022_1_0_bps": 0.21078124500561857,
        "annual_volatility_2021_2022_1_0_bps": 0.12433234627572974,
        "sharpe_ratio_2021_2022_1_0_bps": 1.6008897571707241,
        "downside_risk_2021_2022_1_0_bps": 0.0889759975390384,
        "sortino_ratio_2021_2022_1_0_bps": 2.237034539011368,
        "max_drawdown_2021_2022_1_0_bps": 0.08624183664123503,
        "calmar_ratio_2021_2022_1_0_bps": 2.44407184743138,
        "perc_pos_return_2021_2022_1_0_bps": 0.5835616438356165,
        "profit_loss_ratio_2021_2022_1_0_bps": 0.8931225780388227,
        "sharpe_ratio_2021_1_0_bps": 1.3301948561377173,
        "annual_return_2021_2022_1_5_bps": 0.21072873471640707,
        "annual_volatility_2021_2022_1_5_bps": 0.1243322517127225,
        "sharpe_ratio_2021_2022_1_5_bps": 1.6005418823296764,
        "downside_risk_2021_2022_1_5_bps": 0.08897700890477875,
        "sortino_ratio_2021_2022_1_5_bps": 2.2365213063470404,
        "max_drawdown_2021_2022_1_5_bps": 0.08624792549806982,
        "calmar_ratio_2021_2022_1_5_bps": 2.443290473358957,
        "perc_pos_return_2021_2022_1_5_bps": 0.5835616438356165,
        "profit_loss_ratio_2021_2022_1_5_bps": 0.8930794948692077,
        "sharpe_ratio_2021_1_5_bps": 1.3299058035517608,
        "annual_return_2021_2022_2_0_bps": 0.21067622669277752,
        "annual_volatility_2021_2022_2_0_bps": 0.12433215718639067,
        "sharpe_ratio_2021_2022_2_0_bps": 1.6001940064874394,
        "downside_risk_2021_2022_2_0_bps": 0.08897802030369481,
        "sortino_ratio_2021_2022_2_0_bps": 2.2360080845162944,
        "max_drawdown_2021_2022_2_0_bps": 0.0862540143159314,
        "calmar_ratio_2021_2022_2_0_bps": 2.442509236974318,
        "perc_pos_return_2021_2022_2_0_bps": 0.5835616438356165,
        "profit_loss_ratio_2021_2022_2_0_bps": 0.8930364135909888,
        "sharpe_ratio_2021_2_0_bps": 1.3296167501339065,
        "annual_return_2021_2022_2_5_bps": 0.21062372093463444,
        "annual_volatility_2021_2022_2_5_bps": 0.12433206269673432,
        "sharpe_ratio_2021_2022_2_5_bps": 1.599846129644319,
        "downside_risk_2021_2022_2_5_bps": 0.08897903173578545,
        "sortino_ratio_2021_2022_2_5_bps": 2.235494873519365,
        "max_drawdown_2021_2022_2_5_bps": 0.08626010309481552,
        "calmar_ratio_2021_2022_2_5_bps": 2.441728138246261,
        "perc_pos_return_2021_2022_2_5_bps": 0.5835616438356165,