{
    "ALL": {
        "performance_sw": 0.9721453765029286,
        "performance_fw": 1.0630083063318112,
        "val_loss": 4.893844480342389,
        "annual_return_2021_2022": 0.017962775538814313,
        "annual_volatility_2021_2022": 0.015317045208367559,
        "sharpe_ratio_2021_2022": 1.1699771417273395,
        "downside_risk_2021_2022": 0.008446182585426816,
        "sortino_ratio_2021_2022": 2.121738737156216,
        "max_drawdown_2021_2022": 0.009531515274420662,
        "calmar_ratio_2021_2022": 1.8845666215339631,
        "perc_pos_return_2021_2022": 0.5397260273972603,
        "profit_loss_ratio_2021_2022": 1.0569771137218287,
        "sharpe_ratio_2021": 0.9721453765029289,
        "annual_return_2021_2022_0_5_bps": 0.01752766130891703,
        "annual_volatility_2021_2022_0_5_bps": 0.015318237335127915,
        "sharpe_ratio_2021_2022_0_5_bps": 1.1419762266377735,
        "downside_risk_2021_2022_0_5_bps": 0.008458719282514272,
        "sortino_ratio_2021_2022_0_5_bps": 2.0680509999749748,
        "max_drawdown_2021_2022_0_5_bps": 0.009683231001010335,
        "calmar_ratio_2021_2022_0_5_bps": 1.8101046341957783,
        "perc_pos_return_2021_2022_0_5_bps": 0.5315068493150685,
        "profit_loss_ratio_2021_2022_0_5_bps": 1.0868703379078501,
        "sharpe_ratio_2021_0_5_bps": 0.9488791440515975,
        "annual_return_2021_2022_1_0_bps": 0.01709273244046572,
        "annual_volatility_2021_2022_1_0_bps": 0.015319436625456448,
        "sharpe_ratio_2021_2022_1_0_bps": 1.1139791485850226,
        "downside_risk_2021_2022_1_0_bps": 0.008471276048345125,
        "sortino_ratio_2021_2022_1_0_bps": 2.014517396368161,
        "max_drawdown_2021_2022_1_0_bps": 0.009834923770085791,
        "calmar_ratio_2021_2022_1_0_bps": 1.7379628800434126,
        "perc_pos_return_2021_2022_1_0_bps": 0.5315068493150685,
        "profit_loss_ratio_2021_2022_1_0_bps": 1.0812817334067921,
        "sharpe_ratio_2021_1_0_bps": 0.9256160998314424,
        "annual_return_2021_2022_1_5_bps": 0.01665798885475822,
        "annual_volatility_2021_2022_1_5_bps": 0.015320643077670879,
        "sharpe_ratio_2021_2022_1_5_bps": 1.0859859460595507,
        "downside_risk_2021_2022_1_5_bps": 0.008483852813514261,
        "sortino_ratio_2021_2022_1_5_bps": 1.9611376378951069,
        "max_drawdown_2021_2022_1_5_bps": 0.009986593585073542,
        "calmar_ratio_2021_2022_1_5_bps": 1.668035122572333,
        "perc_pos_return_2021_2022_1_5_bps": 0.5315068493150685,
        "profit_loss_ratio_2021_2022_1_5_bps": 1.0757247168427857,
        "sharpe_ratio_2021_1_5_bps": 0.9023562758245649,
        "annual_return_2021_2022_2_0_bps": 0.016223430473127465,
        "annual_volatility_2021_2022_2_0_bps": 0.01532185669007941,
        "sharpe_ratio_2021_2022_2_0_bps": 1.057996657517231,
        "downside_risk_2021_2022_2_0_bps": 0.008496449489234463,
        "sortino_ratio_2021_2022_2_0_bps": 1.9079114382545008,
        "max_drawdown_2021_2022_2_0_bps": 0.010138240449408248,
        "calmar_ratio_2021_2022_2_0_bps": 1.6002215131990087,
        "perc_pos_return_2021_2022_2_0_bps": 0.5287671232876713,
        "profit_loss_ratio_2021_2022_2_0_bps": 1.082034943918455,
        "sharpe_ratio_2021_2_0_bps": 0.8790997039843234,
        "annual_return_2021_2022_2_5_bps": 0.015789057216941682,
        "annual_volatility_2021_2022_2_5_bps": 0.015323077460980751,
        "sharpe_ratio_2021_2022_2_5_bps": 1.0300113213790927,
        "downside_risk_2021_2022_2_5_bps": 0.008509066055640476,
        "sortino_ratio_2021_2022_2_5_bps": 1.8548384934345183,
        "max_drawdown_2021_2022_2_5_bps": 0.01028986436652009,
        "calmar_ratio_2021_2022_2_5_bps": 1.534428118247525,
        "perc_pos_return_2021_2022_2_5_bps": 0.5260273972602739,
        "profit_loss_ratio_2021_2022_2_5_bps": 1.0883739259891971,
        "sharpe_ratio_2021_2_5_bps": 0.8558464162351241,
        "annual_return_2021_2022_3_0_bps": 0.015354869007601746,
        "annual_volatility_2021_2022_3_0_bps": 0.01532430538866411,
        "sharpe_ratio_2021_2022_3_0_bps": 1.002029976031071,
        "downside_risk_2021_2022_3_0_bps": 0.008521702767973895,
        "sortino_ratio_2021_2022_3_0_bps": 1.8019184404089212,
        "max_drawdown_2021_2022_3_0_bps": 0.010441465339836168,
        "calmar_ratio_2021_2022_3_0_bps": 1.4705664873511586,
        "perc_pos_return_2021_2022_3_0_bps": 0.5260273972602739,
        "profit_loss_ratio_2021_2022_3_0_bps": 1.082781839310907,
        "sharpe_ratio_2021_3_0_bps": 0.8325964444722137
    },
    "COMB": {
        "annual_return_2021_2022": 0.017962775538814313,
        "annual_volatility_2021_2022": 0.015317045208367559,
        "sharpe_ratio_2021_2022": 1.1699771417273395,
        "downside_risk_2021_2022": 0.008446182585426816,
        "sortino_ratio_2021_2022": 2.121738737156216,
        "max_drawdown_2021_2022": 0.009531515274420662,
        "calmar_ratio_2021_2022": 1.8845666215339631,
        "perc_pos_return_2021_2022": 0.5397260273972603,
        "profit_loss_ratio_2021_2022": 1.0569771137218287,
        "sharpe_ratio_2021": 0.9721453765029289,
        "annual_return_2021_2022_0_5_bps": 0.01752766130891703,
        "annual_volatility_2021_2022_0_5_bps": 0.015318237335127915,
        "sharpe_ratio_2021_2022_0_5_bps": 1.1419762266377735,
        "downside_risk_2021_2022_0_5_bps": 0.008458719282514272,
        "sortino_ratio_2021_2022_0_5_bps": 2.0680509999749748,
        "max_drawdown_2021_2022_0_5_bps": 0.009683231001010335,
        "calmar_ratio_2021_2022_0_5_bps": 1.8101046341957783,
        "perc_pos_return_2021_2022_0_5_bps": 0.5315068493150685,
        "profit_loss_ratio_2021_2022_0_5_bps": 1.0868703379078501,
        "sharpe_ratio_2021_0_5_bps": 0.9488791440515975,
        "annual_return_2021_2022_1_0_bps": 0.01709273244046572,
        "annual_volatility_2021_2022_1_0_bps": 0.015319436625456448,
        "sharpe_ratio_2021_2022_1_0_bps": 1.1139791485850226,
        "downside_risk_2021_2022_1_0_bps": 0.008471276048345125,
        "sortino_ratio_2021_2022_1_0_bps": 2.014517396368161,
        "max_drawdown_2021_2022_1_0_bps": 0.009834923770085791,
        "calmar_ratio_2021_2022_1_0_bps": 1.7379628800434126,
        "perc_pos_return_2021_2022_1_0_bps": 0.5315068493150685,
        "profit_loss_ratio_2021_2022_1_0_bps": 1.0812817334067921,
        "sharpe_ratio_2021_1_0_bps": 0.9256160998314424,
        "annual_return_2021_2022_1_5_bps": 0.01665798885475822,
        "annual_volatility_2021_2022_1_5_bps": 0.015320643077670879,
        "sharpe_ratio_2021_2022_1_5_bps": 1.0859859460595507,
        "downside_risk_2021_2022_1_5_bps": 0.008483852813514261,
        "sortino_ratio_2021_2022_1_5_bps": 1.9611376378951069,
        "max_drawdown_2021_2022_1_5_bps": 0.009986593585073542,
        "calmar_ratio_2021_2022_1_5_bps": 1.668035122572333,
        "perc_pos_return_2021_2022_1_5_bps": 0.5315068493150685,
        "profit_loss_ratio_2021_2022_1_5_bps": 1.0757247168427857,
        "sharpe_ratio_2021_1_5_bps": 0.9023562758245649,
        "annual_return_2021_2022_2_0_bps": 0.016223430473127465,
        "annual_volatility_2021_2022_2_0_bps": 0.01532185669007941,
        "sharpe_ratio_2021_2022_2_0_bps": 1.057996657517231,
        "downside_risk_2021_2022_2_0_bps": 0.008496449489234463,
        "sortino_ratio_2021_2022_2_0_bps": 1.9079114382545008,
        "max_drawdown_2021_2022_2_0_bps": 0.010138240449408248,
        "calmar_ratio_2021_2022_2_0_bps": 1.6002215131990087,
        "perc_pos_return_2021_2022_2_0_bps": 0.5287671232876713,
        "profit_loss_ratio_2021_2022_2_0_bps": 1.082034943918455,
        "sharpe_ratio_2021_2_0_bps": 0.8790997039843234,
        "annual_return_2021_2022_2_5_bps": 0.015789057216941682,
        "annual_volatility_2021_2022_2_5_bps": 0.015323077460980751,
        "sharpe_ratio_2021_2022_2_5_bps": 1.0300113213790927,
        "downside_risk_2021_2022_2_5_bps": 0.008509066055640476,
        "sortino_ratio_2021_2022_2_5_bps": 1.8548384934345183,