{
    "ALL": {
        "annual_return_2022_2023": 0.1447609180187599,
        "annual_volatility_2022_2023": 0.12261986225325273,
        "sharpe_ratio_2022_2023": 1.1636636293985854,
        "downside_risk_2022_2023": 0.07476376452693209,
        "sortino_ratio_2022_2023": 1.9085217932622187,
        "max_drawdown_2022_2023": 0.05827773800030819,
        "calmar_ratio_2022_2023": 2.4839831295098374,
        "perc_pos_return_2022_2023": 0.5150684931506849,
        "profit_loss_ratio_2022_2023": 1.1303927574536419,
        "sharpe_ratio_2022": 0.9668994177563922,
        "annual_return_2022_2023_0_5_bps": 0.14463320141093927,
        "annual_volatility_2022_2023_0_5_bps": 0.12262010272843012,
        "sharpe_ratio_2022_2023_0_5_bps": 1.1627513872312754,
        "downside_risk_2022_2023_0_5_bps": 0.07476726944099067,
        "sortino_ratio_2022_2023_0_5_bps": 1.9069399700687328,
        "max_drawdown_2022_2023_0_5_bps": 0.058281711781921576,
        "calmar_ratio_2022_2023_0_5_bps": 2.481622399014764,
        "perc_pos_return_2022_2023_0_5_bps": 0.5150684931506849,
        "profit_loss_ratio_2022_2023_0_5_bps": 1.130228328555792,
        "sharpe_ratio_2022_0_5_bps": 0.9661414268747138,
        "annual_return_2022_2023_1_0_bps": 0.14450549887122244,
        "annual_volatility_2022_2023_1_0_bps": 0.1226203442164569,
        "sharpe_ratio_2022_2023_1_0_bps": 1.1618391390451857,
        "downside_risk_2022_2023_1_0_bps": 0.07477077550992409,
        "sortino_ratio_2022_2023_1_0_bps": 1.9053582657433275,
        "max_drawdown_2022_2023_1_0_bps": 0.0582856855474231,
        "calmar_ratio_2022_2023_1_0_bps": 2.4792622324678355,
        "perc_pos_return_2022_2023_1_0_bps": 0.5150684931506849,
        "profit_loss_ratio_2022_2023_1_0_bps": 1.1300639287685432,
        "sharpe_ratio_2022_1_0_bps": 0.9653834309919729,
        "annual_return_2022_2023_1_5_bps": 0.14437781039807773,
        "annual_volatility_2022_2023_1_5_bps": 0.12262058671732717,
        "sharpe_ratio_2022_2023_1_5_bps": 1.1609268848630137,
        "downside_risk_2022_2023_1_5_bps": 0.0747742827335699,
        "sortino_ratio_2022_2023_1_5_bps": 1.9037766803467053,
        "max_drawdown_2022_2023_1_5_bps": 0.05828965929681231,
        "calmar_ratio_2022_2023_1_5_bps": 2.476902629725498,
        "perc_pos_return_2022_2023_1_5_bps": 0.5150684931506849,
        "profit_loss_ratio_2022_2023_1_5_bps": 1.1298995580841666,
        "sharpe_ratio_2022_1_5_bps": 0.964625430127029,
        "annual_return_2022_2023_2_0_bps": 0.1442501359899786,
        "annual_volatility_2022_2023_2_0_bps": 0.12262083023103486,
        "sharpe_ratio_2022_2023_2_0_bps": 1.160014624707456,
        "downside_risk_2022_2023_2_0_bps": 0.07477779111176562,
        "sortino_ratio_2022_2023_2_0_bps": 1.9021952139395317,
        "max_drawdown_2022_2023_2_0_bps": 0.05829363303009146,
        "calmar_ratio_2022_2023_2_0_bps": 2.474543590644213,
        "perc_pos_return_2022_2023_2_0_bps": 0.5150684931506849,
        "profit_loss_ratio_2022_2023_2_0_bps": 1.1297352164949337,
        "sharpe_ratio_2022_2_0_bps": 0.963867424298741,
        "annual_return_2022_2023_2_5_bps": 0.14412247564539182,
        "annual_volatility_2022_2023_2_5_bps": 0.12262107475757392,
        "sharpe_ratio_2022_2023_2_5_bps": 1.1591023586012128,
        "downside_risk_2022_2023_2_5_bps": 0.07478130064434876,
        "sortino_ratio_2022_2023_2_5_bps": 1.9006138665824397,
        "max_drawdown_2022_2023_2_5_bps": 0.05829760674725839,
        "calmar_ratio_2022_2023_2_5_bps": 2.472185115080553,
        "perc_pos_return_2022_2023_2_5_bps": 0.5150684931506849,
        "profit_loss_ratio_2022_2023_2_5_bps": 1.1295709039931205,
        "sharpe_ratio_2022_2_5_bps": 0.9631094135259702,
        "annual_return_2022_2023_3_0_bps": 0.1439948293627853,
        "annual_volatility_2022_2023_3_0_bps": 0.12262132029693834,
        "sharpe_ratio_2022_2023_3_0_bps": 1.158190086566981,
        "downside_risk_2022_2023_3_0_bps": 0.0747848113311568,
        "sortino_ratio_2022_2023_3_0_bps": 1.8990326383360248,
        "max_drawdown_2022_2023_3_0_bps": 0.05830158044831435,
        "calmar_ratio_2022_2023_3_0_bps": 2.4698272028910075,
        "perc_pos_return_2022_2023_3_0_bps": 0.5150684931506849,
        "profit_loss_ratio_2022_2023_3_0_bps": 1.1294066205710054,
        "sharpe_ratio_2022_3_0_bps": 0.9623513978275764
    },
    "COMB": {
        "annual_return_2022_2023": 0.1447609180187599,
        "annual_volatility_2022_2023": 0.12261986225325273,
        "sharpe_ratio_2022_2023": 1.1636636293985854,
        "downside_risk_2022_2023": 0.07476376452693209,
        "sortino_ratio_2022_2023": 1.9085217932622187,
        "max_drawdown_2022_2023": 0.05827773800030819,
        "calmar_ratio_2022_2023": 2.4839831295098374,
        "perc_pos_return_2022_2023": 0.5150684931506849,
        "profit_loss_ratio_2022_2023": 1.1303927574536419,
        "sharpe_ratio_2022": 0.9668994177563922,
        "annual_return_2022_2023_0_5_bps": 0.14463320141093927,
        "annual_volatility_2022_2023_0_5_bps": 0.12262010272843012,
        "sharpe_ratio_2022_2023_0_5_bps": 1.1627513872312754,
        "downside_risk_2022_2023_0_5_bps": 0.07476726944099067,
        "sortino_ratio_2022_2023_0_5_bps": 1.9069399700687328,
        "max_drawdown_2022_2023_0_5_bps": 0.058281711781921576,
        "calmar_ratio_2022_2023_0_5_bps": 2.481622399014764,
        "perc_pos_return_2022_2023_0_5_bps": 0.5150684931506849,
        "profit_loss_ratio_2022_2023_0_5_bps": 1.130228328555792,
        "sharpe_ratio_2022_0_5_bps": 0.9661414268747138,
        "annual_return_2022_2023_1_0_bps": 0.14450549887122244,
        "annual_volatility_2022_2023_1_0_bps": 0.1226203442164569,
        "sharpe_ratio_2022_2023_1_0_bps": 1.1618391390451857,
        "downside_risk_2022_2023_1_0_bps": 0.07477077550992409,
        "sortino_ratio_2022_2023_1_0_bps": 1.9053582657433275,
        "max_drawdown_2022_2023_1_0_bps": 0.0582856855474231,
        "calmar_ratio_2022_2023_1_0_bps": 2.4792622324678355,
        "perc_pos_return_2022_2023_1_0_bps": 0.5150684931506849,
        "profit_loss_ratio_2022_2023_1_0_bps": 1.1300639287685432,
        "sharpe_ratio_2022_1_0_bps": 0.9653834309919729,
        "annual_return_2022_2023_1_5_bps": 0.14437781039807773,
        "annual_volatility_2022_2023_1_5_bps": 0.12262058671732717,
        "sharpe_ratio_2022_2023_1_5_bps": 1.1609268848630137,
        "downside_risk_2022_2023_1_5_bps": 0.0747742827335699,
        "sortino_ratio_2022_2023_1_5_bps": 1.9037766803467053,
        "max_drawdown_2022_2023_1_5_bps": 0.05828965929681231,
        "calmar_ratio_2022_2023_1_5_bps": 2.476902629725498,
        "perc_pos_return_2022_2023_1_5_bps": 0.5150684931506849,
        "profit_loss_ratio_2022_2023_1_5_bps": 1.1298995580841666,
        "sharpe_ratio_2022_1_5_bps": 0.964625430127029,
        "annual_return_2022_2023_2_0_bps": 0.1442501359899786,
        "annual_volatility_2022_2023_2_0_bps": 0.12262083023103486,
        "sharpe_ratio_2022_2023_2_0_bps": 1.160014624707456,
        "downside_risk_2022_2023_2_0_bps": 0.07477779111176562,
        "sortino_ratio_2022_2023_2_0_bps": 1.9021952139395317,
        "max_drawdown_2022_2023_2_0_bps": 0.05829363303009146,
        "calmar_ratio_2022_2023_2_0_bps": 2.474543590644213,
        "perc_pos_return_2022_2023_2_0_bps": 0.5150684931506849,
        "profit_loss_ratio_2022_2023_2_0_bps": 1.1297352164949337,
        "sharpe_ratio_2022_2_0_bps": 0.963867424298741,
        "annual_return_2022_2023_2_5_bps": 0.14412247564539182,
        "annual_volatility_2022_2023_2_5_bps": 0.12262107475757392,
        "sharpe_ratio_2022_2023_2_5_bps": 1.1591023586012128,
        "downside_risk_2022_2023_2_5_bps": 0.07478130064434876,
        "sortino_ratio_2022_2023_2_5_bps": 1.9006138665824397,
        "max_drawdown_2022_2023_2_5_bps": 0.05829760674725839,
        "calmar_ratio_2022_2023_2_5_bps": 2.472185115080553,
        "perc_pos_return_2022_2023_2_5_bps": 0.5150684931506849,