{
    "ALL": {
        "performance_sw": 1.2405450190404128,
        "performance_fw": 0.8948663417947275,
        "val_loss": 1.720654733681662,
        "annual_return_2017_2018": 0.010967421160718693,
        "annual_volatility_2017_2018": 0.008824135612787736,
        "sharpe_ratio_2017_2018": 1.240545019040413,
        "downside_risk_2017_2018": 0.0061524770541384,
        "sortino_ratio_2017_2018": 1.7792406839482215,
        "max_drawdown_2017_2018": 0.011301052532278762,
        "calmar_ratio_2017_2018": 0.9704778496863783,
        "perc_pos_return_2017_2018": 0.5503875968992248,
        "profit_loss_ratio_2017_2018": 1.0038786067450083,
        "sharpe_ratio_2017": 1.2734400929205718,
        "annual_return_2017_2018_0_5_bps": 0.005296896558538711,
        "annual_volatility_2017_2018_0_5_bps": 0.008827423712960674,
        "sharpe_ratio_2017_2018_0_5_bps": 0.6028699869924292,
        "downside_risk_2017_2018_0_5_bps": 0.006332925893936527,
        "sortino_ratio_2017_2018_0_5_bps": 0.8403365060855394,
        "max_drawdown_2017_2018_0_5_bps": 0.012805004345562431,
        "calmar_ratio_2017_2018_0_5_bps": 0.4136583179196146,
        "perc_pos_return_2017_2018_0_5_bps": 0.5387596899224806,
        "profit_loss_ratio_2017_2018_0_5_bps": 0.9465222494316956,
        "sharpe_ratio_2017_0_5_bps": 0.6317811126692358,
        "annual_return_2017_2018_1_0_bps": -0.0003419561139932359,
        "annual_volatility_2017_2018_1_0_bps": 0.008831686256908807,
        "sharpe_ratio_2017_2018_1_0_bps": -0.034326382860947774,
        "downside_risk_2017_2018_1_0_bps": 0.006518058918300322,
        "sortino_ratio_2017_2018_1_0_bps": -0.046510755358663704,
        "max_drawdown_2017_2018_1_0_bps": 0.014306703504808506,
        "calmar_ratio_2017_2018_1_0_bps": -0.023901810356124587,
        "perc_pos_return_2017_2018_1_0_bps": 0.5232558139534884,
        "profit_loss_ratio_2017_2018_1_0_bps": 0.9059064759561198,
        "sharpe_ratio_2017_1_0_bps": -0.009486720064431969,
        "annual_return_2017_2018_1_5_bps": -0.005949313007428847,
        "annual_volatility_2017_2018_1_5_bps": 0.00883692183454529,
        "sharpe_ratio_2017_2018_1_5_bps": -0.6708341001003255,
        "downside_risk_2017_2018_1_5_bps": 0.006707795791688342,
        "sortino_ratio_2017_2018_1_5_bps": -0.883764009912116,
        "max_drawdown_2017_2018_1_5_bps": 0.015872381792917768,
        "calmar_ratio_2017_2018_1_5_bps": -0.37482169248747665,
        "perc_pos_return_2017_2018_1_5_bps": 0.5077519379844961,
        "profit_loss_ratio_2017_2018_1_5_bps": 0.8664925599054957,
        "sharpe_ratio_2017_1_5_bps": -0.6501680326357288,
        "annual_return_2017_2018_2_0_bps": -0.011525349296780174,
        "annual_volatility_2017_2018_2_0_bps": 0.00884312871761542,
        "sharpe_ratio_2017_2018_2_0_bps": -1.3064445331766146,
        "downside_risk_2017_2018_2_0_bps": 0.006902153406245625,
        "sortino_ratio_2017_2018_2_0_bps": -1.6738337283045106,
        "max_drawdown_2017_2018_2_0_bps": 0.01984394004754311,
        "calmar_ratio_2017_2018_2_0_bps": -0.5807994415003856,
        "perc_pos_return_2017_2018_2_0_bps": 0.4883720930232558,
        "profit_loss_ratio_2017_2018_2_0_bps": 0.8414792172905237,
        "sharpe_ratio_2017_2_0_bps": -1.290068524002573,
        "annual_return_2017_2018_2_5_bps": -0.017070239186899205,
        "annual_volatility_2017_2018_2_5_bps": 0.008850304862535848,
        "sharpe_ratio_2017_2018_2_5_bps": -1.9409507467695888,
        "downside_risk_2017_2018_2_5_bps": 0.007101277239530828,
        "sortino_ratio_2017_2018_2_5_bps": -2.419002279822609,
        "max_drawdown_2017_2018_2_5_bps": 0.02386280891754977,
        "calmar_ratio_2017_2018_2_5_bps": -0.7153491127503012,
        "perc_pos_return_2017_2018_2_5_bps": 0.47674418604651164,
        "profit_loss_ratio_2017_2018_2_5_bps": 0.7919279585139409,
        "sharpe_ratio_2017_2_5_bps": -1.9289952562287702,
        "annual_return_2017_2018_3_0_bps": -0.022584155917824478,
        "annual_volatility_2017_2018_3_0_bps": 0.0088584479137373,
        "sharpe_ratio_2017_2018_3_0_bps": -2.5741478323180433,
        "downside_risk_2017_2018_3_0_bps": 0.007305048593265083,
        "sortino_ratio_2017_2018_3_0_bps": -3.1215335810185345,
        "max_drawdown_2017_2018_3_0_bps": 0.027898989932680515,
        "calmar_ratio_2017_2018_3_0_bps": -0.8094972603782221,
        "perc_pos_return_2017_2018_3_0_bps": 0.44573643410852715,
        "profit_loss_ratio_2017_2018_3_0_bps": 0.8057595854424899,
        "sharpe_ratio_2017_3_0_bps": -2.566756940910471
    },
    "COMB": {
        "annual_return_2017_2018": 0.010967421160718693,
        "annual_volatility_2017_2018": 0.008824135612787736,
        "sharpe_ratio_2017_2018": 1.240545019040413,
        "downside_risk_2017_2018": 0.0061524770541384,
        "sortino_ratio_2017_2018": 1.7792406839482215,
        "max_drawdown_2017_2018": 0.011301052532278762,
        "calmar_ratio_2017_2018": 0.9704778496863783,
        "perc_pos_return_2017_2018": 0.5503875968992248,
        "profit_loss_ratio_2017_2018": 1.0038786067450083,
        "sharpe_ratio_2017": 1.2734400929205718,
        "annual_return_2017_2018_0_5_bps": 0.005296896558538711,
        "annual_volatility_2017_2018_0_5_bps": 0.008827423712960674,
        "sharpe_ratio_2017_2018_0_5_bps": 0.6028699869924292,
        "downside_risk_2017_2018_0_5_bps": 0.006332925893936527,
        "sortino_ratio_2017_2018_0_5_bps": 0.8403365060855394,
        "max_drawdown_2017_2018_0_5_bps": 0.012805004345562431,
        "calmar_ratio_2017_2018_0_5_bps": 0.4136583179196146,
        "perc_pos_return_2017_2018_0_5_bps": 0.5387596899224806,
        "profit_loss_ratio_2017_2018_0_5_bps": 0.9465222494316956,
        "sharpe_ratio_2017_0_5_bps": 0.6317811126692358,
        "annual_return_2017_2018_1_0_bps": -0.0003419561139932359,
        "annual_volatility_2017_2018_1_0_bps": 0.008831686256908807,
        "sharpe_ratio_2017_2018_1_0_bps": -0.034326382860947774,
        "downside_risk_2017_2018_1_0_bps": 0.006518058918300322,
        "sortino_ratio_2017_2018_1_0_bps": -0.046510755358663704,
        "max_drawdown_2017_2018_1_0_bps": 0.014306703504808506,
        "calmar_ratio_2017_2018_1_0_bps": -0.023901810356124587,
        "perc_pos_return_2017_2018_1_0_bps": 0.5232558139534884,
        "profit_loss_ratio_2017_2018_1_0_bps": 0.9059064759561198,
        "sharpe_ratio_2017_1_0_bps": -0.009486720064431969,
        "annual_return_2017_2018_1_5_bps": -0.005949313007428847,
        "annual_volatility_2017_2018_1_5_bps": 0.00883692183454529,
        "sharpe_ratio_2017_2018_1_5_bps": -0.6708341001003255,
        "downside_risk_2017_2018_1_5_bps": 0.006707795791688342,
        "sortino_ratio_2017_2018_1_5_bps": -0.883764009912116,
        "max_drawdown_2017_2018_1_5_bps": 0.015872381792917768,
        "calmar_ratio_2017_2018_1_5_bps": -0.37482169248747665,
        "perc_pos_return_2017_2018_1_5_bps": 0.5077519379844961,
        "profit_loss_ratio_2017_2018_1_5_bps": 0.8664925599054957,
        "sharpe_ratio_2017_1_5_bps": -0.6501680326357288,
        "annual_return_2017_2018_2_0_bps": -0.011525349296780174,
        "annual_volatility_2017_2018_2_0_bps": 0.00884312871761542,
        "sharpe_ratio_2017_2018_2_0_bps": -1.3064445331766146,
        "downside_risk_2017_2018_2_0_bps": 0.006902153406245625,
        "sortino_ratio_2017_2018_2_0_bps": -1.6738337283045106,
        "max_drawdown_2017_2018_2_0_bps": 0.01984394004754311,
        "calmar_ratio_2017_2018_2_0_bps": -0.5807994415003856,
        "perc_pos_return_2017_2018_2_0_bps": 0.4883720930232558,
        "profit_loss_ratio_2017_2018_2_0_bps": 0.8414792172905237,
        "sharpe_ratio_2017_2_0_bps": -1.290068524002573,
        "annual_return_2017_2018_2_5_bps": -0.017070239186899205,
        "annual_volatility_2017_2018_2_5_bps": 0.008850304862535848,
        "sharpe_ratio_2017_2018_2_5_bps": -1.9409507467695888,
        "downside_risk_2017_2018_2_5_bps": 0.007101277239530828,