{
    "ALL": {
        "performance_sw": 1.8220227027075533,
        "performance_fw": 1.869417022918625,
        "val_loss": 3.675438801528366,
        "annual_return_2017_2018": 0.012456840801604141,
        "annual_volatility_2017_2018": 0.006807421127609198,
        "sharpe_ratio_2017_2018": 1.8220227027075528,
        "downside_risk_2017_2018": 0.0043999408667754715,
        "sortino_ratio_2017_2018": 2.8189642126906214,
        "max_drawdown_2017_2018": 0.006793284945928259,
        "calmar_ratio_2017_2018": 1.8336991456644978,
        "perc_pos_return_2017_2018": 0.5348837209302325,
        "profit_loss_ratio_2017_2018": 1.1819692606689767,
        "sharpe_ratio_2017": 1.8128311901920389,
        "annual_return_2017_2018_0_5_bps": 0.007426947900815328,
        "annual_volatility_2017_2018_0_5_bps": 0.006808469216848507,
        "sharpe_ratio_2017_2018_0_5_bps": 1.090215571764856,
        "downside_risk_2017_2018_0_5_bps": 0.004559853442083824,
        "sortino_ratio_2017_2018_0_5_bps": 1.6278372220440906,
        "max_drawdown_2017_2018_0_5_bps": 0.007894228156563361,
        "calmar_ratio_2017_2018_0_5_bps": 0.9408073536157515,
        "perc_pos_return_2017_2018_0_5_bps": 0.5116279069767442,
        "profit_loss_ratio_2017_2018_0_5_bps": 1.1463124269921898,
        "sharpe_ratio_2017_0_5_bps": 1.0891580318548593,
        "annual_return_2017_2018_1_0_bps": 0.0024219397332008175,
        "annual_volatility_2017_2018_1_0_bps": 0.006810273083995275,
        "sharpe_ratio_2017_2018_1_0_bps": 0.3585939137336545,
        "downside_risk_2017_2018_1_0_bps": 0.0047255145732249156,
        "sortino_ratio_2017_2018_1_0_bps": 0.5167950370150294,
        "max_drawdown_2017_2018_1_0_bps": 0.008993973820108385,
        "calmar_ratio_2017_2018_1_0_bps": 0.2692847212636907,
        "perc_pos_return_2017_2018_1_0_bps": 0.47674418604651164,
        "profit_loss_ratio_2017_2018_1_0_bps": 1.165431783361912,
        "sharpe_ratio_2017_1_0_bps": 0.36478102134920143,
        "annual_return_2017_2018_1_5_bps": -0.0025583063017674545,
        "annual_volatility_2017_2018_1_5_bps": 0.0068128321287164026,
        "sharpe_ratio_2017_2018_1_5_bps": -0.3725989653877658,
        "downside_risk_2017_2018_1_5_bps": 0.004896995881933583,
        "sortino_ratio_2017_2018_1_5_bps": -0.518369682908116,
        "max_drawdown_2017_2018_1_5_bps": 0.010092523214407855,
        "calmar_ratio_2017_2018_1_5_bps": -0.2534853026758735,
        "perc_pos_return_2017_2018_1_5_bps": 0.46511627906976744,
        "profit_loss_ratio_2017_2018_1_5_bps": 1.0807678728684402,
        "sharpe_ratio_2017_1_5_bps": -0.3600833776880469,
        "annual_return_2017_2018_2_0_bps": -0.007513912203092388,
        "annual_volatility_2017_2018_2_0_bps": 0.006816145500443308,
        "sharpe_ratio_2017_2018_2_0_bps": -1.1031206542372554,
        "downside_risk_2017_2018_2_0_bps": 0.005074039289263668,
        "sortino_ratio_2017_2018_2_0_bps": -1.4818629606859999,
        "max_drawdown_2017_2018_2_0_bps": 0.011189877615967896,
        "calmar_ratio_2017_2018_2_0_bps": -0.6714919019641533,
        "perc_pos_return_2017_2018_2_0_bps": 0.46124031007751937,
        "profit_loss_ratio_2017_2018_2_0_bps": 0.9723912142955525,
        "sharpe_ratio_2017_2_0_bps": -1.0852178579771643,
        "annual_return_2017_2018_2_5_bps": -0.012444999371251764,
        "annual_volatility_2017_2018_2_5_bps": 0.006820212099782513,
        "sharpe_ratio_2017_2018_2_5_bps": -1.8327300357021201,
        "downside_risk_2017_2018_2_5_bps": 0.005256213588292373,
        "sortino_ratio_2017_2018_2_5_bps": -2.378063097164071,
        "max_drawdown_2017_2018_2_5_bps": 0.013992080126174446,
        "calmar_ratio_2017_2018_2_5_bps": -0.8894316827110919,
        "perc_pos_return_2017_2018_2_5_bps": 0.4418604651162791,
        "profit_loss_ratio_2017_2018_2_5_bps": 0.9318527489060817,
        "sharpe_ratio_2017_2_5_bps": -1.81040459331996,
        "annual_return_2017_2018_3_0_bps": -0.01735168861108316,
        "annual_volatility_2017_2018_3_0_bps": 0.006825030580333629,
        "sharpe_ratio_2017_2018_3_0_bps": -2.5611876812398164,
        "downside_risk_2017_2018_3_0_bps": 0.0054433071307273895,
        "sortino_ratio_2017_2018_3_0_bps": -3.211316912058873,
        "max_drawdown_2017_2018_3_0_bps": 0.01890532736905376,
        "calmar_ratio_2017_2018_3_0_bps": -0.9178200552869685,
        "perc_pos_return_2017_2018_3_0_bps": 0.4186046511627907,
        "profit_loss_ratio_2017_2018_3_0_bps": 0.9083521902840188,
        "sharpe_ratio_2017_3_0_bps": -2.5354255653096387
    },
    "COMB": {
        "annual_return_2017_2018": 0.012456840801604141,
        "annual_volatility_2017_2018": 0.006807421127609198,
        "sharpe_ratio_2017_2018": 1.8220227027075528,
        "downside_risk_2017_2018": 0.0043999408667754715,
        "sortino_ratio_2017_2018": 2.8189642126906214,
        "max_drawdown_2017_2018": 0.006793284945928259,
        "calmar_ratio_2017_2018": 1.8336991456644978,
        "perc_pos_return_2017_2018": 0.5348837209302325,
        "profit_loss_ratio_2017_2018": 1.1819692606689767,
        "sharpe_ratio_2017": 1.8128311901920389,
        "annual_return_2017_2018_0_5_bps": 0.007426947900815328,
        "annual_volatility_2017_2018_0_5_bps": 0.006808469216848507,
        "sharpe_ratio_2017_2018_0_5_bps": 1.090215571764856,
        "downside_risk_2017_2018_0_5_bps": 0.004559853442083824,
        "sortino_ratio_2017_2018_0_5_bps": 1.6278372220440906,
        "max_drawdown_2017_2018_0_5_bps": 0.007894228156563361,
        "calmar_ratio_2017_2018_0_5_bps": 0.9408073536157515,
        "perc_pos_return_2017_2018_0_5_bps": 0.5116279069767442,
        "profit_loss_ratio_2017_2018_0_5_bps": 1.1463124269921898,
        "sharpe_ratio_2017_0_5_bps": 1.0891580318548593,
        "annual_return_2017_2018_1_0_bps": 0.0024219397332008175,
        "annual_volatility_2017_2018_1_0_bps": 0.006810273083995275,
        "sharpe_ratio_2017_2018_1_0_bps": 0.3585939137336545,
        "downside_risk_2017_2018_1_0_bps": 0.0047255145732249156,
        "sortino_ratio_2017_2018_1_0_bps": 0.5167950370150294,
        "max_drawdown_2017_2018_1_0_bps": 0.008993973820108385,
        "calmar_ratio_2017_2018_1_0_bps": 0.2692847212636907,
        "perc_pos_return_2017_2018_1_0_bps": 0.47674418604651164,
        "profit_loss_ratio_2017_2018_1_0_bps": 1.165431783361912,
        "sharpe_ratio_2017_1_0_bps": 0.36478102134920143,
        "annual_return_2017_2018_1_5_bps": -0.0025583063017674545,
        "annual_volatility_2017_2018_1_5_bps": 0.0068128321287164026,
        "sharpe_ratio_2017_2018_1_5_bps": -0.3725989653877658,
        "downside_risk_2017_2018_1_5_bps": 0.004896995881933583,
        "sortino_ratio_2017_2018_1_5_bps": -0.518369682908116,
        "max_drawdown_2017_2018_1_5_bps": 0.010092523214407855,
        "calmar_ratio_2017_2018_1_5_bps": -0.2534853026758735,
        "perc_pos_return_2017_2018_1_5_bps": 0.46511627906976744,
        "profit_loss_ratio_2017_2018_1_5_bps": 1.0807678728684402,
        "sharpe_ratio_2017_1_5_bps": -0.3600833776880469,
        "annual_return_2017_2018_2_0_bps": -0.007513912203092388,
        "annual_volatility_2017_2018_2_0_bps": 0.006816145500443308,
        "sharpe_ratio_2017_2018_2_0_bps": -1.1031206542372554,
        "downside_risk_2017_2018_2_0_bps": 0.005074039289263668,
        "sortino_ratio_2017_2018_2_0_bps": -1.4818629606859999,
        "max_drawdown_2017_2018_2_0_bps": 0.011189877615967896,
        "calmar_ratio_2017_2018_2_0_bps": -0.6714919019641533,
        "perc_pos_return_2017_2018_2_0_bps": 0.46124031007751937,
        "profit_loss_ratio_2017_2018_2_0_bps": 0.9723912142955525,
        "sharpe_ratio_2017_2_0_bps": -1.0852178579771643,
        "annual_return_2017_2018_2_5_bps": -0.012444999371251764,
        "annual_volatility_2017_2018_2_5_bps": 0.006820212099782513,
        "sharpe_ratio_2017_2018_2_5_bps": -1.8327300357021201,
        "downside_risk_2017_2018_2_5_bps": 0.005256213588292373,