{
    "ALL": {
        "performance_sw": 2.755017267166082,
        "performance_fw": 3.1876842315680887,
        "val_loss": 3.5613960295441003,
        "annual_return_2019_2020": 0.017694959036274938,
        "annual_volatility_2019_2020": 0.006374214394254356,
        "sharpe_ratio_2019_2020": 2.755017267166083,
        "downside_risk_2019_2020": 0.0039101449362885475,
        "sortino_ratio_2019_2020": 4.491155956346225,
        "max_drawdown_2019_2020": 0.003525102366414643,
        "calmar_ratio_2019_2020": 5.019700762412853,
        "perc_pos_return_2019_2020": 0.5884615384615385,
        "profit_loss_ratio_2019_2020": 1.1331583158213487,
        "sharpe_ratio_2019": 2.775485618347201,
        "annual_return_2019_2020_0_5_bps": 0.013820005680008851,
        "annual_volatility_2019_2020_0_5_bps": 0.0063721776009065265,
        "sharpe_ratio_2019_2020_0_5_bps": 2.157186537255142,
        "downside_risk_2019_2020_0_5_bps": 0.0040213804060021795,
        "sortino_ratio_2019_2020_0_5_bps": 3.418223183550986,
        "max_drawdown_2019_2020_0_5_bps": 0.0036046524033595518,
        "calmar_ratio_2019_2020_0_5_bps": 3.8339357401364262,
        "perc_pos_return_2019_2020_0_5_bps": 0.5615384615384615,
        "profit_loss_ratio_2019_2020_0_5_bps": 1.1393912878717747,
        "sharpe_ratio_2019_0_5_bps": 2.183141830206978,
        "annual_return_2019_2020_1_0_bps": 0.009959744834275419,
        "annual_volatility_2019_2020_1_0_bps": 0.006370663232181499,
        "sharpe_ratio_2019_2020_1_0_bps": 1.5588456624725233,
        "downside_risk_2019_2020_1_0_bps": 0.004136097504030276,
        "sortino_ratio_2019_2020_1_0_bps": 2.40102674970368,
        "max_drawdown_2019_2020_1_0_bps": 0.0038578603713681496,
        "calmar_ratio_2019_2020_1_0_bps": 2.581675819112992,
        "perc_pos_return_2019_2020_1_0_bps": 0.5461538461538461,
        "profit_loss_ratio_2019_2020_1_0_bps": 1.0918835385707781,
        "sharpe_ratio_2019_1_0_bps": 1.5899295636086246,
        "annual_return_2019_2020_1_5_bps": 0.006114121023838459,
        "annual_volatility_2019_2020_1_5_bps": 0.0063696716606935514,
        "sharpe_ratio_2019_2020_1_5_bps": 0.960141446094318,
        "downside_risk_2019_2020_1_5_bps": 0.004254297176583122,
        "sortino_ratio_2019_2020_1_5_bps": 1.4375549016903073,
        "max_drawdown_2019_2020_1_5_bps": 0.00429219213001319,
        "calmar_ratio_2019_2020_1_5_bps": 1.4244751489770031,
        "perc_pos_return_2019_2020_1_5_bps": 0.5192307692307693,
        "profit_loss_ratio_2019_2020_1_5_bps": 1.0953825656562723,
        "sharpe_ratio_2019_1_5_bps": 0.9959714655529776,
        "annual_return_2019_2020_2_0_bps": 0.002283078982047826,
        "annual_volatility_2019_2020_2_0_bps": 0.006369203130613342,
        "sharpe_ratio_2019_2020_2_0_bps": 0.36122113318557914,
        "downside_risk_2019_2020_2_0_bps": 0.004375990066825321,
        "sortino_ratio_2019_2020_2_0_bps": 0.525753198063904,
        "max_drawdown_2019_2020_2_0_bps": 0.004726341532380346,
        "calmar_ratio_2019_2020_2_0_bps": 0.4830541691509945,
        "perc_pos_return_2019_2020_2_0_bps": 0.5115384615384615,
        "profit_loss_ratio_2019_2020_2_0_bps": 1.017180511856351,
        "sharpe_ratio_2019_2_0_bps": 0.4013910479765753,
        "annual_return_2019_2020_2_5_bps": -0.0015334363499429626,
        "annual_volatility_2019_2020_2_5_bps": 0.006369257757367493,
        "sharpe_ratio_2019_2020_2_5_bps": -0.23776777019802153,
        "downside_risk_2019_2020_2_5_bps": 0.0045011425172514,
        "sortino_ratio_2019_2020_2_5_bps": -0.33644884803836056,
        "max_drawdown_2019_2020_2_5_bps": 0.006360862102602169,
        "calmar_ratio_2019_2020_2_5_bps": -0.2410736666207004,
        "perc_pos_return_2019_2020_2_5_bps": 0.47307692307692306,
        "profit_loss_ratio_2019_2020_2_5_bps": 1.0684924648768124,
        "sharpe_ratio_2019_2_5_bps": -0.19368743876462308,
        "annual_return_2019_2020_3_0_bps": -0.005335479823976752,
        "annual_volatility_2019_2020_3_0_bps": 0.0063698355274964605,
        "sharpe_ratio_2019_2020_3_0_bps": -0.8366776785515202,
        "downside_risk_2019_2020_3_0_bps": 0.0046298592517366195,
        "sortino_ratio_2019_2020_3_0_bps": -1.1511147341901784,
        "max_drawdown_2019_2020_3_0_bps": 0.00871130524246368,
        "calmar_ratio_2019_2020_3_0_bps": -0.6124776569610598,
        "perc_pos_return_2019_2020_3_0_bps": 0.4576923076923077,
        "profit_loss_ratio_2019_2020_3_0_bps": 1.0240250016260106,
        "sharpe_ratio_2019_3_0_bps": -0.7891391342985827
    },
    "COMB": {
        "annual_return_2019_2020": 0.017694959036274938,
        "annual_volatility_2019_2020": 0.006374214394254356,
        "sharpe_ratio_2019_2020": 2.755017267166083,
        "downside_risk_2019_2020": 0.0039101449362885475,
        "sortino_ratio_2019_2020": 4.491155956346225,
        "max_drawdown_2019_2020": 0.003525102366414643,
        "calmar_ratio_2019_2020": 5.019700762412853,
        "perc_pos_return_2019_2020": 0.5884615384615385,
        "profit_loss_ratio_2019_2020": 1.1331583158213487,
        "sharpe_ratio_2019": 2.775485618347201,
        "annual_return_2019_2020_0_5_bps": 0.013820005680008851,
        "annual_volatility_2019_2020_0_5_bps": 0.0063721776009065265,
        "sharpe_ratio_2019_2020_0_5_bps": 2.157186537255142,
        "downside_risk_2019_2020_0_5_bps": 0.0040213804060021795,
        "sortino_ratio_2019_2020_0_5_bps": 3.418223183550986,
        "max_drawdown_2019_2020_0_5_bps": 0.0036046524033595518,
        "calmar_ratio_2019_2020_0_5_bps": 3.8339357401364262,
        "perc_pos_return_2019_2020_0_5_bps": 0.5615384615384615,
        "profit_loss_ratio_2019_2020_0_5_bps": 1.1393912878717747,
        "sharpe_ratio_2019_0_5_bps": 2.183141830206978,
        "annual_return_2019_2020_1_0_bps": 0.009959744834275419,
        "annual_volatility_2019_2020_1_0_bps": 0.006370663232181499,
        "sharpe_ratio_2019_2020_1_0_bps": 1.5588456624725233,
        "downside_risk_2019_2020_1_0_bps": 0.004136097504030276,
        "sortino_ratio_2019_2020_1_0_bps": 2.40102674970368,
        "max_drawdown_2019_2020_1_0_bps": 0.0038578603713681496,
        "calmar_ratio_2019_2020_1_0_bps": 2.581675819112992,
        "perc_pos_return_2019_2020_1_0_bps": 0.5461538461538461,
        "profit_loss_ratio_2019_2020_1_0_bps": 1.0918835385707781,
        "sharpe_ratio_2019_1_0_bps": 1.5899295636086246,
        "annual_return_2019_2020_1_5_bps": 0.006114121023838459,
        "annual_volatility_2019_2020_1_5_bps": 0.0063696716606935514,
        "sharpe_ratio_2019_2020_1_5_bps": 0.960141446094318,
        "downside_risk_2019_2020_1_5_bps": 0.004254297176583122,
        "sortino_ratio_2019_2020_1_5_bps": 1.4375549016903073,
        "max_drawdown_2019_2020_1_5_bps": 0.00429219213001319,
        "calmar_ratio_2019_2020_1_5_bps": 1.4244751489770031,
        "perc_pos_return_2019_2020_1_5_bps": 0.5192307692307693,
        "profit_loss_ratio_2019_2020_1_5_bps": 1.0953825656562723,
        "sharpe_ratio_2019_1_5_bps": 0.9959714655529776,
        "annual_return_2019_2020_2_0_bps": 0.002283078982047826,
        "annual_volatility_2019_2020_2_0_bps": 0.006369203130613342,
        "sharpe_ratio_2019_2020_2_0_bps": 0.36122113318557914,
        "downside_risk_2019_2020_2_0_bps": 0.004375990066825321,
        "sortino_ratio_2019_2020_2_0_bps": 0.525753198063904,
        "max_drawdown_2019_2020_2_0_bps": 0.004726341532380346,
        "calmar_ratio_2019_2020_2_0_bps": 0.4830541691509945,
        "perc_pos_return_2019_2020_2_0_bps": 0.5115384615384615,
        "profit_loss_ratio_2019_2020_2_0_bps": 1.017180511856351,
        "sharpe_ratio_2019_2_0_bps": 0.4013910479765753,
        "annual_return_2019_2020_2_5_bps": -0.0015334363499429626,
        "annual_volatility_2019_2020_2_5_bps": 0.006369257757367493,
        "sharpe_ratio_2019_2020_2_5_bps": -0.23776777019802153,
        "downside_risk_2019_2020_2_5_bps": 0.0045011425172514,