{
    "ALL": {
        "performance_sw": 1.5313947645595514,
        "performance_fw": 1.7598400130773335,
        "val_loss": 3.6779768612227484,
        "annual_return_2018_2019": 0.015912242191378212,
        "annual_volatility_2018_2019": 0.010344007919177218,
        "sharpe_ratio_2018_2019": 1.5313947645595514,
        "downside_risk_2018_2019": 0.006963695577784901,
        "sortino_ratio_2018_2019": 2.2747633630804627,
        "max_drawdown_2018_2019": 0.009329311031802132,
        "calmar_ratio_2018_2019": 1.7056181466279685,
        "perc_pos_return_2018_2019": 0.5307692307692308,
        "profit_loss_ratio_2018_2019": 1.1520596482585814,
        "sharpe_ratio_2018": 1.2996920281523676,
        "annual_return_2018_2019_0_5_bps": 0.010843661920086234,
        "annual_volatility_2018_2019_0_5_bps": 0.010344819870901389,
        "sharpe_ratio_2018_2019_0_5_bps": 1.04775402609179,
        "downside_risk_2018_2019_0_5_bps": 0.007115623179246772,
        "sortino_ratio_2018_2019_0_5_bps": 1.523243487730421,
        "max_drawdown_2018_2019_0_5_bps": 0.009965592676864138,
        "calmar_ratio_2018_2019_0_5_bps": 1.0881100875475875,
        "perc_pos_return_2018_2019_0_5_bps": 0.5269230769230769,
        "profit_loss_ratio_2018_2019_0_5_bps": 1.0759172774127712,
        "sharpe_ratio_2018_0_5_bps": 0.8321159420179479,
        "annual_return_2018_2019_1_0_bps": 0.005800264367776586,
        "annual_volatility_2018_2019_1_0_bps": 0.010346166704001254,
        "sharpe_ratio_2018_2019_1_0_bps": 0.5641600346159784,
        "downside_risk_2018_2019_1_0_bps": 0.007271305060050683,
        "sortino_ratio_2018_2019_1_0_bps": 0.8027298700394981,
        "max_drawdown_2018_2019_1_0_bps": 0.010601480385782498,
        "calmar_ratio_2018_2019_1_0_bps": 0.5471183416568164,
        "perc_pos_return_2018_2019_1_0_bps": 0.5076923076923077,
        "profit_loss_ratio_2018_2019_1_0_bps": 1.0688951357742391,
        "sharpe_ratio_2018_1_0_bps": 0.3647826687426863,
        "annual_return_2018_2019_1_5_bps": 0.000781924940208123,
        "annual_volatility_2018_2019_1_5_bps": 0.010348048209627017,
        "sharpe_ratio_2018_2019_1_5_bps": 0.0806877631316019,
        "downside_risk_2018_2019_1_5_bps": 0.007430740605680971,
        "sortino_ratio_2018_2019_1_5_bps": 0.11236576636445032,
        "max_drawdown_2018_2019_1_5_bps": 0.011256947981591435,
        "calmar_ratio_2018_2019_1_5_bps": 0.06946153979629384,
        "perc_pos_return_2018_2019_1_5_bps": 0.49615384615384617,
        "profit_loss_ratio_2018_2019_1_5_bps": 1.0297347844786013,
        "sharpe_ratio_2018_1_5_bps": -0.10224937811678213,
        "annual_return_2018_2019_2_0_bps": -0.0042114803430075565,
        "annual_volatility_2018_2019_2_0_bps": 0.010350464096200633,
        "sharpe_ratio_2018_2019_2_0_bps": -0.402587942097789,
        "downside_risk_2018_2019_2_0_bps": 0.00759395746099318,
        "sortino_ratio_2018_2019_2_0_bps": -0.5487220677295556,
        "max_drawdown_2018_2019_2_0_bps": 0.011947827431400595,
        "calmar_ratio_2018_2019_2_0_bps": -0.35248921757433366,
        "perc_pos_return_2018_2019_2_0_bps": 0.46923076923076923,
        "profit_loss_ratio_2018_2019_2_0_bps": 1.0553624032976001,
        "sharpe_ratio_2018_2_0_bps": -0.5689220170095277,
        "annual_return_2018_2019_2_5_bps": -0.009180074851409814,
        "annual_volatility_2018_2019_2_5_bps": 0.01035341398964151,
        "sharpe_ratio_2018_2019_2_5_bps": -0.8855924193197636,
        "downside_risk_2018_2019_2_5_bps": 0.00776098809796394,
        "sortino_ratio_2018_2019_2_5_bps": -1.181409483891765,
        "max_drawdown_2018_2019_2_5_bps": 0.013807306974132507,
        "calmar_ratio_2018_2019_2_5_bps": -0.6648707723097889,
        "perc_pos_return_2018_2019_2_5_bps": 0.4653846153846154,
        "profit_loss_ratio_2018_2019_2_5_bps": 0.9864364865857422,
        "sharpe_ratio_2018_2_5_bps": -1.035177334171128,
        "annual_return_2018_2019_3_0_bps": -0.014123981346698122,
        "annual_volatility_2018_2019_3_0_bps": 0.010356897433655676,
        "sharpe_ratio_2018_2019_3_0_bps": -1.3682512487104042,
        "downside_risk_2018_2019_3_0_bps": 0.00793171721584755,
        "sortino_ratio_2018_2019_3_0_bps": -1.7866040178603015,
        "max_drawdown_2018_2019_3_0_bps": 0.018512358428507337,
        "calmar_ratio_2018_2019_3_0_bps": -0.7629487837135048,
        "perc_pos_return_2018_2019_3_0_bps": 0.4461538461538462,
        "profit_loss_ratio_2018_2019_3_0_bps": 0.9812681867379361,
        "sharpe_ratio_2018_3_0_bps": -1.5009577189891714
    },
    "COMB": {
        "annual_return_2018_2019": 0.015912242191378212,
        "annual_volatility_2018_2019": 0.010344007919177218,
        "sharpe_ratio_2018_2019": 1.5313947645595514,
        "downside_risk_2018_2019": 0.006963695577784901,
        "sortino_ratio_2018_2019": 2.2747633630804627,
        "max_drawdown_2018_2019": 0.009329311031802132,
        "calmar_ratio_2018_2019": 1.7056181466279685,
        "perc_pos_return_2018_2019": 0.5307692307692308,
        "profit_loss_ratio_2018_2019": 1.1520596482585814,
        "sharpe_ratio_2018": 1.2996920281523676,
        "annual_return_2018_2019_0_5_bps": 0.010843661920086234,
        "annual_volatility_2018_2019_0_5_bps": 0.010344819870901389,
        "sharpe_ratio_2018_2019_0_5_bps": 1.04775402609179,
        "downside_risk_2018_2019_0_5_bps": 0.007115623179246772,
        "sortino_ratio_2018_2019_0_5_bps": 1.523243487730421,
        "max_drawdown_2018_2019_0_5_bps": 0.009965592676864138,
        "calmar_ratio_2018_2019_0_5_bps": 1.0881100875475875,
        "perc_pos_return_2018_2019_0_5_bps": 0.5269230769230769,
        "profit_loss_ratio_2018_2019_0_5_bps": 1.0759172774127712,
        "sharpe_ratio_2018_0_5_bps": 0.8321159420179479,
        "annual_return_2018_2019_1_0_bps": 0.005800264367776586,
        "annual_volatility_2018_2019_1_0_bps": 0.010346166704001254,
        "sharpe_ratio_2018_2019_1_0_bps": 0.5641600346159784,
        "downside_risk_2018_2019_1_0_bps": 0.007271305060050683,
        "sortino_ratio_2018_2019_1_0_bps": 0.8027298700394981,
        "max_drawdown_2018_2019_1_0_bps": 0.010601480385782498,
        "calmar_ratio_2018_2019_1_0_bps": 0.5471183416568164,
        "perc_pos_return_2018_2019_1_0_bps": 0.5076923076923077,
        "profit_loss_ratio_2018_2019_1_0_bps": 1.0688951357742391,
        "sharpe_ratio_2018_1_0_bps": 0.3647826687426863,
        "annual_return_2018_2019_1_5_bps": 0.000781924940208123,
        "annual_volatility_2018_2019_1_5_bps": 0.010348048209627017,
        "sharpe_ratio_2018_2019_1_5_bps": 0.0806877631316019,
        "downside_risk_2018_2019_1_5_bps": 0.007430740605680971,
        "sortino_ratio_2018_2019_1_5_bps": 0.11236576636445032,
        "max_drawdown_2018_2019_1_5_bps": 0.011256947981591435,
        "calmar_ratio_2018_2019_1_5_bps": 0.06946153979629384,
        "perc_pos_return_2018_2019_1_5_bps": 0.49615384615384617,
        "profit_loss_ratio_2018_2019_1_5_bps": 1.0297347844786013,
        "sharpe_ratio_2018_1_5_bps": -0.10224937811678213,
        "annual_return_2018_2019_2_0_bps": -0.0042114803430075565,
        "annual_volatility_2018_2019_2_0_bps": 0.010350464096200633,
        "sharpe_ratio_2018_2019_2_0_bps": -0.402587942097789,
        "downside_risk_2018_2019_2_0_bps": 0.00759395746099318,
        "sortino_ratio_2018_2019_2_0_bps": -0.5487220677295556,
        "max_drawdown_2018_2019_2_0_bps": 0.011947827431400595,
        "calmar_ratio_2018_2019_2_0_bps": -0.35248921757433366,
        "perc_pos_return_2018_2019_2_0_bps": 0.46923076923076923,
        "profit_loss_ratio_2018_2019_2_0_bps": 1.0553624032976001,
        "sharpe_ratio_2018_2_0_bps": -0.5689220170095277,
        "annual_return_2018_2019_2_5_bps": -0.009180074851409814,
        "annual_volatility_2018_2019_2_5_bps": 0.01035341398964151,
        "sharpe_ratio_2018_2019_2_5_bps": -0.8855924193197636,
        "downside_risk_2018_2019_2_5_bps": 0.00776098809796394,