{
    "ALL": {
        "annual_return_2022_2023": 0.11229807493340105,
        "annual_volatility_2022_2023": 0.11483297906887985,
        "sharpe_ratio_2022_2023": 0.9839557057713542,
        "downside_risk_2022_2023": 0.06961138830882228,
        "sortino_ratio_2022_2023": 1.6231620674519263,
        "max_drawdown_2022_2023": 0.06490375411618116,
        "calmar_ratio_2022_2023": 1.7302246451319525,
        "perc_pos_return_2022_2023": 0.4931506849315068,
        "profit_loss_ratio_2022_2023": 1.2055281527418547,
        "sharpe_ratio_2022": 0.8175783576737771,
        "annual_return_2022_2023_0_5_bps": 0.11214979274023573,
        "annual_volatility_2022_2023_0_5_bps": 0.11483306593744363,
        "sharpe_ratio_2022_2023_0_5_bps": 0.9827937536385254,
        "downside_risk_2022_2023_0_5_bps": 0.06961497801979823,
        "sortino_ratio_2022_2023_0_5_bps": 1.6211629037990127,
        "max_drawdown_2022_2023_0_5_bps": 0.06491592795554067,
        "calmar_ratio_2022_2023_0_5_bps": 1.7276159530068549,
        "perc_pos_return_2022_2023_0_5_bps": 0.4931506849315068,
        "profit_loss_ratio_2022_2023_0_5_bps": 1.2052987734798184,
        "sharpe_ratio_2022_0_5_bps": 0.8166128803551523,
        "annual_return_2022_2023_1_0_bps": 0.11200153013241643,
        "annual_volatility_2022_2023_1_0_bps": 0.11483315381547789,
        "sharpe_ratio_2022_2023_1_0_bps": 0.9816317946343882,
        "downside_risk_2022_2023_1_0_bps": 0.0696185687280509,
        "sortino_ratio_2022_2023_1_0_bps": 1.619163923115749,
        "max_drawdown_2022_2023_1_0_bps": 0.06492810164340658,
        "calmar_ratio_2022_2023_1_0_bps": 1.725008544798416,
        "perc_pos_return_2022_2023_1_0_bps": 0.4931506849315068,
        "profit_loss_ratio_2022_2023_1_0_bps": 1.2050694448794805,
        "sharpe_ratio_2022_1_0_bps": 0.8156473973270906,
        "annual_return_2022_2023_1_5_bps": 0.11185328710737918,
        "annual_volatility_2022_2023_1_5_bps": 0.1148332427029803,
        "sharpe_ratio_2022_2023_1_5_bps": 0.980469828789621,
        "downside_risk_2022_2023_1_5_bps": 0.06962216043342602,
        "sortino_ratio_2022_2023_1_5_bps": 1.61716512546331,
        "max_drawdown_2022_2023_1_5_bps": 0.06494027517978246,
        "calmar_ratio_2022_2023_1_5_bps": 1.7224024197267636,
        "perc_pos_return_2022_2023_1_5_bps": 0.4931506849315068,
        "profit_loss_ratio_2022_2023_1_5_bps": 1.2048401669240583,
        "sharpe_ratio_2022_1_5_bps": 0.8146819086150828,
        "annual_return_2022_2023_2_0_bps": 0.11170506366255628,
        "annual_volatility_2022_2023_2_0_bps": 0.11483333259994852,
        "sharpe_ratio_2022_2023_2_0_bps": 0.9793078561349031,
        "downside_risk_2022_2023_2_0_bps": 0.06962575313576927,
        "sortino_ratio_2022_2023_2_0_bps": 1.615166510902825,
        "max_drawdown_2022_2023_2_0_bps": 0.06495244856466828,
        "calmar_ratio_2022_2023_2_0_bps": 1.7197975770126654,
        "perc_pos_return_2022_2023_2_0_bps": 0.4931506849315068,
        "profit_loss_ratio_2022_2023_2_0_bps": 1.204610939596778,
        "sharpe_ratio_2022_2_0_bps": 0.813716414244621,
        "annual_return_2022_2023_2_5_bps": 0.1115568597953911,
        "annual_volatility_2022_2023_2_5_bps": 0.11483342350638016,
        "sharpe_ratio_2022_2023_2_5_bps": 0.9781458767009142,
        "downside_risk_2022_2023_2_5_bps": 0.06962934683492632,
        "sortino_ratio_2022_2023_2_5_bps": 1.6131680794953773,
        "max_drawdown_2022_2023_2_5_bps": 0.06496462179806602,
        "calmar_ratio_2022_2023_2_5_bps": 1.7171940158776098,
        "perc_pos_return_2022_2023_2_5_bps": 0.4931506849315068,
        "profit_loss_ratio_2022_2023_2_5_bps": 1.2043817628808713,
        "sharpe_ratio_2022_2_5_bps": 0.812750914241197,
        "annual_return_2022_2023_3_0_bps": 0.11140867550331968,
        "annual_volatility_2022_2023_3_0_bps": 0.11483351542227284,
        "sharpe_ratio_2022_2023_3_0_bps": 0.9769838905183346,
        "downside_risk_2022_2023_3_0_bps": 0.06963294153074284,
        "sortino_ratio_2022_2023_3_0_bps": 1.6111698313020049,
        "max_drawdown_2022_2023_3_0_bps": 0.06497679487997927,
        "calmar_ratio_2022_2023_3_0_bps": 1.714591735543531,
        "perc_pos_return_2022_2023_3_0_bps": 0.4931506849315068,
        "profit_loss_ratio_2022_2023_3_0_bps": 1.2041526367595785,
        "sharpe_ratio_2022_3_0_bps": 0.8117854086303034
    },
    "COMB": {
        "annual_return_2022_2023": 0.11229807493340105,
        "annual_volatility_2022_2023": 0.11483297906887985,
        "sharpe_ratio_2022_2023": 0.9839557057713542,
        "downside_risk_2022_2023": 0.06961138830882228,
        "sortino_ratio_2022_2023": 1.6231620674519263,
        "max_drawdown_2022_2023": 0.06490375411618116,
        "calmar_ratio_2022_2023": 1.7302246451319525,
        "perc_pos_return_2022_2023": 0.4931506849315068,
        "profit_loss_ratio_2022_2023": 1.2055281527418547,
        "sharpe_ratio_2022": 0.8175783576737771,
        "annual_return_2022_2023_0_5_bps": 0.11214979274023573,
        "annual_volatility_2022_2023_0_5_bps": 0.11483306593744363,
        "sharpe_ratio_2022_2023_0_5_bps": 0.9827937536385254,
        "downside_risk_2022_2023_0_5_bps": 0.06961497801979823,
        "sortino_ratio_2022_2023_0_5_bps": 1.6211629037990127,
        "max_drawdown_2022_2023_0_5_bps": 0.06491592795554067,
        "calmar_ratio_2022_2023_0_5_bps": 1.7276159530068549,
        "perc_pos_return_2022_2023_0_5_bps": 0.4931506849315068,
        "profit_loss_ratio_2022_2023_0_5_bps": 1.2052987734798184,
        "sharpe_ratio_2022_0_5_bps": 0.8166128803551523,
        "annual_return_2022_2023_1_0_bps": 0.11200153013241643,
        "annual_volatility_2022_2023_1_0_bps": 0.11483315381547789,
        "sharpe_ratio_2022_2023_1_0_bps": 0.9816317946343882,
        "downside_risk_2022_2023_1_0_bps": 0.0696185687280509,
        "sortino_ratio_2022_2023_1_0_bps": 1.619163923115749,
        "max_drawdown_2022_2023_1_0_bps": 0.06492810164340658,
        "calmar_ratio_2022_2023_1_0_bps": 1.725008544798416,
        "perc_pos_return_2022_2023_1_0_bps": 0.4931506849315068,
        "profit_loss_ratio_2022_2023_1_0_bps": 1.2050694448794805,
        "sharpe_ratio_2022_1_0_bps": 0.8156473973270906,
        "annual_return_2022_2023_1_5_bps": 0.11185328710737918,
        "annual_volatility_2022_2023_1_5_bps": 0.1148332427029803,
        "sharpe_ratio_2022_2023_1_5_bps": 0.980469828789621,
        "downside_risk_2022_2023_1_5_bps": 0.06962216043342602,
        "sortino_ratio_2022_2023_1_5_bps": 1.61716512546331,
        "max_drawdown_2022_2023_1_5_bps": 0.06494027517978246,
        "calmar_ratio_2022_2023_1_5_bps": 1.7224024197267636,
        "perc_pos_return_2022_2023_1_5_bps": 0.4931506849315068,
        "profit_loss_ratio_2022_2023_1_5_bps": 1.2048401669240583,
        "sharpe_ratio_2022_1_5_bps": 0.8146819086150828,
        "annual_return_2022_2023_2_0_bps": 0.11170506366255628,
        "annual_volatility_2022_2023_2_0_bps": 0.11483333259994852,
        "sharpe_ratio_2022_2023_2_0_bps": 0.9793078561349031,
        "downside_risk_2022_2023_2_0_bps": 0.06962575313576927,
        "sortino_ratio_2022_2023_2_0_bps": 1.615166510902825,
        "max_drawdown_2022_2023_2_0_bps": 0.06495244856466828,
        "calmar_ratio_2022_2023_2_0_bps": 1.7197975770126654,
        "perc_pos_return_2022_2023_2_0_bps": 0.4931506849315068,
        "profit_loss_ratio_2022_2023_2_0_bps": 1.204610939596778,
        "sharpe_ratio_2022_2_0_bps": 0.813716414244621,
        "annual_return_2022_2023_2_5_bps": 0.1115568597953911,
        "annual_volatility_2022_2023_2_5_bps": 0.11483342350638016,
        "sharpe_ratio_2022_2023_2_5_bps": 0.9781458767009142,
        "downside_risk_2022_2023_2_5_bps": 0.06962934683492632,
        "sortino_ratio_2022_2023_2_5_bps": 1.6131680794953773,
        "max_drawdown_2022_2023_2_5_bps": 0.06496462179806602,
        "calmar_ratio_2022_2023_2_5_bps": 1.7171940158776098,
        "perc_pos_return_2022_2023_2_5_bps": 0.4931506849315068,