{
    "ALL": {
        "performance_sw": 2.340915132975959,
        "performance_fw": 2.5629460094777143,
        "val_loss": 3.509683281875333,
        "annual_return_2017_2018": 0.02414346330696282,
        "annual_volatility_2017_2018": 0.010213825249641146,
        "sharpe_ratio_2017_2018": 2.3409151329759585,
        "downside_risk_2017_2018": 0.006306328382513001,
        "sortino_ratio_2017_2018": 3.7913817109107084,
        "max_drawdown_2017_2018": 0.007496864551448618,
        "calmar_ratio_2017_2018": 3.2204747919978867,
        "perc_pos_return_2017_2018": 0.5658914728682171,
        "profit_loss_ratio_2017_2018": 1.1343963207548713,
        "sharpe_ratio_2017": 2.276692969269246,
        "annual_return_2017_2018_0_5_bps": 0.01853697881305072,
        "annual_volatility_2017_2018_0_5_bps": 0.010213419006796546,
        "sharpe_ratio_2017_2018_0_5_bps": 1.8034979873799557,
        "downside_risk_2017_2018_0_5_bps": 0.006479437205236743,
        "sortino_ratio_2017_2018_0_5_bps": 2.8428210721972325,
        "max_drawdown_2017_2018_0_5_bps": 0.009126897063916862,
        "calmar_ratio_2017_2018_0_5_bps": 2.031027487571495,
        "perc_pos_return_2017_2018_0_5_bps": 0.5465116279069767,
        "profit_loss_ratio_2017_2018_0_5_bps": 1.1217189780187369,
        "sharpe_ratio_2017_0_5_bps": 1.7546260811120307,
        "annual_return_2017_2018_1_0_bps": 0.012961057372111284,
        "annual_volatility_2017_2018_1_0_bps": 0.0102137390692894,
        "sharpe_ratio_2017_2018_1_0_bps": 1.265948059361789,
        "downside_risk_2017_2018_1_0_bps": 0.006656510032253871,
        "sortino_ratio_2017_2018_1_0_bps": 1.9424688148808402,
        "max_drawdown_2017_2018_1_0_bps": 0.01075428905274764,
        "calmar_ratio_2017_2018_1_0_bps": 1.2051989032970833,
        "perc_pos_return_2017_2018_1_0_bps": 0.5310077519379846,
        "profit_loss_ratio_2017_2018_1_0_bps": 1.0913095931801735,
        "sharpe_ratio_2017_1_0_bps": 1.2319603142419364,
        "annual_return_2017_2018_1_5_bps": 0.007415533074296432,
        "annual_volatility_2017_2018_1_5_bps": 0.010214785368847174,
        "sharpe_ratio_2017_2018_1_5_bps": 0.7283800310532751,
        "downside_risk_2017_2018_1_5_bps": 0.006837795731561867,
        "sortino_ratio_2017_2018_1_5_bps": 1.0881058715779985,
        "max_drawdown_2017_2018_1_5_bps": 0.012379044736244352,
        "calmar_ratio_2017_2018_1_5_bps": 0.5990392015132351,
        "perc_pos_return_2017_2018_1_5_bps": 0.5038759689922481,
        "profit_loss_ratio_2017_2018_1_5_bps": 1.111892953829302,
        "sharpe_ratio_2017_1_5_bps": 0.7087882692342522,
        "annual_return_2017_2018_2_0_bps": 0.0019002409065820292,
        "annual_volatility_2017_2018_2_0_bps": 0.010216557682343388,
        "sharpe_ratio_2017_2018_2_0_bps": 0.1909085501570739,
        "downside_risk_2017_2018_2_0_bps": 0.007023491726565117,
        "sortino_ratio_2017_2018_2_0_bps": 0.27770064957222645,
        "max_drawdown_2017_2018_2_0_bps": 0.014001168326066595,
        "calmar_ratio_2017_2018_2_0_bps": 0.1357201672266354,
        "perc_pos_return_2017_2018_2_0_bps": 0.4844961240310077,
        "profit_loss_ratio_2017_2018_2_0_bps": 1.0983850577806629,
        "sharpe_ratio_2017_2_0_bps": 0.18520304938968568,
        "annual_return_2017_2018_2_5_bps": -0.0035849832520539193,
        "annual_volatility_2017_2018_2_5_bps": 0.010219055632035425,
        "sharpe_ratio_2017_2018_2_5_bps": -0.34635189220453333,
        "downside_risk_2017_2018_2_5_bps": 0.007213565066222467,
        "sortino_ratio_2017_2018_2_5_bps": -0.4906574242009766,
        "max_drawdown_2017_2018_2_5_bps": 0.01562066402724257,
        "calmar_ratio_2017_2018_2_5_bps": -0.22950261562515384,
        "perc_pos_return_2017_2018_2_5_bps": 0.4728682170542636,
        "profit_loss_ratio_2017_2018_2_5_bps": 1.0523540869764354,
        "sharpe_ratio_2017_2_5_bps": -0.33870182126080195,
        "annual_return_2017_2018_3_0_bps": -0.009040302635425435,
        "annual_volatility_2017_2018_3_0_bps": 0.010222278685966745,
        "sharpe_ratio_2017_2018_3_0_bps": -0.8832870831946122,
        "downside_risk_2017_2018_3_0_bps": 0.0074079970036454385,
        "sortino_ratio_2017_2018_3_0_bps": -1.218845893118854,
        "max_drawdown_2017_2018_3_0_bps": 0.017237536038171016,
        "calmar_ratio_2017_2018_3_0_bps": -0.5244544588859147,
        "perc_pos_return_2017_2018_3_0_bps": 0.4496124031007752,
        "profit_loss_ratio_2017_2018_3_0_bps": 1.0572738602226077,
        "sharpe_ratio_2017_3_0_bps": -0.8628324808721362
    },
    "COMB": {
        "annual_return_2017_2018": 0.02414346330696282,
        "annual_volatility_2017_2018": 0.010213825249641146,
        "sharpe_ratio_2017_2018": 2.3409151329759585,
        "downside_risk_2017_2018": 0.006306328382513001,
        "sortino_ratio_2017_2018": 3.7913817109107084,
        "max_drawdown_2017_2018": 0.007496864551448618,
        "calmar_ratio_2017_2018": 3.2204747919978867,
        "perc_pos_return_2017_2018": 0.5658914728682171,
        "profit_loss_ratio_2017_2018": 1.1343963207548713,
        "sharpe_ratio_2017": 2.276692969269246,
        "annual_return_2017_2018_0_5_bps": 0.01853697881305072,
        "annual_volatility_2017_2018_0_5_bps": 0.010213419006796546,
        "sharpe_ratio_2017_2018_0_5_bps": 1.8034979873799557,
        "downside_risk_2017_2018_0_5_bps": 0.006479437205236743,
        "sortino_ratio_2017_2018_0_5_bps": 2.8428210721972325,
        "max_drawdown_2017_2018_0_5_bps": 0.009126897063916862,
        "calmar_ratio_2017_2018_0_5_bps": 2.031027487571495,
        "perc_pos_return_2017_2018_0_5_bps": 0.5465116279069767,
        "profit_loss_ratio_2017_2018_0_5_bps": 1.1217189780187369,
        "sharpe_ratio_2017_0_5_bps": 1.7546260811120307,
        "annual_return_2017_2018_1_0_bps": 0.012961057372111284,
        "annual_volatility_2017_2018_1_0_bps": 0.0102137390692894,
        "sharpe_ratio_2017_2018_1_0_bps": 1.265948059361789,
        "downside_risk_2017_2018_1_0_bps": 0.006656510032253871,
        "sortino_ratio_2017_2018_1_0_bps": 1.9424688148808402,
        "max_drawdown_2017_2018_1_0_bps": 0.01075428905274764,
        "calmar_ratio_2017_2018_1_0_bps": 1.2051989032970833,
        "perc_pos_return_2017_2018_1_0_bps": 0.5310077519379846,
        "profit_loss_ratio_2017_2018_1_0_bps": 1.0913095931801735,
        "sharpe_ratio_2017_1_0_bps": 1.2319603142419364,
        "annual_return_2017_2018_1_5_bps": 0.007415533074296432,
        "annual_volatility_2017_2018_1_5_bps": 0.010214785368847174,
        "sharpe_ratio_2017_2018_1_5_bps": 0.7283800310532751,
        "downside_risk_2017_2018_1_5_bps": 0.006837795731561867,
        "sortino_ratio_2017_2018_1_5_bps": 1.0881058715779985,
        "max_drawdown_2017_2018_1_5_bps": 0.012379044736244352,
        "calmar_ratio_2017_2018_1_5_bps": 0.5990392015132351,
        "perc_pos_return_2017_2018_1_5_bps": 0.5038759689922481,
        "profit_loss_ratio_2017_2018_1_5_bps": 1.111892953829302,
        "sharpe_ratio_2017_1_5_bps": 0.7087882692342522,
        "annual_return_2017_2018_2_0_bps": 0.0019002409065820292,
        "annual_volatility_2017_2018_2_0_bps": 0.010216557682343388,
        "sharpe_ratio_2017_2018_2_0_bps": 0.1909085501570739,
        "downside_risk_2017_2018_2_0_bps": 0.007023491726565117,
        "sortino_ratio_2017_2018_2_0_bps": 0.27770064957222645,
        "max_drawdown_2017_2018_2_0_bps": 0.014001168326066595,
        "calmar_ratio_2017_2018_2_0_bps": 0.1357201672266354,
        "perc_pos_return_2017_2018_2_0_bps": 0.4844961240310077,
        "profit_loss_ratio_2017_2018_2_0_bps": 1.0983850577806629,
        "sharpe_ratio_2017_2_0_bps": 0.18520304938968568,
        "annual_return_2017_2018_2_5_bps": -0.0035849832520539193,
        "annual_volatility_2017_2018_2_5_bps": 0.010219055632035425,
        "sharpe_ratio_2017_2018_2_5_bps": -0.34635189220453333,
        "downside_risk_2017_2018_2_5_bps": 0.007213565066222467,