{
    "ALL": {
        "performance_sw": 1.0129283848379587,
        "performance_fw": 1.0682627417864743,
        "val_loss": 2.3762272092105405,
        "annual_return_2021_2022": 0.051882266269548394,
        "annual_volatility_2021_2022": 0.042222974271970845,
        "sharpe_ratio_2021_2022": 1.2190594998562287,
        "downside_risk_2021_2022": 0.025942618750648603,
        "sortino_ratio_2021_2022": 1.9840833492241146,
        "max_drawdown_2021_2022": 0.035196125948700224,
        "calmar_ratio_2021_2022": 1.4740902548527328,
        "perc_pos_return_2021_2022": 0.4986301369863014,
        "profit_loss_ratio_2021_2022": 1.2198544923654189,
        "sharpe_ratio_2021": 1.0129283848379589,
        "annual_return_2021_2022_0_5_bps": 0.050910579551071145,
        "annual_volatility_2021_2022_0_5_bps": 0.04222192935938754,
        "sharpe_ratio_2021_2022_0_5_bps": 1.1971968942258644,
        "downside_risk_2021_2022_0_5_bps": 0.025966275426279377,
        "sortino_ratio_2021_2022_0_5_bps": 1.9466774447799755,
        "max_drawdown_2021_2022_0_5_bps": 0.03533870789088661,
        "calmar_ratio_2021_2022_0_5_bps": 1.4406463221084638,
        "perc_pos_return_2021_2022_0_5_bps": 0.4986301369863014,
        "profit_loss_ratio_2021_2022_0_5_bps": 1.2156154342493732,
        "sharpe_ratio_2021_0_5_bps": 0.9947625333662908,
        "annual_return_2021_2022_1_0_bps": 0.04993978747957195,
        "annual_volatility_2021_2022_1_0_bps": 0.042220895769365045,
        "sharpe_ratio_2021_2022_1_0_bps": 1.1753328912585579,
        "downside_risk_2021_2022_1_0_bps": 0.025989960772379445,
        "sortino_ratio_2021_2022_1_0_bps": 1.909337529623015,
        "max_drawdown_2021_2022_1_0_bps": 0.03548126915227288,
        "calmar_ratio_2021_2022_1_0_bps": 1.4074972139595205,
        "perc_pos_return_2021_2022_1_0_bps": 0.4986301369863014,
        "profit_loss_ratio_2021_2022_1_0_bps": 1.2113920346291904,
        "sharpe_ratio_2021_1_0_bps": 0.9765955208337785,
        "annual_return_2021_2022_1_5_bps": 0.04896988923406953,
        "annual_volatility_2021_2022_1_5_bps": 0.0422198735027349,
        "sharpe_ratio_2021_2022_1_5_bps": 1.1534675084194845,
        "downside_risk_2021_2022_1_5_bps": 0.026013674710635776,
        "sortino_ratio_2021_2022_1_5_bps": 1.872063552600456,
        "max_drawdown_2021_2022_1_5_bps": 0.035623809735801995,
        "calmar_ratio_2021_2022_1_5_bps": 1.3746393099796594,
        "perc_pos_return_2021_2022_1_5_bps": 0.4986301369863014,
        "profit_loss_ratio_2021_2022_1_5_bps": 1.20718420690433,
        "sharpe_ratio_2021_1_5_bps": 0.9584273617524062,
        "annual_return_2021_2022_2_0_bps": 0.048000883994310906,
        "annual_volatility_2021_2022_2_0_bps": 0.04221886256031968,
        "sharpe_ratio_2021_2022_2_0_bps": 1.1316007631797056,
        "downside_risk_2021_2022_2_0_bps": 0.02603741716292625,
        "sortino_ratio_2021_2022_2_0_bps": 1.8348554618490283,
        "max_drawdown_2021_2022_2_0_bps": 0.03576632964441677,
        "calmar_ratio_2021_2022_2_0_bps": 1.3420690485025484,
        "perc_pos_return_2021_2022_2_0_bps": 0.4986301369863014,
        "profit_loss_ratio_2021_2022_2_0_bps": 1.202991865111678,
        "sharpe_ratio_2021_2_0_bps": 0.9402580706390483,
        "annual_return_2021_2022_2_5_bps": 0.04703277094080982,
        "annual_volatility_2021_2022_2_5_bps": 0.04221786294293286,
        "sharpe_ratio_2021_2022_2_5_bps": 1.1097326730161015,
        "downside_risk_2021_2022_2_5_bps": 0.02606118805131969,
        "sortino_ratio_2021_2022_2_5_bps": 1.7977132048021072,
        "max_drawdown_2021_2022_2_5_bps": 0.0359088288810589,
        "calmar_ratio_2021_2022_2_5_bps": 1.309782925435882,
        "perc_pos_return_2021_2022_2_5_bps": 0.4986301369863014,
        "profit_loss_ratio_2021_2022_2_5_bps": 1.1988149239196941,
        "sharpe_ratio_2021_2_5_bps": 0.9220876620154145,
        "annual_return_2021_2022_3_0_bps": 0.04606554925481632,
        "annual_volatility_2021_2022_3_0_bps": 0.04221687465137893,
        "sharpe_ratio_2021_2022_3_0_bps": 1.0878632554112961,
        "downside_risk_2021_2022_3_0_bps": 0.02608498729807581,
        "sortino_ratio_2021_2022_3_0_bps": 1.7606367281968165,
        "max_drawdown_2021_2022_3_0_bps": 0.036051307448670925,
        "calmar_ratio_2021_2022_3_0_bps": 1.2777774931021144,
        "perc_pos_return_2021_2022_3_0_bps": 0.4986301369863014,
        "profit_loss_ratio_2021_2022_3_0_bps": 1.1946532986226188,
        "sharpe_ratio_2021_3_0_bps": 0.9039161504079868
    },
    "COMB": {
        "annual_return_2021_2022": 0.051882266269548394,
        "annual_volatility_2021_2022": 0.042222974271970845,
        "sharpe_ratio_2021_2022": 1.2190594998562287,
        "downside_risk_2021_2022": 0.025942618750648603,
        "sortino_ratio_2021_2022": 1.9840833492241146,
        "max_drawdown_2021_2022": 0.035196125948700224,
        "calmar_ratio_2021_2022": 1.4740902548527328,
        "perc_pos_return_2021_2022": 0.4986301369863014,
        "profit_loss_ratio_2021_2022": 1.2198544923654189,
        "sharpe_ratio_2021": 1.0129283848379589,
        "annual_return_2021_2022_0_5_bps": 0.050910579551071145,
        "annual_volatility_2021_2022_0_5_bps": 0.04222192935938754,
        "sharpe_ratio_2021_2022_0_5_bps": 1.1971968942258644,
        "downside_risk_2021_2022_0_5_bps": 0.025966275426279377,
        "sortino_ratio_2021_2022_0_5_bps": 1.9466774447799755,
        "max_drawdown_2021_2022_0_5_bps": 0.03533870789088661,
        "calmar_ratio_2021_2022_0_5_bps": 1.4406463221084638,
        "perc_pos_return_2021_2022_0_5_bps": 0.4986301369863014,
        "profit_loss_ratio_2021_2022_0_5_bps": 1.2156154342493732,
        "sharpe_ratio_2021_0_5_bps": 0.9947625333662908,
        "annual_return_2021_2022_1_0_bps": 0.04993978747957195,
        "annual_volatility_2021_2022_1_0_bps": 0.042220895769365045,
        "sharpe_ratio_2021_2022_1_0_bps": 1.1753328912585579,
        "downside_risk_2021_2022_1_0_bps": 0.025989960772379445,
        "sortino_ratio_2021_2022_1_0_bps": 1.909337529623015,
        "max_drawdown_2021_2022_1_0_bps": 0.03548126915227288,
        "calmar_ratio_2021_2022_1_0_bps": 1.4074972139595205,
        "perc_pos_return_2021_2022_1_0_bps": 0.4986301369863014,
        "profit_loss_ratio_2021_2022_1_0_bps": 1.2113920346291904,
        "sharpe_ratio_2021_1_0_bps": 0.9765955208337785,
        "annual_return_2021_2022_1_5_bps": 0.04896988923406953,
        "annual_volatility_2021_2022_1_5_bps": 0.0422198735027349,
        "sharpe_ratio_2021_2022_1_5_bps": 1.1534675084194845,
        "downside_risk_2021_2022_1_5_bps": 0.026013674710635776,
        "sortino_ratio_2021_2022_1_5_bps": 1.872063552600456,
        "max_drawdown_2021_2022_1_5_bps": 0.035623809735801995,
        "calmar_ratio_2021_2022_1_5_bps": 1.3746393099796594,
        "perc_pos_return_2021_2022_1_5_bps": 0.4986301369863014,
        "profit_loss_ratio_2021_2022_1_5_bps": 1.20718420690433,
        "sharpe_ratio_2021_1_5_bps": 0.9584273617524062,
        "annual_return_2021_2022_2_0_bps": 0.048000883994310906,
        "annual_volatility_2021_2022_2_0_bps": 0.04221886256031968,
        "sharpe_ratio_2021_2022_2_0_bps": 1.1316007631797056,
        "downside_risk_2021_2022_2_0_bps": 0.02603741716292625,
        "sortino_ratio_2021_2022_2_0_bps": 1.8348554618490283,
        "max_drawdown_2021_2022_2_0_bps": 0.03576632964441677,
        "calmar_ratio_2021_2022_2_0_bps": 1.3420690485025484,
        "perc_pos_return_2021_2022_2_0_bps": 0.4986301369863014,
        "profit_loss_ratio_2021_2022_2_0_bps": 1.202991865111678,
        "sharpe_ratio_2021_2_0_bps": 0.9402580706390483,
        "annual_return_2021_2022_2_5_bps": 0.04703277094080982,
        "annual_volatility_2021_2022_2_5_bps": 0.04221786294293286,
        "sharpe_ratio_2021_2022_2_5_bps": 1.1097326730161015,
        "downside_risk_2021_2022_2_5_bps": 0.02606118805131969,
        "sortino_ratio_2021_2022_2_5_bps": 1.7977132048021072,