{
    "ALL": {
        "annual_return": 0.025669749947272204,
        "annual_volatility": 0.011058295734548,
        "sharpe_ratio": 2.2301576556859826,
        "downside_risk": 0.007310866972886002,
        "sortino_ratio": 3.4468642217269676,
        "max_drawdown": 0.007328608948041601,
        "calmar_ratio": 3.7477348767811924,
        "perc_pos_return": 0.5720466313489563,
        "profit_loss_ratio": 1.1048214520411006,
        "annual_return_0_5_bps": 0.0201476357580384,
        "annual_volatility_0_5_bps": 0.011058966193416401,
        "sharpe_ratio_0_5_bps": 1.7106191176680987,
        "downside_risk_0_5_bps": 0.0074704139017544,
        "sortino_ratio_0_5_bps": 2.5882766303750993,
        "max_drawdown_0_5_bps": 0.007934749856506801,
        "calmar_ratio_0_5_bps": 2.6597689121387895,
        "perc_pos_return_0_5_bps": 0.5519870471033259,
        "profit_loss_ratio_0_5_bps": 1.094513109969019,
        "annual_return_1_0_bps": 0.0146554129921452,
        "annual_volatility_1_0_bps": 0.011060554892003202,
        "sharpe_ratio_1_0_bps": 1.1909522714432625,
        "downside_risk_1_0_bps": 0.007634068863213,
        "sortino_ratio_1_0_bps": 1.7706789060589578,
        "max_drawdown_1_0_bps": 0.0088689100164558,
        "calmar_ratio_1_0_bps": 1.7006101959611726,
        "perc_pos_return_1_0_bps": 0.5326997326997323,
        "profit_loss_ratio_1_0_bps": 1.0830337949652473,
        "annual_return_1_5_bps": 0.009192919026883602,
        "annual_volatility_1_5_bps": 0.0110630614685272,
        "sharpe_ratio_1_5_bps": 0.6712980734390417,
        "downside_risk_1_5_bps": 0.007801920303961202,
        "sortino_ratio_1_5_bps": 0.9924428814301933,
        "max_drawdown_1_5_bps": 0.010258615628270601,
        "calmar_ratio_1_5_bps": 0.9904063589450123,
        "perc_pos_return_1_5_bps": 0.517261496098705,
        "profit_loss_ratio_1_5_bps": 1.0528379675560409,
        "annual_return_2_0_bps": 0.0037599921283518003,
        "annual_volatility_2_0_bps": 0.011066485315800002,
        "sharpe_ratio_2_0_bps": 0.1517973606587808,
        "downside_risk_2_0_bps": 0.0079739908038894,
        "sortino_ratio_2_0_bps": 0.2519861463968541,
        "max_drawdown_2_0_bps": 0.0118223542569574,
        "calmar_ratio_2_0_bps": 0.4403304961663556,
        "perc_pos_return_2_0_bps": 0.5080039047480904,
        "profit_loss_ratio_2_0_bps": 0.9990102952107544,
        "annual_return_2_5_bps": -0.0016435285534046004,
        "annual_volatility_2_5_bps": 0.0110708255820278,
        "sharpe_ratio_2_5_bps": -0.3674093511850212,
        "downside_risk_2_5_bps": 0.008150181039133801,
        "sortino_ratio_2_5_bps": -0.45226112221644943,
        "max_drawdown_2_5_bps": 0.013658324567879002,
        "calmar_ratio_2_5_bps": -0.0063686860309418005,
        "perc_pos_return_2_5_bps": 0.4933319289133239,
        "profit_loss_ratio_2_5_bps": 0.9692462920001936,
        "annual_return_3_0_bps": -0.0070178029892546,
        "annual_volatility_3_0_bps": 0.011076081171953201,
        "sharpe_ratio_3_0_bps": -0.8861820681971697,
        "downside_risk_3_0_bps": 0.0083304611078636,
        "sortino_ratio_3_0_bps": -1.1218488903258226,
        "max_drawdown_3_0_bps": 0.015608013960339803,
        "calmar_ratio_3_0_bps": -0.364449837517316,
        "perc_pos_return_3_0_bps": 0.4802252137135854,
        "profit_loss_ratio_3_0_bps": 0.9347976910124401,
        "annual_return_rescaled": 0.4070510073854486,
        "annual_volatility_rescaled": 0.15000000000000643,
        "downside_risk_rescaled": 0.09916808812653631,
        "max_drawdown_rescaled": 0.09612729869722514,
        "annual_return_rescaled_0_5_bps": 0.30669199919348716,
        "annual_volatility_rescaled_0_5_bps": 0.1500000000000047,
        "downside_risk_rescaled_0_5_bps": 0.10132611544922838,
        "max_drawdown_rescaled_0_5_bps": 0.10418448578102942,
        "annual_return_rescaled_1_0_bps": 0.21351506971399808,
        "annual_volatility_rescaled_1_0_bps": 0.15000000000000685,
        "downside_risk_rescaled_1_0_bps": 0.10353100189484654,
        "max_drawdown_rescaled_1_0_bps": 0.11591116939008442,
        "annual_return_rescaled_1_5_bps": 0.1270256668036302,
        "annual_volatility_rescaled_1_5_bps": 0.15000000000000466,
        "downside_risk_rescaled_1_5_bps": 0.1057833809315393,
        "max_drawdown_rescaled_1_5_bps": 0.13298843772281382,
        "annual_return_rescaled_2_0_bps": 0.04676030522211887,
        "annual_volatility_rescaled_2_0_bps": 0.1500000000000033,
        "downside_risk_rescaled_2_0_bps": 0.10808297182446627,
        "max_drawdown_rescaled_2_0_bps": 0.15197512612706868,
        "annual_return_rescaled_2_5_bps": -0.027715039024161926,
        "annual_volatility_rescaled_2_5_bps": 0.15000000000000568,
        "downside_risk_rescaled_2_5_bps": 0.11042782191915017,
        "max_drawdown_rescaled_2_5_bps": 0.17269800757568612,
        "annual_return_rescaled_3_0_bps": -0.09680648746130076,
        "annual_volatility_rescaled_3_0_bps": 0.15000000000000857,
        "downside_risk_rescaled_3_0_bps": 0.1128169021859223,
        "max_drawdown_rescaled_3_0_bps": 0.1947914993856794,
        "sharpe_ratio_years": 2.136716276578202,
        "sharpe_ratio_years_0_5_bps": 1.6285910831421049,
        "sharpe_ratio_years_1_0_bps": 1.1200791344245968,
        "sharpe_ratio_years_1_5_bps": 0.6113043524134822,
        "sharpe_ratio_years_2_0_bps": 0.10239099759312284,
        "sharpe_ratio_years_2_5_bps": -0.40653649201971953,
        "sharpe_ratio_years_3_0_bps": -0.915353662281826,
        "sharpe_ratio_years_std": 0.5926454890752195,
        "sharpe_ratio_years_std_0_5_bps": 0.6414925725906628,
        "sharpe_ratio_years_std_1_0_bps": 0.7070601333107315,
        "sharpe_ratio_years_std_1_5_bps": 0.7852305078617233,
        "sharpe_ratio_years_std_2_0_bps": 0.8726513357301424,
        "sharpe_ratio_years_std_2_5_bps": 0.9668182131000288,
        "sharpe_ratio_years_std_3_0_bps": 1.0659248488980586
    },
    "COMB": {
        "annual_return": 0.025669749947272204,
        "annual_volatility": 0.011058295734548,
        "sharpe_ratio": 2.2301576556859826,
        "downside_risk": 0.007310866972886002,
        "sortino_ratio": 3.4468642217269676,
        "max_drawdown": 0.007328608948041601,
        "calmar_ratio": 3.7477348767811924,
        "perc_pos_return": 0.5720466313489563,
        "profit_loss_ratio": 1.1048214520411006,
        "annual_return_0_5_bps": 0.0201476357580384,
        "annual_volatility_0_5_bps": 0.011058966193416401,
        "sharpe_ratio_0_5_bps": 1.7106191176680987,
        "downside_risk_0_5_bps": 0.0074704139017544,
        "sortino_ratio_0_5_bps": 2.5882766303750993,
        "max_drawdown_0_5_bps": 0.007934749856506801,
        "calmar_ratio_0_5_bps": 2.6597689121387895,
        "perc_pos_return_0_5_bps": 0.5519870471033259,
        "profit_loss_ratio_0_5_bps": 1.094513109969019,
        "annual_return_1_0_bps": 0.0146554129921452,
        "annual_volatility_1_0_bps": 0.011060554892003202,
        "sharpe_ratio_1_0_bps": 1.1909522714432625,
        "downside_risk_1_0_bps": 0.007634068863213,
        "sortino_ratio_1_0_bps": 1.7706789060589578,
        "max_drawdown_1_0_bps": 0.0088689100164558,
        "calmar_ratio_1_0_bps": 1.7006101959611726,
        "perc_pos_return_1_0_bps": 0.5326997326997323,
        "profit_loss_ratio_1_0_bps": 1.0830337949652473,
        "annual_return_1_5_bps": 0.009192919026883602,
        "annual_volatility_1_5_bps": 0.0110630614685272,
        "sharpe_ratio_1_5_bps": 0.6712980734390417,
        "downside_risk_1_5_bps": 0.007801920303961202,
        "sortino_ratio_1_5_bps": 0.9924428814301933,
        "max_drawdown_1_5_bps": 0.010258615628270601,
        "calmar_ratio_1_5_bps": 0.9904063589450123,
        "perc_pos_return_1_5_bps": 0.517261496098705,
        "profit_loss_ratio_1_5_bps": 1.0528379675560409,
        "annual_return_2_0_bps": 0.0037599921283518003,
        "annual_volatility_2_0_bps": 0.011066485315800002,