{
    "ALL": {
        "performance_sw": 1.0599116079966169,
        "performance_fw": 1.4166103731508046,
        "val_loss": 2.484346856149631,
        "annual_return_2017_2018": 0.011172384149999992,
        "annual_volatility_2017_2018": 0.010534792289738634,
        "sharpe_ratio_2017_2018": 1.0599116079966167,
        "downside_risk_2017_2018": 0.0069373023165832885,
        "sortino_ratio_2017_2018": 1.6095519736880384,
        "max_drawdown_2017_2018": 0.009506189650850193,
        "calmar_ratio_2017_2018": 1.1752746957873685,
        "perc_pos_return_2017_2018": 0.5232558139534884,
        "profit_loss_ratio_2017_2018": 1.084407549645942,
        "sharpe_ratio_2017": 1.3071909240890316,
        "annual_return_2017_2018_0_5_bps": 0.005288340118693169,
        "annual_volatility_2017_2018_0_5_bps": 0.010543921336011886,
        "sharpe_ratio_2017_2018_0_5_bps": 0.5054882102562476,
        "downside_risk_2017_2018_0_5_bps": 0.007141872165657609,
        "sortino_ratio_2017_2018_0_5_bps": 0.7462788189982327,
        "max_drawdown_2017_2018_0_5_bps": 0.011970522569590596,
        "calmar_ratio_2017_2018_0_5_bps": 0.4417802220370431,
        "perc_pos_return_2017_2018_0_5_bps": 0.49224806201550386,
        "profit_loss_ratio_2017_2018_0_5_bps": 1.12071720649933,
        "sharpe_ratio_2017_0_5_bps": 0.7652846860948981,
        "annual_return_2017_2018_1_0_bps": -0.0005616081814183715,
        "annual_volatility_2017_2018_1_0_bps": 0.010553863062374644,
        "sharpe_ratio_2017_2018_1_0_bps": -0.04797227160219475,
        "downside_risk_2017_2018_1_0_bps": 0.007350685922532876,
        "sortino_ratio_2017_2018_1_0_bps": -0.06887694435816005,
        "max_drawdown_2017_2018_1_0_bps": 0.01442878467505003,
        "calmar_ratio_2017_2018_1_0_bps": -0.03892276404883173,
        "perc_pos_return_2017_2018_1_0_bps": 0.4806201550387597,
        "profit_loss_ratio_2017_2018_1_0_bps": 1.072181327499956,
        "sharpe_ratio_2017_1_0_bps": 0.22445352443985395,
        "annual_return_2017_2018_1_5_bps": -0.006377657489350597,
        "annual_volatility_2017_2018_1_5_bps": 0.010564615174533531,
        "sharpe_ratio_2017_2018_1_5_bps": -0.600344962026937,
        "downside_risk_2017_2018_1_5_bps": 0.007563665474612817,
        "sortino_ratio_2017_2018_1_5_bps": -0.8385370184697655,
        "max_drawdown_2017_2018_1_5_bps": 0.017387398086126694,
        "calmar_ratio_2017_2018_1_5_bps": -0.36679769208478025,
        "perc_pos_return_2017_2018_1_5_bps": 0.4689922480620155,
        "profit_loss_ratio_2017_2018_1_5_bps": 1.0262351164429113,
        "sharpe_ratio_2017_1_5_bps": -0.31519723602142824,
        "annual_return_2017_2018_2_0_bps": -0.012160003413706155,
        "annual_volatility_2017_2018_2_0_bps": 0.010576175200888622,
        "sharpe_ratio_2017_2018_2_0_bps": -1.1515064732726061,
        "downside_risk_2017_2018_2_0_bps": 0.007780755993500756,
        "sortino_ratio_2017_2018_2_0_bps": -1.5652122000048774,
        "max_drawdown_2017_2018_2_0_bps": 0.02080338442115898,
        "calmar_ratio_2017_2018_2_0_bps": -0.5845204399212226,
        "perc_pos_return_2017_2018_2_0_bps": 0.46124031007751937,
        "profit_loss_ratio_2017_2018_2_0_bps": 0.9674971908164619,
        "sharpe_ratio_2017_2_0_bps": -0.8535636846446792,
        "annual_return_2017_2018_2_5_bps": -0.017908840439137652,
        "annual_volatility_2017_2018_2_5_bps": 0.01058854049532219,
        "sharpe_ratio_2017_2018_2_5_bps": -1.7013350352440828,
        "downside_risk_2017_2018_2_5_bps": 0.008001863545232217,
        "sortino_ratio_2017_2018_2_5_bps": -2.251307437943767,
        "max_drawdown_2017_2018_2_5_bps": 0.025374699915217035,
        "calmar_ratio_2017_2018_2_5_bps": -0.7057754574034526,
        "perc_pos_return_2017_2018_2_5_bps": 0.45348837209302323,
        "profit_loss_ratio_2017_2018_2_5_bps": 0.9124246201306973,
        "sharpe_ratio_2017_2_5_bps": -1.3905434165463815,
        "annual_return_2017_2018_3_0_bps": -0.023624361932768068,
        "annual_volatility_2017_2018_3_0_bps": 0.010601708240163155,
        "sharpe_ratio_2017_2018_3_0_bps": -2.2497106208734197,
        "downside_risk_2017_2018_3_0_bps": 0.00822680635698934,
        "sortino_ratio_2017_2018_3_0_bps": -2.89915364387216,
        "max_drawdown_2017_2018_3_0_bps": 0.029946848141503463,
        "calmar_ratio_2017_2018_3_0_bps": -0.7888764059956935,
        "perc_pos_return_2017_2018_3_0_bps": 0.4496124031007752,
        "profit_loss_ratio_2017_2018_3_0_bps": 0.847066528277189,
        "sharpe_ratio_2017_3_0_bps": -1.9260356205613594
    },
    "COMB": {
        "annual_return_2017_2018": 0.011172384149999992,
        "annual_volatility_2017_2018": 0.010534792289738634,
        "sharpe_ratio_2017_2018": 1.0599116079966167,
        "downside_risk_2017_2018": 0.0069373023165832885,
        "sortino_ratio_2017_2018": 1.6095519736880384,
        "max_drawdown_2017_2018": 0.009506189650850193,
        "calmar_ratio_2017_2018": 1.1752746957873685,
        "perc_pos_return_2017_2018": 0.5232558139534884,
        "profit_loss_ratio_2017_2018": 1.084407549645942,
        "sharpe_ratio_2017": 1.3071909240890316,
        "annual_return_2017_2018_0_5_bps": 0.005288340118693169,
        "annual_volatility_2017_2018_0_5_bps": 0.010543921336011886,
        "sharpe_ratio_2017_2018_0_5_bps": 0.5054882102562476,
        "downside_risk_2017_2018_0_5_bps": 0.007141872165657609,
        "sortino_ratio_2017_2018_0_5_bps": 0.7462788189982327,
        "max_drawdown_2017_2018_0_5_bps": 0.011970522569590596,
        "calmar_ratio_2017_2018_0_5_bps": 0.4417802220370431,
        "perc_pos_return_2017_2018_0_5_bps": 0.49224806201550386,
        "profit_loss_ratio_2017_2018_0_5_bps": 1.12071720649933,
        "sharpe_ratio_2017_0_5_bps": 0.7652846860948981,
        "annual_return_2017_2018_1_0_bps": -0.0005616081814183715,
        "annual_volatility_2017_2018_1_0_bps": 0.010553863062374644,
        "sharpe_ratio_2017_2018_1_0_bps": -0.04797227160219475,
        "downside_risk_2017_2018_1_0_bps": 0.007350685922532876,
        "sortino_ratio_2017_2018_1_0_bps": -0.06887694435816005,
        "max_drawdown_2017_2018_1_0_bps": 0.01442878467505003,
        "calmar_ratio_2017_2018_1_0_bps": -0.03892276404883173,
        "perc_pos_return_2017_2018_1_0_bps": 0.4806201550387597,
        "profit_loss_ratio_2017_2018_1_0_bps": 1.072181327499956,
        "sharpe_ratio_2017_1_0_bps": 0.22445352443985395,
        "annual_return_2017_2018_1_5_bps": -0.006377657489350597,
        "annual_volatility_2017_2018_1_5_bps": 0.010564615174533531,
        "sharpe_ratio_2017_2018_1_5_bps": -0.600344962026937,
        "downside_risk_2017_2018_1_5_bps": 0.007563665474612817,
        "sortino_ratio_2017_2018_1_5_bps": -0.8385370184697655,
        "max_drawdown_2017_2018_1_5_bps": 0.017387398086126694,
        "calmar_ratio_2017_2018_1_5_bps": -0.36679769208478025,
        "perc_pos_return_2017_2018_1_5_bps": 0.4689922480620155,
        "profit_loss_ratio_2017_2018_1_5_bps": 1.0262351164429113,
        "sharpe_ratio_2017_1_5_bps": -0.31519723602142824,
        "annual_return_2017_2018_2_0_bps": -0.012160003413706155,
        "annual_volatility_2017_2018_2_0_bps": 0.010576175200888622,
        "sharpe_ratio_2017_2018_2_0_bps": -1.1515064732726061,
        "downside_risk_2017_2018_2_0_bps": 0.007780755993500756,
        "sortino_ratio_2017_2018_2_0_bps": -1.5652122000048774,
        "max_drawdown_2017_2018_2_0_bps": 0.02080338442115898,
        "calmar_ratio_2017_2018_2_0_bps": -0.5845204399212226,
        "perc_pos_return_2017_2018_2_0_bps": 0.46124031007751937,
        "profit_loss_ratio_2017_2018_2_0_bps": 0.9674971908164619,
        "sharpe_ratio_2017_2_0_bps": -0.8535636846446792,
        "annual_return_2017_2018_2_5_bps": -0.017908840439137652,
        "annual_volatility_2017_2018_2_5_bps": 0.01058854049532219,
        "sharpe_ratio_2017_2018_2_5_bps": -1.7013350352440828,
        "downside_risk_2017_2018_2_5_bps": 0.008001863545232217,