{
    "ALL": {
        "performance_sw": 0.9884566632904568,
        "performance_fw": 1.2309515942968872,
        "val_loss": 2.5975335276370584,
        "annual_return_2017_2018": 0.007035148016684811,
        "annual_volatility_2017_2018": 0.007118014360546817,
        "sharpe_ratio_2017_2018": 0.9884566632904573,
        "downside_risk_2017_2018": 0.004760024507129455,
        "sortino_ratio_2017_2018": 1.478111869706035,
        "max_drawdown_2017_2018": 0.007757376496498363,
        "calmar_ratio_2017_2018": 0.9068978436022073,
        "perc_pos_return_2017_2018": 0.5077519379844961,
        "profit_loss_ratio_2017_2018": 1.142865238088133,
        "sharpe_ratio_2017": 1.0802554227203782,
        "annual_return_2017_2018_0_5_bps": 0.0014359590717996085,
        "annual_volatility_2017_2018_0_5_bps": 0.007127291062565611,
        "sharpe_ratio_2017_2018_0_5_bps": 0.20487923254948248,
        "downside_risk_2017_2018_0_5_bps": 0.004953350493139108,
        "sortino_ratio_2017_2018_0_5_bps": 0.29479721353814947,
        "max_drawdown_2017_2018_0_5_bps": 0.00911055272272493,
        "calmar_ratio_2017_2018_0_5_bps": 0.15761492364978258,
        "perc_pos_return_2017_2018_0_5_bps": 0.49224806201550386,
        "profit_loss_ratio_2017_2018_0_5_bps": 1.0671787908638404,
        "sharpe_ratio_2017_0_5_bps": 0.2968449392276472,
        "annual_return_2017_2018_1_0_bps": -0.0041322286292574395,
        "annual_volatility_2017_2018_1_0_bps": 0.007137657009554381,
        "sharpe_ratio_2017_2018_1_0_bps": -0.5765730788773413,
        "downside_risk_2017_2018_1_0_bps": 0.005153144192006196,
        "sortino_ratio_2017_2018_1_0_bps": -0.7986155101875826,
        "max_drawdown_2017_2018_1_0_bps": 0.010461914261947126,
        "calmar_ratio_2017_2018_1_0_bps": -0.39497825405504394,
        "perc_pos_return_2017_2018_1_0_bps": 0.4728682170542636,
        "profit_loss_ratio_2017_2018_1_0_bps": 1.0132657462400614,
        "sharpe_ratio_2017_1_0_bps": -0.48443142016671076,
        "annual_return_2017_2018_1_5_bps": -0.009669586009122377,
        "annual_volatility_2017_2018_1_5_bps": 0.007149107463417389,
        "sharpe_ratio_2017_2018_1_5_bps": -1.3555532251519953,
        "downside_risk_2017_2018_1_5_bps": 0.005359251205055699,
        "sortino_ratio_2017_2018_1_5_bps": -1.8082741988006743,
        "max_drawdown_2017_2018_1_5_bps": 0.012741625195788413,
        "calmar_ratio_2017_2018_1_5_bps": -0.7588973824405493,
        "perc_pos_return_2017_2018_1_5_bps": 0.45348837209302323,
        "profit_loss_ratio_2017_2018_1_5_bps": 0.9633515690125695,
        "sharpe_ratio_2017_1_5_bps": -1.263276220016215,
        "annual_return_2017_2018_2_0_bps": -0.015176283052051653,
        "annual_volatility_2017_2018_2_0_bps": 0.007161637222233189,
        "sharpe_ratio_2017_2018_2_0_bps": -2.131720723387542,
        "downside_risk_2017_2018_2_0_bps": 0.005571465559580255,
        "sortino_ratio_2017_2018_2_0_bps": -2.7401426638574136,
        "max_drawdown_2017_2018_2_0_bps": 0.01685952095247007,
        "calmar_ratio_2017_2018_2_0_bps": -0.900160988846376,
        "perc_pos_return_2017_2018_2_0_bps": 0.43410852713178294,
        "profit_loss_ratio_2017_2018_2_0_bps": 0.9173175859657894,
        "sharpe_ratio_2017_2_0_bps": -2.039397601565883,
        "annual_return_2017_2018_2_5_bps": -0.02065248880904269,
        "annual_volatility_2017_2018_2_5_bps": 0.0071752406317975035,
        "sharpe_ratio_2017_2018_2_5_bps": -2.9047423425325913,
        "downside_risk_2017_2018_2_5_bps": 0.005789578966652764,
        "sortino_ratio_2017_2018_2_5_bps": -3.5999552646385973,
        "max_drawdown_2017_2018_2_5_bps": 0.022209203672195563,
        "calmar_ratio_2017_2018_2_5_bps": -0.929906768107054,
        "perc_pos_return_2017_2018_2_5_bps": 0.4263565891472868,
        "profit_loss_ratio_2017_2018_2_5_bps": 0.8340603979822323,
        "sharpe_ratio_2017_2_5_bps": -2.8125097833287227,
        "annual_return_2017_2018_3_0_bps": -0.0260983714029559,
        "annual_volatility_2017_2018_3_0_bps": 0.007189911598027896,
        "sharpe_ratio_2017_2018_3_0_bps": -3.6742927533786416,
        "downside_risk_2017_2018_3_0_bps": 0.006013148185957662,
        "sortino_ratio_2017_2018_3_0_bps": -4.393345925477073,
        "max_drawdown_2017_2018_3_0_bps": 0.027690257066768142,
        "calmar_ratio_2017_2018_3_0_bps": -0.9425109828350886,
        "perc_pos_return_2017_2018_3_0_bps": 0.41472868217054265,
        "profit_loss_ratio_2017_2018_3_0_bps": 0.7704093751693041,
        "sharpe_ratio_2017_3_0_bps": -3.5823335336691366
    },
    "COMB": {
        "annual_return_2017_2018": 0.007035148016684811,
        "annual_volatility_2017_2018": 0.007118014360546817,
        "sharpe_ratio_2017_2018": 0.9884566632904573,
        "downside_risk_2017_2018": 0.004760024507129455,
        "sortino_ratio_2017_2018": 1.478111869706035,
        "max_drawdown_2017_2018": 0.007757376496498363,
        "calmar_ratio_2017_2018": 0.9068978436022073,
        "perc_pos_return_2017_2018": 0.5077519379844961,
        "profit_loss_ratio_2017_2018": 1.142865238088133,
        "sharpe_ratio_2017": 1.0802554227203782,
        "annual_return_2017_2018_0_5_bps": 0.0014359590717996085,
        "annual_volatility_2017_2018_0_5_bps": 0.007127291062565611,
        "sharpe_ratio_2017_2018_0_5_bps": 0.20487923254948248,
        "downside_risk_2017_2018_0_5_bps": 0.004953350493139108,
        "sortino_ratio_2017_2018_0_5_bps": 0.29479721353814947,
        "max_drawdown_2017_2018_0_5_bps": 0.00911055272272493,
        "calmar_ratio_2017_2018_0_5_bps": 0.15761492364978258,
        "perc_pos_return_2017_2018_0_5_bps": 0.49224806201550386,
        "profit_loss_ratio_2017_2018_0_5_bps": 1.0671787908638404,
        "sharpe_ratio_2017_0_5_bps": 0.2968449392276472,
        "annual_return_2017_2018_1_0_bps": -0.0041322286292574395,
        "annual_volatility_2017_2018_1_0_bps": 0.007137657009554381,
        "sharpe_ratio_2017_2018_1_0_bps": -0.5765730788773413,
        "downside_risk_2017_2018_1_0_bps": 0.005153144192006196,
        "sortino_ratio_2017_2018_1_0_bps": -0.7986155101875826,
        "max_drawdown_2017_2018_1_0_bps": 0.010461914261947126,
        "calmar_ratio_2017_2018_1_0_bps": -0.39497825405504394,
        "perc_pos_return_2017_2018_1_0_bps": 0.4728682170542636,
        "profit_loss_ratio_2017_2018_1_0_bps": 1.0132657462400614,
        "sharpe_ratio_2017_1_0_bps": -0.48443142016671076,
        "annual_return_2017_2018_1_5_bps": -0.009669586009122377,
        "annual_volatility_2017_2018_1_5_bps": 0.007149107463417389,
        "sharpe_ratio_2017_2018_1_5_bps": -1.3555532251519953,
        "downside_risk_2017_2018_1_5_bps": 0.005359251205055699,
        "sortino_ratio_2017_2018_1_5_bps": -1.8082741988006743,
        "max_drawdown_2017_2018_1_5_bps": 0.012741625195788413,
        "calmar_ratio_2017_2018_1_5_bps": -0.7588973824405493,
        "perc_pos_return_2017_2018_1_5_bps": 0.45348837209302323,
        "profit_loss_ratio_2017_2018_1_5_bps": 0.9633515690125695,
        "sharpe_ratio_2017_1_5_bps": -1.263276220016215,
        "annual_return_2017_2018_2_0_bps": -0.015176283052051653,
        "annual_volatility_2017_2018_2_0_bps": 0.007161637222233189,
        "sharpe_ratio_2017_2018_2_0_bps": -2.131720723387542,
        "downside_risk_2017_2018_2_0_bps": 0.005571465559580255,
        "sortino_ratio_2017_2018_2_0_bps": -2.7401426638574136,
        "max_drawdown_2017_2018_2_0_bps": 0.01685952095247007,
        "calmar_ratio_2017_2018_2_0_bps": -0.900160988846376,
        "perc_pos_return_2017_2018_2_0_bps": 0.43410852713178294,
        "profit_loss_ratio_2017_2018_2_0_bps": 0.9173175859657894,
        "sharpe_ratio_2017_2_0_bps": -2.039397601565883,
        "annual_return_2017_2018_2_5_bps": -0.02065248880904269,
        "annual_volatility_2017_2018_2_5_bps": 0.0071752406317975035,
        "sharpe_ratio_2017_2018_2_5_bps": -2.9047423425325913,
        "downside_risk_2017_2018_2_5_bps": 0.005789578966652764,