{
    "ALL": {
        "annual_return": 0.0155575672842196,
        "annual_volatility": 0.0127959237798414,
        "sharpe_ratio": 1.5133983293163187,
        "downside_risk": 0.008835357852130401,
        "sortino_ratio": 2.528870900352925,
        "max_drawdown": 0.0137270260162306,
        "calmar_ratio": 2.521886577871425,
        "perc_pos_return": 0.5558302769930672,
        "profit_loss_ratio": 1.0523829106879838,
        "annual_return_0_5_bps": 0.010762211940691001,
        "annual_volatility_0_5_bps": 0.012796250726144803,
        "sharpe_ratio_0_5_bps": 1.1082911052820417,
        "downside_risk_0_5_bps": 0.008974199221671201,
        "sortino_ratio_0_5_bps": 1.853907465632012,
        "max_drawdown_0_5_bps": 0.014370360639069202,
        "calmar_ratio_0_5_bps": 1.8056303339123065,
        "perc_pos_return_0_5_bps": 0.5373270894201124,
        "profit_loss_ratio_0_5_bps": 1.056739251828128,
        "annual_return_1_0_bps": 0.0059899316011922,
        "annual_volatility_1_0_bps": 0.012797132298924202,
        "sharpe_ratio_1_0_bps": 0.7033592951663398,
        "downside_risk_1_0_bps": 0.009115867271799001,
        "sortino_ratio_1_0_bps": 1.2072737931366597,
        "max_drawdown_1_0_bps": 0.015272767088751601,
        "calmar_ratio_1_0_bps": 1.1752227788155234,
        "perc_pos_return_1_0_bps": 0.5257618287850843,
        "profit_loss_ratio_1_0_bps": 1.027728995617673,
        "annual_return_1_5_bps": 0.0012406130933910007,
        "annual_volatility_1_5_bps": 0.0127985679902624,
        "sharpe_ratio_1_5_bps": 0.2986663931166726,
        "downside_risk_1_5_bps": 0.0092603441937926,
        "sortino_ratio_1_5_bps": 0.5877531855454483,
        "max_drawdown_1_5_bps": 0.0163451509921394,
        "calmar_ratio_1_5_bps": 0.6607075020923905,
        "perc_pos_return_1_5_bps": 0.5157379996914874,
        "profit_loss_ratio_1_5_bps": 0.9916417630805349,
        "annual_return_2_0_bps": -0.0034858561895906,
        "annual_volatility_2_0_bps": 0.012800557209999602,
        "sharpe_ratio_2_0_bps": -0.10572455842689199,
        "downside_risk_2_0_bps": 0.0094076060950046,
        "sortino_ratio_2_0_bps": -0.005822283626718772,
        "max_drawdown_2_0_bps": 0.018150325523334804,
        "calmar_ratio_2_0_bps": 0.286174902297875,
        "perc_pos_return_2_0_bps": 0.5033915592055123,
        "profit_loss_ratio_2_0_bps": 0.9639479112151896,
        "annual_return_2_5_bps": -0.008189588292053601,
        "annual_volatility_2_5_bps": 0.012803099286560201,
        "sharpe_ratio_2_5_bps": -0.5097510207423606,
        "downside_risk_2_5_bps": 0.0095576823751262,
        "sortino_ratio_2_5_bps": -0.5745525166555272,
        "max_drawdown_2_5_bps": 0.020124254850038204,
        "calmar_ratio_2_5_bps": -0.028290737614449224,
        "perc_pos_return_2_5_bps": 0.4856605724047582,
        "profit_loss_ratio_2_5_bps": 0.9634509708090441,
        "annual_return_3_0_bps": -0.0128706946985786,
        "annual_volatility_3_0_bps": 0.012806193467844002,
        "sharpe_ratio_3_0_bps": -0.9133510092679111,
        "downside_risk_3_0_bps": 0.009710623747759,
        "sortino_ratio_3_0_bps": -1.11948320899902,
        "max_drawdown_3_0_bps": 0.0220992351937348,
        "calmar_ratio_3_0_bps": -0.2982503211495892,
        "perc_pos_return_3_0_bps": 0.470240247914666,
        "profit_loss_ratio_3_0_bps": 0.9526714599765256,
        "annual_return_rescaled": 0.20322268359059734,
        "annual_volatility_rescaled": 0.15000000000000377,
        "downside_risk_rescaled": 0.10357233292585707,
        "max_drawdown_rescaled": 0.14336365200926854,
        "annual_return_rescaled_0_5_bps": 0.13829805703103976,
        "annual_volatility_rescaled_0_5_bps": 0.1500000000000042,
        "downside_risk_rescaled_0_5_bps": 0.10519721065643153,
        "max_drawdown_rescaled_0_5_bps": 0.14980809681779736,
        "annual_return_rescaled_1_0_bps": 0.07693087542487938,
        "annual_volatility_rescaled_1_0_bps": 0.15000000000000516,
        "downside_risk_rescaled_1_0_bps": 0.10685050828808332,
        "max_drawdown_rescaled_1_0_bps": 0.15947667868280435,
        "annual_return_rescaled_1_5_bps": 0.0189304163074701,
        "annual_volatility_rescaled_1_5_bps": 0.15000000000000652,
        "downside_risk_rescaled_1_5_bps": 0.10853180059877224,
        "max_drawdown_rescaled_1_5_bps": 0.17081448595581636,
        "annual_return_rescaled_2_0_bps": -0.03588445199349357,
        "annual_volatility_rescaled_2_0_bps": 0.1500000000000048,
        "downside_risk_rescaled_2_0_bps": 0.11024058492925404,
        "max_drawdown_rescaled_2_0_bps": 0.18882702942727705,
        "annual_return_rescaled_2_5_bps": -0.08768569245903568,
        "annual_volatility_rescaled_2_5_bps": 0.15000000000000346,
        "downside_risk_rescaled_2_5_bps": 0.11197697715067856,
        "max_drawdown_rescaled_2_5_bps": 0.20755769056611556,
        "annual_return_rescaled_3_0_bps": -0.13663650784217884,
        "annual_volatility_rescaled_3_0_bps": 0.15000000000000388,
        "downside_risk_rescaled_3_0_bps": 0.11374133662913619,
        "max_drawdown_rescaled_3_0_bps": 0.22545339742043408,
        "sharpe_ratio_years": 1.551628950355645,
        "sharpe_ratio_years_0_5_bps": 1.14786785985326,
        "sharpe_ratio_years_1_0_bps": 0.7442465219094678,
        "sharpe_ratio_years_1_5_bps": 0.3408207661619974,
        "sharpe_ratio_years_2_0_bps": -0.06235391590124999,
        "sharpe_ratio_years_2_5_bps": -0.46522241045882806,
        "sharpe_ratio_years_3_0_bps": -0.8677300198311825,
        "sharpe_ratio_years_std": 1.2331183145113294,
        "sharpe_ratio_years_std_0_5_bps": 1.1811471544110703,
        "sharpe_ratio_years_std_1_0_bps": 1.1407682604532534,
        "sharpe_ratio_years_std_1_5_bps": 1.11307580213632,
        "sharpe_ratio_years_std_2_0_bps": 1.0988453590121317,
        "sharpe_ratio_years_std_2_5_bps": 1.0984031732790271,
        "sharpe_ratio_years_std_3_0_bps": 1.1115586725996853
    },
    "COMB": {
        "annual_return": 0.0155575672842196,
        "annual_volatility": 0.0127959237798414,
        "sharpe_ratio": 1.5133983293163187,
        "downside_risk": 0.008835357852130401,
        "sortino_ratio": 2.528870900352925,
        "max_drawdown": 0.0137270260162306,
        "calmar_ratio": 2.521886577871425,
        "perc_pos_return": 0.5558302769930672,
        "profit_loss_ratio": 1.0523829106879838,
        "annual_return_0_5_bps": 0.010762211940691001,
        "annual_volatility_0_5_bps": 0.012796250726144803,
        "sharpe_ratio_0_5_bps": 1.1082911052820417,
        "downside_risk_0_5_bps": 0.008974199221671201,
        "sortino_ratio_0_5_bps": 1.853907465632012,
        "max_drawdown_0_5_bps": 0.014370360639069202,
        "calmar_ratio_0_5_bps": 1.8056303339123065,
        "perc_pos_return_0_5_bps": 0.5373270894201124,
        "profit_loss_ratio_0_5_bps": 1.056739251828128,
        "annual_return_1_0_bps": 0.0059899316011922,
        "annual_volatility_1_0_bps": 0.012797132298924202,
        "sharpe_ratio_1_0_bps": 0.7033592951663398,
        "downside_risk_1_0_bps": 0.009115867271799001,
        "sortino_ratio_1_0_bps": 1.2072737931366597,
        "max_drawdown_1_0_bps": 0.015272767088751601,
        "calmar_ratio_1_0_bps": 1.1752227788155234,
        "perc_pos_return_1_0_bps": 0.5257618287850843,
        "profit_loss_ratio_1_0_bps": 1.027728995617673,
        "annual_return_1_5_bps": 0.0012406130933910007,
        "annual_volatility_1_5_bps": 0.0127985679902624,
        "sharpe_ratio_1_5_bps": 0.2986663931166726,
        "downside_risk_1_5_bps": 0.0092603441937926,
        "sortino_ratio_1_5_bps": 0.5877531855454483,
        "max_drawdown_1_5_bps": 0.0163451509921394,
        "calmar_ratio_1_5_bps": 0.6607075020923905,
        "perc_pos_return_1_5_bps": 0.5157379996914874,
        "profit_loss_ratio_1_5_bps": 0.9916417630805349,
        "annual_return_2_0_bps": -0.0034858561895906,
        "annual_volatility_2_0_bps": 0.012800557209999602,