{
    "ALL": {
        "annual_return": 0.014877909298617601,
        "annual_volatility": 0.011469320804815001,
        "sharpe_ratio": 1.242246349161747,
        "downside_risk": 0.007779172092916201,
        "sortino_ratio": 2.3969392928260147,
        "max_drawdown": 0.0127332005456392,
        "calmar_ratio": 2.6604029358830794,
        "perc_pos_return": 0.552777275102856,
        "profit_loss_ratio": 1.0553241928056445,
        "annual_return_0_5_bps": 0.009975323494107801,
        "annual_volatility_0_5_bps": 0.0114687698575018,
        "sharpe_ratio_0_5_bps": 0.7759121055775104,
        "downside_risk_0_5_bps": 0.0079294235972586,
        "sortino_ratio_0_5_bps": 1.5975970637342252,
        "max_drawdown_0_5_bps": 0.013658686011408799,
        "calmar_ratio_0_5_bps": 1.8801283184989663,
        "perc_pos_return_0_5_bps": 0.5404368436926573,
        "profit_loss_ratio_0_5_bps": 1.01430249157301,
        "annual_return_1_0_bps": 0.0050983436301012,
        "annual_volatility_1_0_bps": 0.011468943704936802,
        "sharpe_ratio_1_0_bps": 0.31003238757002743,
        "downside_risk_1_0_bps": 0.008083273709666801,
        "sortino_ratio_1_0_bps": 0.8458907510788679,
        "max_drawdown_1_0_bps": 0.014583115951242401,
        "calmar_ratio_1_0_bps": 1.2476154121269205,
        "perc_pos_return_1_0_bps": 0.5188209088209084,
        "profit_loss_ratio_1_0_bps": 1.007310770174119,
        "annual_return_1_5_bps": 0.0002468270235428012,
        "annual_volatility_1_5_bps": 0.011469841019767,
        "sharpe_ratio_1_5_bps": -0.15525420033843707,
        "downside_risk_1_5_bps": 0.008240733110471802,
        "sortino_ratio_1_5_bps": 0.1386396511026577,
        "max_drawdown_1_5_bps": 0.016091614644914803,
        "calmar_ratio_1_5_bps": 0.6878490551612662,
        "perc_pos_return_1_5_bps": 0.5018322615997031,
        "profit_loss_ratio_1_5_bps": 0.9879369393383755,
        "annual_return_2_0_bps": -0.0045793681751898005,
        "annual_volatility_2_0_bps": 0.011471460266891201,
        "sharpe_ratio_2_0_bps": -0.6198115856122322,
        "downside_risk_2_0_bps": 0.008401857183673,
        "sortino_ratio_2_0_bps": -0.5271259761515271,
        "max_drawdown_2_0_bps": 0.0182886209127898,
        "calmar_ratio_2_0_bps": 0.17699331889276382,
        "perc_pos_return_2_0_bps": 0.4848674895186522,
        "profit_loss_ratio_2_0_bps": 0.9638883052941495,
        "annual_return_2_5_bps": -0.009380382987308802,
        "annual_volatility_2_5_bps": 0.011473799708365201,
        "sharpe_ratio_2_5_bps": -1.0835064827253797,
        "downside_risk_2_5_bps": 0.008566578087784802,
        "sortino_ratio_2_5_bps": -1.1542309808086229,
        "max_drawdown_2_5_bps": 0.020726512347176602,
        "calmar_ratio_2_5_bps": -0.17205965633884246,
        "perc_pos_return_2_5_bps": 0.4733052219098724,
        "profit_loss_ratio_2_5_bps": 0.9314771251788503,
        "annual_return_3_0_bps": -0.014156357610603201,
        "annual_volatility_3_0_bps": 0.011476857408641001,
        "sharpe_ratio_3_0_bps": -1.546208629190597,
        "downside_risk_3_0_bps": 0.008734754370342001,
        "sortino_ratio_3_0_bps": -1.7454226946235365,
        "max_drawdown_3_0_bps": 0.023521936711194603,
        "calmar_ratio_3_0_bps": -0.41123656144464926,
        "perc_pos_return_3_0_bps": 0.4586451491102652,
        "profit_loss_ratio_3_0_bps": 0.9087959130686478,
        "annual_return_rescaled": 0.2396538567129048,
        "annual_volatility_rescaled": 0.15000000000000857,
        "downside_risk_rescaled": 0.10173887659046461,
        "max_drawdown_rescaled": 0.15154759455480465,
        "annual_return_rescaled_0_5_bps": 0.16001402925992517,
        "annual_volatility_rescaled_0_5_bps": 0.1500000000000065,
        "downside_risk_rescaled_0_5_bps": 0.10370890290477419,
        "max_drawdown_rescaled_0_5_bps": 0.16197516028722156,
        "annual_return_rescaled_1_0_bps": 0.0858271714124568,
        "annual_volatility_rescaled_1_0_bps": 0.15000000000000627,
        "downside_risk_rescaled_1_0_bps": 0.10571950544392132,
        "max_drawdown_rescaled_1_0_bps": 0.17226669580097342,
        "annual_return_rescaled_1_5_bps": 0.01671431651890589,
        "annual_volatility_rescaled_1_5_bps": 0.15000000000000455,
        "downside_risk_rescaled_1_5_bps": 0.10777045335157945,
        "max_drawdown_rescaled_1_5_bps": 0.19006809413928444,
        "annual_return_rescaled_2_0_bps": -0.047677944844944566,
        "annual_volatility_rescaled_2_0_bps": 0.1500000000000073,
        "downside_risk_rescaled_2_0_bps": 0.10986208801929465,
        "max_drawdown_rescaled_2_0_bps": 0.21391002327143246,
        "annual_return_rescaled_2_5_bps": -0.10767904141284693,
        "annual_volatility_rescaled_2_5_bps": 0.15000000000000696,
        "downside_risk_rescaled_2_5_bps": 0.11199312745811166,
        "max_drawdown_rescaled_2_5_bps": 0.23980723824681904,
        "annual_return_rescaled_3_0_bps": -0.1635959184219378,
        "annual_volatility_rescaled_3_0_bps": 0.15000000000000427,
        "downside_risk_rescaled_3_0_bps": 0.11416131689193251,
        "max_drawdown_rescaled_3_0_bps": 0.2684184311127914,
        "sharpe_ratio_years": 1.2307095552995688,
        "sharpe_ratio_years_0_5_bps": 0.7677898319003091,
        "sharpe_ratio_years_1_0_bps": 0.3052374656479512,
        "sharpe_ratio_years_1_5_bps": -0.15682900094940466,
        "sharpe_ratio_years_2_0_bps": -0.6182927636852258,
        "sharpe_ratio_years_2_5_bps": -1.0790389501058808,
        "sharpe_ratio_years_3_0_bps": -1.5389548015879364,
        "sharpe_ratio_years_std": 1.256640307572799,
        "sharpe_ratio_years_std_0_5_bps": 1.1935279913416879,
        "sharpe_ratio_years_std_1_0_bps": 1.1729876975033775,
        "sharpe_ratio_years_std_1_5_bps": 1.1965078318537599,
        "sharpe_ratio_years_std_2_0_bps": 1.2608569559146756,
        "sharpe_ratio_years_std_2_5_bps": 1.3594503968212046,
        "sharpe_ratio_years_std_3_0_bps": 1.48467393114898
    },
    "COMB": {
        "annual_return": 0.014877909298617601,
        "annual_volatility": 0.011469320804815001,
        "sharpe_ratio": 1.242246349161747,
        "downside_risk": 0.007779172092916201,
        "sortino_ratio": 2.3969392928260147,
        "max_drawdown": 0.0127332005456392,
        "calmar_ratio": 2.6604029358830794,
        "perc_pos_return": 0.552777275102856,
        "profit_loss_ratio": 1.0553241928056445,
        "annual_return_0_5_bps": 0.009975323494107801,
        "annual_volatility_0_5_bps": 0.0114687698575018,
        "sharpe_ratio_0_5_bps": 0.7759121055775104,
        "downside_risk_0_5_bps": 0.0079294235972586,
        "sortino_ratio_0_5_bps": 1.5975970637342252,
        "max_drawdown_0_5_bps": 0.013658686011408799,
        "calmar_ratio_0_5_bps": 1.8801283184989663,
        "perc_pos_return_0_5_bps": 0.5404368436926573,
        "profit_loss_ratio_0_5_bps": 1.01430249157301,
        "annual_return_1_0_bps": 0.0050983436301012,
        "annual_volatility_1_0_bps": 0.011468943704936802,
        "sharpe_ratio_1_0_bps": 0.31003238757002743,
        "downside_risk_1_0_bps": 0.008083273709666801,
        "sortino_ratio_1_0_bps": 0.8458907510788679,
        "max_drawdown_1_0_bps": 0.014583115951242401,
        "calmar_ratio_1_0_bps": 1.2476154121269205,
        "perc_pos_return_1_0_bps": 0.5188209088209084,
        "profit_loss_ratio_1_0_bps": 1.007310770174119,
        "annual_return_1_5_bps": 0.0002468270235428012,
        "annual_volatility_1_5_bps": 0.011469841019767,
        "sharpe_ratio_1_5_bps": -0.15525420033843707,
        "downside_risk_1_5_bps": 0.008240733110471802,
        "sortino_ratio_1_5_bps": 0.1386396511026577,
        "max_drawdown_1_5_bps": 0.016091614644914803,
        "calmar_ratio_1_5_bps": 0.6878490551612662,
        "perc_pos_return_1_5_bps": 0.5018322615997031,
        "profit_loss_ratio_1_5_bps": 0.9879369393383755,
        "annual_return_2_0_bps": -0.0045793681751898005,
        "annual_volatility_2_0_bps": 0.011471460266891201,