{
    "ALL": {
        "performance_sw": -0.3141638916476185,
        "performance_fw": -0.180644322829648,
        "val_loss": 2.8383079358381527,
        "annual_return_2022_2023": -0.035595029338708284,
        "annual_volatility_2022_2023": 0.0860808644717294,
        "sharpe_ratio_2022_2023": -0.37809630212514933,
        "downside_risk_2022_2023": 0.06186637964707924,
        "sortino_ratio_2022_2023": -0.5260830959587854,
        "max_drawdown_2022_2023": 0.07620886233680758,
        "calmar_ratio_2022_2023": -0.4670720470986022,
        "perc_pos_return_2022_2023": 0.5013698630136987,
        "profit_loss_ratio_2022_2023": 0.9319850053031975,
        "sharpe_ratio_2022": -0.31416389164761865,
        "annual_return_2022_2023_0_5_bps": -0.03715994796716415,
        "annual_volatility_2022_2023_0_5_bps": 0.08608425106806282,
        "sharpe_ratio_2022_2023_0_5_bps": -0.39694113556506844,
        "downside_risk_2022_2023_0_5_bps": 0.06190509888541465,
        "sortino_ratio_2022_2023_0_5_bps": -0.5519800628454554,
        "max_drawdown_2022_2023_0_5_bps": 0.07654354478933732,
        "calmar_ratio_2022_2023_0_5_bps": -0.4854746153896522,
        "perc_pos_return_2022_2023_0_5_bps": 0.5013698630136987,
        "profit_loss_ratio_2022_2023_0_5_bps": 0.928968959634593,
        "sharpe_ratio_2022_0_5_bps": -0.3298222468805575,
        "annual_return_2022_2023_1_0_bps": -0.03872233758342136,
        "annual_volatility_2022_2023_1_0_bps": 0.08608767868610837,
        "sharpe_ratio_2022_2023_1_0_bps": -0.4157842882076632,
        "downside_risk_2022_2023_1_0_bps": 0.06194388313151994,
        "sortino_ratio_2022_2023_1_0_bps": -0.5778440484584342,
        "max_drawdown_2022_2023_1_0_bps": 0.0768781079938106,
        "calmar_ratio_2022_2023_1_0_bps": -0.503684840768179,
        "perc_pos_return_2022_2023_1_0_bps": 0.5013698630136987,
        "profit_loss_ratio_2022_2023_1_0_bps": 0.9259624644976944,
        "sharpe_ratio_2022_1_0_bps": -0.34547920552266614,
        "annual_return_2022_2023_1_5_bps": -0.04028220225785717,
        "annual_volatility_2022_2023_1_5_bps": 0.08609114732096636,
        "sharpe_ratio_2022_2023_1_5_bps": -0.4346257333426123,
        "downside_risk_2022_2023_1_5_bps": 0.061982732263363836,
        "sortino_ratio_2022_2023_1_5_bps": -0.6036750345192222,
        "max_drawdown_2022_2023_1_5_bps": 0.07721255199201166,
        "calmar_ratio_2022_2023_1_5_bps": -0.5217053603153116,
        "perc_pos_return_2022_2023_1_5_bps": 0.5013698630136987,
        "profit_loss_ratio_2022_2023_1_5_bps": 0.9229654746005141,
        "sharpe_ratio_2022_1_5_bps": -0.361134745380079,
        "annual_return_2022_2023_2_0_bps": -0.04183954605430684,
        "annual_volatility_2022_2023_2_0_bps": 0.08609465696767923,
        "sharpe_ratio_2022_2023_2_0_bps": -0.4534654442733479,
        "downside_risk_2022_2023_2_0_bps": 0.062021646159016904,
        "sortino_ratio_2022_2023_2_0_bps": -0.629473003204612,
        "max_drawdown_2022_2023_2_0_bps": 0.07754687682569879,
        "calmar_ratio_2022_2023_2_0_bps": -0.5395387637383399,
        "perc_pos_return_2022_2023_2_0_bps": 0.5013698630136987,
        "profit_loss_ratio_2022_2023_2_0_bps": 0.9199779449369997,
        "sharpe_ratio_2022_2_0_bps": -0.3767888442703585,
        "annual_return_2022_2023_2_5_bps": -0.043394373030103184,
        "annual_volatility_2022_2023_2_5_bps": 0.08609820762123169,
        "sharpe_ratio_2022_2023_2_5_bps": -0.4723033943172426,
        "downside_risk_2022_2023_2_5_bps": 0.06206062470233584,
        "sortino_ratio_2022_2023_2_5_bps": -0.6552379370845729,
        "max_drawdown_2022_2023_2_5_bps": 0.07788108253662789,
        "calmar_ratio_2022_2023_2_5_bps": -0.5571875944289113,
        "perc_pos_return_2022_2023_2_5_bps": 0.4986301369863014,
        "profit_loss_ratio_2022_2023_2_5_bps": 0.9271045620781255,
        "sharpe_ratio_2022_2_5_bps": -0.3924414800226502,
        "annual_return_2022_2023_3_0_bps": -0.044946687236071536,
        "annual_volatility_2022_2023_3_0_bps": 0.08610179927655061,
        "sharpe_ratio_2022_2023_3_0_bps": -0.4911395568057965,
        "downside_risk_2022_2023_3_0_bps": 0.06209966797069131,
        "sortino_ratio_2022_2023_3_0_bps": -0.680969817049989,
        "max_drawdown_2022_2023_3_0_bps": 0.07821516916653372,
        "calmar_ratio_2022_2023_3_0_bps": -0.5746543504927057,
        "perc_pos_return_2022_2023_3_0_bps": 0.4958904109589041,
        "profit_loss_ratio_2022_2023_3_0_bps": 0.9342871509832424,
        "sharpe_ratio_2022_3_0_bps": -0.40809263047783834
    },
    "COMB": {
        "annual_return_2022_2023": -0.035595029338708284,
        "annual_volatility_2022_2023": 0.0860808644717294,
        "sharpe_ratio_2022_2023": -0.37809630212514933,
        "downside_risk_2022_2023": 0.06186637964707924,
        "sortino_ratio_2022_2023": -0.5260830959587854,
        "max_drawdown_2022_2023": 0.07620886233680758,
        "calmar_ratio_2022_2023": -0.4670720470986022,
        "perc_pos_return_2022_2023": 0.5013698630136987,
        "profit_loss_ratio_2022_2023": 0.9319850053031975,
        "sharpe_ratio_2022": -0.31416389164761865,
        "annual_return_2022_2023_0_5_bps": -0.03715994796716415,
        "annual_volatility_2022_2023_0_5_bps": 0.08608425106806282,
        "sharpe_ratio_2022_2023_0_5_bps": -0.39694113556506844,
        "downside_risk_2022_2023_0_5_bps": 0.06190509888541465,
        "sortino_ratio_2022_2023_0_5_bps": -0.5519800628454554,
        "max_drawdown_2022_2023_0_5_bps": 0.07654354478933732,
        "calmar_ratio_2022_2023_0_5_bps": -0.4854746153896522,
        "perc_pos_return_2022_2023_0_5_bps": 0.5013698630136987,
        "profit_loss_ratio_2022_2023_0_5_bps": 0.928968959634593,
        "sharpe_ratio_2022_0_5_bps": -0.3298222468805575,
        "annual_return_2022_2023_1_0_bps": -0.03872233758342136,
        "annual_volatility_2022_2023_1_0_bps": 0.08608767868610837,
        "sharpe_ratio_2022_2023_1_0_bps": -0.4157842882076632,
        "downside_risk_2022_2023_1_0_bps": 0.06194388313151994,
        "sortino_ratio_2022_2023_1_0_bps": -0.5778440484584342,
        "max_drawdown_2022_2023_1_0_bps": 0.0768781079938106,
        "calmar_ratio_2022_2023_1_0_bps": -0.503684840768179,
        "perc_pos_return_2022_2023_1_0_bps": 0.5013698630136987,
        "profit_loss_ratio_2022_2023_1_0_bps": 0.9259624644976944,
        "sharpe_ratio_2022_1_0_bps": -0.34547920552266614,
        "annual_return_2022_2023_1_5_bps": -0.04028220225785717,
        "annual_volatility_2022_2023_1_5_bps": 0.08609114732096636,
        "sharpe_ratio_2022_2023_1_5_bps": -0.4346257333426123,
        "downside_risk_2022_2023_1_5_bps": 0.061982732263363836,
        "sortino_ratio_2022_2023_1_5_bps": -0.6036750345192222,
        "max_drawdown_2022_2023_1_5_bps": 0.07721255199201166,
        "calmar_ratio_2022_2023_1_5_bps": -0.5217053603153116,
        "perc_pos_return_2022_2023_1_5_bps": 0.5013698630136987,
        "profit_loss_ratio_2022_2023_1_5_bps": 0.9229654746005141,
        "sharpe_ratio_2022_1_5_bps": -0.361134745380079,
        "annual_return_2022_2023_2_0_bps": -0.04183954605430684,
        "annual_volatility_2022_2023_2_0_bps": 0.08609465696767923,
        "sharpe_ratio_2022_2023_2_0_bps": -0.4534654442733479,
        "downside_risk_2022_2023_2_0_bps": 0.062021646159016904,
        "sortino_ratio_2022_2023_2_0_bps": -0.629473003204612,
        "max_drawdown_2022_2023_2_0_bps": 0.07754687682569879,
        "calmar_ratio_2022_2023_2_0_bps": -0.5395387637383399,
        "perc_pos_return_2022_2023_2_0_bps": 0.5013698630136987,
        "profit_loss_ratio_2022_2023_2_0_bps": 0.9199779449369997,
        "sharpe_ratio_2022_2_0_bps": -0.3767888442703585,
        "annual_return_2022_2023_2_5_bps": -0.043394373030103184,
        "annual_volatility_2022_2023_2_5_bps": 0.08609820762123169,
        "sharpe_ratio_2022_2023_2_5_bps": -0.4723033943172426,
        "downside_risk_2022_2023_2_5_bps": 0.06206062470233584,