{
    "ALL": {
        "performance_sw": 1.2949867308790202,
        "performance_fw": 1.5787612967306426,
        "val_loss": 3.5965958891615424,
        "annual_return_2017_2018": 0.013777759497876074,
        "annual_volatility_2017_2018": 0.010610265326113628,
        "sharpe_ratio_2017_2018": 1.2949867308790204,
        "downside_risk_2017_2018": 0.007141277979962616,
        "sortino_ratio_2017_2018": 1.92404676683582,
        "max_drawdown_2017_2018": 0.008273964062957773,
        "calmar_ratio_2017_2018": 1.6651945056854414,
        "perc_pos_return_2017_2018": 0.5310077519379846,
        "profit_loss_ratio_2017_2018": 1.0979930927092632,
        "sharpe_ratio_2017": 1.37104239480374,
        "annual_return_2017_2018_0_5_bps": 0.006588705382074567,
        "annual_volatility_2017_2018_0_5_bps": 0.010615248082300766,
        "sharpe_ratio_2017_2018_0_5_bps": 0.6239427324325781,
        "downside_risk_2017_2018_0_5_bps": 0.00737343916915627,
        "sortino_ratio_2017_2018_0_5_bps": 0.8982656182512886,
        "max_drawdown_2017_2018_0_5_bps": 0.010197301051987946,
        "calmar_ratio_2017_2018_0_5_bps": 0.6461224738275341,
        "perc_pos_return_2017_2018_0_5_bps": 0.5155038759689923,
        "profit_loss_ratio_2017_2018_0_5_bps": 1.0437206476278724,
        "sharpe_ratio_2017_0_5_bps": 0.6976915492859561,
        "annual_return_2017_2018_1_0_bps": -0.0005495826100196943,
        "annual_volatility_2017_2018_1_0_bps": 0.010621468042672137,
        "sharpe_ratio_2017_2018_1_0_bps": -0.04646617761304208,
        "downside_risk_2017_2018_1_0_bps": 0.007612322371034672,
        "sortino_ratio_2017_2018_1_0_bps": -0.06483422489567683,
        "max_drawdown_2017_2018_1_0_bps": 0.012116964660147791,
        "calmar_ratio_2017_2018_1_0_bps": -0.04535645893457537,
        "perc_pos_return_2017_2018_1_0_bps": 0.5116279069767442,
        "profit_loss_ratio_2017_2018_1_0_bps": 0.9471163092421802,
        "sharpe_ratio_2017_1_0_bps": 0.025265483476593267,
        "annual_return_2017_2018_1_5_bps": -0.007637461457258965,
        "annual_volatility_2017_2018_1_5_bps": 0.010628923035222115,
        "sharpe_ratio_2017_2018_1_5_bps": -0.7160071542399218,
        "downside_risk_2017_2018_1_5_bps": 0.007857565028204953,
        "sortino_ratio_2017_2018_1_5_bps": -0.9685424056647124,
        "max_drawdown_2017_2018_1_5_bps": 0.01465514961278109,
        "calmar_ratio_2017_2018_1_5_bps": -0.5211452396636169,
        "perc_pos_return_2017_2018_1_5_bps": 0.49612403100775193,
        "profit_loss_ratio_2017_2018_1_5_bps": 0.9002496753088259,
        "sharpe_ratio_2017_1_5_bps": -0.6460348480946749,
        "annual_return_2017_2018_2_0_bps": -0.014675285638904079,
        "annual_volatility_2017_2018_2_0_bps": 0.010637610463365333,
        "sharpe_ratio_2017_2018_2_0_bps": -1.3844491580421983,
        "downside_risk_2017_2018_2_0_bps": 0.008108962694303326,
        "sortino_ratio_2017_2018_2_0_bps": -1.8161670493234756,
        "max_drawdown_2017_2018_2_0_bps": 0.017604100515234217,
        "calmar_ratio_2017_2018_2_0_bps": -0.8336288256366405,
        "perc_pos_return_2017_2018_2_0_bps": 0.4806201550387597,
        "profit_loss_ratio_2017_2018_2_0_bps": 0.8553806751349028,
        "sharpe_ratio_2017_2_0_bps": -1.3160105218752407,
        "annual_return_2017_2018_2_5_bps": -0.02166340715203552,
        "annual_volatility_2017_2018_2_5_bps": 0.010647527310431205,
        "sharpe_ratio_2017_2018_2_5_bps": -2.051563346795947,
        "downside_risk_2017_2018_2_5_bps": 0.008366291636337663,
        "sortino_ratio_2017_2018_2_5_bps": -2.610962863069846,
        "max_drawdown_2017_2018_2_5_bps": 0.02420035913699222,
        "calmar_ratio_2017_2018_2_5_bps": -0.8951688290824261,
        "perc_pos_return_2017_2018_2_5_bps": 0.44573643410852715,
        "profit_loss_ratio_2017_2018_2_5_bps": 0.8786945780623705,
        "sharpe_ratio_2017_2_5_bps": -1.9844649302954713,
        "annual_return_2017_2018_3_0_bps": -0.028602175528876228,
        "annual_volatility_2017_2018_3_0_bps": 0.010658670144859142,
        "sharpe_ratio_2017_2018_3_0_bps": -2.7171234577101835,
        "downside_risk_2017_2018_3_0_bps": 0.00862997639759664,
        "sortino_ratio_2017_2018_3_0_bps": -3.355851898581935,
        "max_drawdown_2017_2018_3_0_bps": 0.03115164404538579,
        "calmar_ratio_2017_2018_3_0_bps": -0.9181594232139028,
        "perc_pos_return_2017_2018_3_0_bps": 0.42248062015503873,
        "profit_loss_ratio_2017_2018_3_0_bps": 0.863030712413743,
        "sharpe_ratio_2017_3_0_bps": -2.65120405830508
    },
    "COMB": {
        "annual_return_2017_2018": 0.013777759497876074,
        "annual_volatility_2017_2018": 0.010610265326113628,
        "sharpe_ratio_2017_2018": 1.2949867308790204,
        "downside_risk_2017_2018": 0.007141277979962616,
        "sortino_ratio_2017_2018": 1.92404676683582,
        "max_drawdown_2017_2018": 0.008273964062957773,
        "calmar_ratio_2017_2018": 1.6651945056854414,
        "perc_pos_return_2017_2018": 0.5310077519379846,
        "profit_loss_ratio_2017_2018": 1.0979930927092632,
        "sharpe_ratio_2017": 1.37104239480374,
        "annual_return_2017_2018_0_5_bps": 0.006588705382074567,
        "annual_volatility_2017_2018_0_5_bps": 0.010615248082300766,
        "sharpe_ratio_2017_2018_0_5_bps": 0.6239427324325781,
        "downside_risk_2017_2018_0_5_bps": 0.00737343916915627,
        "sortino_ratio_2017_2018_0_5_bps": 0.8982656182512886,
        "max_drawdown_2017_2018_0_5_bps": 0.010197301051987946,
        "calmar_ratio_2017_2018_0_5_bps": 0.6461224738275341,
        "perc_pos_return_2017_2018_0_5_bps": 0.5155038759689923,
        "profit_loss_ratio_2017_2018_0_5_bps": 1.0437206476278724,
        "sharpe_ratio_2017_0_5_bps": 0.6976915492859561,
        "annual_return_2017_2018_1_0_bps": -0.0005495826100196943,
        "annual_volatility_2017_2018_1_0_bps": 0.010621468042672137,
        "sharpe_ratio_2017_2018_1_0_bps": -0.04646617761304208,
        "downside_risk_2017_2018_1_0_bps": 0.007612322371034672,
        "sortino_ratio_2017_2018_1_0_bps": -0.06483422489567683,
        "max_drawdown_2017_2018_1_0_bps": 0.012116964660147791,
        "calmar_ratio_2017_2018_1_0_bps": -0.04535645893457537,
        "perc_pos_return_2017_2018_1_0_bps": 0.5116279069767442,
        "profit_loss_ratio_2017_2018_1_0_bps": 0.9471163092421802,
        "sharpe_ratio_2017_1_0_bps": 0.025265483476593267,
        "annual_return_2017_2018_1_5_bps": -0.007637461457258965,
        "annual_volatility_2017_2018_1_5_bps": 0.010628923035222115,
        "sharpe_ratio_2017_2018_1_5_bps": -0.7160071542399218,
        "downside_risk_2017_2018_1_5_bps": 0.007857565028204953,
        "sortino_ratio_2017_2018_1_5_bps": -0.9685424056647124,
        "max_drawdown_2017_2018_1_5_bps": 0.01465514961278109,
        "calmar_ratio_2017_2018_1_5_bps": -0.5211452396636169,
        "perc_pos_return_2017_2018_1_5_bps": 0.49612403100775193,
        "profit_loss_ratio_2017_2018_1_5_bps": 0.9002496753088259,
        "sharpe_ratio_2017_1_5_bps": -0.6460348480946749,
        "annual_return_2017_2018_2_0_bps": -0.014675285638904079,
        "annual_volatility_2017_2018_2_0_bps": 0.010637610463365333,
        "sharpe_ratio_2017_2018_2_0_bps": -1.3844491580421983,
        "downside_risk_2017_2018_2_0_bps": 0.008108962694303326,
        "sortino_ratio_2017_2018_2_0_bps": -1.8161670493234756,
        "max_drawdown_2017_2018_2_0_bps": 0.017604100515234217,
        "calmar_ratio_2017_2018_2_0_bps": -0.8336288256366405,
        "perc_pos_return_2017_2018_2_0_bps": 0.4806201550387597,
        "profit_loss_ratio_2017_2018_2_0_bps": 0.8553806751349028,
        "sharpe_ratio_2017_2_0_bps": -1.3160105218752407,
        "annual_return_2017_2018_2_5_bps": -0.02166340715203552,
        "annual_volatility_2017_2018_2_5_bps": 0.010647527310431205,
        "sharpe_ratio_2017_2018_2_5_bps": -2.051563346795947,
        "downside_risk_2017_2018_2_5_bps": 0.008366291636337663,