{
    "ALL": {
        "annual_return": 0.021401369105913,
        "annual_volatility": 0.009724484070481001,
        "sharpe_ratio": 2.10266654423514,
        "downside_risk": 0.0061627660001364,
        "sortino_ratio": 3.382242357500379,
        "max_drawdown": 0.005861237852077801,
        "calmar_ratio": 3.627501912590469,
        "perc_pos_return": 0.5589935834121876,
        "profit_loss_ratio": 1.147469694956675,
        "annual_return_0_5_bps": 0.0169990783574222,
        "annual_volatility_0_5_bps": 0.009722999058849201,
        "sharpe_ratio_0_5_bps": 1.6400418040351454,
        "downside_risk_0_5_bps": 0.006293303125260601,
        "sortino_ratio_0_5_bps": 2.5998231039277195,
        "max_drawdown_0_5_bps": 0.0065603392424638,
        "calmar_ratio_0_5_bps": 2.6100083007120833,
        "perc_pos_return_0_5_bps": 0.5451028104516473,
        "profit_loss_ratio_0_5_bps": 1.1226689382750332,
        "annual_return_1_0_bps": 0.012616425081781402,
        "annual_volatility_1_0_bps": 0.009722093756970002,
        "sharpe_ratio_1_0_bps": 1.1772597578407058,
        "downside_risk_1_0_bps": 0.006426858288709,
        "sortino_ratio_1_0_bps": 1.8515987325726555,
        "max_drawdown_1_0_bps": 0.0074960965320030005,
        "calmar_ratio_1_0_bps": 1.7580294428024903,
        "perc_pos_return_1_0_bps": 0.5312030353890814,
        "profit_loss_ratio_1_0_bps": 1.093264550282685,
        "annual_return_1_5_bps": 0.008253319804869801,
        "annual_volatility_1_5_bps": 0.009721768172276202,
        "sharpe_ratio_1_5_bps": 0.7144188075960928,
        "downside_risk_1_5_bps": 0.006563441701794201,
        "sortino_ratio_1_5_bps": 1.1362827914467069,
        "max_drawdown_1_5_bps": 0.008557748723814401,
        "calmar_ratio_1_5_bps": 1.0971628510358304,
        "perc_pos_return_1_5_bps": 0.5203861464326577,
        "profit_loss_ratio_1_5_bps": 1.0527150630827982,
        "annual_return_2_0_bps": 0.003909673465185601,
        "annual_volatility_2_0_bps": 0.0097220221878052,
        "sharpe_ratio_2_0_bps": 0.25161725496664455,
        "downside_risk_2_0_bps": 0.006703030889119001,
        "sortino_ratio_2_0_bps": 0.45261815557516016,
        "max_drawdown_2_0_bps": 0.009859821774818402,
        "calmar_ratio_2_0_bps": 0.5732095310007752,
        "perc_pos_return_2_0_bps": 0.5065042604577484,
        "profit_loss_ratio_2_0_bps": 1.0266854450456144,
        "annual_return_2_5_bps": -0.0004146025880802002,
        "annual_volatility_2_5_bps": 0.0097228555625314,
        "sharpe_ratio_2_5_bps": -0.2110468150355374,
        "downside_risk_2_5_bps": 0.006845612774525001,
        "sortino_ratio_2_5_bps": -0.2006349796760924,
        "max_drawdown_2_5_bps": 0.011978067283346602,
        "calmar_ratio_2_5_bps": 0.20685515235168422,
        "perc_pos_return_2_5_bps": 0.49338564222285103,
        "profit_loss_ratio_2_5_bps": 0.9970635540340596,
        "annual_return_3_0_bps": -0.004719596596945599,
        "annual_volatility_3_0_bps": 0.0097242679318434,
        "sharpe_ratio_3_0_bps": -0.6734756493816081,
        "downside_risk_3_0_bps": 0.0069911976303244,
        "sortino_ratio_3_0_bps": -0.8246837651188017,
        "max_drawdown_3_0_bps": 0.0141226598076606,
        "calmar_ratio_3_0_bps": -0.08646324045806666,
        "perc_pos_return_3_0_bps": 0.47023426186216855,
        "profit_loss_ratio_3_0_bps": 1.0082080243911435,
        "annual_return_rescaled": 0.39547267989147483,
        "annual_volatility_rescaled": 0.15000000000000474,
        "downside_risk_rescaled": 0.09506055985289744,
        "max_drawdown_rescaled": 0.08874158757466659,
        "annual_return_rescaled_0_5_bps": 0.3042873279343835,
        "annual_volatility_rescaled_0_5_bps": 0.15000000000000602,
        "downside_risk_rescaled_0_5_bps": 0.09708891907482105,
        "max_drawdown_rescaled_0_5_bps": 0.09867028014722941,
        "annual_return_rescaled_1_0_bps": 0.21919740067808605,
        "annual_volatility_rescaled_1_0_bps": 0.1500000000000032,
        "downside_risk_rescaled_1_0_bps": 0.09915855240701103,
        "max_drawdown_rescaled_1_0_bps": 0.11207110864165926,
        "annual_return_rescaled_1_5_bps": 0.1398045063448085,
        "annual_volatility_rescaled_1_5_bps": 0.15000000000000405,
        "downside_risk_rescaled_1_5_bps": 0.1012692586186887,
        "max_drawdown_rescaled_1_5_bps": 0.1265669698558281,
        "annual_return_rescaled_2_0_bps": 0.06573453613168931,
        "annual_volatility_rescaled_2_0_bps": 0.1500000000000084,
        "downside_risk_rescaled_2_0_bps": 0.10342031873051191,
        "max_drawdown_rescaled_2_0_bps": 0.14570993016455583,
        "annual_return_rescaled_2_5_bps": -0.0033636152521305585,
        "annual_volatility_rescaled_2_5_bps": 0.15000000000000516,
        "downside_risk_rescaled_2_5_bps": 0.10561114577654489,
        "max_drawdown_rescaled_2_5_bps": 0.17324009078004718,
        "annual_return_rescaled_3_0_bps": -0.06781928126482917,
        "annual_volatility_rescaled_3_0_bps": 0.15000000000000796,
        "downside_risk_rescaled_3_0_bps": 0.10784150045009377,
        "max_drawdown_rescaled_3_0_bps": 0.1995353911327543,
        "sharpe_ratio_years": 2.1415628893852072,
        "sharpe_ratio_years_0_5_bps": 1.6813759949540337,
        "sharpe_ratio_years_1_0_bps": 1.2209057397329501,
        "sharpe_ratio_years_1_5_bps": 0.7602456202329952,
        "sharpe_ratio_years_2_0_bps": 0.2994892630494336,
        "sharpe_ratio_years_2_5_bps": -0.1612696842267794,
        "sharpe_ratio_years_3_0_bps": -0.6219376619005959,
        "sharpe_ratio_years_std": 0.7197313853295282,
        "sharpe_ratio_years_std_0_5_bps": 0.7421248417642583,
        "sharpe_ratio_years_std_1_0_bps": 0.7807438366344156,
        "sharpe_ratio_years_std_1_5_bps": 0.8333019454529589,
        "sharpe_ratio_years_std_2_0_bps": 0.897299107792813,
        "sharpe_ratio_years_std_2_5_bps": 0.9704039320467817,
        "sharpe_ratio_years_std_3_0_bps": 1.0506324440253296
    },
    "COMB": {
        "annual_return": 0.021401369105913,
        "annual_volatility": 0.009724484070481001,
        "sharpe_ratio": 2.10266654423514,
        "downside_risk": 0.0061627660001364,
        "sortino_ratio": 3.382242357500379,
        "max_drawdown": 0.005861237852077801,
        "calmar_ratio": 3.627501912590469,
        "perc_pos_return": 0.5589935834121876,
        "profit_loss_ratio": 1.147469694956675,
        "annual_return_0_5_bps": 0.0169990783574222,
        "annual_volatility_0_5_bps": 0.009722999058849201,
        "sharpe_ratio_0_5_bps": 1.6400418040351454,
        "downside_risk_0_5_bps": 0.006293303125260601,
        "sortino_ratio_0_5_bps": 2.5998231039277195,
        "max_drawdown_0_5_bps": 0.0065603392424638,
        "calmar_ratio_0_5_bps": 2.6100083007120833,
        "perc_pos_return_0_5_bps": 0.5451028104516473,
        "profit_loss_ratio_0_5_bps": 1.1226689382750332,
        "annual_return_1_0_bps": 0.012616425081781402,
        "annual_volatility_1_0_bps": 0.009722093756970002,
        "sharpe_ratio_1_0_bps": 1.1772597578407058,
        "downside_risk_1_0_bps": 0.006426858288709,
        "sortino_ratio_1_0_bps": 1.8515987325726555,
        "max_drawdown_1_0_bps": 0.0074960965320030005,
        "calmar_ratio_1_0_bps": 1.7580294428024903,
        "perc_pos_return_1_0_bps": 0.5312030353890814,
        "profit_loss_ratio_1_0_bps": 1.093264550282685,
        "annual_return_1_5_bps": 0.008253319804869801,
        "annual_volatility_1_5_bps": 0.009721768172276202,
        "sharpe_ratio_1_5_bps": 0.7144188075960928,
        "downside_risk_1_5_bps": 0.006563441701794201,
        "sortino_ratio_1_5_bps": 1.1362827914467069,
        "max_drawdown_1_5_bps": 0.008557748723814401,
        "calmar_ratio_1_5_bps": 1.0971628510358304,
        "perc_pos_return_1_5_bps": 0.5203861464326577,
        "profit_loss_ratio_1_5_bps": 1.0527150630827982,
        "annual_return_2_0_bps": 0.003909673465185601,
        "annual_volatility_2_0_bps": 0.0097220221878052,