{
    "ALL": {
        "annual_return": 0.027554805744753202,
        "annual_volatility": 0.0107240716958864,
        "sharpe_ratio": 2.300787604502242,
        "downside_risk": 0.0065610584206584,
        "sortino_ratio": 3.8591881271295194,
        "max_drawdown": 0.006485537839448401,
        "calmar_ratio": 4.842188510650719,
        "perc_pos_return": 0.5588745070140416,
        "profit_loss_ratio": 1.1799163033526003,
        "annual_return_0_5_bps": 0.021652538044245405,
        "annual_volatility_0_5_bps": 0.0107230585634976,
        "sharpe_ratio_0_5_bps": 1.7588390701785588,
        "downside_risk_0_5_bps": 0.006739755379833401,
        "sortino_ratio_0_5_bps": 2.886429117934604,
        "max_drawdown_0_5_bps": 0.0069355880780698,
        "calmar_ratio_0_5_bps": 3.6868546796266566,
        "perc_pos_return_0_5_bps": 0.5450074940772612,
        "profit_loss_ratio_0_5_bps": 1.1373951709796786,
        "annual_return_1_0_bps": 0.015786489540906,
        "annual_volatility_1_0_bps": 0.010723094970768801,
        "sharpe_ratio_1_0_bps": 1.2165691960153793,
        "downside_risk_1_0_bps": 0.006923053970952201,
        "sortino_ratio_1_0_bps": 1.965970192591691,
        "max_drawdown_1_0_bps": 0.0074027229118618,
        "calmar_ratio_1_0_bps": 2.640036501944224,
        "perc_pos_return_1_0_bps": 0.5319037488804925,
        "profit_loss_ratio_1_0_bps": 1.091172770707201,
        "annual_return_1_5_bps": 0.0099564248902008,
        "annual_volatility_1_5_bps": 0.0107241811489426,
        "sharpe_ratio_1_5_bps": 0.6741505173706902,
        "downside_risk_1_5_bps": 0.007110870082644801,
        "sortino_ratio_1_5_bps": 1.0952681567309193,
        "max_drawdown_1_5_bps": 0.008111235677397601,
        "calmar_ratio_1_5_bps": 1.5473559101225545,
        "perc_pos_return_1_5_bps": 0.5180248789551111,
        "profit_loss_ratio_1_5_bps": 1.0501065032228978,
        "annual_return_2_0_bps": 0.004162110349435999,
        "annual_volatility_2_0_bps": 0.0107263169878228,
        "sharpe_ratio_2_0_bps": 0.13175602982158482,
        "downside_risk_2_0_bps": 0.0073031363290192,
        "sortino_ratio_2_0_bps": 0.2718235458524092,
        "max_drawdown_2_0_bps": 0.0096287256440274,
        "calmar_ratio_2_0_bps": 0.6776944062821876,
        "perc_pos_return_2_0_bps": 0.4964477152849242,
        "profit_loss_ratio_2_0_bps": 1.0435516633906585,
        "annual_return_2_5_bps": -0.0015966862335342,
        "annual_volatility_2_5_bps": 0.0107295020354256,
        "sharpe_ratio_2_5_bps": -0.41044112184200127,
        "downside_risk_2_5_bps": 0.007499892929457801,
        "sortino_ratio_2_5_bps": -0.5068176654542699,
        "max_drawdown_2_5_bps": 0.011930410030835002,
        "calmar_ratio_2_5_bps": 0.020052446835120186,
        "perc_pos_return_2_5_bps": 0.4833618821990909,
        "profit_loss_ratio_2_5_bps": 1.0039189615438233,
        "annual_return_3_0_bps": -0.0073201954315306,
        "annual_volatility_3_0_bps": 0.010733735498239801,
        "sharpe_ratio_3_0_bps": -0.9522679565967621,
        "downside_risk_3_0_bps": 0.0077010838035862,
        "sortino_ratio_3_0_bps": -1.2430041572985409,
        "max_drawdown_3_0_bps": 0.014897671678628401,
        "calmar_ratio_3_0_bps": -0.41052051649806076,
        "perc_pos_return_3_0_bps": 0.4687107654549513,
        "profit_loss_ratio_3_0_bps": 0.9713762585682731,
        "annual_return_rescaled": 0.480937898180262,
        "annual_volatility_rescaled": 0.1500000000000081,
        "downside_risk_rescaled": 0.09177099808800471,
        "max_drawdown_rescaled": 0.08812453390831079,
        "annual_return_rescaled_0_5_bps": 0.36099966502051994,
        "annual_volatility_rescaled_0_5_bps": 0.15000000000000893,
        "downside_risk_rescaled_0_5_bps": 0.09427937943158254,
        "max_drawdown_rescaled_0_5_bps": 0.09392569326883943,
        "annual_return_rescaled_1_0_bps": 0.2512746228184172,
        "annual_volatility_rescaled_1_0_bps": 0.15000000000000596,
        "downside_risk_rescaled_1_0_bps": 0.09684313143488349,
        "max_drawdown_rescaled_1_0_bps": 0.10002910353677932,
        "annual_return_rescaled_1_5_bps": 0.15088542155841383,
        "annual_volatility_rescaled_1_5_bps": 0.15000000000000685,
        "downside_risk_rescaled_1_5_bps": 0.09946032219923237,
        "max_drawdown_rescaled_1_5_bps": 0.10943673715006594,
        "annual_return_rescaled_2_0_bps": 0.05902797623486711,
        "annual_volatility_rescaled_2_0_bps": 0.15000000000000618,
        "downside_risk_rescaled_2_0_bps": 0.10212922577214364,
        "max_drawdown_rescaled_2_0_bps": 0.12934062063943655,
        "annual_return_rescaled_2_5_bps": -0.025034199502699937,
        "annual_volatility_rescaled_2_5_bps": 0.15000000000000555,
        "downside_risk_rescaled_2_5_bps": 0.10484959466938781,
        "max_drawdown_rescaled_2_5_bps": 0.1579895273141419,
        "annual_return_rescaled_3_0_bps": -0.10197528893300996,
        "annual_volatility_rescaled_3_0_bps": 0.15000000000000496,
        "downside_risk_rescaled_3_0_bps": 0.107619809592607,
        "max_drawdown_rescaled_3_0_bps": 0.1936754583990642,
        "sharpe_ratio_years": 2.2488883656176903,
        "sharpe_ratio_years_0_5_bps": 1.7162931879126622,
        "sharpe_ratio_years_1_0_bps": 1.183226670503847,
        "sharpe_ratio_years_1_5_bps": 0.649851395466335,
        "sharpe_ratio_years_2_0_bps": 0.1163310754856208,
        "sharpe_ratio_years_2_5_bps": -0.41716974148947666,
        "sharpe_ratio_years_3_0_bps": -0.9504859742431133,
        "sharpe_ratio_years_std": 0.8879916215687252,
        "sharpe_ratio_years_std_0_5_bps": 0.891440097811553,
        "sharpe_ratio_years_std_1_0_bps": 0.8998918243900805,
        "sharpe_ratio_years_std_1_5_bps": 0.9132204493063388,
        "sharpe_ratio_years_std_2_0_bps": 0.9312140124744545,
        "sharpe_ratio_years_std_2_5_bps": 0.9535906025078575,
        "sharpe_ratio_years_std_3_0_bps": 0.980017011204238
    },
    "COMB": {
        "annual_return": 0.027554805744753202,
        "annual_volatility": 0.0107240716958864,
        "sharpe_ratio": 2.300787604502242,
        "downside_risk": 0.0065610584206584,
        "sortino_ratio": 3.8591881271295194,
        "max_drawdown": 0.006485537839448401,
        "calmar_ratio": 4.842188510650719,
        "perc_pos_return": 0.5588745070140416,
        "profit_loss_ratio": 1.1799163033526003,
        "annual_return_0_5_bps": 0.021652538044245405,
        "annual_volatility_0_5_bps": 0.0107230585634976,
        "sharpe_ratio_0_5_bps": 1.7588390701785588,
        "downside_risk_0_5_bps": 0.006739755379833401,
        "sortino_ratio_0_5_bps": 2.886429117934604,
        "max_drawdown_0_5_bps": 0.0069355880780698,
        "calmar_ratio_0_5_bps": 3.6868546796266566,
        "perc_pos_return_0_5_bps": 0.5450074940772612,
        "profit_loss_ratio_0_5_bps": 1.1373951709796786,
        "annual_return_1_0_bps": 0.015786489540906,
        "annual_volatility_1_0_bps": 0.010723094970768801,
        "sharpe_ratio_1_0_bps": 1.2165691960153793,
        "downside_risk_1_0_bps": 0.006923053970952201,
        "sortino_ratio_1_0_bps": 1.965970192591691,
        "max_drawdown_1_0_bps": 0.0074027229118618,
        "calmar_ratio_1_0_bps": 2.640036501944224,
        "perc_pos_return_1_0_bps": 0.5319037488804925,
        "profit_loss_ratio_1_0_bps": 1.091172770707201,
        "annual_return_1_5_bps": 0.0099564248902008,
        "annual_volatility_1_5_bps": 0.0107241811489426,
        "sharpe_ratio_1_5_bps": 0.6741505173706902,
        "downside_risk_1_5_bps": 0.007110870082644801,
        "sortino_ratio_1_5_bps": 1.0952681567309193,
        "max_drawdown_1_5_bps": 0.008111235677397601,
        "calmar_ratio_1_5_bps": 1.5473559101225545,
        "perc_pos_return_1_5_bps": 0.5180248789551111,
        "profit_loss_ratio_1_5_bps": 1.0501065032228978,
        "annual_return_2_0_bps": 0.004162110349435999,
        "annual_volatility_2_0_bps": 0.0107263169878228,
        "sharpe_ratio_2_0_bps": 0.13175602982158482,