{
    "ALL": {
        "annual_return": 0.018629390131374803,
        "annual_volatility": 0.010151305044283201,
        "sharpe_ratio": 1.9062999858435574,
        "downside_risk": 0.006945998300669001,
        "sortino_ratio": 2.818329815749391,
        "max_drawdown": 0.0082467845995668,
        "calmar_ratio": 2.9237155813707787,
        "perc_pos_return": 0.5805261049447092,
        "profit_loss_ratio": 1.0017314585241557,
        "annual_return_0_5_bps": 0.012523964959018401,
        "annual_volatility_0_5_bps": 0.010153240224923202,
        "sharpe_ratio_0_5_bps": 1.2995185574887156,
        "downside_risk_0_5_bps": 0.0071301188726912,
        "sortino_ratio_0_5_bps": 1.8718033127934626,
        "max_drawdown_0_5_bps": 0.0089596476004614,
        "calmar_ratio_0_5_bps": 1.8681541702435442,
        "perc_pos_return_0_5_bps": 0.5681826574849825,
        "profit_loss_ratio_0_5_bps": 0.9512576610485717,
        "annual_return_1_0_bps": 0.0064577387948468,
        "annual_volatility_1_0_bps": 0.010156561388299002,
        "sharpe_ratio_1_0_bps": 0.6929004822340161,
        "downside_risk_1_0_bps": 0.007319243389895201,
        "sortino_ratio_1_0_bps": 0.9780627098409319,
        "max_drawdown_1_0_bps": 0.0101282962394648,
        "calmar_ratio_1_0_bps": 0.9796029983550547,
        "perc_pos_return_1_0_bps": 0.5488893109823338,
        "profit_loss_ratio_1_0_bps": 0.9280285192552287,
        "annual_return_1_5_bps": 0.00043044417550200024,
        "annual_volatility_1_5_bps": 0.010161266524238603,
        "sharpe_ratio_1_5_bps": 0.08672889953911603,
        "downside_risk_1_5_bps": 0.007513562389184801,
        "sortino_ratio_1_5_bps": 0.13431510463927543,
        "max_drawdown_1_5_bps": 0.0120114936876232,
        "calmar_ratio_1_5_bps": 0.3107634634570238,
        "perc_pos_return_1_5_bps": 0.5334540213609976,
        "profit_loss_ratio_1_5_bps": 0.8904197918727073,
        "annual_return_2_0_bps": -0.0055581844402003994,
        "annual_volatility_2_0_bps": 0.0101673528880532,
        "sharpe_ratio_2_0_bps": -0.5187148442106077,
        "downside_risk_2_0_bps": 0.007713092915594201,
        "sortino_ratio_2_0_bps": -0.6620310871117405,
        "max_drawdown_2_0_bps": 0.014307640313269202,
        "calmar_ratio_2_0_bps": -0.20901926349785524,
        "perc_pos_return_2_0_bps": 0.5218827976967508,
        "profit_loss_ratio_2_0_bps": 0.8415548238317321,
        "annual_return_2_5_bps": -0.011508410685687202,
        "annual_volatility_2_5_bps": 0.0101748170087712,
        "sharpe_ratio_2_5_bps": -1.1231519610223037,
        "downside_risk_2_5_bps": 0.007917802924474401,
        "sortino_ratio_2_5_bps": -1.4134740410472661,
        "max_drawdown_2_5_bps": 0.017102644120514404,
        "calmar_ratio_2_5_bps": -0.6021803568843487,
        "perc_pos_return_2_5_bps": 0.50182024344815,
        "profit_loss_ratio_2_5_bps": 0.8223740779193317,
        "annual_return_3_0_bps": -0.017420496300923603,
        "annual_volatility_3_0_bps": 0.010183654699434403,
        "sharpe_ratio_3_0_bps": -1.7263069677513925,
        "downside_risk_3_0_bps": 0.008127792351016601,
        "sortino_ratio_3_0_bps": -2.122363870409825,
        "max_drawdown_3_0_bps": 0.0215865495954708,
        "calmar_ratio_3_0_bps": -0.7664743100417647,
        "perc_pos_return_3_0_bps": 0.479485752043891,
        "profit_loss_ratio_3_0_bps": 0.8125822551669003,
        "annual_return_rescaled": 0.3050015273641284,
        "annual_volatility_rescaled": 0.15000000000000763,
        "downside_risk_rescaled": 0.10263702455549199,
        "max_drawdown_rescaled": 0.11681512637058536,
        "annual_return_rescaled_0_5_bps": 0.19442955192577452,
        "annual_volatility_rescaled_0_5_bps": 0.15000000000000463,
        "downside_risk_rescaled_0_5_bps": 0.10533758752978235,
        "max_drawdown_rescaled_0_5_bps": 0.12662547751558295,
        "annual_return_rescaled_1_0_bps": 0.09379832379310064,
        "annual_volatility_rescaled_1_0_bps": 0.15000000000001096,
        "downside_risk_rescaled_1_0_bps": 0.10809628047433532,
        "max_drawdown_rescaled_1_0_bps": 0.14166151834123514,
        "annual_return_rescaled_1_5_bps": 0.0021999629724555937,
        "annual_volatility_rescaled_1_5_bps": 0.15000000000000416,
        "downside_risk_rescaled_1_5_bps": 0.11091475218068314,
        "max_drawdown_rescaled_1_5_bps": 0.16550602910189358,
        "annual_return_rescaled_2_0_bps": -0.08119210936731891,
        "annual_volatility_rescaled_2_0_bps": 0.15000000000000574,
        "downside_risk_rescaled_2_0_bps": 0.11379205089838414,
        "max_drawdown_rescaled_2_0_bps": 0.19199364819169984,
        "annual_return_rescaled_2_5_bps": -0.15713000064044472,
        "annual_volatility_rescaled_2_5_bps": 0.1500000000000043,
        "downside_risk_rescaled_2_5_bps": 0.11672646669197177,
        "max_drawdown_rescaled_2_5_bps": 0.22461054137278716,
        "annual_return_rescaled_3_0_bps": -0.22629767999731296,
        "annual_volatility_rescaled_3_0_bps": 0.15000000000000427,
        "downside_risk_rescaled_3_0_bps": 0.11971820418461836,
        "max_drawdown_rescaled_3_0_bps": 0.2724179866044051,
        "sharpe_ratio_years": 1.8995563620506999,
        "sharpe_ratio_years_0_5_bps": 1.2965565719816277,
        "sharpe_ratio_years_1_0_bps": 0.6937091139882686,
        "sharpe_ratio_years_1_5_bps": 0.09126637264257184,
        "sharpe_ratio_years_2_0_bps": -0.5105206302412416,
        "sharpe_ratio_years_2_5_bps": -1.1114028641765081,
        "sharpe_ratio_years_3_0_bps": -1.7111339053376873,
        "sharpe_ratio_years_std": 0.7774333318268154,
        "sharpe_ratio_years_std_0_5_bps": 0.7197689081119674,
        "sharpe_ratio_years_std_1_0_bps": 0.6992968298489524,
        "sharpe_ratio_years_std_1_5_bps": 0.7190252276715995,
        "sharpe_ratio_years_std_2_0_bps": 0.7756158460334156,
        "sharpe_ratio_years_std_2_5_bps": 0.8614852773373257,
        "sharpe_ratio_years_std_3_0_bps": 0.968477724244635
    },
    "COMB": {
        "annual_return": 0.018629390131374803,
        "annual_volatility": 0.010151305044283201,
        "sharpe_ratio": 1.9062999858435574,
        "downside_risk": 0.006945998300669001,
        "sortino_ratio": 2.818329815749391,
        "max_drawdown": 0.0082467845995668,
        "calmar_ratio": 2.9237155813707787,
        "perc_pos_return": 0.5805261049447092,
        "profit_loss_ratio": 1.0017314585241557,
        "annual_return_0_5_bps": 0.012523964959018401,
        "annual_volatility_0_5_bps": 0.010153240224923202,
        "sharpe_ratio_0_5_bps": 1.2995185574887156,
        "downside_risk_0_5_bps": 0.0071301188726912,
        "sortino_ratio_0_5_bps": 1.8718033127934626,
        "max_drawdown_0_5_bps": 0.0089596476004614,
        "calmar_ratio_0_5_bps": 1.8681541702435442,
        "perc_pos_return_0_5_bps": 0.5681826574849825,
        "profit_loss_ratio_0_5_bps": 0.9512576610485717,
        "annual_return_1_0_bps": 0.0064577387948468,
        "annual_volatility_1_0_bps": 0.010156561388299002,
        "sharpe_ratio_1_0_bps": 0.6929004822340161,
        "downside_risk_1_0_bps": 0.007319243389895201,
        "sortino_ratio_1_0_bps": 0.9780627098409319,
        "max_drawdown_1_0_bps": 0.0101282962394648,
        "calmar_ratio_1_0_bps": 0.9796029983550547,
        "perc_pos_return_1_0_bps": 0.5488893109823338,
        "profit_loss_ratio_1_0_bps": 0.9280285192552287,
        "annual_return_1_5_bps": 0.00043044417550200024,
        "annual_volatility_1_5_bps": 0.010161266524238603,
        "sharpe_ratio_1_5_bps": 0.08672889953911603,
        "downside_risk_1_5_bps": 0.007513562389184801,
        "sortino_ratio_1_5_bps": 0.13431510463927543,
        "max_drawdown_1_5_bps": 0.0120114936876232,
        "calmar_ratio_1_5_bps": 0.3107634634570238,
        "perc_pos_return_1_5_bps": 0.5334540213609976,
        "profit_loss_ratio_1_5_bps": 0.8904197918727073,
        "annual_return_2_0_bps": -0.0055581844402003994,
        "annual_volatility_2_0_bps": 0.0101673528880532,