{
    "ALL": {
        "performance_sw": 0.09418558000309751,
        "performance_fw": 0.14740561073235514,
        "val_loss": 4.076102184211463,
        "annual_return_2020_2021": 0.0013577128693009755,
        "annual_volatility_2020_2021": 0.01571211556320005,
        "sharpe_ratio_2020_2021": 0.0941855800030975,
        "downside_risk_2020_2021": 0.012167344019707153,
        "sortino_ratio_2020_2021": 0.12162512336289717,
        "max_drawdown_2020_2021": 0.025026022933610934,
        "calmar_ratio_2020_2021": 0.05425204287963445,
        "perc_pos_return_2020_2021": 0.5307692307692308,
        "profit_loss_ratio_2020_2021": 0.9009821450751847,
        "sharpe_ratio_2020": 0.13357163815153775,
        "annual_return_2020_2021_0_5_bps": -0.003880677090980389,
        "annual_volatility_2020_2021_0_5_bps": 0.015723322609118955,
        "sharpe_ratio_2020_2021_0_5_bps": -0.2394506168137605,
        "downside_risk_2020_2021_0_5_bps": 0.012312229875436434,
        "sortino_ratio_2020_2021_0_5_bps": -0.3057902049592639,
        "max_drawdown_2020_2021_0_5_bps": 0.026335494172681457,
        "calmar_ratio_2020_2021_0_5_bps": -0.14735539289807303,
        "perc_pos_return_2020_2021_0_5_bps": 0.5115384615384615,
        "profit_loss_ratio_2020_2021_0_5_bps": 0.909840664321986,
        "sharpe_ratio_2020_0_5_bps": -0.21173479957315677,
        "annual_return_2020_2021_1_0_bps": -0.009091786775922261,
        "annual_volatility_2020_2021_1_0_bps": 0.015735491541942207,
        "sharpe_ratio_2020_2021_1_0_bps": -0.5725765405936715,
        "downside_risk_2020_2021_1_0_bps": 0.012460210801938367,
        "sortino_ratio_2020_2021_1_0_bps": -0.7230835380589743,
        "max_drawdown_2020_2021_1_0_bps": 0.02764324301693918,
        "calmar_ratio_2020_2021_1_0_bps": -0.32889725602567726,
        "perc_pos_return_2020_2021_1_0_bps": 0.5038461538461538,
        "profit_loss_ratio_2020_2021_1_0_bps": 0.8770378238184148,
        "sharpe_ratio_2020_1_0_bps": -0.5566453023315199,
        "annual_return_2020_2021_1_5_bps": -0.014275757613407714,
        "annual_volatility_2020_2021_1_5_bps": 0.015748620131924674,
        "sharpe_ratio_2020_2021_1_5_bps": -0.9051324628270867,
        "downside_risk_2020_2021_1_5_bps": 0.01261136723825106,
        "sortino_ratio_2020_2021_1_5_bps": -1.1302967439487583,
        "max_drawdown_2020_2021_1_5_bps": 0.028949271684204574,
        "calmar_ratio_2020_2021_1_5_bps": -0.4931301128793825,
        "perc_pos_return_2020_2021_1_5_bps": 0.47692307692307695,
        "profit_loss_ratio_2020_2021_1_5_bps": 0.9129548360712255,
        "sharpe_ratio_2020_1_5_bps": -0.9010904847979935,
        "annual_return_2020_2021_2_0_bps": -0.01943273030145054,
        "annual_volatility_2020_2021_2_0_bps": 0.01576270598120185,
        "sharpe_ratio_2020_2021_2_0_bps": -1.2370592564438248,
        "downside_risk_2020_2021_2_0_bps": 0.012765776406815773,
        "sortino_ratio_2020_2021_2_0_bps": -1.5274747668490627,
        "max_drawdown_2020_2021_2_0_bps": 0.030253582389503292,
        "calmar_ratio_2020_2021_2_0_bps": -0.6423282390581577,
        "perc_pos_return_2020_2021_2_0_bps": 0.46153846153846156,
        "profit_loss_ratio_2020_2021_2_0_bps": 0.9076373064989972,
        "sharpe_ratio_2020_2_0_bps": -1.2450015035143265,
        "annual_return_2020_2021_2_5_bps": -0.02456284481193105,
        "annual_volatility_2020_2021_2_5_bps": 0.015777746525945813,
        "sharpe_ratio_2020_2021_2_5_bps": -1.5682984458185065,
        "downside_risk_2020_2021_2_5_bps": 0.01292342831559943,
        "sortino_ratio_2020_2021_2_5_bps": -1.914678887899371,
        "max_drawdown_2020_2021_2_5_bps": 0.031690741775299944,
        "calmar_ratio_2020_2021_2_5_bps": -0.7750795164749207,
        "perc_pos_return_2020_2021_2_5_bps": 0.4423076923076923,
        "profit_loss_ratio_2020_2021_2_5_bps": 0.9166834708590311,
        "sharpe_ratio_2020_2_5_bps": -1.5883101238723398,
        "annual_return_2020_2021_3_0_bps": -0.02966624039433996,
        "annual_volatility_2020_2021_3_0_bps": 0.015793739038657023,
        "sharpe_ratio_2020_2021_3_0_bps": -1.8987922553531162,
        "downside_risk_2020_2021_3_0_bps": 0.013084367650393856,
        "sortino_ratio_2020_2021_3_0_bps": -2.291973916581854,
        "max_drawdown_2020_2021_3_0_bps": 0.035977722235327324,
        "calmar_ratio_2020_2021_3_0_bps": -0.8245725007351916,
        "perc_pos_return_2020_2021_3_0_bps": 0.4269230769230769,
        "profit_loss_ratio_2020_2021_3_0_bps": 0.9122256585135691,
        "sharpe_ratio_2020_3_0_bps": -1.930948785608886
    },
    "COMB": {
        "annual_return_2020_2021": 0.0013577128693009755,
        "annual_volatility_2020_2021": 0.01571211556320005,
        "sharpe_ratio_2020_2021": 0.0941855800030975,
        "downside_risk_2020_2021": 0.012167344019707153,
        "sortino_ratio_2020_2021": 0.12162512336289717,
        "max_drawdown_2020_2021": 0.025026022933610934,
        "calmar_ratio_2020_2021": 0.05425204287963445,
        "perc_pos_return_2020_2021": 0.5307692307692308,
        "profit_loss_ratio_2020_2021": 0.9009821450751847,
        "sharpe_ratio_2020": 0.13357163815153775,
        "annual_return_2020_2021_0_5_bps": -0.003880677090980389,
        "annual_volatility_2020_2021_0_5_bps": 0.015723322609118955,
        "sharpe_ratio_2020_2021_0_5_bps": -0.2394506168137605,
        "downside_risk_2020_2021_0_5_bps": 0.012312229875436434,
        "sortino_ratio_2020_2021_0_5_bps": -0.3057902049592639,
        "max_drawdown_2020_2021_0_5_bps": 0.026335494172681457,
        "calmar_ratio_2020_2021_0_5_bps": -0.14735539289807303,
        "perc_pos_return_2020_2021_0_5_bps": 0.5115384615384615,
        "profit_loss_ratio_2020_2021_0_5_bps": 0.909840664321986,
        "sharpe_ratio_2020_0_5_bps": -0.21173479957315677,
        "annual_return_2020_2021_1_0_bps": -0.009091786775922261,
        "annual_volatility_2020_2021_1_0_bps": 0.015735491541942207,
        "sharpe_ratio_2020_2021_1_0_bps": -0.5725765405936715,
        "downside_risk_2020_2021_1_0_bps": 0.012460210801938367,
        "sortino_ratio_2020_2021_1_0_bps": -0.7230835380589743,
        "max_drawdown_2020_2021_1_0_bps": 0.02764324301693918,
        "calmar_ratio_2020_2021_1_0_bps": -0.32889725602567726,
        "perc_pos_return_2020_2021_1_0_bps": 0.5038461538461538,
        "profit_loss_ratio_2020_2021_1_0_bps": 0.8770378238184148,
        "sharpe_ratio_2020_1_0_bps": -0.5566453023315199,
        "annual_return_2020_2021_1_5_bps": -0.014275757613407714,
        "annual_volatility_2020_2021_1_5_bps": 0.015748620131924674,
        "sharpe_ratio_2020_2021_1_5_bps": -0.9051324628270867,
        "downside_risk_2020_2021_1_5_bps": 0.01261136723825106,
        "sortino_ratio_2020_2021_1_5_bps": -1.1302967439487583,
        "max_drawdown_2020_2021_1_5_bps": 0.028949271684204574,
        "calmar_ratio_2020_2021_1_5_bps": -0.4931301128793825,
        "perc_pos_return_2020_2021_1_5_bps": 0.47692307692307695,
        "profit_loss_ratio_2020_2021_1_5_bps": 0.9129548360712255,
        "sharpe_ratio_2020_1_5_bps": -0.9010904847979935,
        "annual_return_2020_2021_2_0_bps": -0.01943273030145054,
        "annual_volatility_2020_2021_2_0_bps": 0.01576270598120185,
        "sharpe_ratio_2020_2021_2_0_bps": -1.2370592564438248,
        "downside_risk_2020_2021_2_0_bps": 0.012765776406815773,
        "sortino_ratio_2020_2021_2_0_bps": -1.5274747668490627,
        "max_drawdown_2020_2021_2_0_bps": 0.030253582389503292,
        "calmar_ratio_2020_2021_2_0_bps": -0.6423282390581577,
        "perc_pos_return_2020_2021_2_0_bps": 0.46153846153846156,
        "profit_loss_ratio_2020_2021_2_0_bps": 0.9076373064989972,
        "sharpe_ratio_2020_2_0_bps": -1.2450015035143265,
        "annual_return_2020_2021_2_5_bps": -0.02456284481193105,
        "annual_volatility_2020_2021_2_5_bps": 0.015777746525945813,
        "sharpe_ratio_2020_2021_2_5_bps": -1.5682984458185065,
        "downside_risk_2020_2021_2_5_bps": 0.01292342831559943,