{
    "ALL": {
        "performance_sw": 3.2392143339263333,
        "performance_fw": 2.1280109087213854,
        "val_loss": 3.7250340800769877,
        "annual_return_2018_2019": 0.03030723110563316,
        "annual_volatility_2018_2019": 0.009231018172121486,
        "sharpe_ratio_2018_2019": 3.239214333926333,
        "downside_risk_2018_2019": 0.005592484007254953,
        "sortino_ratio_2018_2019": 5.346684289321245,
        "max_drawdown_2018_2019": 0.004964494075478134,
        "calmar_ratio_2018_2019": 6.104797517099312,
        "perc_pos_return_2018_2019": 0.6115384615384616,
        "profit_loss_ratio_2018_2019": 1.0912964297810976,
        "sharpe_ratio_2018": 3.0183191270506433,
        "annual_return_2018_2019_0_5_bps": 0.025083089093171473,
        "annual_volatility_2018_2019_0_5_bps": 0.009224851544613971,
        "sharpe_ratio_2018_2019_0_5_bps": 2.690262370717411,
        "downside_risk_2018_2019_0_5_bps": 0.005742678579758951,
        "sortino_ratio_2018_2019_0_5_bps": 4.321549716085809,
        "max_drawdown_2018_2019_0_5_bps": 0.005029033567514695,
        "calmar_ratio_2018_2019_0_5_bps": 4.987655929599873,
        "perc_pos_return_2018_2019_0_5_bps": 0.6,
        "profit_loss_ratio_2018_2019_0_5_bps": 1.0461588404701179,
        "sharpe_ratio_2018_0_5_bps": 2.4875550822395165,
        "annual_return_2018_2019_1_0_bps": 0.019885325596587178,
        "annual_volatility_2018_2019_1_0_bps": 0.009219295844532766,
        "sharpe_ratio_2018_2019_1_0_bps": 2.140434142124921,
        "downside_risk_2018_2019_1_0_bps": 0.005896032687067353,
        "sortino_ratio_2018_2019_1_0_bps": 3.3468768983035515,
        "max_drawdown_2018_2019_1_0_bps": 0.005093570292549677,
        "calmar_ratio_2018_2019_1_0_bps": 3.9040053350541326,
        "perc_pos_return_2018_2019_1_0_bps": 0.573076923076923,
        "profit_loss_ratio_2018_2019_1_0_bps": 1.0668032350393981,
        "sharpe_ratio_2018_1_0_bps": 1.9561662977673,
        "annual_return_2018_2019_1_5_bps": 0.014713807978540272,
        "annual_volatility_2018_2019_1_5_bps": 0.009214352176935395,
        "sharpe_ratio_2018_2019_1_5_bps": 1.589837236166887,
        "downside_risk_2018_2019_1_5_bps": 0.00605265833931369,
        "sortino_ratio_2018_2019_1_5_bps": 2.420311766632509,
        "max_drawdown_2018_2019_1_5_bps": 0.005158104250641643,
        "calmar_ratio_2018_2019_1_5_bps": 2.852561185964775,
        "perc_pos_return_2018_2019_1_5_bps": 0.5653846153846154,
        "profit_loss_ratio_2018_2019_1_5_bps": 1.0042293834509266,
        "sharpe_ratio_2018_1_5_bps": 1.4242394482179577,
        "annual_return_2018_2019_2_0_bps": 0.009568404265812402,
        "annual_volatility_2018_2019_2_0_bps": 0.009210021527384812,
        "sharpe_ratio_2018_2019_2_0_bps": 1.0385800701621557,
        "downside_risk_2018_2019_2_0_bps": 0.006212459234400766,
        "sortino_ratio_2018_2019_2_0_bps": 1.5397034319580407,
        "max_drawdown_2018_2019_2_0_bps": 0.005260027832151524,
        "calmar_ratio_2018_2019_2_0_bps": 1.8190786382015416,
        "perc_pos_return_2018_2019_2_0_bps": 0.55,
        "profit_loss_ratio_2018_2019_2_0_bps": 0.974690705366947,
        "sharpe_ratio_2018_2_0_bps": 0.8918616859521904,
        "annual_return_2018_2019_2_5_bps": 0.004448983146017715,
        "annual_volatility_2018_2019_2_5_bps": 0.00920630476097288,
        "sharpe_ratio_2018_2019_2_5_bps": 0.4867717859137758,
        "downside_risk_2018_2019_2_5_bps": 0.006375456646969603,
        "sortino_ratio_2018_2019_2_5_bps": 0.7029095574346601,
        "max_drawdown_2018_2019_2_5_bps": 0.005571619806316497,
        "calmar_ratio_2018_2019_2_5_bps": 0.7985080283069462,
        "perc_pos_return_2018_2019_2_5_bps": 0.5346153846153846,
        "profit_loss_ratio_2018_2019_2_5_bps": 0.9451279901723407,
        "sharpe_ratio_2018_2_5_bps": 0.35912057047698565,
        "annual_return_2018_2019_3_0_bps": -0.0006445860357190414,
        "annual_volatility_2018_2019_3_0_bps": 0.00920320262146036,
        "sharpe_ratio_2018_2019_3_0_bps": -0.06547785684633112,
        "downside_risk_2018_2019_3_0_bps": 0.006541633964455272,
        "sortino_ratio_2018_2019_3_0_bps": -0.09211857267619837,
        "max_drawdown_2018_2019_3_0_bps": 0.0064328077024055925,
        "calmar_ratio_2018_2019_3_0_bps": -0.10020290758543801,
        "perc_pos_return_2018_2019_3_0_bps": 0.5192307692307693,
        "profit_loss_ratio_2018_2019_3_0_bps": 0.9157101421987851,
        "sharpe_ratio_2018_3_0_bps": -0.17389600299443142
    },
    "COMB": {
        "annual_return_2018_2019": 0.03030723110563316,
        "annual_volatility_2018_2019": 0.009231018172121486,
        "sharpe_ratio_2018_2019": 3.239214333926333,
        "downside_risk_2018_2019": 0.005592484007254953,
        "sortino_ratio_2018_2019": 5.346684289321245,
        "max_drawdown_2018_2019": 0.004964494075478134,
        "calmar_ratio_2018_2019": 6.104797517099312,
        "perc_pos_return_2018_2019": 0.6115384615384616,
        "profit_loss_ratio_2018_2019": 1.0912964297810976,
        "sharpe_ratio_2018": 3.0183191270506433,
        "annual_return_2018_2019_0_5_bps": 0.025083089093171473,
        "annual_volatility_2018_2019_0_5_bps": 0.009224851544613971,
        "sharpe_ratio_2018_2019_0_5_bps": 2.690262370717411,
        "downside_risk_2018_2019_0_5_bps": 0.005742678579758951,
        "sortino_ratio_2018_2019_0_5_bps": 4.321549716085809,
        "max_drawdown_2018_2019_0_5_bps": 0.005029033567514695,
        "calmar_ratio_2018_2019_0_5_bps": 4.987655929599873,
        "perc_pos_return_2018_2019_0_5_bps": 0.6,
        "profit_loss_ratio_2018_2019_0_5_bps": 1.0461588404701179,
        "sharpe_ratio_2018_0_5_bps": 2.4875550822395165,
        "annual_return_2018_2019_1_0_bps": 0.019885325596587178,
        "annual_volatility_2018_2019_1_0_bps": 0.009219295844532766,
        "sharpe_ratio_2018_2019_1_0_bps": 2.140434142124921,
        "downside_risk_2018_2019_1_0_bps": 0.005896032687067353,
        "sortino_ratio_2018_2019_1_0_bps": 3.3468768983035515,
        "max_drawdown_2018_2019_1_0_bps": 0.005093570292549677,
        "calmar_ratio_2018_2019_1_0_bps": 3.9040053350541326,
        "perc_pos_return_2018_2019_1_0_bps": 0.573076923076923,
        "profit_loss_ratio_2018_2019_1_0_bps": 1.0668032350393981,
        "sharpe_ratio_2018_1_0_bps": 1.9561662977673,
        "annual_return_2018_2019_1_5_bps": 0.014713807978540272,
        "annual_volatility_2018_2019_1_5_bps": 0.009214352176935395,
        "sharpe_ratio_2018_2019_1_5_bps": 1.589837236166887,
        "downside_risk_2018_2019_1_5_bps": 0.00605265833931369,
        "sortino_ratio_2018_2019_1_5_bps": 2.420311766632509,
        "max_drawdown_2018_2019_1_5_bps": 0.005158104250641643,
        "calmar_ratio_2018_2019_1_5_bps": 2.852561185964775,
        "perc_pos_return_2018_2019_1_5_bps": 0.5653846153846154,
        "profit_loss_ratio_2018_2019_1_5_bps": 1.0042293834509266,
        "sharpe_ratio_2018_1_5_bps": 1.4242394482179577,
        "annual_return_2018_2019_2_0_bps": 0.009568404265812402,
        "annual_volatility_2018_2019_2_0_bps": 0.009210021527384812,
        "sharpe_ratio_2018_2019_2_0_bps": 1.0385800701621557,
        "downside_risk_2018_2019_2_0_bps": 0.006212459234400766,
        "sortino_ratio_2018_2019_2_0_bps": 1.5397034319580407,
        "max_drawdown_2018_2019_2_0_bps": 0.005260027832151524,
        "calmar_ratio_2018_2019_2_0_bps": 1.8190786382015416,
        "perc_pos_return_2018_2019_2_0_bps": 0.55,
        "profit_loss_ratio_2018_2019_2_0_bps": 0.974690705366947,
        "sharpe_ratio_2018_2_0_bps": 0.8918616859521904,
        "annual_return_2018_2019_2_5_bps": 0.004448983146017715,
        "annual_volatility_2018_2019_2_5_bps": 0.00920630476097288,
        "sharpe_ratio_2018_2019_2_5_bps": 0.4867717859137758,
        "downside_risk_2018_2019_2_5_bps": 0.006375456646969603,
        "sortino_ratio_2018_2019_2_5_bps": 0.7029095574346601,
        "max_drawdown_2018_2019_2_5_bps": 0.005571619806316497,