{
    "ALL": {
        "performance_sw": -0.08950287746400827,
        "performance_fw": 0.18312596347773252,
        "val_loss": 4.870002637076977,
        "annual_return_2022_2023": -0.006768107550406688,
        "annual_volatility_2022_2023": 0.05097581380313092,
        "sharpe_ratio_2022_2023": -0.10771672970189489,
        "downside_risk_2022_2023": 0.040423654798243426,
        "sortino_ratio_2022_2023": -0.1358350199696585,
        "max_drawdown_2022_2023": 0.03653948132857687,
        "calmar_ratio_2022_2023": -0.1852272474681646,
        "perc_pos_return_2022_2023": 0.5576923076923077,
        "profit_loss_ratio_2022_2023": 0.7766122375998267,
        "sharpe_ratio_2022": -0.08880823606477019,
        "annual_return_2022_2023_0_5_bps": -0.007905501458662312,
        "annual_volatility_2022_2023_0_5_bps": 0.05097745848097232,
        "sharpe_ratio_2022_2023_0_5_bps": -0.1301876748139091,
        "downside_risk_2022_2023_0_5_bps": 0.040445265026490256,
        "sortino_ratio_2022_2023_0_5_bps": -0.16408933859658503,
        "max_drawdown_2022_2023_0_5_bps": 0.037106004573364985,
        "calmar_ratio_2022_2023_0_5_bps": -0.21305181060471678,
        "perc_pos_return_2022_2023_0_5_bps": 0.5576923076923077,
        "profit_loss_ratio_2022_2023_0_5_bps": 0.7732098064851719,
        "sharpe_ratio_2022_0_5_bps": -0.10750042513072969,
        "annual_return_2022_2023_1_0_bps": -0.009041596798033624,
        "annual_volatility_2022_2023_1_0_bps": 0.05097910996781648,
        "sharpe_ratio_2022_2023_1_0_bps": -0.15265714962987478,
        "downside_risk_2022_2023_1_0_bps": 0.0404669084679855,
        "sortino_ratio_2022_2023_1_0_bps": -0.1923133224894513,
        "max_drawdown_2022_2023_1_0_bps": 0.03767219668874837,
        "calmar_ratio_2022_2023_1_0_bps": -0.24000715627857444,
        "perc_pos_return_2022_2023_1_0_bps": 0.5521978021978022,
        "profit_loss_ratio_2022_2023_1_0_bps": 0.7871388617870058,
        "sharpe_ratio_2022_1_0_bps": -0.12619138959845924,
        "annual_return_2022_2023_1_5_bps": -0.010176395046642916,
        "annual_volatility_2022_2023_1_5_bps": 0.05098076826300168,
        "sharpe_ratio_2022_2023_1_5_bps": -0.1751251452918675,
        "downside_risk_2022_2023_1_5_bps": 0.0404885853733797,
        "sortino_ratio_2022_2023_1_5_bps": -0.22050694947270644,
        "max_drawdown_2022_2023_1_5_bps": 0.038238057867110806,
        "calmar_ratio_2022_2023_1_5_bps": -0.2661326336711207,
        "perc_pos_return_2022_2023_1_5_bps": 0.5521978021978022,
        "profit_loss_ratio_2022_2023_1_5_bps": 0.7836873552915696,
        "sharpe_ratio_2022_1_5_bps": -0.14488112206638662,
        "annual_return_2022_2023_2_0_bps": -0.01130989768093238,
        "annual_volatility_2022_2023_2_0_bps": 0.05098243336586357,
        "sharpe_ratio_2022_2023_2_0_bps": -0.197591652945477,
        "downside_risk_2022_2023_2_0_bps": 0.04051029588252929,
        "sortino_ratio_2022_2023_2_0_bps": -0.2486701975506446,
        "max_drawdown_2022_2023_2_0_bps": 0.038803588300721434,
        "calmar_ratio_2022_2023_2_0_bps": -0.291465252988526,
        "perc_pos_return_2022_2023_2_0_bps": 0.5494505494505495,
        "profit_loss_ratio_2022_2023_2_0_bps": 0.7889615711150908,
        "sharpe_ratio_2022_2_0_bps": -0.16356961513587823,
        "annual_return_2022_2023_2_5_bps": -0.012442106175671541,
        "annual_volatility_2022_2023_2_5_bps": 0.05098410527573514,
        "sharpe_ratio_2022_2023_2_5_bps": -0.2200566637398197,
        "downside_risk_2022_2023_2_5_bps": 0.040532040112613285,
        "sortino_ratio_2022_2023_2_5_bps": -0.27680304469171335,
        "max_drawdown_2022_2023_2_5_bps": 0.039368788181739674,
        "calmar_ratio_2022_2023_2_5_bps": -0.316039856706652,
        "perc_pos_return_2022_2023_2_5_bps": 0.5494505494505495,
        "profit_loss_ratio_2022_2023_2_5_bps": 0.7854990462924807,
        "sharpe_ratio_2022_2_5_bps": -0.18225686141125239,
        "annual_return_2022_2023_3_0_bps": -0.013573022003951052,
        "annual_volatility_2022_2023_3_0_bps": 0.05098578399194674,
        "sharpe_ratio_2022_2023_3_0_bps": -0.24252016882756008,
        "downside_risk_2022_2023_3_0_bps": 0.04055381804028697,
        "sortino_ratio_2022_2023_3_0_bps": -0.3049054697944523,
        "max_drawdown_2022_2023_3_0_bps": 0.03993365770221468,
        "calmar_ratio_2022_2023_3_0_bps": -0.3398892759878168,
        "perc_pos_return_2022_2023_3_0_bps": 0.5467032967032966,
        "profit_loss_ratio_2022_2023_3_0_bps": 0.7907726889751014,
        "sharpe_ratio_2022_3_0_bps": -0.20094285349979524
    },
    "COMB": {
        "annual_return_2022_2023": -0.006768107550406688,
        "annual_volatility_2022_2023": 0.05097581380313092,
        "sharpe_ratio_2022_2023": -0.10771672970189489,
        "downside_risk_2022_2023": 0.040423654798243426,
        "sortino_ratio_2022_2023": -0.1358350199696585,
        "max_drawdown_2022_2023": 0.03653948132857687,
        "calmar_ratio_2022_2023": -0.1852272474681646,
        "perc_pos_return_2022_2023": 0.5576923076923077,
        "profit_loss_ratio_2022_2023": 0.7766122375998267,
        "sharpe_ratio_2022": -0.08880823606477019,
        "annual_return_2022_2023_0_5_bps": -0.007905501458662312,
        "annual_volatility_2022_2023_0_5_bps": 0.05097745848097232,
        "sharpe_ratio_2022_2023_0_5_bps": -0.1301876748139091,
        "downside_risk_2022_2023_0_5_bps": 0.040445265026490256,
        "sortino_ratio_2022_2023_0_5_bps": -0.16408933859658503,
        "max_drawdown_2022_2023_0_5_bps": 0.037106004573364985,
        "calmar_ratio_2022_2023_0_5_bps": -0.21305181060471678,
        "perc_pos_return_2022_2023_0_5_bps": 0.5576923076923077,
        "profit_loss_ratio_2022_2023_0_5_bps": 0.7732098064851719,
        "sharpe_ratio_2022_0_5_bps": -0.10750042513072969,
        "annual_return_2022_2023_1_0_bps": -0.009041596798033624,
        "annual_volatility_2022_2023_1_0_bps": 0.05097910996781648,
        "sharpe_ratio_2022_2023_1_0_bps": -0.15265714962987478,
        "downside_risk_2022_2023_1_0_bps": 0.0404669084679855,
        "sortino_ratio_2022_2023_1_0_bps": -0.1923133224894513,
        "max_drawdown_2022_2023_1_0_bps": 0.03767219668874837,
        "calmar_ratio_2022_2023_1_0_bps": -0.24000715627857444,
        "perc_pos_return_2022_2023_1_0_bps": 0.5521978021978022,
        "profit_loss_ratio_2022_2023_1_0_bps": 0.7871388617870058,
        "sharpe_ratio_2022_1_0_bps": -0.12619138959845924,
        "annual_return_2022_2023_1_5_bps": -0.010176395046642916,
        "annual_volatility_2022_2023_1_5_bps": 0.05098076826300168,
        "sharpe_ratio_2022_2023_1_5_bps": -0.1751251452918675,
        "downside_risk_2022_2023_1_5_bps": 0.0404885853733797,
        "sortino_ratio_2022_2023_1_5_bps": -0.22050694947270644,
        "max_drawdown_2022_2023_1_5_bps": 0.038238057867110806,
        "calmar_ratio_2022_2023_1_5_bps": -0.2661326336711207,
        "perc_pos_return_2022_2023_1_5_bps": 0.5521978021978022,
        "profit_loss_ratio_2022_2023_1_5_bps": 0.7836873552915696,
        "sharpe_ratio_2022_1_5_bps": -0.14488112206638662,
        "annual_return_2022_2023_2_0_bps": -0.01130989768093238,
        "annual_volatility_2022_2023_2_0_bps": 0.05098243336586357,
        "sharpe_ratio_2022_2023_2_0_bps": -0.197591652945477,
        "downside_risk_2022_2023_2_0_bps": 0.04051029588252929,
        "sortino_ratio_2022_2023_2_0_bps": -0.2486701975506446,
        "max_drawdown_2022_2023_2_0_bps": 0.038803588300721434,
        "calmar_ratio_2022_2023_2_0_bps": -0.291465252988526,
        "perc_pos_return_2022_2023_2_0_bps": 0.5494505494505495,
        "profit_loss_ratio_2022_2023_2_0_bps": 0.7889615711150908,
        "sharpe_ratio_2022_2_0_bps": -0.16356961513587823,
        "annual_return_2022_2023_2_5_bps": -0.012442106175671541,
        "annual_volatility_2022_2023_2_5_bps": 0.05098410527573514,
        "sharpe_ratio_2022_2023_2_5_bps": -0.2200566637398197,
        "downside_risk_2022_2023_2_5_bps": 0.040532040112613285,