{
    "ALL": {
        "performance_sw": 2.7082932750358895,
        "performance_fw": 2.371441658674035,
        "val_loss": 2.929292008611228,
        "annual_return_2018_2019": 0.030802601144336306,
        "annual_volatility_2018_2019": 0.011225636528506696,
        "sharpe_ratio_2018_2019": 2.7082932750358886,
        "downside_risk_2018_2019": 0.007145063851911554,
        "sortino_ratio_2018_2019": 4.255009688964251,
        "max_drawdown_2018_2019": 0.008507235283097646,
        "calmar_ratio_2018_2019": 3.620753408047331,
        "perc_pos_return_2018_2019": 0.6,
        "profit_loss_ratio_2018_2019": 1.0424938898918286,
        "sharpe_ratio_2018": 2.4760502034975254,
        "annual_return_2018_2019_0_5_bps": 0.025192920937593177,
        "annual_volatility_2018_2019_0_5_bps": 0.011236447859445869,
        "sharpe_ratio_2018_2019_0_5_bps": 2.2200011926666123,
        "downside_risk_2018_2019_0_5_bps": 0.007322286922004111,
        "sortino_ratio_2018_2019_0_5_bps": 3.4067126725592174,
        "max_drawdown_2018_2019_0_5_bps": 0.009035069132463693,
        "calmar_ratio_2018_2019_0_5_bps": 2.788348441858966,
        "perc_pos_return_2018_2019_0_5_bps": 0.5846153846153846,
        "profit_loss_ratio_2018_2019_0_5_bps": 1.0258182802713458,
        "sharpe_ratio_2018_0_5_bps": 1.9997352361334193,
        "annual_return_2018_2019_1_0_bps": 0.019613640163804957,
        "annual_volatility_2018_2019_1_0_bps": 0.011247970060212595,
        "sharpe_ratio_2018_2019_1_0_bps": 1.7325383403529293,
        "downside_risk_2018_2019_1_0_bps": 0.00750274742175162,
        "sortino_ratio_2018_2019_1_0_bps": 2.5973871016852828,
        "max_drawdown_2018_2019_1_0_bps": 0.009793117805551371,
        "calmar_ratio_2018_2019_1_0_bps": 2.0027983481100042,
        "perc_pos_return_2018_2019_1_0_bps": 0.5538461538461539,
        "profit_loss_ratio_2018_2019_1_0_bps": 1.0734516889733703,
        "sharpe_ratio_2018_1_0_bps": 1.5241434666299818,
        "annual_return_2018_2019_1_5_bps": 0.014064594782676743,
        "annual_volatility_2018_2019_1_5_bps": 0.01126020094857652,
        "sharpe_ratio_2018_2019_1_5_bps": 1.245994736300683,
        "downside_risk_2018_2019_1_5_bps": 0.007686629662557694,
        "sortino_ratio_2018_2019_1_5_bps": 1.8252669541185913,
        "max_drawdown_2018_2019_1_5_bps": 0.010769163366295454,
        "calmar_ratio_2018_2019_1_5_bps": 1.306006261052283,
        "perc_pos_return_2018_2019_1_5_bps": 0.5423076923076923,
        "profit_loss_ratio_2018_2019_1_5_bps": 1.0376769755486968,
        "sharpe_ratio_2018_1_5_bps": 1.0493527528429023,
        "annual_return_2018_2019_2_0_bps": 0.008545621635332568,
        "annual_volatility_2018_2019_2_0_bps": 0.011273138217847754,
        "sharpe_ratio_2018_2019_2_0_bps": 0.760459303975883,
        "downside_risk_2018_2019_2_0_bps": 0.007873910969035858,
        "sortino_ratio_2018_2019_2_0_bps": 1.0887553690257363,
        "max_drawdown_2018_2019_2_0_bps": 0.013005845494264536,
        "calmar_ratio_2018_2019_2_0_bps": 0.6570600611164504,
        "perc_pos_return_2018_2019_2_0_bps": 0.5384615384615384,
        "profit_loss_ratio_2018_2019_2_0_bps": 0.9725173009439484,
        "sharpe_ratio_2018_2_0_bps": 0.5754401131820135,
        "annual_return_2018_2019_2_5_bps": 0.0030565584396151646,
        "annual_volatility_2018_2019_2_5_bps": 0.011286779438997075,
        "sharpe_ratio_2018_2019_2_5_bps": 0.27601979738866883,
        "downside_risk_2018_2019_2_5_bps": 0.008064448053281176,
        "sortino_ratio_2018_2019_2_5_bps": 0.38630970815851623,
        "max_drawdown_2018_2019_2_5_bps": 0.015674876566515387,
        "calmar_ratio_2018_2019_2_5_bps": 0.1949972892382817,
        "perc_pos_return_2018_2019_2_5_bps": 0.5153846153846153,
        "profit_loss_ratio_2018_2019_2_5_bps": 0.9844753620376895,
        "sharpe_ratio_2018_2_5_bps": 0.10248166854858058,
        "annual_return_2018_2019_3_0_bps": -0.0024027562146139436,
        "annual_volatility_2018_2019_3_0_bps": 0.011301122062871722,
        "sharpe_ratio_2018_2019_3_0_bps": -0.20723727094477382,
        "downside_risk_2018_2019_3_0_bps": 0.008258258237026316,
        "sortino_ratio_2018_2019_3_0_bps": -0.28359656815074785,
        "max_drawdown_2018_2019_3_0_bps": 0.018347427987219098,
        "calmar_ratio_2018_2019_3_0_bps": -0.13095874889318082,
        "perc_pos_return_2018_2019_3_0_bps": 0.49230769230769234,
        "profit_loss_ratio_2018_2019_3_0_bps": 0.9962738177796339,
        "sharpe_ratio_2018_3_0_bps": -0.3694474139033997
    },
    "COMB": {
        "annual_return_2018_2019": 0.030802601144336306,
        "annual_volatility_2018_2019": 0.011225636528506696,
        "sharpe_ratio_2018_2019": 2.7082932750358886,
        "downside_risk_2018_2019": 0.007145063851911554,
        "sortino_ratio_2018_2019": 4.255009688964251,
        "max_drawdown_2018_2019": 0.008507235283097646,
        "calmar_ratio_2018_2019": 3.620753408047331,
        "perc_pos_return_2018_2019": 0.6,
        "profit_loss_ratio_2018_2019": 1.0424938898918286,
        "sharpe_ratio_2018": 2.4760502034975254,
        "annual_return_2018_2019_0_5_bps": 0.025192920937593177,
        "annual_volatility_2018_2019_0_5_bps": 0.011236447859445869,
        "sharpe_ratio_2018_2019_0_5_bps": 2.2200011926666123,
        "downside_risk_2018_2019_0_5_bps": 0.007322286922004111,
        "sortino_ratio_2018_2019_0_5_bps": 3.4067126725592174,
        "max_drawdown_2018_2019_0_5_bps": 0.009035069132463693,
        "calmar_ratio_2018_2019_0_5_bps": 2.788348441858966,
        "perc_pos_return_2018_2019_0_5_bps": 0.5846153846153846,
        "profit_loss_ratio_2018_2019_0_5_bps": 1.0258182802713458,
        "sharpe_ratio_2018_0_5_bps": 1.9997352361334193,
        "annual_return_2018_2019_1_0_bps": 0.019613640163804957,
        "annual_volatility_2018_2019_1_0_bps": 0.011247970060212595,
        "sharpe_ratio_2018_2019_1_0_bps": 1.7325383403529293,
        "downside_risk_2018_2019_1_0_bps": 0.00750274742175162,
        "sortino_ratio_2018_2019_1_0_bps": 2.5973871016852828,
        "max_drawdown_2018_2019_1_0_bps": 0.009793117805551371,
        "calmar_ratio_2018_2019_1_0_bps": 2.0027983481100042,
        "perc_pos_return_2018_2019_1_0_bps": 0.5538461538461539,
        "profit_loss_ratio_2018_2019_1_0_bps": 1.0734516889733703,
        "sharpe_ratio_2018_1_0_bps": 1.5241434666299818,
        "annual_return_2018_2019_1_5_bps": 0.014064594782676743,
        "annual_volatility_2018_2019_1_5_bps": 0.01126020094857652,
        "sharpe_ratio_2018_2019_1_5_bps": 1.245994736300683,
        "downside_risk_2018_2019_1_5_bps": 0.007686629662557694,
        "sortino_ratio_2018_2019_1_5_bps": 1.8252669541185913,
        "max_drawdown_2018_2019_1_5_bps": 0.010769163366295454,
        "calmar_ratio_2018_2019_1_5_bps": 1.306006261052283,
        "perc_pos_return_2018_2019_1_5_bps": 0.5423076923076923,
        "profit_loss_ratio_2018_2019_1_5_bps": 1.0376769755486968,
        "sharpe_ratio_2018_1_5_bps": 1.0493527528429023,
        "annual_return_2018_2019_2_0_bps": 0.008545621635332568,
        "annual_volatility_2018_2019_2_0_bps": 0.011273138217847754,
        "sharpe_ratio_2018_2019_2_0_bps": 0.760459303975883,
        "downside_risk_2018_2019_2_0_bps": 0.007873910969035858,
        "sortino_ratio_2018_2019_2_0_bps": 1.0887553690257363,
        "max_drawdown_2018_2019_2_0_bps": 0.013005845494264536,
        "calmar_ratio_2018_2019_2_0_bps": 0.6570600611164504,
        "perc_pos_return_2018_2019_2_0_bps": 0.5384615384615384,
        "profit_loss_ratio_2018_2019_2_0_bps": 0.9725173009439484,
        "sharpe_ratio_2018_2_0_bps": 0.5754401131820135,
        "annual_return_2018_2019_2_5_bps": 0.0030565584396151646,
        "annual_volatility_2018_2019_2_5_bps": 0.011286779438997075,
        "sharpe_ratio_2018_2019_2_5_bps": 0.27601979738866883,
        "downside_risk_2018_2019_2_5_bps": 0.008064448053281176,
        "sortino_ratio_2018_2019_2_5_bps": 0.38630970815851623,