{
    "ALL": {
        "annual_return": 0.016558777801752602,
        "annual_volatility": 0.012606352606497801,
        "sharpe_ratio": 1.6616328391837947,
        "downside_risk": 0.008948215691827601,
        "sortino_ratio": 2.781694881991447,
        "max_drawdown": 0.0139300498225458,
        "calmar_ratio": 3.6765072335784055,
        "perc_pos_return": 0.5797240660031353,
        "profit_loss_ratio": 0.9682233680819599,
        "annual_return_0_5_bps": 0.011137833979488199,
        "annual_volatility_0_5_bps": 0.012604447935774801,
        "sharpe_ratio_0_5_bps": 1.190643615247701,
        "downside_risk_0_5_bps": 0.0091038836477074,
        "sortino_ratio_0_5_bps": 1.999325429637014,
        "max_drawdown_0_5_bps": 0.014554017692335403,
        "calmar_ratio_0_5_bps": 2.6940501531774412,
        "perc_pos_return_0_5_bps": 0.5619900631528535,
        "profit_loss_ratio_0_5_bps": 0.9549899074322017,
        "annual_return_1_0_bps": 0.005746262774707401,
        "annual_volatility_1_0_bps": 0.012603195383692001,
        "sharpe_ratio_1_0_bps": 0.7194858087308657,
        "downside_risk_1_0_bps": 0.009262884084509801,
        "sortino_ratio_1_0_bps": 1.2555139898707481,
        "max_drawdown_1_0_bps": 0.015300118568824999,
        "calmar_ratio_1_0_bps": 1.8691572246121901,
        "perc_pos_return_1_0_bps": 0.5480992441457555,
        "profit_loss_ratio_1_0_bps": 0.9280869563096668,
        "annual_return_1_5_bps": 0.00038390282844800034,
        "annual_volatility_1_5_bps": 0.012602595024769403,
        "sharpe_ratio_1_5_bps": 0.24825978317273395,
        "downside_risk_1_5_bps": 0.0094252322455768,
        "sortino_ratio_1_5_bps": 0.5481943670101697,
        "max_drawdown_1_5_bps": 0.01608581266767,
        "calmar_ratio_1_5_bps": 1.1811573416511376,
        "perc_pos_return_1_5_bps": 0.5365220574522894,
        "profit_loss_ratio_1_5_bps": 0.8964583610680729,
        "annual_return_2_0_bps": -0.0049494063214438,
        "annual_volatility_2_0_bps": 0.0126026468007228,
        "sharpe_ratio_2_0_bps": -0.22293428265906745,
        "downside_risk_2_0_bps": 0.0095909388971788,
        "sortino_ratio_2_0_bps": -0.12457824821217356,
        "max_drawdown_2_0_bps": 0.017956264431120004,
        "calmar_ratio_2_0_bps": 0.6449963668737742,
        "perc_pos_return_2_0_bps": 0.5226520745125393,
        "profit_loss_ratio_2_0_bps": 0.8694968241374272,
        "annual_return_2_5_bps": -0.0102538242453538,
        "annual_volatility_2_5_bps": 0.012603350520886,
        "sharpe_ratio_2_5_bps": -0.6939965203529098,
        "downside_risk_2_5_bps": 0.009760003456714201,
        "sortino_ratio_2_5_bps": -0.7646447846459937,
        "max_drawdown_2_5_bps": 0.021045935140820003,
        "calmar_ratio_2_5_bps": 0.2642460514824367,
        "perc_pos_return_2_5_bps": 0.5018352085793942,
        "profit_loss_ratio_2_5_bps": 0.867185273793522,
        "annual_return_3_0_bps": -0.015529509626902199,
        "annual_volatility_3_0_bps": 0.012604705862794403,
        "sharpe_ratio_3_0_bps": -1.1648274956132885,
        "downside_risk_3_0_bps": 0.0099325120684792,
        "sortino_ratio_3_0_bps": -1.373707459493534,
        "max_drawdown_3_0_bps": 0.024388040595055605,
        "calmar_ratio_3_0_bps": -0.05333957127970366,
        "perc_pos_return_3_0_bps": 0.48717812880603545,
        "profit_loss_ratio_3_0_bps": 0.8464475688992253,
        "annual_return_rescaled": 0.23383600967886325,
        "annual_volatility_rescaled": 0.1500000000000024,
        "downside_risk_rescaled": 0.10647269639930593,
        "max_drawdown_rescaled": 0.14408478426842933,
        "annual_return_rescaled_0_5_bps": 0.15680943207160128,
        "annual_volatility_rescaled_0_5_bps": 0.15000000000000516,
        "downside_risk_rescaled_0_5_bps": 0.10834132158063547,
        "max_drawdown_rescaled_0_5_bps": 0.15061820135217344,
        "annual_return_rescaled_1_0_bps": 0.08461875602237687,
        "annual_volatility_rescaled_1_0_bps": 0.15000000000000457,
        "downside_risk_rescaled_1_0_bps": 0.11024447137227011,
        "max_drawdown_rescaled_1_0_bps": 0.15835605967788524,
        "annual_return_rescaled_1_5_bps": 0.016969329599885397,
        "annual_volatility_rescaled_1_5_bps": 0.1500000000000054,
        "downside_risk_rescaled_1_5_bps": 0.1121820414016274,
        "max_drawdown_rescaled_1_5_bps": 0.16627977070991973,
        "annual_return_rescaled_2_0_bps": -0.04641679180163201,
        "annual_volatility_rescaled_2_0_bps": 0.1500000000000049,
        "downside_risk_rescaled_2_0_bps": 0.11415386444809184,
        "max_drawdown_rescaled_2_0_bps": 0.18824539720378475,
        "annual_return_rescaled_2_5_bps": -0.10580166754649226,
        "annual_volatility_rescaled_2_5_bps": 0.15000000000000535,
        "downside_risk_rescaled_2_5_bps": 0.11615962882894593,
        "max_drawdown_rescaled_2_5_bps": 0.21894094768748412,
        "annual_return_rescaled_3_0_bps": -0.16143226447891423,
        "annual_volatility_rescaled_3_0_bps": 0.15000000000000485,
        "downside_risk_rescaled_3_0_bps": 0.11820004579953411,
        "max_drawdown_rescaled_3_0_bps": 0.25075429549312667,
        "sharpe_ratio_years": 1.664238510786881,
        "sharpe_ratio_years_0_5_bps": 1.1953438392364837,
        "sharpe_ratio_years_1_0_bps": 0.726282208330057,
        "sharpe_ratio_years_1_5_bps": 0.25713815828671216,
        "sharpe_ratio_years_2_0_bps": -0.21200387591325284,
        "sharpe_ratio_years_2_5_bps": -0.6810596531637934,
        "sharpe_ratio_years_3_0_bps": -1.14994521384927,
        "sharpe_ratio_years_std": 1.693422372814328,
        "sharpe_ratio_years_std_0_5_bps": 1.6059240660941028,
        "sharpe_ratio_years_std_1_0_bps": 1.5317050577297668,
        "sharpe_ratio_years_std_1_5_bps": 1.4727184576660066,
        "sharpe_ratio_years_std_2_0_bps": 1.4307624479446868,
        "sharpe_ratio_years_std_2_5_bps": 1.4072432026145816,
        "sharpe_ratio_years_std_3_0_bps": 1.402941113937323
    },
    "COMB": {
        "annual_return": 0.016558777801752602,
        "annual_volatility": 0.012606352606497801,
        "sharpe_ratio": 1.6616328391837947,
        "downside_risk": 0.008948215691827601,
        "sortino_ratio": 2.781694881991447,
        "max_drawdown": 0.0139300498225458,
        "calmar_ratio": 3.6765072335784055,
        "perc_pos_return": 0.5797240660031353,
        "profit_loss_ratio": 0.9682233680819599,
        "annual_return_0_5_bps": 0.011137833979488199,
        "annual_volatility_0_5_bps": 0.012604447935774801,
        "sharpe_ratio_0_5_bps": 1.190643615247701,
        "downside_risk_0_5_bps": 0.0091038836477074,
        "sortino_ratio_0_5_bps": 1.999325429637014,
        "max_drawdown_0_5_bps": 0.014554017692335403,
        "calmar_ratio_0_5_bps": 2.6940501531774412,
        "perc_pos_return_0_5_bps": 0.5619900631528535,
        "profit_loss_ratio_0_5_bps": 0.9549899074322017,
        "annual_return_1_0_bps": 0.005746262774707401,
        "annual_volatility_1_0_bps": 0.012603195383692001,
        "sharpe_ratio_1_0_bps": 0.7194858087308657,
        "downside_risk_1_0_bps": 0.009262884084509801,
        "sortino_ratio_1_0_bps": 1.2555139898707481,
        "max_drawdown_1_0_bps": 0.015300118568824999,
        "calmar_ratio_1_0_bps": 1.8691572246121901,
        "perc_pos_return_1_0_bps": 0.5480992441457555,
        "profit_loss_ratio_1_0_bps": 0.9280869563096668,
        "annual_return_1_5_bps": 0.00038390282844800034,
        "annual_volatility_1_5_bps": 0.012602595024769403,
        "sharpe_ratio_1_5_bps": 0.24825978317273395,
        "downside_risk_1_5_bps": 0.0094252322455768,
        "sortino_ratio_1_5_bps": 0.5481943670101697,
        "max_drawdown_1_5_bps": 0.01608581266767,
        "calmar_ratio_1_5_bps": 1.1811573416511376,
        "perc_pos_return_1_5_bps": 0.5365220574522894,
        "profit_loss_ratio_1_5_bps": 0.8964583610680729,
        "annual_return_2_0_bps": -0.0049494063214438,
        "annual_volatility_2_0_bps": 0.0126026468007228,