{
    "ALL": {
        "performance_sw": 0.742947568117852,
        "performance_fw": 0.9348204464842084,
        "val_loss": 3.512323417069775,
        "annual_return_2017_2018": 0.007307597464665916,
        "annual_volatility_2017_2018": 0.009865569372937581,
        "sharpe_ratio_2017_2018": 0.7429475681178512,
        "downside_risk_2017_2018": 0.0065355089321709,
        "sortino_ratio_2017_2018": 1.1215042087452638,
        "max_drawdown_2017_2018": 0.006492195270440869,
        "calmar_ratio_2017_2018": 1.1255972995663877,
        "perc_pos_return_2017_2018": 0.5271317829457365,
        "profit_loss_ratio_2017_2018": 1.01244683066817,
        "sharpe_ratio_2017": 0.9991434435767151,
        "annual_return_2017_2018_0_5_bps": 0.0013298784694670829,
        "annual_volatility_2017_2018_0_5_bps": 0.009878135042675073,
        "sharpe_ratio_2017_2018_0_5_bps": 0.13945876268322563,
        "downside_risk_2017_2018_0_5_bps": 0.006755892272020963,
        "sortino_ratio_2017_2018_0_5_bps": 0.2039097775988047,
        "max_drawdown_2017_2018_0_5_bps": 0.007895761368854604,
        "calmar_ratio_2017_2018_0_5_bps": 0.16842941514327975,
        "perc_pos_return_2017_2018_0_5_bps": 0.5155038759689923,
        "profit_loss_ratio_2017_2018_0_5_bps": 0.961467729830608,
        "sharpe_ratio_2017_0_5_bps": 0.4034864941734128,
        "annual_return_2017_2018_1_0_bps": -0.004612515056914179,
        "annual_volatility_2017_2018_1_0_bps": 0.009891549781137904,
        "sharpe_ratio_2017_2018_1_0_bps": -0.4624569348178673,
        "downside_risk_2017_2018_1_0_bps": 0.006979984014055545,
        "sortino_ratio_2017_2018_1_0_bps": -0.6553619296508291,
        "max_drawdown_2017_2018_1_0_bps": 0.009751165335960255,
        "calmar_ratio_2017_2018_1_0_bps": -0.4730219310203048,
        "perc_pos_return_2017_2018_1_0_bps": 0.5038759689922481,
        "profit_loss_ratio_2017_2018_1_0_bps": 0.9129717936762177,
        "sharpe_ratio_2017_1_0_bps": -0.19071903862032188,
        "annual_return_2017_2018_1_5_bps": -0.010519790994332756,
        "annual_volatility_2017_2018_1_5_bps": 0.009905810138825398,
        "sharpe_ratio_2017_2018_1_5_bps": -1.0626515073389273,
        "downside_risk_2017_2018_1_5_bps": 0.007207744188706357,
        "sortino_ratio_2017_2018_1_5_bps": -1.4604325292134592,
        "max_drawdown_2017_2018_1_5_bps": 0.011862944350293768,
        "calmar_ratio_2017_2018_1_5_bps": -0.8867774039648301,
        "perc_pos_return_2017_2018_1_5_bps": 0.49224806201550386,
        "profit_loss_ratio_2017_2018_1_5_bps": 0.866817057131252,
        "sharpe_ratio_2017_1_5_bps": -0.7833471039613731,
        "annual_return_2017_2018_2_0_bps": -0.016392156004490954,
        "annual_volatility_2017_2018_2_0_bps": 0.009920912469249268,
        "sharpe_ratio_2017_2018_2_0_bps": -1.6609795126773903,
        "downside_risk_2017_2018_2_0_bps": 0.00743913546772957,
        "sortino_ratio_2017_2018_2_0_bps": -2.2151004548809388,
        "max_drawdown_2017_2018_2_0_bps": 0.017530590019314295,
        "calmar_ratio_2017_2018_2_0_bps": -0.9350601426666716,
        "perc_pos_return_2017_2018_2_0_bps": 0.4689922480620155,
        "profit_loss_ratio_2017_2018_2_0_bps": 0.8622530757675004,
        "sharpe_ratio_2017_2_0_bps": -1.374273702390982,
        "annual_return_2017_2018_2_5_bps": -0.022229815538047815,
        "annual_volatility_2017_2018_2_5_bps": 0.009936852933443159,
        "sharpe_ratio_2017_2018_2_5_bps": -2.257298240376505,
        "downside_risk_2017_2018_2_5_bps": 0.007674296510741608,
        "sortino_ratio_2017_2018_2_5_bps": -2.9228008860676375,
        "max_drawdown_2017_2018_2_5_bps": 0.0234070774491354,
        "calmar_ratio_2017_2018_2_5_bps": -0.9497048739362772,
        "perc_pos_return_2017_2018_2_5_bps": 0.4573643410852713,
        "profit_loss_ratio_2017_2018_2_5_bps": 0.8188450656227644,
        "sharpe_ratio_2017_2_5_bps": -1.9633770010402516,
        "annual_return_2017_2018_3_0_bps": -0.02803297384168857,
        "annual_volatility_2017_2018_3_0_bps": 0.009953627504662456,
        "sharpe_ratio_2017_2018_3_0_bps": -2.851467860465863,
        "downside_risk_2017_2018_3_0_bps": 0.007913181543730182,
        "sortino_ratio_2017_2018_3_0_bps": -3.5867304152881667,
        "max_drawdown_2017_2018_3_0_bps": 0.029248561880126055,
        "calmar_ratio_2017_2018_3_0_bps": -0.9584393911940177,
        "perc_pos_return_2017_2018_3_0_bps": 0.44573643410852715,
        "profit_loss_ratio_2017_2018_3_0_bps": 0.7776853523064794,
        "sharpe_ratio_2017_3_0_bps": -2.5505374432348846
    },
    "COMB": {
        "annual_return_2017_2018": 0.007307597464665916,
        "annual_volatility_2017_2018": 0.009865569372937581,
        "sharpe_ratio_2017_2018": 0.7429475681178512,
        "downside_risk_2017_2018": 0.0065355089321709,
        "sortino_ratio_2017_2018": 1.1215042087452638,
        "max_drawdown_2017_2018": 0.006492195270440869,
        "calmar_ratio_2017_2018": 1.1255972995663877,
        "perc_pos_return_2017_2018": 0.5271317829457365,
        "profit_loss_ratio_2017_2018": 1.01244683066817,
        "sharpe_ratio_2017": 0.9991434435767151,
        "annual_return_2017_2018_0_5_bps": 0.0013298784694670829,
        "annual_volatility_2017_2018_0_5_bps": 0.009878135042675073,
        "sharpe_ratio_2017_2018_0_5_bps": 0.13945876268322563,
        "downside_risk_2017_2018_0_5_bps": 0.006755892272020963,
        "sortino_ratio_2017_2018_0_5_bps": 0.2039097775988047,
        "max_drawdown_2017_2018_0_5_bps": 0.007895761368854604,
        "calmar_ratio_2017_2018_0_5_bps": 0.16842941514327975,
        "perc_pos_return_2017_2018_0_5_bps": 0.5155038759689923,
        "profit_loss_ratio_2017_2018_0_5_bps": 0.961467729830608,
        "sharpe_ratio_2017_0_5_bps": 0.4034864941734128,
        "annual_return_2017_2018_1_0_bps": -0.004612515056914179,
        "annual_volatility_2017_2018_1_0_bps": 0.009891549781137904,
        "sharpe_ratio_2017_2018_1_0_bps": -0.4624569348178673,
        "downside_risk_2017_2018_1_0_bps": 0.006979984014055545,
        "sortino_ratio_2017_2018_1_0_bps": -0.6553619296508291,
        "max_drawdown_2017_2018_1_0_bps": 0.009751165335960255,
        "calmar_ratio_2017_2018_1_0_bps": -0.4730219310203048,
        "perc_pos_return_2017_2018_1_0_bps": 0.5038759689922481,
        "profit_loss_ratio_2017_2018_1_0_bps": 0.9129717936762177,
        "sharpe_ratio_2017_1_0_bps": -0.19071903862032188,
        "annual_return_2017_2018_1_5_bps": -0.010519790994332756,
        "annual_volatility_2017_2018_1_5_bps": 0.009905810138825398,
        "sharpe_ratio_2017_2018_1_5_bps": -1.0626515073389273,
        "downside_risk_2017_2018_1_5_bps": 0.007207744188706357,
        "sortino_ratio_2017_2018_1_5_bps": -1.4604325292134592,
        "max_drawdown_2017_2018_1_5_bps": 0.011862944350293768,
        "calmar_ratio_2017_2018_1_5_bps": -0.8867774039648301,
        "perc_pos_return_2017_2018_1_5_bps": 0.49224806201550386,
        "profit_loss_ratio_2017_2018_1_5_bps": 0.866817057131252,
        "sharpe_ratio_2017_1_5_bps": -0.7833471039613731,
        "annual_return_2017_2018_2_0_bps": -0.016392156004490954,
        "annual_volatility_2017_2018_2_0_bps": 0.009920912469249268,
        "sharpe_ratio_2017_2018_2_0_bps": -1.6609795126773903,
        "downside_risk_2017_2018_2_0_bps": 0.00743913546772957,
        "sortino_ratio_2017_2018_2_0_bps": -2.2151004548809388,
        "max_drawdown_2017_2018_2_0_bps": 0.017530590019314295,
        "calmar_ratio_2017_2018_2_0_bps": -0.9350601426666716,
        "perc_pos_return_2017_2018_2_0_bps": 0.4689922480620155,
        "profit_loss_ratio_2017_2018_2_0_bps": 0.8622530757675004,
        "sharpe_ratio_2017_2_0_bps": -1.374273702390982,
        "annual_return_2017_2018_2_5_bps": -0.022229815538047815,
        "annual_volatility_2017_2018_2_5_bps": 0.009936852933443159,
        "sharpe_ratio_2017_2018_2_5_bps": -2.257298240376505,
        "downside_risk_2017_2018_2_5_bps": 0.007674296510741608,