{
    "ALL": {
        "performance_sw": 2.0174712178002117,
        "performance_fw": 1.353381881342881,
        "val_loss": 3.0196262690278743,
        "annual_return_2016_2017": 0.016191344624595594,
        "annual_volatility_2016_2017": 0.00797724855732091,
        "sharpe_ratio_2016_2017": 2.0174712178002117,
        "downside_risk_2016_2017": 0.005106615202529245,
        "sortino_ratio_2016_2017": 3.151572758735002,
        "max_drawdown_2016_2017": 0.004689146525921594,
        "calmar_ratio_2016_2017": 3.452940643908197,
        "perc_pos_return_2016_2017": 0.5714285714285714,
        "profit_loss_ratio_2016_2017": 1.0801807921193924,
        "sharpe_ratio_2016": 2.2050175290071032,
        "annual_return_2016_2017_0_5_bps": 0.01194273205912344,
        "annual_volatility_2016_2017_0_5_bps": 0.007975285160604544,
        "sharpe_ratio_2016_2017_0_5_bps": 1.4926036602799129,
        "downside_risk_2016_2017_0_5_bps": 0.005230116933230045,
        "sortino_ratio_2016_2017_0_5_bps": 2.276037032147714,
        "max_drawdown_2016_2017_0_5_bps": 0.0051506632469750825,
        "calmar_ratio_2016_2017_0_5_bps": 2.3186784859478538,
        "perc_pos_return_2016_2017_0_5_bps": 0.5521235521235521,
        "profit_loss_ratio_2016_2017_0_5_bps": 1.0627359853300473,
        "sharpe_ratio_2016_0_5_bps": 1.682680667555617,
        "annual_return_2016_2017_1_0_bps": 0.007711807750928612,
        "annual_volatility_2016_2017_1_0_bps": 0.007973902105071184,
        "sharpe_ratio_2016_2017_1_0_bps": 0.9674071968415229,
        "downside_risk_2016_2017_1_0_bps": 0.005356958469696866,
        "sortino_ratio_2016_2017_1_0_bps": 1.439998149508175,
        "max_drawdown_2016_2017_1_0_bps": 0.0056119743908589455,
        "calmar_ratio_2016_2017_1_0_bps": 1.3741701607708645,
        "perc_pos_return_2016_2017_1_0_bps": 0.5173745173745173,
        "profit_loss_ratio_2016_2017_1_0_bps": 1.1112949602646658,
        "sharpe_ratio_2016_1_0_bps": 1.1596912038710137,
        "annual_return_2016_2017_1_5_bps": 0.0034984983699157812,
        "annual_volatility_2016_2017_1_5_bps": 0.007973099692727881,
        "sharpe_ratio_2016_2017_1_5_bps": 0.44199632263862176,
        "downside_risk_2016_2017_1_5_bps": 0.005487387057648702,
        "sortino_ratio_2016_2017_1_5_bps": 0.6422147202655842,
        "max_drawdown_2016_2017_1_5_bps": 0.00676172502993374,
        "calmar_ratio_2016_2017_1_5_bps": 0.5173973142102266,
        "perc_pos_return_2016_2017_1_5_bps": 0.5135135135135135,
        "profit_loss_ratio_2016_2017_1_5_bps": 1.0261651466711093,
        "sharpe_ratio_2016_1_5_bps": 0.6361534417855497,
        "annual_return_2016_2017_2_0_bps": -0.0006972691112986373,
        "annual_volatility_2016_2017_2_0_bps": 0.007972878098887207,
        "sharpe_ratio_2016_2017_2_0_bps": -0.0835142324595267,
        "downside_risk_2016_2017_2_0_bps": 0.005621379331942474,
        "sortino_ratio_2016_2017_2_0_bps": -0.11844936190987324,
        "max_drawdown_2016_2017_2_0_bps": 0.008355001701879293,
        "calmar_ratio_2016_2017_2_0_bps": -0.08345529255150246,
        "perc_pos_return_2016_2017_2_0_bps": 0.4826254826254826,
        "profit_loss_ratio_2016_2017_2_0_bps": 1.055946867801167,
        "sharpe_ratio_2016_2_0_bps": 0.1121722992594282,
        "annual_return_2016_2017_2_5_bps": -0.004875567418617277,
        "annual_volatility_2016_2017_2_5_bps": 0.007973237371975845,
        "sharpe_ratio_2016_2017_2_5_bps": -0.6090096290281904,
        "downside_risk_2016_2017_2_5_bps": 0.0057589479795570895,
        "sortino_ratio_2016_2017_2_5_bps": -0.8431710707055496,
        "max_drawdown_2016_2017_2_5_bps": 0.010155643790423283,
        "calmar_ratio_2016_2017_2_5_bps": -0.4800845243523518,
        "perc_pos_return_2016_2017_2_5_bps": 0.47104247104247104,
        "profit_loss_ratio_2016_2017_2_5_bps": 1.0061295219367035,
        "sharpe_ratio_2016_2_5_bps": -0.4121467956252614,
        "annual_return_2016_2017_3_0_bps": -0.009036468977730028,
        "annual_volatility_2016_2017_3_0_bps": 0.007974177433481675,
        "sharpe_ratio_2016_2017_3_0_bps": -1.1343750435272137,
        "downside_risk_2016_2017_3_0_bps": 0.00590016293413397,
        "sortino_ratio_2016_2017_3_0_bps": -1.5331284871588442,
        "max_drawdown_2016_2017_3_0_bps": 0.013220709909824647,
        "calmar_ratio_2016_2017_3_0_bps": -0.6835086042554188,
        "perc_pos_return_2016_2017_3_0_bps": 0.44015444015444016,
        "profit_loss_ratio_2016_2017_3_0_bps": 1.0370657881758099,
        "sharpe_ratio_2016_3_0_bps": -0.9366980099295636
    },
    "COMB": {
        "annual_return_2016_2017": 0.016191344624595594,
        "annual_volatility_2016_2017": 0.00797724855732091,
        "sharpe_ratio_2016_2017": 2.0174712178002117,
        "downside_risk_2016_2017": 0.005106615202529245,
        "sortino_ratio_2016_2017": 3.151572758735002,
        "max_drawdown_2016_2017": 0.004689146525921594,
        "calmar_ratio_2016_2017": 3.452940643908197,
        "perc_pos_return_2016_2017": 0.5714285714285714,
        "profit_loss_ratio_2016_2017": 1.0801807921193924,
        "sharpe_ratio_2016": 2.2050175290071032,
        "annual_return_2016_2017_0_5_bps": 0.01194273205912344,
        "annual_volatility_2016_2017_0_5_bps": 0.007975285160604544,
        "sharpe_ratio_2016_2017_0_5_bps": 1.4926036602799129,
        "downside_risk_2016_2017_0_5_bps": 0.005230116933230045,
        "sortino_ratio_2016_2017_0_5_bps": 2.276037032147714,
        "max_drawdown_2016_2017_0_5_bps": 0.0051506632469750825,
        "calmar_ratio_2016_2017_0_5_bps": 2.3186784859478538,
        "perc_pos_return_2016_2017_0_5_bps": 0.5521235521235521,
        "profit_loss_ratio_2016_2017_0_5_bps": 1.0627359853300473,
        "sharpe_ratio_2016_0_5_bps": 1.682680667555617,
        "annual_return_2016_2017_1_0_bps": 0.007711807750928612,
        "annual_volatility_2016_2017_1_0_bps": 0.007973902105071184,
        "sharpe_ratio_2016_2017_1_0_bps": 0.9674071968415229,
        "downside_risk_2016_2017_1_0_bps": 0.005356958469696866,
        "sortino_ratio_2016_2017_1_0_bps": 1.439998149508175,
        "max_drawdown_2016_2017_1_0_bps": 0.0056119743908589455,
        "calmar_ratio_2016_2017_1_0_bps": 1.3741701607708645,
        "perc_pos_return_2016_2017_1_0_bps": 0.5173745173745173,
        "profit_loss_ratio_2016_2017_1_0_bps": 1.1112949602646658,
        "sharpe_ratio_2016_1_0_bps": 1.1596912038710137,
        "annual_return_2016_2017_1_5_bps": 0.0034984983699157812,
        "annual_volatility_2016_2017_1_5_bps": 0.007973099692727881,
        "sharpe_ratio_2016_2017_1_5_bps": 0.44199632263862176,
        "downside_risk_2016_2017_1_5_bps": 0.005487387057648702,
        "sortino_ratio_2016_2017_1_5_bps": 0.6422147202655842,
        "max_drawdown_2016_2017_1_5_bps": 0.00676172502993374,
        "calmar_ratio_2016_2017_1_5_bps": 0.5173973142102266,
        "perc_pos_return_2016_2017_1_5_bps": 0.5135135135135135,
        "profit_loss_ratio_2016_2017_1_5_bps": 1.0261651466711093,
        "sharpe_ratio_2016_1_5_bps": 0.6361534417855497,
        "annual_return_2016_2017_2_0_bps": -0.0006972691112986373,
        "annual_volatility_2016_2017_2_0_bps": 0.007972878098887207,
        "sharpe_ratio_2016_2017_2_0_bps": -0.0835142324595267,
        "downside_risk_2016_2017_2_0_bps": 0.005621379331942474,
        "sortino_ratio_2016_2017_2_0_bps": -0.11844936190987324,
        "max_drawdown_2016_2017_2_0_bps": 0.008355001701879293,
        "calmar_ratio_2016_2017_2_0_bps": -0.08345529255150246,
        "perc_pos_return_2016_2017_2_0_bps": 0.4826254826254826,
        "profit_loss_ratio_2016_2017_2_0_bps": 1.055946867801167,
        "sharpe_ratio_2016_2_0_bps": 0.1121722992594282,
        "annual_return_2016_2017_2_5_bps": -0.004875567418617277,
        "annual_volatility_2016_2017_2_5_bps": 0.007973237371975845,
        "sharpe_ratio_2016_2017_2_5_bps": -0.6090096290281904,
        "downside_risk_2016_2017_2_5_bps": 0.0057589479795570895,