{
    "ALL": {
        "performance_sw": 1.8082842219730708,
        "performance_fw": 1.851374868954927,
        "val_loss": 2.5397746510513386,
        "annual_return_2021_2022": 0.13237472466635114,
        "annual_volatility_2021_2022": 0.05790228400753921,
        "sharpe_ratio_2021_2022": 2.1762703980193496,
        "downside_risk_2021_2022": 0.03862235164283673,
        "sortino_ratio_2021_2022": 3.262645108423584,
        "max_drawdown_2021_2022": 0.02283220677028783,
        "calmar_ratio_2021_2022": 5.797719247997262,
        "perc_pos_return_2021_2022": 0.5780821917808219,
        "profit_loss_ratio_2021_2022": 1.0459701201890808,
        "sharpe_ratio_2021": 1.8082842219730713,
        "annual_return_2021_2022_0_5_bps": 0.13204493735620382,
        "annual_volatility_2021_2022_0_5_bps": 0.05790327191590871,
        "sharpe_ratio_2021_2022_0_5_bps": 2.171202140711104,
        "downside_risk_2021_2022_0_5_bps": 0.03862889863538356,
        "sortino_ratio_2021_2022_0_5_bps": 3.2545506700737397,
        "max_drawdown_2021_2022_0_5_bps": 0.022862503915777436,
        "calmar_ratio_2021_2022_0_5_bps": 5.775611360970811,
        "perc_pos_return_2021_2022_0_5_bps": 0.5780821917808219,
        "profit_loss_ratio_2021_2022_0_5_bps": 1.045086925887487,
        "sharpe_ratio_2021_0_5_bps": 1.8040729577240413,
        "annual_return_2021_2022_1_0_bps": 0.1317152454927304,
        "annual_volatility_2021_2022_1_0_bps": 0.05790426494454371,
        "sharpe_ratio_2021_2022_1_0_bps": 2.1661338647991673,
        "downside_risk_2021_2022_1_0_bps": 0.03863545228542344,
        "sortino_ratio_2021_2022_1_0_bps": 3.2464584156039917,
        "max_drawdown_2021_2022_1_0_bps": 0.02289280017906116,
        "calmar_ratio_2021_2022_1_0_bps": 5.7535663816785245,
        "perc_pos_return_2021_2022_1_0_bps": 0.5780821917808219,
        "profit_loss_ratio_2021_2022_1_0_bps": 1.044204584678136,
        "sharpe_ratio_2021_1_0_bps": 1.799861678017024,
        "annual_return_2021_2022_1_5_bps": 0.1313856490484746,
        "annual_volatility_2021_2022_1_5_bps": 0.05790526309318079,
        "sharpe_ratio_2021_2022_1_5_bps": 2.1610655716388143,
        "downside_risk_2021_2022_1_5_bps": 0.038642012589569036,
        "sortino_ratio_2021_2022_1_5_bps": 3.238368348369619,
        "max_drawdown_2021_2022_1_5_bps": 0.022923095560162574,
        "calmar_ratio_2021_2022_1_5_bps": 5.731584056945876,
        "perc_pos_return_2021_2022_1_5_bps": 0.5780821917808219,
        "profit_loss_ratio_2021_2022_1_5_bps": 1.0433230953256003,
        "sharpe_ratio_2021_1_5_bps": 1.7956503839781301,
        "annual_return_2021_2022_2_0_bps": 0.13105614799599552,
        "annual_volatility_2021_2022_2_0_bps": 0.05790626636155519,
        "sharpe_ratio_2021_2022_2_0_bps": 2.1559972625851915,
        "downside_risk_2021_2022_2_0_bps": 0.038648579544431905,
        "sortino_ratio_2021_2022_2_0_bps": 3.2302804717186167,
        "max_drawdown_2021_2022_2_0_bps": 0.02295339005910474,
        "calmar_ratio_2021_2022_2_0_bps": 5.709664134950319,
        "perc_pos_return_2021_2022_2_0_bps": 0.5780821917808219,
        "profit_loss_ratio_2021_2022_2_0_bps": 1.0424424565968369,
        "sharpe_ratio_2021_2_0_bps": 1.7914390767333639,
        "annual_return_2021_2022_2_5_bps": 0.1307267423078533,
        "annual_volatility_2021_2022_2_5_bps": 0.057907274749400814,
        "sharpe_ratio_2021_2022_2_5_bps": 2.1509289389933186,
        "downside_risk_2021_2022_2_5_bps": 0.03865515314662245,
        "sortino_ratio_2021_2022_2_5_bps": 3.222194788991708,
        "max_drawdown_2021_2022_2_5_bps": 0.02298368367591247,
        "calmar_ratio_2021_2022_2_5_bps": 5.687806365211096,
        "perc_pos_return_2021_2022_2_5_bps": 0.5780821917808219,
        "profit_loss_ratio_2021_2022_2_5_bps": 1.041562667261181,
        "sharpe_ratio_2021_2_5_bps": 1.7872277574086242,
        "annual_return_2021_2022_3_0_bps": 0.13039743195662368,
        "annual_volatility_2021_2022_3_0_bps": 0.0579082882564502,
        "sharpe_ratio_2021_2022_3_0_bps": 2.1458606022180833,
        "downside_risk_2021_2022_3_0_bps": 0.038661733392749975,
        "sortino_ratio_2021_2022_3_0_bps": 3.214111303522335,
        "max_drawdown_2021_2022_3_0_bps": 0.023013976410610943,
        "calmar_ratio_2021_2022_3_0_bps": 5.6660104985812865,
        "perc_pos_return_2021_2022_3_0_bps": 0.5780821917808219,
        "profit_loss_ratio_2021_2022_3_0_bps": 1.0406837260903405,
        "sharpe_ratio_2021_3_0_bps": 1.7830164271297009
    },
    "COMB": {
        "annual_return_2021_2022": 0.13237472466635114,
        "annual_volatility_2021_2022": 0.05790228400753921,
        "sharpe_ratio_2021_2022": 2.1762703980193496,
        "downside_risk_2021_2022": 0.03862235164283673,
        "sortino_ratio_2021_2022": 3.262645108423584,
        "max_drawdown_2021_2022": 0.02283220677028783,
        "calmar_ratio_2021_2022": 5.797719247997262,
        "perc_pos_return_2021_2022": 0.5780821917808219,
        "profit_loss_ratio_2021_2022": 1.0459701201890808,
        "sharpe_ratio_2021": 1.8082842219730713,
        "annual_return_2021_2022_0_5_bps": 0.13204493735620382,
        "annual_volatility_2021_2022_0_5_bps": 0.05790327191590871,
        "sharpe_ratio_2021_2022_0_5_bps": 2.171202140711104,
        "downside_risk_2021_2022_0_5_bps": 0.03862889863538356,
        "sortino_ratio_2021_2022_0_5_bps": 3.2545506700737397,
        "max_drawdown_2021_2022_0_5_bps": 0.022862503915777436,
        "calmar_ratio_2021_2022_0_5_bps": 5.775611360970811,
        "perc_pos_return_2021_2022_0_5_bps": 0.5780821917808219,
        "profit_loss_ratio_2021_2022_0_5_bps": 1.045086925887487,
        "sharpe_ratio_2021_0_5_bps": 1.8040729577240413,
        "annual_return_2021_2022_1_0_bps": 0.1317152454927304,
        "annual_volatility_2021_2022_1_0_bps": 0.05790426494454371,
        "sharpe_ratio_2021_2022_1_0_bps": 2.1661338647991673,
        "downside_risk_2021_2022_1_0_bps": 0.03863545228542344,
        "sortino_ratio_2021_2022_1_0_bps": 3.2464584156039917,
        "max_drawdown_2021_2022_1_0_bps": 0.02289280017906116,
        "calmar_ratio_2021_2022_1_0_bps": 5.7535663816785245,
        "perc_pos_return_2021_2022_1_0_bps": 0.5780821917808219,
        "profit_loss_ratio_2021_2022_1_0_bps": 1.044204584678136,
        "sharpe_ratio_2021_1_0_bps": 1.799861678017024,
        "annual_return_2021_2022_1_5_bps": 0.1313856490484746,
        "annual_volatility_2021_2022_1_5_bps": 0.05790526309318079,
        "sharpe_ratio_2021_2022_1_5_bps": 2.1610655716388143,
        "downside_risk_2021_2022_1_5_bps": 0.038642012589569036,
        "sortino_ratio_2021_2022_1_5_bps": 3.238368348369619,
        "max_drawdown_2021_2022_1_5_bps": 0.022923095560162574,
        "calmar_ratio_2021_2022_1_5_bps": 5.731584056945876,
        "perc_pos_return_2021_2022_1_5_bps": 0.5780821917808219,
        "profit_loss_ratio_2021_2022_1_5_bps": 1.0433230953256003,
        "sharpe_ratio_2021_1_5_bps": 1.7956503839781301,
        "annual_return_2021_2022_2_0_bps": 0.13105614799599552,
        "annual_volatility_2021_2022_2_0_bps": 0.05790626636155519,
        "sharpe_ratio_2021_2022_2_0_bps": 2.1559972625851915,
        "downside_risk_2021_2022_2_0_bps": 0.038648579544431905,
        "sortino_ratio_2021_2022_2_0_bps": 3.2302804717186167,
        "max_drawdown_2021_2022_2_0_bps": 0.02295339005910474,
        "calmar_ratio_2021_2022_2_0_bps": 5.709664134950319,
        "perc_pos_return_2021_2022_2_0_bps": 0.5780821917808219,
        "profit_loss_ratio_2021_2022_2_0_bps": 1.0424424565968369,
        "sharpe_ratio_2021_2_0_bps": 1.7914390767333639,
        "annual_return_2021_2022_2_5_bps": 0.1307267423078533,
        "annual_volatility_2021_2022_2_5_bps": 0.057907274749400814,
        "sharpe_ratio_2021_2022_2_5_bps": 2.1509289389933186,
        "downside_risk_2021_2022_2_5_bps": 0.03865515314662245,
        "sortino_ratio_2021_2022_2_5_bps": 3.222194788991708,
        "max_drawdown_2021_2022_2_5_bps": 0.02298368367591247,