{
    "ALL": {
        "performance_sw": 1.7691040665910196,
        "performance_fw": 2.815303538393526,
        "val_loss": 3.1885892911800404,
        "annual_return_2020_2021": 0.025084270281027443,
        "annual_volatility_2020_2021": 0.014060581624846556,
        "sharpe_ratio_2020_2021": 1.7691040665910194,
        "downside_risk_2020_2021": 0.010612439912995616,
        "sortino_ratio_2020_2021": 2.3439126473347955,
        "max_drawdown_2020_2021": 0.013563339641125846,
        "calmar_ratio_2020_2021": 1.849416953695431,
        "perc_pos_return_2020_2021": 0.6,
        "profit_loss_ratio_2020_2021": 0.9743908593367828,
        "sharpe_ratio_2020": 1.680137336155528,
        "annual_return_2020_2021_0_5_bps": 0.020887664963119557,
        "annual_volatility_2020_2021_0_5_bps": 0.014063680867665433,
        "sharpe_ratio_2020_2021_0_5_bps": 1.4769953812807606,
        "downside_risk_2020_2021_0_5_bps": 0.010699285963297812,
        "sortino_ratio_2020_2021_0_5_bps": 1.9414371909119388,
        "max_drawdown_2020_2021_0_5_bps": 0.013685186757808809,
        "calmar_ratio_2020_2021_0_5_bps": 1.5262973997195173,
        "perc_pos_return_2020_2021_0_5_bps": 0.5884615384615385,
        "profit_loss_ratio_2020_2021_0_5_bps": 0.9604757798153806,
        "sharpe_ratio_2020_0_5_bps": 1.382935734087597,
        "annual_return_2020_2021_1_0_bps": 0.01670815857647301,
        "annual_volatility_2020_2021_1_0_bps": 0.014067741394252544,
        "sharpe_ratio_2020_2021_1_0_bps": 1.1849344377595854,
        "downside_risk_2020_2021_1_0_bps": 0.010788733301218061,
        "sortino_ratio_2020_2021_1_0_bps": 1.5450702852821372,
        "max_drawdown_2020_2021_1_0_bps": 0.013807020763532083,
        "calmar_ratio_2020_2021_1_0_bps": 1.2101204787497375,
        "perc_pos_return_2020_2021_1_0_bps": 0.5807692307692308,
        "profit_loss_ratio_2020_2021_1_0_bps": 0.93150826112003,
        "sharpe_ratio_2020_1_0_bps": 1.0857140128706773,
        "annual_return_2020_2021_1_5_bps": 0.012545681784013718,
        "annual_volatility_2020_2021_1_5_bps": 0.014072762372507241,
        "sharpe_ratio_2020_2021_1_5_bps": 0.8929810978897672,
        "downside_risk_2020_2021_1_5_bps": 0.010880800191684118,
        "sortino_ratio_2020_2021_1_5_bps": 1.1549436229283665,
        "max_drawdown_2020_2021_1_5_bps": 0.013928841659500514,
        "calmar_ratio_2020_2021_1_5_bps": 0.9006981406423429,
        "perc_pos_return_2020_2021_1_5_bps": 0.55,
        "profit_loss_ratio_2020_2021_1_5_bps": 0.9916985360889289,
        "sharpe_ratio_2020_1_5_bps": 0.7885371575167541,
        "annual_return_2020_2021_2_0_bps": 0.008400165528490433,
        "annual_volatility_2020_2021_2_0_bps": 0.01407874277483633,
        "sharpe_ratio_2020_2021_2_0_bps": 0.601195041582053,
        "downside_risk_2020_2021_2_0_bps": 0.010975601226905031,
        "sortino_ratio_2020_2021_2_0_bps": 0.7711714532040724,
        "max_drawdown_2020_2021_2_0_bps": 0.014050649446917807,
        "calmar_ratio_2020_2021_2_0_bps": 0.597848915114249,
        "perc_pos_return_2020_2021_2_0_bps": 0.5230769230769231,
        "profit_loss_ratio_2020_2021_2_0_bps": 1.0377855838663013,
        "sharpe_ratio_2020_2_0_bps": 0.49147004240728437,
        "annual_return_2020_2021_2_5_bps": 0.004271541031342085,
        "annual_volatility_2020_2021_2_5_bps": 0.014085681379202719,
        "sharpe_ratio_2020_2021_2_5_bps": 0.3096357062696148,
        "downside_risk_2020_2021_2_5_bps": 0.011073200203384781,
        "sortino_ratio_2020_2021_2_5_bps": 0.39387257721620733,
        "max_drawdown_2020_2021_2_5_bps": 0.01479675727052708,
        "calmar_ratio_2020_2021_2_5_bps": 0.28868088820044063,
        "perc_pos_return_2020_2021_2_5_bps": 0.5115384615384615,
        "profit_loss_ratio_2020_2021_2_5_bps": 1.020712113421902,
        "sharpe_ratio_2020_2_5_bps": 0.19457736073422108,
        "annual_return_2020_2021_3_0_bps": 0.00015973979159689122,
        "annual_volatility_2020_2021_3_0_bps": 0.014093576770369244,
        "sharpe_ratio_2020_2021_3_0_bps": 0.018362227030949155,
        "downside_risk_2020_2021_3_0_bps": 0.01117361410909884,
        "sortino_ratio_2020_2021_3_0_bps": 0.023160765514972915,
        "max_drawdown_2020_2021_3_0_bps": 0.01571637558824051,
        "calmar_ratio_2020_2021_3_0_bps": 0.010163907747051655,
        "perc_pos_return_2020_2021_3_0_bps": 0.49230769230769234,
        "profit_loss_ratio_2020_2021_3_0_bps": 1.0353311364954396,
        "sharpe_ratio_2020_3_0_bps": -0.10207644553179049
    },
    "COMB": {
        "annual_return_2020_2021": 0.025084270281027443,
        "annual_volatility_2020_2021": 0.014060581624846556,
        "sharpe_ratio_2020_2021": 1.7691040665910194,
        "downside_risk_2020_2021": 0.010612439912995616,
        "sortino_ratio_2020_2021": 2.3439126473347955,
        "max_drawdown_2020_2021": 0.013563339641125846,
        "calmar_ratio_2020_2021": 1.849416953695431,
        "perc_pos_return_2020_2021": 0.6,
        "profit_loss_ratio_2020_2021": 0.9743908593367828,
        "sharpe_ratio_2020": 1.680137336155528,
        "annual_return_2020_2021_0_5_bps": 0.020887664963119557,
        "annual_volatility_2020_2021_0_5_bps": 0.014063680867665433,
        "sharpe_ratio_2020_2021_0_5_bps": 1.4769953812807606,
        "downside_risk_2020_2021_0_5_bps": 0.010699285963297812,
        "sortino_ratio_2020_2021_0_5_bps": 1.9414371909119388,
        "max_drawdown_2020_2021_0_5_bps": 0.013685186757808809,
        "calmar_ratio_2020_2021_0_5_bps": 1.5262973997195173,
        "perc_pos_return_2020_2021_0_5_bps": 0.5884615384615385,
        "profit_loss_ratio_2020_2021_0_5_bps": 0.9604757798153806,
        "sharpe_ratio_2020_0_5_bps": 1.382935734087597,
        "annual_return_2020_2021_1_0_bps": 0.01670815857647301,
        "annual_volatility_2020_2021_1_0_bps": 0.014067741394252544,
        "sharpe_ratio_2020_2021_1_0_bps": 1.1849344377595854,
        "downside_risk_2020_2021_1_0_bps": 0.010788733301218061,
        "sortino_ratio_2020_2021_1_0_bps": 1.5450702852821372,
        "max_drawdown_2020_2021_1_0_bps": 0.013807020763532083,
        "calmar_ratio_2020_2021_1_0_bps": 1.2101204787497375,
        "perc_pos_return_2020_2021_1_0_bps": 0.5807692307692308,
        "profit_loss_ratio_2020_2021_1_0_bps": 0.93150826112003,
        "sharpe_ratio_2020_1_0_bps": 1.0857140128706773,
        "annual_return_2020_2021_1_5_bps": 0.012545681784013718,
        "annual_volatility_2020_2021_1_5_bps": 0.014072762372507241,
        "sharpe_ratio_2020_2021_1_5_bps": 0.8929810978897672,
        "downside_risk_2020_2021_1_5_bps": 0.010880800191684118,
        "sortino_ratio_2020_2021_1_5_bps": 1.1549436229283665,
        "max_drawdown_2020_2021_1_5_bps": 0.013928841659500514,
        "calmar_ratio_2020_2021_1_5_bps": 0.9006981406423429,
        "perc_pos_return_2020_2021_1_5_bps": 0.55,
        "profit_loss_ratio_2020_2021_1_5_bps": 0.9916985360889289,
        "sharpe_ratio_2020_1_5_bps": 0.7885371575167541,
        "annual_return_2020_2021_2_0_bps": 0.008400165528490433,
        "annual_volatility_2020_2021_2_0_bps": 0.01407874277483633,
        "sharpe_ratio_2020_2021_2_0_bps": 0.601195041582053,
        "downside_risk_2020_2021_2_0_bps": 0.010975601226905031,
        "sortino_ratio_2020_2021_2_0_bps": 0.7711714532040724,
        "max_drawdown_2020_2021_2_0_bps": 0.014050649446917807,
        "calmar_ratio_2020_2021_2_0_bps": 0.597848915114249,
        "perc_pos_return_2020_2021_2_0_bps": 0.5230769230769231,
        "profit_loss_ratio_2020_2021_2_0_bps": 1.0377855838663013,
        "sharpe_ratio_2020_2_0_bps": 0.49147004240728437,
        "annual_return_2020_2021_2_5_bps": 0.004271541031342085,
        "annual_volatility_2020_2021_2_5_bps": 0.014085681379202719,
        "sharpe_ratio_2020_2021_2_5_bps": 0.3096357062696148,
        "downside_risk_2020_2021_2_5_bps": 0.011073200203384781,
        "sortino_ratio_2020_2021_2_5_bps": 0.39387257721620733,
        "max_drawdown_2020_2021_2_5_bps": 0.01479675727052708,