{
    "ALL": {
        "performance_sw": 2.784857991515349,
        "performance_fw": 2.58610022121628,
        "val_loss": 3.659494093872668,
        "annual_return_2018_2019": 0.034860414169253895,
        "annual_volatility_2018_2019": 0.012332631861938649,
        "sharpe_ratio_2018_2019": 2.7848579915153495,
        "downside_risk_2018_2019": 0.007603584131276455,
        "sortino_ratio_2018_2019": 4.516899899333533,
        "max_drawdown_2018_2019": 0.009007286986000085,
        "calmar_ratio_2018_2019": 3.870245749184744,
        "perc_pos_return_2018_2019": 0.5769230769230769,
        "profit_loss_ratio_2018_2019": 1.1432212909788986,
        "sharpe_ratio_2018": 2.455561246217107,
        "annual_return_2018_2019_0_5_bps": 0.025239487436319763,
        "annual_volatility_2018_2019_0_5_bps": 0.012344622738455373,
        "sharpe_ratio_2018_2019_0_5_bps": 2.0254455421203086,
        "downside_risk_2018_2019_0_5_bps": 0.007916377288725962,
        "sortino_ratio_2018_2019_0_5_bps": 3.1584347464552684,
        "max_drawdown_2018_2019_0_5_bps": 0.00929680060470531,
        "calmar_ratio_2018_2019_0_5_bps": 2.714857348187668,
        "perc_pos_return_2018_2019_0_5_bps": 0.5615384615384615,
        "profit_loss_ratio_2018_2019_0_5_bps": 1.0783008706377202,
        "sharpe_ratio_2018_0_5_bps": 1.7197244147775812,
        "annual_return_2018_2019_1_0_bps": 0.015707633238337237,
        "annual_volatility_2018_2019_1_0_bps": 0.012358199716003175,
        "sharpe_ratio_2018_2019_1_0_bps": 1.2673442857623223,
        "downside_risk_2018_2019_1_0_bps": 0.008238195093774298,
        "sortino_ratio_2018_2019_1_0_bps": 1.90115597095075,
        "max_drawdown_2018_2019_1_0_bps": 0.009586242082024196,
        "calmar_ratio_2018_2019_1_0_bps": 1.6385600430216207,
        "perc_pos_return_2018_2019_1_0_bps": 0.5307692307692308,
        "profit_loss_ratio_2018_2019_1_0_bps": 1.0818520040814157,
        "sharpe_ratio_2018_1_0_bps": 0.9848490545120464,
        "annual_return_2018_2019_1_5_bps": 0.006264030363137385,
        "annual_volatility_2018_2019_1_5_bps": 0.012373357573415513,
        "sharpe_ratio_2018_2019_1_5_bps": 0.5108416573680366,
        "downside_risk_2018_2019_1_5_bps": 0.008568907628584135,
        "sortino_ratio_2018_2019_1_5_bps": 0.7376467064396789,
        "max_drawdown_2018_2019_1_5_bps": 0.011198120776275805,
        "calmar_ratio_2018_2019_1_5_bps": 0.5593822828209069,
        "perc_pos_return_2018_2019_1_5_bps": 0.5192307692307693,
        "profit_loss_ratio_2018_2019_1_5_bps": 1.0044161543086305,
        "sharpe_ratio_2018_1_5_bps": 0.2511555707061215,
        "annual_return_2018_2019_2_0_bps": -0.0030921348619055156,
        "annual_volatility_2018_2019_2_0_bps": 0.012390090508617098,
        "sharpe_ratio_2018_2019_2_0_bps": -0.24377875288833922,
        "downside_risk_2018_2019_2_0_bps": 0.00890809543212592,
        "sortino_ratio_2018_2019_2_0_bps": -0.33906695717150565,
        "max_drawdown_2018_2019_2_0_bps": 0.01599734024425023,
        "calmar_ratio_2018_2019_2_0_bps": -0.19329056047406953,
        "perc_pos_return_2018_2019_2_0_bps": 0.49615384615384617,
        "profit_loss_ratio_2018_2019_2_0_bps": 0.9768015172792414,
        "sharpe_ratio_2018_2_0_bps": -0.48113785730233494,
        "annual_return_2018_2019_2_5_bps": -0.012361668638823042,
        "annual_volatility_2018_2019_2_5_bps": 0.012408392149549216,
        "sharpe_ratio_2018_2019_2_5_bps": -0.9962377047527989,
        "downside_risk_2018_2019_2_5_bps": 0.00925574571158948,
        "sortino_ratio_2018_2019_2_5_bps": -1.3355712764732706,
        "max_drawdown_2018_2019_2_5_bps": 0.020793463080391726,
        "calmar_ratio_2018_2019_2_5_bps": -0.5944978280448204,
        "perc_pos_return_2018_2019_2_5_bps": 0.47692307692307695,
        "profit_loss_ratio_2018_2019_2_5_bps": 0.9357352628196258,
        "sharpe_ratio_2018_2_5_bps": -1.2118155890844595,
        "annual_return_2018_2019_3_0_bps": -0.021545369767344225,
        "annual_volatility_2018_2019_3_0_bps": 0.012428255566064458,
        "sharpe_ratio_2018_2019_3_0_bps": -1.7462607927354765,
        "downside_risk_2018_2019_3_0_bps": 0.00961202602546306,
        "sortino_ratio_2018_2019_3_0_bps": -2.2578981121796615,
        "max_drawdown_2018_2019_3_0_bps": 0.025566398146544652,
        "calmar_ratio_2018_2019_3_0_bps": -0.8427221403596941,
        "perc_pos_return_2018_2019_3_0_bps": 0.4576923076923077,
        "profit_loss_ratio_2018_2019_3_0_bps": 0.8970878897371455,
        "sharpe_ratio_2018_3_0_bps": -1.9406648266731483
    },
    "COMB": {
        "annual_return_2018_2019": 0.034860414169253895,
        "annual_volatility_2018_2019": 0.012332631861938649,
        "sharpe_ratio_2018_2019": 2.7848579915153495,
        "downside_risk_2018_2019": 0.007603584131276455,
        "sortino_ratio_2018_2019": 4.516899899333533,
        "max_drawdown_2018_2019": 0.009007286986000085,
        "calmar_ratio_2018_2019": 3.870245749184744,
        "perc_pos_return_2018_2019": 0.5769230769230769,
        "profit_loss_ratio_2018_2019": 1.1432212909788986,
        "sharpe_ratio_2018": 2.455561246217107,
        "annual_return_2018_2019_0_5_bps": 0.025239487436319763,
        "annual_volatility_2018_2019_0_5_bps": 0.012344622738455373,
        "sharpe_ratio_2018_2019_0_5_bps": 2.0254455421203086,
        "downside_risk_2018_2019_0_5_bps": 0.007916377288725962,
        "sortino_ratio_2018_2019_0_5_bps": 3.1584347464552684,
        "max_drawdown_2018_2019_0_5_bps": 0.00929680060470531,
        "calmar_ratio_2018_2019_0_5_bps": 2.714857348187668,
        "perc_pos_return_2018_2019_0_5_bps": 0.5615384615384615,
        "profit_loss_ratio_2018_2019_0_5_bps": 1.0783008706377202,
        "sharpe_ratio_2018_0_5_bps": 1.7197244147775812,
        "annual_return_2018_2019_1_0_bps": 0.015707633238337237,
        "annual_volatility_2018_2019_1_0_bps": 0.012358199716003175,
        "sharpe_ratio_2018_2019_1_0_bps": 1.2673442857623223,
        "downside_risk_2018_2019_1_0_bps": 0.008238195093774298,
        "sortino_ratio_2018_2019_1_0_bps": 1.90115597095075,
        "max_drawdown_2018_2019_1_0_bps": 0.009586242082024196,
        "calmar_ratio_2018_2019_1_0_bps": 1.6385600430216207,
        "perc_pos_return_2018_2019_1_0_bps": 0.5307692307692308,
        "profit_loss_ratio_2018_2019_1_0_bps": 1.0818520040814157,
        "sharpe_ratio_2018_1_0_bps": 0.9848490545120464,
        "annual_return_2018_2019_1_5_bps": 0.006264030363137385,
        "annual_volatility_2018_2019_1_5_bps": 0.012373357573415513,
        "sharpe_ratio_2018_2019_1_5_bps": 0.5108416573680366,
        "downside_risk_2018_2019_1_5_bps": 0.008568907628584135,
        "sortino_ratio_2018_2019_1_5_bps": 0.7376467064396789,
        "max_drawdown_2018_2019_1_5_bps": 0.011198120776275805,
        "calmar_ratio_2018_2019_1_5_bps": 0.5593822828209069,
        "perc_pos_return_2018_2019_1_5_bps": 0.5192307692307693,
        "profit_loss_ratio_2018_2019_1_5_bps": 1.0044161543086305,
        "sharpe_ratio_2018_1_5_bps": 0.2511555707061215,
        "annual_return_2018_2019_2_0_bps": -0.0030921348619055156,
        "annual_volatility_2018_2019_2_0_bps": 0.012390090508617098,
        "sharpe_ratio_2018_2019_2_0_bps": -0.24377875288833922,
        "downside_risk_2018_2019_2_0_bps": 0.00890809543212592,
        "sortino_ratio_2018_2019_2_0_bps": -0.33906695717150565,
        "max_drawdown_2018_2019_2_0_bps": 0.01599734024425023,
        "calmar_ratio_2018_2019_2_0_bps": -0.19329056047406953,
        "perc_pos_return_2018_2019_2_0_bps": 0.49615384615384617,
        "profit_loss_ratio_2018_2019_2_0_bps": 0.9768015172792414,
        "sharpe_ratio_2018_2_0_bps": -0.48113785730233494,
        "annual_return_2018_2019_2_5_bps": -0.012361668638823042,
        "annual_volatility_2018_2019_2_5_bps": 0.012408392149549216,
        "sharpe_ratio_2018_2019_2_5_bps": -0.9962377047527989,
        "downside_risk_2018_2019_2_5_bps": 0.00925574571158948,