{
    "ALL": {
        "performance_sw": 2.0558375949380614,
        "performance_fw": 1.3557213602117912,
        "val_loss": 3.4179332779413523,
        "annual_return_2016_2017": 0.02599041802977231,
        "annual_volatility_2016_2017": 0.012519348170413391,
        "sharpe_ratio_2016_2017": 2.0558375949380605,
        "downside_risk_2016_2017": 0.007607071712534089,
        "sortino_ratio_2016_2017": 3.383397397246442,
        "max_drawdown_2016_2017": 0.006381171695749537,
        "calmar_ratio_2016_2017": 4.0729852241845155,
        "perc_pos_return_2016_2017": 0.5637065637065637,
        "profit_loss_ratio_2016_2017": 1.108818016934974,
        "sharpe_ratio_2016": 2.1840426153192816,
        "annual_return_2016_2017_0_5_bps": 0.021138905380187145,
        "annual_volatility_2016_2017_0_5_bps": 0.012513051545577416,
        "sharpe_ratio_2016_2017_0_5_bps": 1.6780401117902526,
        "downside_risk_2016_2017_0_5_bps": 0.007753493350258744,
        "sortino_ratio_2016_2017_0_5_bps": 2.7081215480345007,
        "max_drawdown_2016_2017_0_5_bps": 0.00688532323775823,
        "calmar_ratio_2016_2017_0_5_bps": 3.0701398685633374,
        "perc_pos_return_2016_2017_0_5_bps": 0.555984555984556,
        "profit_loss_ratio_2016_2017_0_5_bps": 1.071073010195121,
        "sharpe_ratio_2016_0_5_bps": 1.8067147636859402,
        "annual_return_2016_2017_1_0_bps": 0.016310236184631455,
        "annual_volatility_2016_2017_1_0_bps": 0.012507294816030804,
        "sharpe_ratio_2016_2017_1_0_bps": 1.299806107957416,
        "downside_risk_2016_2017_1_0_bps": 0.00790242328265841,
        "sortino_ratio_2016_2017_1_0_bps": 2.0572244252692093,
        "max_drawdown_2016_2017_1_0_bps": 0.007389228817581795,
        "calmar_ratio_2016_2017_1_0_bps": 2.207298838252671,
        "perc_pos_return_2016_2017_1_0_bps": 0.5482625482625483,
        "profit_loss_ratio_2016_2017_1_0_bps": 1.0344407350513212,
        "sharpe_ratio_2016_1_0_bps": 1.4288841400934367,
        "annual_return_2016_2017_1_5_bps": 0.011504303342921629,
        "annual_volatility_2016_2017_1_5_bps": 0.012502078727577033,
        "sharpe_ratio_2016_2017_1_5_bps": 0.9211839269593214,
        "downside_risk_2016_2017_1_5_bps": 0.008053824500041124,
        "sortino_ratio_2016_2017_1_5_bps": 1.4299683308675526,
        "max_drawdown_2016_2017_1_5_bps": 0.007892888550434459,
        "calmar_ratio_2016_2017_1_5_bps": 1.4575529946243042,
        "perc_pos_return_2016_2017_1_5_bps": 0.5405405405405406,
        "profit_loss_ratio_2016_2017_1_5_bps": 0.9988330779052809,
        "sharpe_ratio_2016_1_5_bps": 1.0505949884935373,
        "annual_return_2016_2017_2_0_bps": 0.006721000254866771,
        "annual_volatility_2016_2017_2_0_bps": 0.012497403957164333,
        "sharpe_ratio_2016_2017_2_0_bps": 0.5422221912785647,
        "downside_risk_2016_2017_2_0_bps": 0.008207714661689089,
        "sortino_ratio_2016_2017_2_0_bps": 0.8256098120195279,
        "max_drawdown_2016_2017_2_0_bps": 0.008396302551473335,
        "calmar_ratio_2016_2017_2_0_bps": 0.8004714234228504,
        "perc_pos_return_2016_2017_2_0_bps": 0.5173745173745173,
        "profit_loss_ratio_2016_2017_2_0_bps": 1.0257914457140604,
        "sharpe_ratio_2016_2_0_bps": 0.6718918594976139,
        "annual_return_2016_2017_2_5_bps": 0.0019602208179332337,
        "annual_volatility_2016_2017_2_5_bps": 0.012493271112448842,
        "sharpe_ratio_2016_2017_2_5_bps": 0.16296977165902632,
        "downside_risk_2016_2017_2_5_bps": 0.008364228170787863,
        "sortino_ratio_2016_2017_2_5_bps": 0.24342061202741141,
        "max_drawdown_2016_2017_2_5_bps": 0.008899470935807658,
        "calmar_ratio_2016_2017_2_5_bps": 0.22026262370790436,
        "perc_pos_return_2016_2017_2_5_bps": 0.5057915057915058,
        "profit_loss_ratio_2016_2017_2_5_bps": 1.005394111400667,
        "sharpe_ratio_2016_2_5_bps": 0.29281958485971676,
        "annual_return_2016_2017_3_0_bps": -0.0027781405750714194,
        "annual_volatility_2016_2017_3_0_bps": 0.012489680731401435,
        "sharpe_ratio_2016_2017_3_0_bps": -0.21652424398709333,
        "downside_risk_2016_2017_3_0_bps": 0.00852337183040534,
        "sortino_ratio_2016_2017_3_0_bps": -0.3172827293958681,
        "max_drawdown_2016_2017_3_0_bps": 0.009402393818494233,
        "calmar_ratio_2016_2017_3_0_bps": -0.2954716244289724,
        "perc_pos_return_2016_2017_3_0_bps": 0.4980694980694981,
        "profit_loss_ratio_2016_2017_3_0_bps": 0.9702419611471756,
        "sharpe_ratio_2016_3_0_bps": -0.08657674844851514
    },
    "COMB": {
        "annual_return_2016_2017": 0.02599041802977231,
        "annual_volatility_2016_2017": 0.012519348170413391,
        "sharpe_ratio_2016_2017": 2.0558375949380605,
        "downside_risk_2016_2017": 0.007607071712534089,
        "sortino_ratio_2016_2017": 3.383397397246442,
        "max_drawdown_2016_2017": 0.006381171695749537,
        "calmar_ratio_2016_2017": 4.0729852241845155,
        "perc_pos_return_2016_2017": 0.5637065637065637,
        "profit_loss_ratio_2016_2017": 1.108818016934974,
        "sharpe_ratio_2016": 2.1840426153192816,
        "annual_return_2016_2017_0_5_bps": 0.021138905380187145,
        "annual_volatility_2016_2017_0_5_bps": 0.012513051545577416,
        "sharpe_ratio_2016_2017_0_5_bps": 1.6780401117902526,
        "downside_risk_2016_2017_0_5_bps": 0.007753493350258744,
        "sortino_ratio_2016_2017_0_5_bps": 2.7081215480345007,
        "max_drawdown_2016_2017_0_5_bps": 0.00688532323775823,
        "calmar_ratio_2016_2017_0_5_bps": 3.0701398685633374,
        "perc_pos_return_2016_2017_0_5_bps": 0.555984555984556,
        "profit_loss_ratio_2016_2017_0_5_bps": 1.071073010195121,
        "sharpe_ratio_2016_0_5_bps": 1.8067147636859402,
        "annual_return_2016_2017_1_0_bps": 0.016310236184631455,
        "annual_volatility_2016_2017_1_0_bps": 0.012507294816030804,
        "sharpe_ratio_2016_2017_1_0_bps": 1.299806107957416,
        "downside_risk_2016_2017_1_0_bps": 0.00790242328265841,
        "sortino_ratio_2016_2017_1_0_bps": 2.0572244252692093,
        "max_drawdown_2016_2017_1_0_bps": 0.007389228817581795,
        "calmar_ratio_2016_2017_1_0_bps": 2.207298838252671,
        "perc_pos_return_2016_2017_1_0_bps": 0.5482625482625483,
        "profit_loss_ratio_2016_2017_1_0_bps": 1.0344407350513212,
        "sharpe_ratio_2016_1_0_bps": 1.4288841400934367,
        "annual_return_2016_2017_1_5_bps": 0.011504303342921629,
        "annual_volatility_2016_2017_1_5_bps": 0.012502078727577033,
        "sharpe_ratio_2016_2017_1_5_bps": 0.9211839269593214,
        "downside_risk_2016_2017_1_5_bps": 0.008053824500041124,
        "sortino_ratio_2016_2017_1_5_bps": 1.4299683308675526,
        "max_drawdown_2016_2017_1_5_bps": 0.007892888550434459,
        "calmar_ratio_2016_2017_1_5_bps": 1.4575529946243042,
        "perc_pos_return_2016_2017_1_5_bps": 0.5405405405405406,
        "profit_loss_ratio_2016_2017_1_5_bps": 0.9988330779052809,
        "sharpe_ratio_2016_1_5_bps": 1.0505949884935373,
        "annual_return_2016_2017_2_0_bps": 0.006721000254866771,
        "annual_volatility_2016_2017_2_0_bps": 0.012497403957164333,
        "sharpe_ratio_2016_2017_2_0_bps": 0.5422221912785647,
        "downside_risk_2016_2017_2_0_bps": 0.008207714661689089,
        "sortino_ratio_2016_2017_2_0_bps": 0.8256098120195279,
        "max_drawdown_2016_2017_2_0_bps": 0.008396302551473335,
        "calmar_ratio_2016_2017_2_0_bps": 0.8004714234228504,
        "perc_pos_return_2016_2017_2_0_bps": 0.5173745173745173,
        "profit_loss_ratio_2016_2017_2_0_bps": 1.0257914457140604,
        "sharpe_ratio_2016_2_0_bps": 0.6718918594976139,
        "annual_return_2016_2017_2_5_bps": 0.0019602208179332337,
        "annual_volatility_2016_2017_2_5_bps": 0.012493271112448842,
        "sharpe_ratio_2016_2017_2_5_bps": 0.16296977165902632,
        "downside_risk_2016_2017_2_5_bps": 0.008364228170787863,
        "sortino_ratio_2016_2017_2_5_bps": 0.24342061202741141,