{
    "ALL": {
        "annual_return_2017_2018": 0.088511878962376,
        "annual_volatility_2017_2018": 0.03543280552862428,
        "sharpe_ratio_2017_2018": 2.4116345815533506,
        "downside_risk_2017_2018": 0.022524950889307508,
        "sortino_ratio_2017_2018": 3.7936144480052234,
        "max_drawdown_2017_2018": 0.019232137372213343,
        "calmar_ratio_2017_2018": 4.602290283671656,
        "perc_pos_return_2017_2018": 0.5813953488372093,
        "profit_loss_ratio_2017_2018": 1.0673550178553906,
        "sharpe_ratio_2017": 2.3375329705136805,
        "annual_return_2017_2018_0_5_bps": 0.08813160254976471,
        "annual_volatility_2017_2018_0_5_bps": 0.03543386846493492,
        "sharpe_ratio_2017_2018_0_5_bps": 2.401698950231517,
        "downside_risk_2017_2018_0_5_bps": 0.022536618953906115,
        "sortino_ratio_2017_2018_0_5_bps": 3.7761425025170334,
        "max_drawdown_2017_2018_0_5_bps": 0.019248895962925255,
        "calmar_ratio_2017_2018_0_5_bps": 4.578527657872558,
        "perc_pos_return_2017_2018_0_5_bps": 0.5813953488372093,
        "profit_loss_ratio_2017_2018_0_5_bps": 1.0656304138526524,
        "sharpe_ratio_2017_0_5_bps": 2.32772573441567,
        "annual_return_2017_2018_1_0_bps": 0.08775145821625285,
        "annual_volatility_2017_2018_1_0_bps": 0.03543493774142496,
        "sharpe_ratio_2017_2018_1_0_bps": 2.3917634870397393,
        "downside_risk_2017_2018_1_0_bps": 0.022548298367805978,
        "sortino_ratio_2017_2018_1_0_bps": 3.7586867475762107,
        "max_drawdown_2017_2018_1_0_bps": 0.019265654331600778,
        "calmar_ratio_2017_2018_1_0_bps": 4.554813280975212,
        "perc_pos_return_2017_2018_1_0_bps": 0.5813953488372093,
        "profit_loss_ratio_2017_2018_1_0_bps": 1.0639088375079362,
        "sharpe_ratio_2017_1_0_bps": 2.317918585395378,
        "annual_return_2017_2018_1_5_bps": 0.08737144591622648,
        "annual_volatility_2017_2018_1_5_bps": 0.0354360133575205,
        "sharpe_ratio_2017_2018_1_5_bps": 2.381828197334305,
        "downside_risk_2017_2018_1_5_bps": 0.022559989113380335,
        "sortino_ratio_2017_2018_1_5_bps": 3.7412471873046362,
        "max_drawdown_2017_2018_1_5_bps": 0.01928241247824202,
        "calmar_ratio_2017_2018_1_5_bps": 4.531147023994797,
        "perc_pos_return_2017_2018_1_5_bps": 0.5813953488372093,
        "profit_loss_ratio_2017_2018_1_5_bps": 1.062190280855349,
        "sharpe_ratio_2017_1_5_bps": 2.308111528395629,
        "annual_return_2017_2018_2_0_bps": 0.0869915656040976,
        "annual_volatility_2017_2018_2_0_bps": 0.03543709531264425,
        "sharpe_ratio_2017_2018_2_0_bps": 2.3718930864702505,
        "downside_risk_2017_2018_2_0_bps": 0.022571691179035805,
        "sortino_ratio_2017_2018_2_0_bps": 3.7238238247170052,
        "max_drawdown_2017_2018_2_0_bps": 0.019299170402852242,
        "calmar_ratio_2017_2018_2_0_bps": 4.507528758398912,
        "perc_pos_return_2017_2018_2_0_bps": 0.5775193798449613,
        "profit_loss_ratio_2017_2018_2_0_bps": 1.077476125116032,
        "sharpe_ratio_2017_2_0_bps": 2.298304568358383,
        "annual_return_2017_2018_2_5_bps": 0.08661181723428801,
        "annual_volatility_2017_2018_2_5_bps": 0.03543818360621558,
        "sharpe_ratio_2017_2018_2_5_bps": 2.36195815980134,
        "downside_risk_2017_2018_2_5_bps": 0.022583404599020033,
        "sortino_ratio_2017_2018_2_5_bps": 3.706416655213764,
        "max_drawdown_2017_2018_2_5_bps": 0.01931592810543345,
        "calmar_ratio_2017_2018_2_5_bps": 4.483958356105325,
        "perc_pos_return_2017_2018_2_5_bps": 0.5775193798449613,
        "profit_loss_ratio_2017_2018_2_5_bps": 1.0757337325006242,
        "sharpe_ratio_2017_2_5_bps": 2.28849771022472,
        "annual_return_2017_2018_3_0_bps": 0.08623220076123572,
        "annual_volatility_2017_2018_3_0_bps": 0.03543927823765059,
        "sharpe_ratio_2017_2018_3_0_bps": 2.352023422680056,
        "downside_risk_2017_2018_3_0_bps": 0.022595129367611426,
        "sortino_ratio_2017_2018_3_0_bps": 3.6890256807872954,
        "max_drawdown_2017_2018_3_0_bps": 0.019332685585987407,
        "calmar_ratio_2017_2018_3_0_bps": 4.4604356894801,
        "perc_pos_return_2017_2018_3_0_bps": 0.5775193798449613,
        "profit_loss_ratio_2017_2018_3_0_bps": 1.0739944123022367,
        "sharpe_ratio_2017_3_0_bps": 2.2786909589348325
    },
    "COMB": {
        "annual_return_2017_2018": 0.088511878962376,
        "annual_volatility_2017_2018": 0.03543280552862428,
        "sharpe_ratio_2017_2018": 2.4116345815533506,
        "downside_risk_2017_2018": 0.022524950889307508,
        "sortino_ratio_2017_2018": 3.7936144480052234,
        "max_drawdown_2017_2018": 0.019232137372213343,
        "calmar_ratio_2017_2018": 4.602290283671656,
        "perc_pos_return_2017_2018": 0.5813953488372093,
        "profit_loss_ratio_2017_2018": 1.0673550178553906,
        "sharpe_ratio_2017": 2.3375329705136805,
        "annual_return_2017_2018_0_5_bps": 0.08813160254976471,
        "annual_volatility_2017_2018_0_5_bps": 0.03543386846493492,
        "sharpe_ratio_2017_2018_0_5_bps": 2.401698950231517,
        "downside_risk_2017_2018_0_5_bps": 0.022536618953906115,
        "sortino_ratio_2017_2018_0_5_bps": 3.7761425025170334,
        "max_drawdown_2017_2018_0_5_bps": 0.019248895962925255,
        "calmar_ratio_2017_2018_0_5_bps": 4.578527657872558,
        "perc_pos_return_2017_2018_0_5_bps": 0.5813953488372093,
        "profit_loss_ratio_2017_2018_0_5_bps": 1.0656304138526524,
        "sharpe_ratio_2017_0_5_bps": 2.32772573441567,
        "annual_return_2017_2018_1_0_bps": 0.08775145821625285,
        "annual_volatility_2017_2018_1_0_bps": 0.03543493774142496,
        "sharpe_ratio_2017_2018_1_0_bps": 2.3917634870397393,
        "downside_risk_2017_2018_1_0_bps": 0.022548298367805978,
        "sortino_ratio_2017_2018_1_0_bps": 3.7586867475762107,
        "max_drawdown_2017_2018_1_0_bps": 0.019265654331600778,
        "calmar_ratio_2017_2018_1_0_bps": 4.554813280975212,
        "perc_pos_return_2017_2018_1_0_bps": 0.5813953488372093,
        "profit_loss_ratio_2017_2018_1_0_bps": 1.0639088375079362,
        "sharpe_ratio_2017_1_0_bps": 2.317918585395378,
        "annual_return_2017_2018_1_5_bps": 0.08737144591622648,
        "annual_volatility_2017_2018_1_5_bps": 0.0354360133575205,
        "sharpe_ratio_2017_2018_1_5_bps": 2.381828197334305,
        "downside_risk_2017_2018_1_5_bps": 0.022559989113380335,
        "sortino_ratio_2017_2018_1_5_bps": 3.7412471873046362,
        "max_drawdown_2017_2018_1_5_bps": 0.01928241247824202,
        "calmar_ratio_2017_2018_1_5_bps": 4.531147023994797,
        "perc_pos_return_2017_2018_1_5_bps": 0.5813953488372093,
        "profit_loss_ratio_2017_2018_1_5_bps": 1.062190280855349,
        "sharpe_ratio_2017_1_5_bps": 2.308111528395629,
        "annual_return_2017_2018_2_0_bps": 0.0869915656040976,
        "annual_volatility_2017_2018_2_0_bps": 0.03543709531264425,
        "sharpe_ratio_2017_2018_2_0_bps": 2.3718930864702505,
        "downside_risk_2017_2018_2_0_bps": 0.022571691179035805,
        "sortino_ratio_2017_2018_2_0_bps": 3.7238238247170052,
        "max_drawdown_2017_2018_2_0_bps": 0.019299170402852242,
        "calmar_ratio_2017_2018_2_0_bps": 4.507528758398912,
        "perc_pos_return_2017_2018_2_0_bps": 0.5775193798449613,
        "profit_loss_ratio_2017_2018_2_0_bps": 1.077476125116032,
        "sharpe_ratio_2017_2_0_bps": 2.298304568358383,
        "annual_return_2017_2018_2_5_bps": 0.08661181723428801,
        "annual_volatility_2017_2018_2_5_bps": 0.03543818360621558,
        "sharpe_ratio_2017_2018_2_5_bps": 2.36195815980134,
        "downside_risk_2017_2018_2_5_bps": 0.022583404599020033,
        "sortino_ratio_2017_2018_2_5_bps": 3.706416655213764,
        "max_drawdown_2017_2018_2_5_bps": 0.01931592810543345,
        "calmar_ratio_2017_2018_2_5_bps": 4.483958356105325,
        "perc_pos_return_2017_2018_2_5_bps": 0.5775193798449613,