{
    "ALL": {
        "performance_sw": 3.399404038418078,
        "performance_fw": 3.478982578207405,
        "val_loss": 3.220566280831427,
        "annual_return_2019_2020": 0.031562945816625554,
        "annual_volatility_2019_2020": 0.009154167000414328,
        "sharpe_ratio_2019_2020": 3.3994040384180777,
        "downside_risk_2019_2020": 0.00529386778875105,
        "sortino_ratio_2019_2020": 5.878256411254958,
        "max_drawdown_2019_2020": 0.0038527212946549965,
        "calmar_ratio_2019_2020": 8.192377128450438,
        "perc_pos_return_2019_2020": 0.5923076923076923,
        "profit_loss_ratio_2019_2020": 1.2866801652277355,
        "sharpe_ratio_2019": 3.473744989700781,
        "annual_return_2019_2020_0_5_bps": 0.026436426038318528,
        "annual_volatility_2019_2020_0_5_bps": 0.009155417081505813,
        "sharpe_ratio_2019_2020_0_5_bps": 2.8547150364349068,
        "downside_risk_2019_2020_0_5_bps": 0.005429274384297801,
        "sortino_ratio_2019_2020_0_5_bps": 4.813922627118792,
        "max_drawdown_2019_2020_0_5_bps": 0.0044146678717318,
        "calmar_ratio_2019_2020_0_5_bps": 5.9883159518290014,
        "perc_pos_return_2019_2020_0_5_bps": 0.573076923076923,
        "profit_loss_ratio_2019_2020_0_5_bps": 1.258847824123427,
        "sharpe_ratio_2019_0_5_bps": 2.9277513232346046,
        "annual_return_2019_2020_1_0_bps": 0.02133527506013344,
        "annual_volatility_2019_2020_1_0_bps": 0.00915749075294689,
        "sharpe_ratio_2019_2020_1_0_bps": 2.3099669894229575,
        "downside_risk_2019_2020_1_0_bps": 0.0055696305075535885,
        "sortino_ratio_2019_2020_1_0_bps": 3.798008021638905,
        "max_drawdown_2019_2020_1_0_bps": 0.0049763094368866405,
        "calmar_ratio_2019_2020_1_0_bps": 4.287369049437882,
        "perc_pos_return_2019_2020_1_0_bps": 0.5615384615384615,
        "profit_loss_ratio_2019_2020_1_0_bps": 1.1929712498442049,
        "sharpe_ratio_2019_1_0_bps": 2.381814041192081,
        "annual_return_2019_2020_1_5_bps": 0.016259367879060127,
        "annual_volatility_2019_2020_1_5_bps": 0.009160387455419815,
        "sharpe_ratio_2019_2020_1_5_bps": 1.7653069765658589,
        "downside_risk_2019_2020_1_5_bps": 0.005714775715942389,
        "sortino_ratio_2019_2020_1_5_bps": 2.8296641350223717,
        "max_drawdown_2019_2020_1_5_bps": 0.005537646149192419,
        "calmar_ratio_2019_2020_1_5_bps": 2.936151469597115,
        "perc_pos_return_2019_2020_1_5_bps": 0.5461538461538461,
        "profit_loss_ratio_2019_2020_1_5_bps": 1.148639986148369,
        "sharpe_ratio_2019_1_5_bps": 1.8360626154603972,
        "annual_return_2019_2020_2_0_bps": 0.011208580105395827,
        "annual_volatility_2019_2020_2_0_bps": 0.009164106408463577,
        "sharpe_ratio_2019_2020_2_0_bps": 1.2208817665639076,
        "downside_risk_2019_2020_2_0_bps": 0.005864631727255995,
        "sortino_ratio_2019_2020_2_0_bps": 1.9077566915151432,
        "max_drawdown_2019_2020_2_0_bps": 0.006098678167638192,
        "calmar_ratio_2019_2020_2_0_bps": 1.8378704036019864,
        "perc_pos_return_2019_2020_2_0_bps": 0.5307692307692308,
        "profit_loss_ratio_2019_2020_2_0_bps": 1.1056911331797046,
        "sharpe_ratio_2019_2_0_bps": 1.2906261200106401,
        "annual_return_2019_2020_2_5_bps": 0.006182787959744029,
        "annual_volatility_2019_2020_2_5_bps": 0.009168646611523388,
        "sharpe_ratio_2019_2020_2_5_bps": 0.676837620831721,
        "downside_risk_2019_2020_2_5_bps": 0.006019189632647319,
        "sortino_ratio_2019_2020_2_5_bps": 1.0309834608186232,
        "max_drawdown_2019_2020_2_5_bps": 0.00665940565113555,
        "calmar_ratio_2019_2020_2_5_bps": 0.9284293950001006,
        "perc_pos_return_2019_2020_2_5_bps": 0.5153846153846153,
        "profit_loss_ratio_2019_2020_2_5_bps": 1.0643196883523125,
        "sharpe_ratio_2019_2_5_bps": 0.7456330794375661,
        "annual_return_2019_2020_3_0_bps": 0.0011818682700370786,
        "annual_volatility_2019_2020_3_0_bps": 0.009174006845292902,
        "sharpe_ratio_2019_2020_3_0_bps": 0.13332009854162338,
        "downside_risk_2019_2020_3_0_bps": 0.006178438985004663,
        "sortino_ratio_2019_2020_3_0_bps": 0.1979593064857391,
        "max_drawdown_2019_2020_3_0_bps": 0.007219828758518259,
        "calmar_ratio_2019_2020_3_0_bps": 0.16369754873239348,
        "perc_pos_return_2019_2020_3_0_bps": 0.5038461538461538,
        "profit_loss_ratio_2019_2020_3_0_bps": 1.0090399990745238,
        "sharpe_ratio_2019_3_0_bps": 0.20121131921749386
    },
    "COMB": {
        "annual_return_2019_2020": 0.031562945816625554,
        "annual_volatility_2019_2020": 0.009154167000414328,
        "sharpe_ratio_2019_2020": 3.3994040384180777,
        "downside_risk_2019_2020": 0.00529386778875105,
        "sortino_ratio_2019_2020": 5.878256411254958,
        "max_drawdown_2019_2020": 0.0038527212946549965,
        "calmar_ratio_2019_2020": 8.192377128450438,
        "perc_pos_return_2019_2020": 0.5923076923076923,
        "profit_loss_ratio_2019_2020": 1.2866801652277355,
        "sharpe_ratio_2019": 3.473744989700781,
        "annual_return_2019_2020_0_5_bps": 0.026436426038318528,
        "annual_volatility_2019_2020_0_5_bps": 0.009155417081505813,
        "sharpe_ratio_2019_2020_0_5_bps": 2.8547150364349068,
        "downside_risk_2019_2020_0_5_bps": 0.005429274384297801,
        "sortino_ratio_2019_2020_0_5_bps": 4.813922627118792,
        "max_drawdown_2019_2020_0_5_bps": 0.0044146678717318,
        "calmar_ratio_2019_2020_0_5_bps": 5.9883159518290014,
        "perc_pos_return_2019_2020_0_5_bps": 0.573076923076923,
        "profit_loss_ratio_2019_2020_0_5_bps": 1.258847824123427,
        "sharpe_ratio_2019_0_5_bps": 2.9277513232346046,
        "annual_return_2019_2020_1_0_bps": 0.02133527506013344,
        "annual_volatility_2019_2020_1_0_bps": 0.00915749075294689,
        "sharpe_ratio_2019_2020_1_0_bps": 2.3099669894229575,
        "downside_risk_2019_2020_1_0_bps": 0.0055696305075535885,
        "sortino_ratio_2019_2020_1_0_bps": 3.798008021638905,
        "max_drawdown_2019_2020_1_0_bps": 0.0049763094368866405,
        "calmar_ratio_2019_2020_1_0_bps": 4.287369049437882,
        "perc_pos_return_2019_2020_1_0_bps": 0.5615384615384615,
        "profit_loss_ratio_2019_2020_1_0_bps": 1.1929712498442049,
        "sharpe_ratio_2019_1_0_bps": 2.381814041192081,
        "annual_return_2019_2020_1_5_bps": 0.016259367879060127,
        "annual_volatility_2019_2020_1_5_bps": 0.009160387455419815,
        "sharpe_ratio_2019_2020_1_5_bps": 1.7653069765658589,
        "downside_risk_2019_2020_1_5_bps": 0.005714775715942389,
        "sortino_ratio_2019_2020_1_5_bps": 2.8296641350223717,
        "max_drawdown_2019_2020_1_5_bps": 0.005537646149192419,
        "calmar_ratio_2019_2020_1_5_bps": 2.936151469597115,
        "perc_pos_return_2019_2020_1_5_bps": 0.5461538461538461,
        "profit_loss_ratio_2019_2020_1_5_bps": 1.148639986148369,
        "sharpe_ratio_2019_1_5_bps": 1.8360626154603972,
        "annual_return_2019_2020_2_0_bps": 0.011208580105395827,
        "annual_volatility_2019_2020_2_0_bps": 0.009164106408463577,
        "sharpe_ratio_2019_2020_2_0_bps": 1.2208817665639076,
        "downside_risk_2019_2020_2_0_bps": 0.005864631727255995,
        "sortino_ratio_2019_2020_2_0_bps": 1.9077566915151432,
        "max_drawdown_2019_2020_2_0_bps": 0.006098678167638192,
        "calmar_ratio_2019_2020_2_0_bps": 1.8378704036019864,
        "perc_pos_return_2019_2020_2_0_bps": 0.5307692307692308,
        "profit_loss_ratio_2019_2020_2_0_bps": 1.1056911331797046,
        "sharpe_ratio_2019_2_0_bps": 1.2906261200106401,
        "annual_return_2019_2020_2_5_bps": 0.006182787959744029,
        "annual_volatility_2019_2020_2_5_bps": 0.009168646611523388,
        "sharpe_ratio_2019_2020_2_5_bps": 0.676837620831721,
        "downside_risk_2019_2020_2_5_bps": 0.006019189632647319,
        "sortino_ratio_2019_2020_2_5_bps": 1.0309834608186232,