{
    "ALL": {
        "performance_sw": 2.741020833971972,
        "performance_fw": 2.38734632078843,
        "val_loss": 2.997747081883667,
        "annual_return_2018_2019": 0.017191369879291374,
        "annual_volatility_2018_2019": 0.006225837712918001,
        "sharpe_ratio_2018_2019": 2.741020833971972,
        "downside_risk_2018_2019": 0.0037256352543811825,
        "sortino_ratio_2018_2019": 4.580467414239972,
        "max_drawdown_2018_2019": 0.0032483567768388177,
        "calmar_ratio_2018_2019": 5.292328109359153,
        "perc_pos_return_2018_2019": 0.5615384615384615,
        "profit_loss_ratio_2018_2019": 1.2355041989423123,
        "sharpe_ratio_2018": 2.72600099367503,
        "annual_return_2018_2019_0_5_bps": 0.012393139676752929,
        "annual_volatility_2018_2019_0_5_bps": 0.00622646576663833,
        "sharpe_ratio_2018_2019_0_5_bps": 1.9813138241122934,
        "downside_risk_2018_2019_0_5_bps": 0.003875376620924729,
        "sortino_ratio_2018_2019_0_5_bps": 3.1833248495623003,
        "max_drawdown_2018_2019_0_5_bps": 0.003526592663185968,
        "calmar_ratio_2018_2019_0_5_bps": 3.5141965234955177,
        "perc_pos_return_2018_2019_0_5_bps": 0.5461538461538461,
        "profit_loss_ratio_2018_2019_0_5_bps": 1.1571954445326782,
        "sharpe_ratio_2018_0_5_bps": 2.0010904032465717,
        "annual_return_2018_2019_1_0_bps": 0.007617449058211712,
        "annual_volatility_2018_2019_1_0_bps": 0.006227881909223286,
        "sharpe_ratio_2018_2019_1_0_bps": 1.2216054556688154,
        "downside_risk_2018_2019_1_0_bps": 0.00403035536594776,
        "sortino_ratio_2018_2019_1_0_bps": 1.8876783377088682,
        "max_drawdown_2018_2019_1_0_bps": 0.0038047561716959702,
        "calmar_ratio_2018_2019_1_0_bps": 2.0020859982773174,
        "perc_pos_return_2018_2019_1_0_bps": 0.5307692307692308,
        "profit_loss_ratio_2018_2019_1_0_bps": 1.0838869210046633,
        "sharpe_ratio_2018_1_0_bps": 1.277080223499041,
        "annual_return_2018_2019_1_5_bps": 0.0028641925874060004,
        "annual_volatility_2018_2019_1_5_bps": 0.006230085603258352,
        "sharpe_ratio_2018_2019_1_5_bps": 0.4621840725315463,
        "downside_risk_2018_2019_1_5_bps": 0.004190495952923878,
        "sortino_ratio_2018_2019_1_5_bps": 0.6871373624224585,
        "max_drawdown_2018_2019_1_5_bps": 0.0040828473198242605,
        "calmar_ratio_2018_2019_1_5_bps": 0.7015184166938883,
        "perc_pos_return_2018_2019_1_5_bps": 0.5038461538461538,
        "profit_loss_ratio_2018_2019_1_5_bps": 1.0635324732329994,
        "sharpe_ratio_2018_1_5_bps": 0.5541745665171589,
        "annual_return_2018_2019_2_0_bps": -0.0018667346807907936,
        "annual_volatility_2018_2019_2_0_bps": 0.006233076013430924,
        "sharpe_ratio_2018_2019_2_0_bps": -0.29666280996984923,
        "downside_risk_2018_2019_2_0_bps": 0.004355843976773575,
        "sortino_ratio_2018_2019_2_0_bps": -0.42451516968010167,
        "max_drawdown_2018_2019_2_0_bps": 0.005898693437763136,
        "calmar_ratio_2018_2019_2_0_bps": -0.3164657903460541,
        "perc_pos_return_2018_2019_2_0_bps": 0.4653846153846154,
        "profit_loss_ratio_2018_2019_2_0_bps": 1.0935621706976244,
        "sharpe_ratio_2018_2_0_bps": -0.16742443463627815,
        "annual_return_2018_2019_2_5_bps": -0.006575437202639756,
        "annual_volatility_2018_2019_2_5_bps": 0.006236852008110625,
        "sharpe_ratio_2018_2019_2_5_bps": -1.0546490469198886,
        "downside_risk_2018_2019_2_5_bps": 0.004526528252761343,
        "sortino_ratio_2018_2019_2_5_bps": -1.4531423773002277,
        "max_drawdown_2018_2019_2_5_bps": 0.010269659399396917,
        "calmar_ratio_2018_2019_2_5_bps": -0.6402780215890993,
        "perc_pos_return_2018_2019_2_5_bps": 0.4423076923076923,
        "profit_loss_ratio_2018_2019_2_5_bps": 1.0590869965226861,
        "sharpe_ratio_2018_2_5_bps": -0.8875168985731531,
        "annual_return_2018_2019_3_0_bps": -0.011262018947809649,
        "annual_volatility_2018_2019_3_0_bps": 0.006241412161484273,
        "sharpe_ratio_2018_2019_3_0_bps": -1.8114903991021971,
        "downside_risk_2018_2019_3_0_bps": 0.00470249920476767,
        "sortino_ratio_2018_2019_3_0_bps": -2.4043083720047207,
        "max_drawdown_2018_2019_3_0_bps": 0.014786271298603342,
        "calmar_ratio_2018_2019_3_0_bps": -0.7616537476133972,
        "perc_pos_return_2018_2019_3_0_bps": 0.4230769230769231,
        "profit_loss_ratio_2018_2019_3_0_bps": 1.0120570064837735,
        "sharpe_ratio_2018_3_0_bps": -1.6059054603611906
    },
    "COMB": {
        "annual_return_2018_2019": 0.017191369879291374,
        "annual_volatility_2018_2019": 0.006225837712918001,
        "sharpe_ratio_2018_2019": 2.741020833971972,
        "downside_risk_2018_2019": 0.0037256352543811825,
        "sortino_ratio_2018_2019": 4.580467414239972,
        "max_drawdown_2018_2019": 0.0032483567768388177,
        "calmar_ratio_2018_2019": 5.292328109359153,
        "perc_pos_return_2018_2019": 0.5615384615384615,
        "profit_loss_ratio_2018_2019": 1.2355041989423123,
        "sharpe_ratio_2018": 2.72600099367503,
        "annual_return_2018_2019_0_5_bps": 0.012393139676752929,
        "annual_volatility_2018_2019_0_5_bps": 0.00622646576663833,
        "sharpe_ratio_2018_2019_0_5_bps": 1.9813138241122934,
        "downside_risk_2018_2019_0_5_bps": 0.003875376620924729,
        "sortino_ratio_2018_2019_0_5_bps": 3.1833248495623003,
        "max_drawdown_2018_2019_0_5_bps": 0.003526592663185968,
        "calmar_ratio_2018_2019_0_5_bps": 3.5141965234955177,
        "perc_pos_return_2018_2019_0_5_bps": 0.5461538461538461,
        "profit_loss_ratio_2018_2019_0_5_bps": 1.1571954445326782,
        "sharpe_ratio_2018_0_5_bps": 2.0010904032465717,
        "annual_return_2018_2019_1_0_bps": 0.007617449058211712,
        "annual_volatility_2018_2019_1_0_bps": 0.006227881909223286,
        "sharpe_ratio_2018_2019_1_0_bps": 1.2216054556688154,
        "downside_risk_2018_2019_1_0_bps": 0.00403035536594776,
        "sortino_ratio_2018_2019_1_0_bps": 1.8876783377088682,
        "max_drawdown_2018_2019_1_0_bps": 0.0038047561716959702,
        "calmar_ratio_2018_2019_1_0_bps": 2.0020859982773174,
        "perc_pos_return_2018_2019_1_0_bps": 0.5307692307692308,
        "profit_loss_ratio_2018_2019_1_0_bps": 1.0838869210046633,
        "sharpe_ratio_2018_1_0_bps": 1.277080223499041,
        "annual_return_2018_2019_1_5_bps": 0.0028641925874060004,
        "annual_volatility_2018_2019_1_5_bps": 0.006230085603258352,
        "sharpe_ratio_2018_2019_1_5_bps": 0.4621840725315463,
        "downside_risk_2018_2019_1_5_bps": 0.004190495952923878,
        "sortino_ratio_2018_2019_1_5_bps": 0.6871373624224585,
        "max_drawdown_2018_2019_1_5_bps": 0.0040828473198242605,
        "calmar_ratio_2018_2019_1_5_bps": 0.7015184166938883,
        "perc_pos_return_2018_2019_1_5_bps": 0.5038461538461538,
        "profit_loss_ratio_2018_2019_1_5_bps": 1.0635324732329994,
        "sharpe_ratio_2018_1_5_bps": 0.5541745665171589,
        "annual_return_2018_2019_2_0_bps": -0.0018667346807907936,
        "annual_volatility_2018_2019_2_0_bps": 0.006233076013430924,
        "sharpe_ratio_2018_2019_2_0_bps": -0.29666280996984923,
        "downside_risk_2018_2019_2_0_bps": 0.004355843976773575,
        "sortino_ratio_2018_2019_2_0_bps": -0.42451516968010167,
        "max_drawdown_2018_2019_2_0_bps": 0.005898693437763136,
        "calmar_ratio_2018_2019_2_0_bps": -0.3164657903460541,
        "perc_pos_return_2018_2019_2_0_bps": 0.4653846153846154,
        "profit_loss_ratio_2018_2019_2_0_bps": 1.0935621706976244,
        "sharpe_ratio_2018_2_0_bps": -0.16742443463627815,
        "annual_return_2018_2019_2_5_bps": -0.006575437202639756,
        "annual_volatility_2018_2019_2_5_bps": 0.006236852008110625,
        "sharpe_ratio_2018_2019_2_5_bps": -1.0546490469198886,
        "downside_risk_2018_2019_2_5_bps": 0.004526528252761343,