{
    "ALL": {
        "performance_sw": 1.0573530951157242,
        "performance_fw": 1.2598668204090562,
        "val_loss": 5.535102756947274,
        "annual_return_2022_2023": 0.05961018058106404,
        "annual_volatility_2022_2023": 0.04634696619269919,
        "sharpe_ratio_2022_2023": 1.2725246469516318,
        "downside_risk_2022_2023": 0.03374011344742899,
        "sortino_ratio_2022_2023": 1.7479981768151964,
        "max_drawdown_2022_2023": 0.037202666052561194,
        "calmar_ratio_2022_2023": 1.602309374732573,
        "perc_pos_return_2022_2023": 0.6082191780821918,
        "profit_loss_ratio_2022_2023": 0.8302140577669602,
        "sharpe_ratio_2022": 1.050226965735223,
        "annual_return_2022_2023_0_5_bps": 0.058817454922818646,
        "annual_volatility_2022_2023_0_5_bps": 0.04634624220213104,
        "sharpe_ratio_2022_2023_0_5_bps": 1.256393085974569,
        "downside_risk_2022_2023_0_5_bps": 0.033752068356128956,
        "sortino_ratio_2022_2023_0_5_bps": 1.7252008869283573,
        "max_drawdown_2022_2023_0_5_bps": 0.03721824950067676,
        "calmar_ratio_2022_2023_0_5_bps": 1.58033910008984,
        "perc_pos_return_2022_2023_0_5_bps": 0.6082191780821918,
        "profit_loss_ratio_2022_2023_0_5_bps": 0.8275884098943269,
        "sharpe_ratio_2022_0_5_bps": 1.0368341478383116,
        "annual_return_2022_2023_1_0_bps": 0.05802532045283848,
        "annual_volatility_2022_2023_1_0_bps": 0.04634552331021262,
        "sharpe_ratio_2022_2023_1_0_bps": 1.2402608845504248,
        "downside_risk_2022_2023_1_0_bps": 0.03376404023788943,
        "sortino_ratio_2022_2023_1_0_bps": 1.7024188850235096,
        "max_drawdown_2022_2023_1_0_bps": 0.0372338327396199,
        "calmar_ratio_2022_2023_1_0_bps": 1.5584031023240512,
        "perc_pos_return_2022_2023_1_0_bps": 0.6054794520547945,
        "profit_loss_ratio_2022_2023_1_0_bps": 0.8344971125296694,
        "sharpe_ratio_2022_1_0_bps": 1.0234408050930508,
        "annual_return_2022_2023_1_5_bps": 0.05723377673162866,
        "annual_volatility_2022_2023_1_5_bps": 0.04634480951718121,
        "sharpe_ratio_2022_2023_1_5_bps": 1.224128047967509,
        "downside_risk_2022_2023_1_5_bps": 0.033776029116289345,
        "sortino_ratio_2022_2023_1_5_bps": 1.6796521880167565,
        "max_drawdown_2022_2023_1_5_bps": 0.03724941576939363,
        "calmar_ratio_2022_2023_1_5_bps": 1.53650132624779,
        "perc_pos_return_2022_2023_1_5_bps": 0.6054794520547945,
        "profit_loss_ratio_2022_2023_1_5_bps": 0.8318550272315668,
        "sharpe_ratio_2022_1_5_bps": 1.0100469418619835,
        "annual_return_2022_2023_2_0_bps": 0.056442823320021374,
        "annual_volatility_2022_2023_2_0_bps": 0.04634410082327239,
        "sharpe_ratio_2022_2023_2_0_bps": 1.2079945815152502,
        "downside_risk_2022_2023_2_0_bps": 0.03378803497872866,
        "sortino_ratio_2022_2023_2_0_bps": 1.6569008145917334,
        "max_drawdown_2022_2023_2_0_bps": 0.03726499858999911,
        "calmar_ratio_2022_2023_2_0_bps": 1.514633716775963,
        "perc_pos_return_2022_2023_2_0_bps": 0.6027397260273972,
        "profit_loss_ratio_2022_2023_2_0_bps": 0.8387738668410495,
        "sharpe_ratio_2022_2_0_bps": 0.9966525625085675,
        "annual_return_2022_2023_2_5_bps": 0.055652459779176544,
        "annual_volatility_2022_2023_2_5_bps": 0.046343397228720114,
        "sharpe_ratio_2022_2023_2_5_bps": 1.1918604904841885,
        "downside_risk_2022_2023_2_5_bps": 0.03380005793052401,
        "sortino_ratio_2022_2023_2_5_bps": 1.6341647776243804,
        "max_drawdown_2022_2023_2_5_bps": 0.03728058120143928,
        "calmar_ratio_2022_2023_2_5_bps": 1.4928002189254492,
        "perc_pos_return_2022_2023_2_5_bps": 0.6027397260273972,
        "profit_loss_ratio_2022_2023_2_5_bps": 0.836114560019098,
        "sharpe_ratio_2022_2_5_bps": 0.9832576713971631,
        "annual_return_2022_2023_3_0_bps": 0.054862685670577616,
        "annual_volatility_2022_2023_3_0_bps": 0.046342698733756627,
        "sharpe_ratio_2022_2023_3_0_bps": 1.1757257801659666,
        "downside_risk_2022_2023_3_0_bps": 0.03381209800643604,
        "sortino_ratio_2022_2023_3_0_bps": 1.6114440935718055,
        "max_drawdown_2022_2023_3_0_bps": 0.03729616360371662,
        "calmar_ratio_2022_2023_3_0_bps": 1.4710007778148653,
        "perc_pos_return_2022_2023_3_0_bps": 0.6027397260273972,
        "profit_loss_ratio_2022_2023_3_0_bps": 0.8334629449262304,
        "sharpe_ratio_2022_3_0_bps": 0.9698622728930293
    },
    "COMB": {
        "annual_return_2022_2023": 0.05961018058106404,
        "annual_volatility_2022_2023": 0.04634696619269919,
        "sharpe_ratio_2022_2023": 1.2725246469516318,
        "downside_risk_2022_2023": 0.03374011344742899,
        "sortino_ratio_2022_2023": 1.7479981768151964,
        "max_drawdown_2022_2023": 0.037202666052561194,
        "calmar_ratio_2022_2023": 1.602309374732573,
        "perc_pos_return_2022_2023": 0.6082191780821918,
        "profit_loss_ratio_2022_2023": 0.8302140577669602,
        "sharpe_ratio_2022": 1.050226965735223,
        "annual_return_2022_2023_0_5_bps": 0.058817454922818646,
        "annual_volatility_2022_2023_0_5_bps": 0.04634624220213104,
        "sharpe_ratio_2022_2023_0_5_bps": 1.256393085974569,
        "downside_risk_2022_2023_0_5_bps": 0.033752068356128956,
        "sortino_ratio_2022_2023_0_5_bps": 1.7252008869283573,
        "max_drawdown_2022_2023_0_5_bps": 0.03721824950067676,
        "calmar_ratio_2022_2023_0_5_bps": 1.58033910008984,
        "perc_pos_return_2022_2023_0_5_bps": 0.6082191780821918,
        "profit_loss_ratio_2022_2023_0_5_bps": 0.8275884098943269,
        "sharpe_ratio_2022_0_5_bps": 1.0368341478383116,
        "annual_return_2022_2023_1_0_bps": 0.05802532045283848,
        "annual_volatility_2022_2023_1_0_bps": 0.04634552331021262,
        "sharpe_ratio_2022_2023_1_0_bps": 1.2402608845504248,
        "downside_risk_2022_2023_1_0_bps": 0.03376404023788943,
        "sortino_ratio_2022_2023_1_0_bps": 1.7024188850235096,
        "max_drawdown_2022_2023_1_0_bps": 0.0372338327396199,
        "calmar_ratio_2022_2023_1_0_bps": 1.5584031023240512,
        "perc_pos_return_2022_2023_1_0_bps": 0.6054794520547945,
        "profit_loss_ratio_2022_2023_1_0_bps": 0.8344971125296694,
        "sharpe_ratio_2022_1_0_bps": 1.0234408050930508,
        "annual_return_2022_2023_1_5_bps": 0.05723377673162866,
        "annual_volatility_2022_2023_1_5_bps": 0.04634480951718121,
        "sharpe_ratio_2022_2023_1_5_bps": 1.224128047967509,
        "downside_risk_2022_2023_1_5_bps": 0.033776029116289345,
        "sortino_ratio_2022_2023_1_5_bps": 1.6796521880167565,
        "max_drawdown_2022_2023_1_5_bps": 0.03724941576939363,
        "calmar_ratio_2022_2023_1_5_bps": 1.53650132624779,
        "perc_pos_return_2022_2023_1_5_bps": 0.6054794520547945,
        "profit_loss_ratio_2022_2023_1_5_bps": 0.8318550272315668,
        "sharpe_ratio_2022_1_5_bps": 1.0100469418619835,
        "annual_return_2022_2023_2_0_bps": 0.056442823320021374,
        "annual_volatility_2022_2023_2_0_bps": 0.04634410082327239,
        "sharpe_ratio_2022_2023_2_0_bps": 1.2079945815152502,
        "downside_risk_2022_2023_2_0_bps": 0.03378803497872866,
        "sortino_ratio_2022_2023_2_0_bps": 1.6569008145917334,
        "max_drawdown_2022_2023_2_0_bps": 0.03726499858999911,
        "calmar_ratio_2022_2023_2_0_bps": 1.514633716775963,
        "perc_pos_return_2022_2023_2_0_bps": 0.6027397260273972,
        "profit_loss_ratio_2022_2023_2_0_bps": 0.8387738668410495,
        "sharpe_ratio_2022_2_0_bps": 0.9966525625085675,
        "annual_return_2022_2023_2_5_bps": 0.055652459779176544,
        "annual_volatility_2022_2023_2_5_bps": 0.046343397228720114,
        "sharpe_ratio_2022_2023_2_5_bps": 1.1918604904841885,
        "downside_risk_2022_2023_2_5_bps": 0.03380005793052401,
        "sortino_ratio_2022_2023_2_5_bps": 1.6341647776243804,