{
    "ALL": {
        "performance_sw": 0.9131043221862734,
        "performance_fw": 0.9210546001312794,
        "val_loss": 3.643458962594846,
        "annual_return_2021_2022": 0.12615703361327002,
        "annual_volatility_2021_2022": 0.11405448861234528,
        "sharpe_ratio_2021_2022": 1.0989212218581763,
        "downside_risk_2021_2022": 0.0843562242505123,
        "sortino_ratio_2021_2022": 1.4858049788012742,
        "max_drawdown_2021_2022": 0.09199228042369928,
        "calmar_ratio_2021_2022": 1.3713871754479208,
        "perc_pos_return_2021_2022": 0.5835616438356165,
        "profit_loss_ratio_2021_2022": 0.8371009720912433,
        "sharpe_ratio_2021": 0.9131043221862731,
        "annual_return_2021_2022_0_5_bps": 0.12602913610313715,
        "annual_volatility_2021_2022_0_5_bps": 0.11405380305556032,
        "sharpe_ratio_2021_2022_0_5_bps": 1.097931013475046,
        "downside_risk_2021_2022_0_5_bps": 0.08435790192095168,
        "sortino_ratio_2021_2022_0_5_bps": 1.4844277148667846,
        "max_drawdown_2021_2022_0_5_bps": 0.09200214423221528,
        "calmar_ratio_2021_2022_0_5_bps": 1.369849987246352,
        "perc_pos_return_2021_2022_0_5_bps": 0.5835616438356165,
        "profit_loss_ratio_2021_2022_0_5_bps": 0.8369820278500221,
        "sharpe_ratio_2021_0_5_bps": 0.9122815484182203,
        "annual_return_2021_2022_1_0_bps": 0.125901252976385,
        "annual_volatility_2021_2022_1_0_bps": 0.11405311829470995,
        "sharpe_ratio_2021_2022_1_0_bps": 1.0969407855327722,
        "downside_risk_2021_2022_1_0_bps": 0.0843595800458452,
        "sortino_ratio_2021_2022_1_0_bps": 1.483050497722613,
        "max_drawdown_2021_2022_1_0_bps": 0.09201200794254444,
        "calmar_ratio_2021_2022_1_0_bps": 1.368313286402816,
        "perc_pos_return_2021_2022_1_0_bps": 0.5808219178082191,
        "profit_loss_ratio_2021_2022_1_0_bps": 0.8463421812152142,
        "sharpe_ratio_2021_1_0_bps": 0.9114587583982852,
        "annual_return_2021_2022_1_5_bps": 0.12577338423141482,
        "annual_volatility_2021_2022_1_5_bps": 0.11405243432980855,
        "sharpe_ratio_2021_2022_1_5_bps": 1.0959505380515968,
        "downside_risk_2021_2022_1_5_bps": 0.08436125863589347,
        "sortino_ratio_2021_2022_1_5_bps": 1.4816733272002853,
        "max_drawdown_2021_2022_1_5_bps": 0.0920218715546879,
        "calmar_ratio_2021_2022_1_5_bps": 1.3667770727382855,
        "perc_pos_return_2021_2022_1_5_bps": 0.5808219178082191,
        "profit_loss_ratio_2021_2022_1_5_bps": 0.8462217107289555,
        "sharpe_ratio_2021_1_5_bps": 0.9106359521432867,
        "annual_return_2021_2022_2_0_bps": 0.12564552986662747,
        "annual_volatility_2021_2022_2_0_bps": 0.11405175116087041,
        "sharpe_ratio_2021_2022_2_0_bps": 1.094960271051762,
        "downside_risk_2021_2022_2_0_bps": 0.08436293769717104,
        "sortino_ratio_2021_2022_2_0_bps": 1.480296203213209,
        "max_drawdown_2021_2022_2_0_bps": 0.09203173506864648,
        "calmar_ratio_2021_2022_2_0_bps": 1.365241346073813,
        "perc_pos_return_2021_2022_2_0_bps": 0.5808219178082191,
        "profit_loss_ratio_2021_2022_2_0_bps": 0.8461012541782762,
        "sharpe_ratio_2021_2_0_bps": 0.9098131296700448,
        "annual_return_2021_2022_2_5_bps": 0.12551768988041712,
        "annual_volatility_2021_2022_2_5_bps": 0.11405106878790981,
        "sharpe_ratio_2021_2022_2_5_bps": 1.093969984553514,
        "downside_risk_2021_2022_2_5_bps": 0.08436461722964983,
        "sortino_ratio_2021_2022_2_5_bps": 1.478919125782174,
        "max_drawdown_2021_2022_2_5_bps": 0.0920415984844195,
        "calmar_ratio_2021_2022_2_5_bps": 1.3637061062304816,
        "perc_pos_return_2021_2022_2_5_bps": 0.5808219178082191,
        "profit_loss_ratio_2021_2022_2_5_bps": 0.8459808115607592,
        "sharpe_ratio_2021_2_5_bps": 0.9089902909953816,
        "annual_return_2021_2022_3_0_bps": 0.12538986427118526,
        "annual_volatility_2021_2022_3_0_bps": 0.11405038721094107,
        "sharpe_ratio_2021_2022_3_0_bps": 1.0929796785771004,
        "downside_risk_2021_2022_3_0_bps": 0.08436629723330162,
        "sortino_ratio_2021_2022_3_0_bps": 1.4775420949279696,
        "max_drawdown_2021_2022_3_0_bps": 0.09205146180200972,
        "calmar_ratio_2021_2022_3_0_bps": 1.362171353029482,
        "perc_pos_return_2021_2022_3_0_bps": 0.5808219178082191,
        "profit_loss_ratio_2021_2022_3_0_bps": 0.8458603828739872,
        "sharpe_ratio_2021_3_0_bps": 0.9081674361361214
    },
    "COMB": {
        "annual_return_2021_2022": 0.12615703361327002,
        "annual_volatility_2021_2022": 0.11405448861234528,
        "sharpe_ratio_2021_2022": 1.0989212218581763,
        "downside_risk_2021_2022": 0.0843562242505123,
        "sortino_ratio_2021_2022": 1.4858049788012742,
        "max_drawdown_2021_2022": 0.09199228042369928,
        "calmar_ratio_2021_2022": 1.3713871754479208,
        "perc_pos_return_2021_2022": 0.5835616438356165,
        "profit_loss_ratio_2021_2022": 0.8371009720912433,
        "sharpe_ratio_2021": 0.9131043221862731,
        "annual_return_2021_2022_0_5_bps": 0.12602913610313715,
        "annual_volatility_2021_2022_0_5_bps": 0.11405380305556032,
        "sharpe_ratio_2021_2022_0_5_bps": 1.097931013475046,
        "downside_risk_2021_2022_0_5_bps": 0.08435790192095168,
        "sortino_ratio_2021_2022_0_5_bps": 1.4844277148667846,
        "max_drawdown_2021_2022_0_5_bps": 0.09200214423221528,
        "calmar_ratio_2021_2022_0_5_bps": 1.369849987246352,
        "perc_pos_return_2021_2022_0_5_bps": 0.5835616438356165,
        "profit_loss_ratio_2021_2022_0_5_bps": 0.8369820278500221,
        "sharpe_ratio_2021_0_5_bps": 0.9122815484182203,
        "annual_return_2021_2022_1_0_bps": 0.125901252976385,
        "annual_volatility_2021_2022_1_0_bps": 0.11405311829470995,
        "sharpe_ratio_2021_2022_1_0_bps": 1.0969407855327722,
        "downside_risk_2021_2022_1_0_bps": 0.0843595800458452,
        "sortino_ratio_2021_2022_1_0_bps": 1.483050497722613,
        "max_drawdown_2021_2022_1_0_bps": 0.09201200794254444,
        "calmar_ratio_2021_2022_1_0_bps": 1.368313286402816,
        "perc_pos_return_2021_2022_1_0_bps": 0.5808219178082191,
        "profit_loss_ratio_2021_2022_1_0_bps": 0.8463421812152142,
        "sharpe_ratio_2021_1_0_bps": 0.9114587583982852,
        "annual_return_2021_2022_1_5_bps": 0.12577338423141482,
        "annual_volatility_2021_2022_1_5_bps": 0.11405243432980855,
        "sharpe_ratio_2021_2022_1_5_bps": 1.0959505380515968,
        "downside_risk_2021_2022_1_5_bps": 0.08436125863589347,
        "sortino_ratio_2021_2022_1_5_bps": 1.4816733272002853,
        "max_drawdown_2021_2022_1_5_bps": 0.0920218715546879,
        "calmar_ratio_2021_2022_1_5_bps": 1.3667770727382855,
        "perc_pos_return_2021_2022_1_5_bps": 0.5808219178082191,
        "profit_loss_ratio_2021_2022_1_5_bps": 0.8462217107289555,
        "sharpe_ratio_2021_1_5_bps": 0.9106359521432867,
        "annual_return_2021_2022_2_0_bps": 0.12564552986662747,
        "annual_volatility_2021_2022_2_0_bps": 0.11405175116087041,
        "sharpe_ratio_2021_2022_2_0_bps": 1.094960271051762,
        "downside_risk_2021_2022_2_0_bps": 0.08436293769717104,
        "sortino_ratio_2021_2022_2_0_bps": 1.480296203213209,
        "max_drawdown_2021_2022_2_0_bps": 0.09203173506864648,
        "calmar_ratio_2021_2022_2_0_bps": 1.365241346073813,
        "perc_pos_return_2021_2022_2_0_bps": 0.5808219178082191,
        "profit_loss_ratio_2021_2022_2_0_bps": 0.8461012541782762,
        "sharpe_ratio_2021_2_0_bps": 0.9098131296700448,
        "annual_return_2021_2022_2_5_bps": 0.12551768988041712,
        "annual_volatility_2021_2022_2_5_bps": 0.11405106878790981,
        "sharpe_ratio_2021_2022_2_5_bps": 1.093969984553514,
        "downside_risk_2021_2022_2_5_bps": 0.08436461722964983,
        "sortino_ratio_2021_2022_2_5_bps": 1.478919125782174,
        "max_drawdown_2021_2022_2_5_bps": 0.0920415984844195,