{
    "ALL": {
        "performance_sw": 3.155053630678618,
        "performance_fw": 3.436279716308742,
        "val_loss": 3.1068468487686642,
        "annual_return_2019_2020": 0.031072001279444983,
        "annual_volatility_2019_2020": 0.009713899019125729,
        "sharpe_ratio_2019_2020": 3.155053630678618,
        "downside_risk_2019_2020": 0.005717976150516075,
        "sortino_ratio_2019_2020": 5.359916089466721,
        "max_drawdown_2019_2020": 0.005635527174901984,
        "calmar_ratio_2019_2020": 5.513592662249101,
        "perc_pos_return_2019_2020": 0.6269230769230769,
        "profit_loss_ratio_2019_2020": 1.0620449102325096,
        "sharpe_ratio_2019": 3.1082555955386857,
        "annual_return_2019_2020_0_5_bps": 0.02674879714872902,
        "annual_volatility_2019_2020_0_5_bps": 0.009709511401162689,
        "sharpe_ratio_2019_2020_0_5_bps": 2.7236817382981364,
        "downside_risk_2019_2020_0_5_bps": 0.005833021862592282,
        "sortino_ratio_2019_2020_0_5_bps": 4.533776747991055,
        "max_drawdown_2019_2020_0_5_bps": 0.005955408828117692,
        "calmar_ratio_2019_2020_0_5_bps": 4.491513164039727,
        "perc_pos_return_2019_2020_0_5_bps": 0.6153846153846154,
        "profit_loss_ratio_2019_2020_0_5_bps": 1.0321458092918179,
        "sharpe_ratio_2019_0_5_bps": 2.6747347178578234,
        "annual_return_2019_2020_1_0_bps": 0.022443643561966153,
        "annual_volatility_2019_2020_1_0_bps": 0.0097055955397143,
        "sharpe_ratio_2019_2020_1_0_bps": 2.291808402991148,
        "downside_risk_2019_2020_1_0_bps": 0.005950458207472506,
        "sortino_ratio_2019_2020_1_0_bps": 3.738092872582101,
        "max_drawdown_2019_2020_1_0_bps": 0.006275194025694079,
        "calmar_ratio_2019_2020_1_0_bps": 3.5765656759089186,
        "perc_pos_return_2019_2020_1_0_bps": 0.5961538461538461,
        "profit_loss_ratio_2019_2020_1_0_bps": 1.0344775828967492,
        "sharpe_ratio_2019_1_0_bps": 2.2407973467100604,
        "annual_return_2019_2020_1_5_bps": 0.018156465471787175,
        "annual_volatility_2019_2020_1_5_bps": 0.009702152005994003,
        "sharpe_ratio_2019_2020_1_5_bps": 1.8594959062289562,
        "downside_risk_2019_2020_1_5_bps": 0.00607035086124395,
        "sortino_ratio_2019_2020_1_5_bps": 2.9720048064997475,
        "max_drawdown_2019_2020_1_5_bps": 0.006594882794783218,
        "calmar_ratio_2019_2020_1_5_bps": 2.7531142003235556,
        "perc_pos_return_2019_2020_1_5_bps": 0.5807692307692308,
        "profit_loss_ratio_2019_2020_1_5_bps": 1.0186687860109844,
        "sharpe_ratio_2019_1_5_bps": 1.8064983972542346,
        "annual_return_2019_2020_2_0_bps": 0.013887188141504803,
        "annual_volatility_2019_2020_2_0_bps": 0.009699181303078229,
        "sharpe_ratio_2019_2020_2_0_bps": 1.426806864118638,
        "downside_risk_2019_2020_2_0_bps": 0.00619283522731747,
        "sortino_ratio_2019_2020_2_0_bps": 2.2346563329374587,
        "max_drawdown_2019_2020_2_0_bps": 0.0069144751625274305,
        "calmar_ratio_2019_2020_2_0_bps": 2.0084225939179823,
        "perc_pos_return_2019_2020_2_0_bps": 0.5653846153846154,
        "profit_loss_ratio_2019_2020_2_0_bps": 1.0017620576164081,
        "sharpe_ratio_2019_2_0_bps": 1.3718930245768934,
        "annual_return_2019_2020_2_5_bps": 0.009635737143857126,
        "annual_volatility_2019_2020_2_5_bps": 0.00969668386554025,
        "sharpe_ratio_2019_2020_2_5_bps": 0.9938041825428264,
        "downside_risk_2019_2020_2_5_bps": 0.006318020180887679,
        "sortino_ratio_2019_2020_2_5_bps": 1.5252570752338912,
        "max_drawdown_2019_2020_2_5_bps": 0.007233971156064227,
        "calmar_ratio_2019_2020_2_5_bps": 1.3320121045519377,
        "perc_pos_return_2019_2020_2_5_bps": 0.5461538461538461,
        "profit_loss_ratio_2019_2020_2_5_bps": 0.9996115969558879,
        "sharpe_ratio_2019_2_5_bps": 0.9370365889464058,
        "annual_return_2019_2020_3_0_bps": 0.005402038359711536,
        "annual_volatility_2019_2020_3_0_bps": 0.009694660059133192,
        "sharpe_ratio_2019_2020_3_0_bps": 0.5605510117970656,
        "downside_risk_2019_2020_3_0_bps": 0.006445942979650161,
        "sortino_ratio_2019_2020_3_0_bps": 0.8430654013434425,
        "max_drawdown_2019_2020_3_0_bps": 0.007553370802523887,
        "calmar_ratio_2019_2020_3_0_bps": 0.7151824663376114,
        "perc_pos_return_2019_2020_3_0_bps": 0.5307692307692308,
        "profit_loss_ratio_2019_2020_3_0_bps": 0.981332687880091,
        "sharpe_ratio_2019_3_0_bps": 0.5019846207561351
    },
    "COMB": {
        "annual_return_2019_2020": 0.031072001279444983,
        "annual_volatility_2019_2020": 0.009713899019125729,
        "sharpe_ratio_2019_2020": 3.155053630678618,
        "downside_risk_2019_2020": 0.005717976150516075,
        "sortino_ratio_2019_2020": 5.359916089466721,
        "max_drawdown_2019_2020": 0.005635527174901984,
        "calmar_ratio_2019_2020": 5.513592662249101,
        "perc_pos_return_2019_2020": 0.6269230769230769,
        "profit_loss_ratio_2019_2020": 1.0620449102325096,
        "sharpe_ratio_2019": 3.1082555955386857,
        "annual_return_2019_2020_0_5_bps": 0.02674879714872902,
        "annual_volatility_2019_2020_0_5_bps": 0.009709511401162689,
        "sharpe_ratio_2019_2020_0_5_bps": 2.7236817382981364,
        "downside_risk_2019_2020_0_5_bps": 0.005833021862592282,
        "sortino_ratio_2019_2020_0_5_bps": 4.533776747991055,
        "max_drawdown_2019_2020_0_5_bps": 0.005955408828117692,
        "calmar_ratio_2019_2020_0_5_bps": 4.491513164039727,
        "perc_pos_return_2019_2020_0_5_bps": 0.6153846153846154,
        "profit_loss_ratio_2019_2020_0_5_bps": 1.0321458092918179,
        "sharpe_ratio_2019_0_5_bps": 2.6747347178578234,
        "annual_return_2019_2020_1_0_bps": 0.022443643561966153,
        "annual_volatility_2019_2020_1_0_bps": 0.0097055955397143,
        "sharpe_ratio_2019_2020_1_0_bps": 2.291808402991148,
        "downside_risk_2019_2020_1_0_bps": 0.005950458207472506,
        "sortino_ratio_2019_2020_1_0_bps": 3.738092872582101,
        "max_drawdown_2019_2020_1_0_bps": 0.006275194025694079,
        "calmar_ratio_2019_2020_1_0_bps": 3.5765656759089186,
        "perc_pos_return_2019_2020_1_0_bps": 0.5961538461538461,
        "profit_loss_ratio_2019_2020_1_0_bps": 1.0344775828967492,
        "sharpe_ratio_2019_1_0_bps": 2.2407973467100604,
        "annual_return_2019_2020_1_5_bps": 0.018156465471787175,
        "annual_volatility_2019_2020_1_5_bps": 0.009702152005994003,
        "sharpe_ratio_2019_2020_1_5_bps": 1.8594959062289562,
        "downside_risk_2019_2020_1_5_bps": 0.00607035086124395,
        "sortino_ratio_2019_2020_1_5_bps": 2.9720048064997475,
        "max_drawdown_2019_2020_1_5_bps": 0.006594882794783218,
        "calmar_ratio_2019_2020_1_5_bps": 2.7531142003235556,
        "perc_pos_return_2019_2020_1_5_bps": 0.5807692307692308,
        "profit_loss_ratio_2019_2020_1_5_bps": 1.0186687860109844,
        "sharpe_ratio_2019_1_5_bps": 1.8064983972542346,
        "annual_return_2019_2020_2_0_bps": 0.013887188141504803,
        "annual_volatility_2019_2020_2_0_bps": 0.009699181303078229,
        "sharpe_ratio_2019_2020_2_0_bps": 1.426806864118638,
        "downside_risk_2019_2020_2_0_bps": 0.00619283522731747,
        "sortino_ratio_2019_2020_2_0_bps": 2.2346563329374587,
        "max_drawdown_2019_2020_2_0_bps": 0.0069144751625274305,
        "calmar_ratio_2019_2020_2_0_bps": 2.0084225939179823,
        "perc_pos_return_2019_2020_2_0_bps": 0.5653846153846154,
        "profit_loss_ratio_2019_2020_2_0_bps": 1.0017620576164081,
        "sharpe_ratio_2019_2_0_bps": 1.3718930245768934,
        "annual_return_2019_2020_2_5_bps": 0.009635737143857126,
        "annual_volatility_2019_2020_2_5_bps": 0.00969668386554025,
        "sharpe_ratio_2019_2020_2_5_bps": 0.9938041825428264,
        "downside_risk_2019_2020_2_5_bps": 0.006318020180887679,
        "sortino_ratio_2019_2020_2_5_bps": 1.5252570752338912,