{
    "ALL": {
        "performance_sw": 2.9930321248141976,
        "performance_fw": 2.16540523611086,
        "val_loss": 2.1750138329063264,
        "annual_return_2016_2017": 0.027954469605610655,
        "annual_volatility_2016_2017": 0.009226351777108387,
        "sharpe_ratio_2016_2017": 2.9930321248141984,
        "downside_risk_2016_2017": 0.005098721900179875,
        "sortino_ratio_2016_2017": 5.416017544072714,
        "max_drawdown_2016_2017": 0.0037217946713773704,
        "calmar_ratio_2016_2017": 7.511018762156806,
        "perc_pos_return_2016_2017": 0.5637065637065637,
        "profit_loss_ratio_2016_2017": 1.3193941814765584,
        "sharpe_ratio_2016": 3.0342465063939343,
        "annual_return_2016_2017_0_5_bps": 0.022824852196821732,
        "annual_volatility_2016_2017_0_5_bps": 0.009216107495775222,
        "sharpe_ratio_2016_2017_0_5_bps": 2.4534830002420196,
        "downside_risk_2016_2017_0_5_bps": 0.005256452760459983,
        "sortino_ratio_2016_2017_0_5_bps": 4.301677214599158,
        "max_drawdown_2016_2017_0_5_bps": 0.0042274010475501856,
        "calmar_ratio_2016_2017_0_5_bps": 5.399263504949199,
        "perc_pos_return_2016_2017_0_5_bps": 0.5521235521235521,
        "profit_loss_ratio_2016_2017_0_5_bps": 1.2543479498152046,
        "sharpe_ratio_2016_0_5_bps": 2.495594581047376,
        "annual_return_2016_2017_1_0_bps": 0.017720721794569183,
        "annual_volatility_2016_2017_1_0_bps": 0.009206852530646377,
        "sharpe_ratio_2016_2017_1_0_bps": 1.9125275240633106,
        "downside_risk_2016_2017_1_0_bps": 0.0054185976403390195,
        "sortino_ratio_2016_2017_1_0_bps": 3.249615498993104,
        "max_drawdown_2016_2017_1_0_bps": 0.004868177706453374,
        "calmar_ratio_2016_2017_1_0_bps": 3.6401139940060463,
        "perc_pos_return_2016_2017_1_0_bps": 0.525096525096525,
        "profit_loss_ratio_2016_2017_1_0_bps": 1.268633686758661,
        "sharpe_ratio_2016_1_0_bps": 1.9555894929443296,
        "annual_return_2016_2017_1_5_bps": 0.012641952312371085,
        "annual_volatility_2016_2017_1_5_bps": 0.009198589867860572,
        "sharpe_ratio_2016_2017_1_5_bps": 1.3703355472408365,
        "downside_risk_2016_2017_1_5_bps": 0.00558519295533934,
        "sortino_ratio_2016_2017_1_5_bps": 2.256887950194888,
        "max_drawdown_2016_2017_1_5_bps": 0.00550855459582591,
        "calmar_ratio_2016_2017_1_5_bps": 2.294967235497763,
        "perc_pos_return_2016_2017_1_5_bps": 0.5057915057915058,
        "profit_loss_ratio_2016_2017_1_5_bps": 1.2439477555602922,
        "sharpe_ratio_2016_1_5_bps": 1.414402241046498,
        "annual_return_2016_2017_2_0_bps": 0.007588418284788734,
        "annual_volatility_2016_2017_2_0_bps": 0.009191322183548841,
        "sharpe_ratio_2016_2017_2_0_bps": 0.827079100718581,
        "downside_risk_2016_2017_2_0_bps": 0.00575621443232613,
        "sortino_ratio_2016_2017_2_0_bps": 1.3206510242726162,
        "max_drawdown_2016_2017_2_0_bps": 0.006148531957269542,
        "calmar_ratio_2016_2017_2_0_bps": 1.2341837592332563,
        "perc_pos_return_2016_2017_2_0_bps": 0.4864864864864865,
        "profit_loss_ratio_2016_2017_2_0_bps": 1.2203722247229516,
        "sharpe_ratio_2016_2_0_bps": 0.872205908150045,
        "annual_return_2016_2017_2_5_bps": 0.0025599948644017267,
        "annual_volatility_2016_2017_2_5_bps": 0.009185051839545549,
        "sharpe_ratio_2016_2017_2_5_bps": 0.28293213113519955,
        "downside_risk_2016_2017_2_5_bps": 0.005931539783136849,
        "sortino_ratio_2016_2017_2_5_bps": 0.43812338559003644,
        "max_drawdown_2016_2017_2_5_bps": 0.008197256019948494,
        "calmar_ratio_2016_2017_2_5_bps": 0.3122990008085427,
        "perc_pos_return_2016_2017_2_5_bps": 0.4826254826254826,
        "profit_loss_ratio_2016_2017_2_5_bps": 1.1263392744977692,
        "sharpe_ratio_2016_2_5_bps": 0.3291753917677327,
        "annual_return_2016_2017_3_0_bps": -0.002443442181250699,
        "annual_volatility_2016_2017_3_0_bps": 0.009179780879581675,
        "sharpe_ratio_2016_2017_3_0_bps": -0.2619297709199867,
        "downside_risk_2016_2017_3_0_bps": 0.00611105850169534,
        "sortino_ratio_2016_2017_3_0_bps": -0.39346013496965443,
        "max_drawdown_2016_2017_3_0_bps": 0.01085829345006108,
        "calmar_ratio_2016_2017_3_0_bps": -0.22503003740766964,
        "perc_pos_return_2016_2017_3_0_bps": 0.4671814671814672,
        "profit_loss_ratio_2016_2017_3_0_bps": 1.0896411189658355,
        "sharpe_ratio_2016_3_0_bps": -0.21451287208835906
    },
    "COMB": {
        "annual_return_2016_2017": 0.027954469605610655,
        "annual_volatility_2016_2017": 0.009226351777108387,
        "sharpe_ratio_2016_2017": 2.9930321248141984,
        "downside_risk_2016_2017": 0.005098721900179875,
        "sortino_ratio_2016_2017": 5.416017544072714,
        "max_drawdown_2016_2017": 0.0037217946713773704,
        "calmar_ratio_2016_2017": 7.511018762156806,
        "perc_pos_return_2016_2017": 0.5637065637065637,
        "profit_loss_ratio_2016_2017": 1.3193941814765584,
        "sharpe_ratio_2016": 3.0342465063939343,
        "annual_return_2016_2017_0_5_bps": 0.022824852196821732,
        "annual_volatility_2016_2017_0_5_bps": 0.009216107495775222,
        "sharpe_ratio_2016_2017_0_5_bps": 2.4534830002420196,
        "downside_risk_2016_2017_0_5_bps": 0.005256452760459983,
        "sortino_ratio_2016_2017_0_5_bps": 4.301677214599158,
        "max_drawdown_2016_2017_0_5_bps": 0.0042274010475501856,
        "calmar_ratio_2016_2017_0_5_bps": 5.399263504949199,
        "perc_pos_return_2016_2017_0_5_bps": 0.5521235521235521,
        "profit_loss_ratio_2016_2017_0_5_bps": 1.2543479498152046,
        "sharpe_ratio_2016_0_5_bps": 2.495594581047376,
        "annual_return_2016_2017_1_0_bps": 0.017720721794569183,
        "annual_volatility_2016_2017_1_0_bps": 0.009206852530646377,
        "sharpe_ratio_2016_2017_1_0_bps": 1.9125275240633106,
        "downside_risk_2016_2017_1_0_bps": 0.0054185976403390195,
        "sortino_ratio_2016_2017_1_0_bps": 3.249615498993104,
        "max_drawdown_2016_2017_1_0_bps": 0.004868177706453374,
        "calmar_ratio_2016_2017_1_0_bps": 3.6401139940060463,
        "perc_pos_return_2016_2017_1_0_bps": 0.525096525096525,
        "profit_loss_ratio_2016_2017_1_0_bps": 1.268633686758661,
        "sharpe_ratio_2016_1_0_bps": 1.9555894929443296,
        "annual_return_2016_2017_1_5_bps": 0.012641952312371085,
        "annual_volatility_2016_2017_1_5_bps": 0.009198589867860572,
        "sharpe_ratio_2016_2017_1_5_bps": 1.3703355472408365,
        "downside_risk_2016_2017_1_5_bps": 0.00558519295533934,
        "sortino_ratio_2016_2017_1_5_bps": 2.256887950194888,
        "max_drawdown_2016_2017_1_5_bps": 0.00550855459582591,
        "calmar_ratio_2016_2017_1_5_bps": 2.294967235497763,
        "perc_pos_return_2016_2017_1_5_bps": 0.5057915057915058,
        "profit_loss_ratio_2016_2017_1_5_bps": 1.2439477555602922,
        "sharpe_ratio_2016_1_5_bps": 1.414402241046498,
        "annual_return_2016_2017_2_0_bps": 0.007588418284788734,
        "annual_volatility_2016_2017_2_0_bps": 0.009191322183548841,
        "sharpe_ratio_2016_2017_2_0_bps": 0.827079100718581,
        "downside_risk_2016_2017_2_0_bps": 0.00575621443232613,
        "sortino_ratio_2016_2017_2_0_bps": 1.3206510242726162,
        "max_drawdown_2016_2017_2_0_bps": 0.006148531957269542,
        "calmar_ratio_2016_2017_2_0_bps": 1.2341837592332563,
        "perc_pos_return_2016_2017_2_0_bps": 0.4864864864864865,
        "profit_loss_ratio_2016_2017_2_0_bps": 1.2203722247229516,
        "sharpe_ratio_2016_2_0_bps": 0.872205908150045,
        "annual_return_2016_2017_2_5_bps": 0.0025599948644017267,
        "annual_volatility_2016_2017_2_5_bps": 0.009185051839545549,
        "sharpe_ratio_2016_2017_2_5_bps": 0.28293213113519955,
        "downside_risk_2016_2017_2_5_bps": 0.005931539783136849,
        "sortino_ratio_2016_2017_2_5_bps": 0.43812338559003644,