{
    "ALL": {
        "performance_sw": 1.763882535696907,
        "performance_fw": 2.0407899931719773,
        "val_loss": 3.3010698680123265,
        "annual_return_2017_2018": 0.016932972522099687,
        "annual_volatility_2017_2018": 0.009545502383941475,
        "sharpe_ratio_2017_2018": 1.7638825356969072,
        "downside_risk_2017_2018": 0.006063250555219391,
        "sortino_ratio_2017_2018": 2.7769172321262134,
        "max_drawdown_2017_2018": 0.0072293882139515845,
        "calmar_ratio_2017_2018": 2.3422414208468854,
        "perc_pos_return_2017_2018": 0.5155038759689923,
        "profit_loss_ratio_2017_2018": 1.2600624826398743,
        "sharpe_ratio_2017": 1.7656362080429124,
        "annual_return_2017_2018_0_5_bps": 0.01034910202468442,
        "annual_volatility_2017_2018_0_5_bps": 0.009546706291233945,
        "sharpe_ratio_2017_2018_0_5_bps": 1.083255010845745,
        "downside_risk_2017_2018_0_5_bps": 0.006284167483913477,
        "sortino_ratio_2017_2018_0_5_bps": 1.6456463729721553,
        "max_drawdown_2017_2018_0_5_bps": 0.008022174096533073,
        "calmar_ratio_2017_2018_0_5_bps": 1.2900620081477627,
        "perc_pos_return_2017_2018_0_5_bps": 0.5,
        "profit_loss_ratio_2017_2018_0_5_bps": 1.1964500873477886,
        "sharpe_ratio_2017_0_5_bps": 1.0809559655496617,
        "annual_return_2017_2018_1_0_bps": 0.0038076797864154965,
        "annual_volatility_2017_2018_1_0_bps": 0.009548879424330409,
        "sharpe_ratio_2017_2018_1_0_bps": 0.4027582435292575,
        "downside_risk_2017_2018_1_0_bps": 0.006511352093764046,
        "sortino_ratio_2017_2018_1_0_bps": 0.5906438246979779,
        "max_drawdown_2017_2018_1_0_bps": 0.008814349482834476,
        "calmar_ratio_2017_2018_1_0_bps": 0.43198647771236787,
        "perc_pos_return_2017_2018_1_0_bps": 0.4806201550387597,
        "profit_loss_ratio_2017_2018_1_0_bps": 1.1549078345959993,
        "sharpe_ratio_2017_1_0_bps": 0.3964516124107999,
        "annual_return_2017_2018_1_5_bps": -0.0026915667269921117,
        "annual_volatility_2017_2018_1_5_bps": 0.00955202112171958,
        "sharpe_ratio_2017_2018_1_5_bps": -0.27740072850077546,
        "downside_risk_2017_2018_1_5_bps": 0.006744536939423376,
        "sortino_ratio_2017_2018_1_5_bps": -0.3928716888377432,
        "max_drawdown_2017_2018_1_5_bps": 0.009679227095216677,
        "calmar_ratio_2017_2018_1_5_bps": -0.2780766171218611,
        "perc_pos_return_2017_2018_1_5_bps": 0.46124031007751937,
        "profit_loss_ratio_2017_2018_1_5_bps": 1.1159618636680733,
        "sharpe_ratio_2017_1_5_bps": -0.2876968804161631,
        "annual_return_2017_2018_2_0_bps": -0.009148908307383685,
        "annual_volatility_2017_2018_2_0_bps": 0.009556130428118634,
        "sharpe_ratio_2017_2018_2_0_bps": -0.9570155209838519,
        "downside_risk_2017_2018_2_0_bps": 0.006983598285305389,
        "sortino_ratio_2017_2018_2_0_bps": -1.309549141665108,
        "max_drawdown_2017_2018_2_0_bps": 0.011778954662817009,
        "calmar_ratio_2017_2018_2_0_bps": -0.7767164887954215,
        "perc_pos_return_2017_2018_2_0_bps": 0.45348837209302323,
        "profit_loss_ratio_2017_2018_2_0_bps": 1.0300630113424196,
        "sharpe_ratio_2017_2_0_bps": -0.971310130498617,
        "annual_return_2017_2018_2_5_bps": -0.015564614015254552,
        "annual_volatility_2017_2018_2_5_bps": 0.00956120609592295,
        "sharpe_ratio_2017_2018_2_5_bps": -1.6358807148149377,
        "downside_risk_2017_2018_2_5_bps": 0.007228257392470613,
        "sortino_ratio_2017_2018_2_5_bps": -2.163867694997133,
        "max_drawdown_2017_2018_2_5_bps": 0.017358480184678525,
        "calmar_ratio_2017_2018_2_5_bps": -0.8966576480003514,
        "perc_pos_return_2017_2018_2_5_bps": 0.43410852713178294,
        "profit_loss_ratio_2017_2018_2_5_bps": 0.9973236750037295,
        "sharpe_ratio_2017_2_5_bps": -1.6542095778540815,
        "annual_return_2017_2018_3_0_bps": -0.02193895119078082,
        "annual_volatility_2017_2018_3_0_bps": 0.009567246587094687,
        "sharpe_ratio_2017_2018_3_0_bps": -2.3137921640890267,
        "downside_risk_2017_2018_3_0_bps": 0.007478312059569816,
        "sortino_ratio_2017_2018_3_0_bps": -2.960109180894566,
        "max_drawdown_2017_2018_3_0_bps": 0.0229671943303538,
        "calmar_ratio_2017_2018_3_0_bps": -0.9552299194763185,
        "perc_pos_return_2017_2018_3_0_bps": 0.41472868217054265,
        "profit_loss_ratio_2017_2018_3_0_bps": 0.9670498607996248,
        "sharpe_ratio_2017_3_0_bps": -2.3362177162076683
    },
    "COMB": {
        "annual_return_2017_2018": 0.016932972522099687,
        "annual_volatility_2017_2018": 0.009545502383941475,
        "sharpe_ratio_2017_2018": 1.7638825356969072,
        "downside_risk_2017_2018": 0.006063250555219391,
        "sortino_ratio_2017_2018": 2.7769172321262134,
        "max_drawdown_2017_2018": 0.0072293882139515845,
        "calmar_ratio_2017_2018": 2.3422414208468854,
        "perc_pos_return_2017_2018": 0.5155038759689923,
        "profit_loss_ratio_2017_2018": 1.2600624826398743,
        "sharpe_ratio_2017": 1.7656362080429124,
        "annual_return_2017_2018_0_5_bps": 0.01034910202468442,
        "annual_volatility_2017_2018_0_5_bps": 0.009546706291233945,
        "sharpe_ratio_2017_2018_0_5_bps": 1.083255010845745,
        "downside_risk_2017_2018_0_5_bps": 0.006284167483913477,
        "sortino_ratio_2017_2018_0_5_bps": 1.6456463729721553,
        "max_drawdown_2017_2018_0_5_bps": 0.008022174096533073,
        "calmar_ratio_2017_2018_0_5_bps": 1.2900620081477627,
        "perc_pos_return_2017_2018_0_5_bps": 0.5,
        "profit_loss_ratio_2017_2018_0_5_bps": 1.1964500873477886,
        "sharpe_ratio_2017_0_5_bps": 1.0809559655496617,
        "annual_return_2017_2018_1_0_bps": 0.0038076797864154965,
        "annual_volatility_2017_2018_1_0_bps": 0.009548879424330409,
        "sharpe_ratio_2017_2018_1_0_bps": 0.4027582435292575,
        "downside_risk_2017_2018_1_0_bps": 0.006511352093764046,
        "sortino_ratio_2017_2018_1_0_bps": 0.5906438246979779,
        "max_drawdown_2017_2018_1_0_bps": 0.008814349482834476,
        "calmar_ratio_2017_2018_1_0_bps": 0.43198647771236787,
        "perc_pos_return_2017_2018_1_0_bps": 0.4806201550387597,
        "profit_loss_ratio_2017_2018_1_0_bps": 1.1549078345959993,
        "sharpe_ratio_2017_1_0_bps": 0.3964516124107999,
        "annual_return_2017_2018_1_5_bps": -0.0026915667269921117,
        "annual_volatility_2017_2018_1_5_bps": 0.00955202112171958,
        "sharpe_ratio_2017_2018_1_5_bps": -0.27740072850077546,
        "downside_risk_2017_2018_1_5_bps": 0.006744536939423376,
        "sortino_ratio_2017_2018_1_5_bps": -0.3928716888377432,
        "max_drawdown_2017_2018_1_5_bps": 0.009679227095216677,
        "calmar_ratio_2017_2018_1_5_bps": -0.2780766171218611,
        "perc_pos_return_2017_2018_1_5_bps": 0.46124031007751937,
        "profit_loss_ratio_2017_2018_1_5_bps": 1.1159618636680733,
        "sharpe_ratio_2017_1_5_bps": -0.2876968804161631,
        "annual_return_2017_2018_2_0_bps": -0.009148908307383685,
        "annual_volatility_2017_2018_2_0_bps": 0.009556130428118634,
        "sharpe_ratio_2017_2018_2_0_bps": -0.9570155209838519,
        "downside_risk_2017_2018_2_0_bps": 0.006983598285305389,
        "sortino_ratio_2017_2018_2_0_bps": -1.309549141665108,
        "max_drawdown_2017_2018_2_0_bps": 0.011778954662817009,
        "calmar_ratio_2017_2018_2_0_bps": -0.7767164887954215,
        "perc_pos_return_2017_2018_2_0_bps": 0.45348837209302323,
        "profit_loss_ratio_2017_2018_2_0_bps": 1.0300630113424196,
        "sharpe_ratio_2017_2_0_bps": -0.971310130498617,
        "annual_return_2017_2018_2_5_bps": -0.015564614015254552,
        "annual_volatility_2017_2018_2_5_bps": 0.00956120609592295,
        "sharpe_ratio_2017_2018_2_5_bps": -1.6358807148149377,
        "downside_risk_2017_2018_2_5_bps": 0.007228257392470613,
        "sortino_ratio_2017_2018_2_5_bps": -2.163867694997133,