{
    "ALL": {
        "performance_sw": 0.03550090751431379,
        "performance_fw": -0.03229962603901135,
        "val_loss": 3.473363162483617,
        "annual_return_2016_2017": 0.00030845607355556304,
        "annual_volatility_2016_2017": 0.010125363748498534,
        "sharpe_ratio_2016_2017": 0.03550090751431331,
        "downside_risk_2016_2017": 0.0068138762080585365,
        "sortino_ratio_2016_2017": 0.05275405525552499,
        "max_drawdown_2016_2017": 0.010908772834666208,
        "calmar_ratio_2016_2017": 0.028275964513198273,
        "perc_pos_return_2016_2017": 0.5019305019305019,
        "profit_loss_ratio_2016_2017": 0.9985328532401475,
        "sharpe_ratio_2016": 0.11787062933662261,
        "annual_return_2016_2017_0_5_bps": -0.0028939793365130306,
        "annual_volatility_2016_2017_0_5_bps": 0.010120021335283202,
        "sharpe_ratio_2016_2017_0_5_bps": -0.28133938672941344,
        "downside_risk_2016_2017_0_5_bps": 0.006919887016772169,
        "sortino_ratio_2016_2017_0_5_bps": -0.4114461102119604,
        "max_drawdown_2016_2017_0_5_bps": 0.012335188005250191,
        "calmar_ratio_2016_2017_0_5_bps": -0.2346116926050316,
        "perc_pos_return_2016_2017_0_5_bps": 0.4826254826254826,
        "profit_loss_ratio_2016_2017_0_5_bps": 1.0202003913962623,
        "sharpe_ratio_2016_0_5_bps": -0.19965880926853793,
        "annual_return_2016_2017_1_0_bps": -0.00608620588353781,
        "annual_volatility_2016_2017_1_0_bps": 0.01011497711519665,
        "sharpe_ratio_2016_2017_1_0_bps": -0.5984967366068867,
        "downside_risk_2016_2017_1_0_bps": 0.007027437645161967,
        "sortino_ratio_2016_2017_1_0_bps": -0.8614492365458775,
        "max_drawdown_2016_2017_1_0_bps": 0.01375956663054023,
        "calmar_ratio_2016_2017_1_0_bps": -0.44232540507700946,
        "perc_pos_return_2016_2017_1_0_bps": 0.4671814671814672,
        "profit_loss_ratio_2016_2017_1_0_bps": 1.026540412435329,
        "sharpe_ratio_2016_1_0_bps": -0.517495544987267,
        "annual_return_2016_2017_1_5_bps": -0.009268255972962103,
        "annual_volatility_2016_2017_1_5_bps": 0.010110231534564498,
        "sharpe_ratio_2016_2017_1_5_bps": -0.9159435133390157,
        "downside_risk_2016_2017_1_5_bps": 0.007136546656742003,
        "sortino_ratio_2016_2017_1_5_bps": -1.2976025293257871,
        "max_drawdown_2016_2017_1_5_bps": 0.01518191158888237,
        "calmar_ratio_2016_2017_1_5_bps": -0.6104801703462162,
        "perc_pos_return_2016_2017_1_5_bps": 0.4594594594594595,
        "profit_loss_ratio_2016_2017_1_5_bps": 1.0015840728329939,
        "sharpe_ratio_2016_1_5_bps": -0.8356132052518072,
        "annual_return_2016_2017_2_0_bps": -0.01244016190780095,
        "annual_volatility_2016_2017_2_0_bps": 0.010105785014101512,
        "sharpe_ratio_2016_2017_2_0_bps": -1.2336519303730424,
        "downside_risk_2016_2017_2_0_bps": 0.007247218627847739,
        "sortino_ratio_2016_2017_2_0_bps": -1.7202490818582796,
        "max_drawdown_2016_2017_2_0_bps": 0.016602225754589358,
        "calmar_ratio_2016_2017_2_0_bps": -0.7493068755773372,
        "perc_pos_return_2016_2017_2_0_bps": 0.444015444015444,
        "profit_loss_ratio_2016_2017_2_0_bps": 1.0084127537819325,
        "sharpe_ratio_2016_2_0_bps": -1.1539852723227717,
        "annual_return_2016_2017_2_5_bps": -0.015601955888972285,
        "annual_volatility_2016_2017_2_5_bps": 0.010101637948726969,
        "sharpe_ratio_2016_2017_2_5_bps": -1.5515940551698253,
        "downside_risk_2016_2017_2_5_bps": 0.007359465840191879,
        "sortino_ratio_2016_2017_2_5_bps": -2.1297254079399357,
        "max_drawdown_2016_2017_2_5_bps": 0.019026279005643763,
        "calmar_ratio_2016_2017_2_5_bps": -0.8200213969502013,
        "perc_pos_return_2016_2017_2_5_bps": 0.42857142857142855,
        "profit_loss_ratio_2016_2017_2_5_bps": 1.0159470485809547,
        "sharpe_ratio_2016_2_5_bps": -1.4725850940126666,
        "annual_return_2016_2017_3_0_bps": -0.018753670015615564,
        "annual_volatility_2016_2017_3_0_bps": 0.010097790707390834,
        "sharpe_ratio_2016_2017_3_0_bps": -1.8697418211535228,
        "downside_risk_2016_2017_3_0_bps": 0.007473323787432767,
        "sortino_ratio_2016_2017_3_0_bps": -2.5263540191599,
        "max_drawdown_2016_2017_3_0_bps": 0.021892736950217522,
        "calmar_ratio_2016_2017_3_0_bps": -0.8566160575655769,
        "perc_pos_return_2016_2017_3_0_bps": 0.416988416988417,
        "profit_loss_ratio_2016_2017_3_0_bps": 1.0081457023220424,
        "sharpe_ratio_2016_3_0_bps": -1.7913858945516354
    },
    "COMB": {
        "annual_return_2016_2017": 0.00030845607355556304,
        "annual_volatility_2016_2017": 0.010125363748498534,
        "sharpe_ratio_2016_2017": 0.03550090751431331,
        "downside_risk_2016_2017": 0.0068138762080585365,
        "sortino_ratio_2016_2017": 0.05275405525552499,
        "max_drawdown_2016_2017": 0.010908772834666208,
        "calmar_ratio_2016_2017": 0.028275964513198273,
        "perc_pos_return_2016_2017": 0.5019305019305019,
        "profit_loss_ratio_2016_2017": 0.9985328532401475,
        "sharpe_ratio_2016": 0.11787062933662261,
        "annual_return_2016_2017_0_5_bps": -0.0028939793365130306,
        "annual_volatility_2016_2017_0_5_bps": 0.010120021335283202,
        "sharpe_ratio_2016_2017_0_5_bps": -0.28133938672941344,
        "downside_risk_2016_2017_0_5_bps": 0.006919887016772169,
        "sortino_ratio_2016_2017_0_5_bps": -0.4114461102119604,
        "max_drawdown_2016_2017_0_5_bps": 0.012335188005250191,
        "calmar_ratio_2016_2017_0_5_bps": -0.2346116926050316,
        "perc_pos_return_2016_2017_0_5_bps": 0.4826254826254826,
        "profit_loss_ratio_2016_2017_0_5_bps": 1.0202003913962623,
        "sharpe_ratio_2016_0_5_bps": -0.19965880926853793,
        "annual_return_2016_2017_1_0_bps": -0.00608620588353781,
        "annual_volatility_2016_2017_1_0_bps": 0.01011497711519665,
        "sharpe_ratio_2016_2017_1_0_bps": -0.5984967366068867,
        "downside_risk_2016_2017_1_0_bps": 0.007027437645161967,
        "sortino_ratio_2016_2017_1_0_bps": -0.8614492365458775,
        "max_drawdown_2016_2017_1_0_bps": 0.01375956663054023,
        "calmar_ratio_2016_2017_1_0_bps": -0.44232540507700946,
        "perc_pos_return_2016_2017_1_0_bps": 0.4671814671814672,
        "profit_loss_ratio_2016_2017_1_0_bps": 1.026540412435329,
        "sharpe_ratio_2016_1_0_bps": -0.517495544987267,
        "annual_return_2016_2017_1_5_bps": -0.009268255972962103,
        "annual_volatility_2016_2017_1_5_bps": 0.010110231534564498,
        "sharpe_ratio_2016_2017_1_5_bps": -0.9159435133390157,
        "downside_risk_2016_2017_1_5_bps": 0.007136546656742003,
        "sortino_ratio_2016_2017_1_5_bps": -1.2976025293257871,
        "max_drawdown_2016_2017_1_5_bps": 0.01518191158888237,
        "calmar_ratio_2016_2017_1_5_bps": -0.6104801703462162,
        "perc_pos_return_2016_2017_1_5_bps": 0.4594594594594595,
        "profit_loss_ratio_2016_2017_1_5_bps": 1.0015840728329939,
        "sharpe_ratio_2016_1_5_bps": -0.8356132052518072,
        "annual_return_2016_2017_2_0_bps": -0.01244016190780095,
        "annual_volatility_2016_2017_2_0_bps": 0.010105785014101512,
        "sharpe_ratio_2016_2017_2_0_bps": -1.2336519303730424,
        "downside_risk_2016_2017_2_0_bps": 0.007247218627847739,
        "sortino_ratio_2016_2017_2_0_bps": -1.7202490818582796,
        "max_drawdown_2016_2017_2_0_bps": 0.016602225754589358,
        "calmar_ratio_2016_2017_2_0_bps": -0.7493068755773372,
        "perc_pos_return_2016_2017_2_0_bps": 0.444015444015444,
        "profit_loss_ratio_2016_2017_2_0_bps": 1.0084127537819325,
        "sharpe_ratio_2016_2_0_bps": -1.1539852723227717,
        "annual_return_2016_2017_2_5_bps": -0.015601955888972285,
        "annual_volatility_2016_2017_2_5_bps": 0.010101637948726969,
        "sharpe_ratio_2016_2017_2_5_bps": -1.5515940551698253,
        "downside_risk_2016_2017_2_5_bps": 0.007359465840191879,