{
    "ALL": {
        "annual_return_2021_2022": 0.1414562633821057,
        "annual_volatility_2021_2022": 0.08464562865910119,
        "sharpe_ratio_2021_2022": 1.6056640615774123,
        "downside_risk_2021_2022": 0.06347810399554493,
        "sortino_ratio_2021_2022": 2.141091736405431,
        "max_drawdown_2021_2022": 0.07534632433933776,
        "calmar_ratio_2021_2022": 1.877414255074052,
        "perc_pos_return_2021_2022": 0.6,
        "profit_loss_ratio_2021_2022": 0.8372769053510916,
        "sharpe_ratio_2021": 1.3341618720643078,
        "annual_return_2021_2022_0_5_bps": 0.14133652548751985,
        "annual_volatility_2021_2022_0_5_bps": 0.08464505917201771,
        "sharpe_ratio_2021_2022_0_5_bps": 1.6044345079393902,
        "downside_risk_2021_2022_0_5_bps": 0.06348006061058489,
        "sortino_ratio_2021_2022_0_5_bps": 2.1393718366978343,
        "max_drawdown_2021_2022_0_5_bps": 0.07535766796469522,
        "calmar_ratio_2021_2022_0_5_bps": 1.8755427192059007,
        "perc_pos_return_2021_2022_0_5_bps": 0.6,
        "profit_loss_ratio_2021_2022_0_5_bps": 0.8371330143585909,
        "sharpe_ratio_2021_0_5_bps": 1.3331402239980896,
        "annual_return_2021_2022_1_0_bps": 0.14121680009609583,
        "annual_volatility_2021_2022_1_0_bps": 0.08464448991901972,
        "sharpe_ratio_2021_2022_1_0_bps": 1.6032049333228406,
        "downside_risk_2021_2022_1_0_bps": 0.06348201743358975,
        "sortino_ratio_2021_2022_1_0_bps": 2.1376520360073608,
        "max_drawdown_2021_2022_1_0_bps": 0.07536901145400285,
        "calmar_ratio_2021_2022_1_0_bps": 1.8736719159741055,
        "perc_pos_return_2021_2022_1_0_bps": 0.6,
        "profit_loss_ratio_2021_2022_1_0_bps": 0.8369891437862281,
        "sharpe_ratio_2021_1_0_bps": 1.3321185585006088,
        "annual_return_2021_2022_1_5_bps": 0.14109708720653336,
        "annual_volatility_2021_2022_1_5_bps": 0.08464392090011195,
        "sharpe_ratio_2021_2022_1_5_bps": 1.6019753377374506,
        "downside_risk_2021_2022_1_5_bps": 0.0634839744645403,
        "sortino_ratio_2021_2022_1_5_bps": 2.135932334342401,
        "max_drawdown_2021_2022_1_5_bps": 0.07538035480726052,
        "calmar_ratio_2021_2022_1_5_bps": 1.8718018450205425,
        "perc_pos_return_2021_2022_1_5_bps": 0.6,
        "profit_loss_ratio_2021_2022_1_5_bps": 0.8368452936296561,
        "sharpe_ratio_2021_1_5_bps": 1.3310968755799146,
        "annual_return_2021_2022_2_0_bps": 0.14097738681753036,
        "annual_volatility_2021_2022_2_0_bps": 0.0846433521152991,
        "sharpe_ratio_2021_2022_2_0_bps": 1.6007457211929104,
        "downside_risk_2021_2022_2_0_bps": 0.06348593170341726,
        "sortino_ratio_2021_2022_2_0_bps": 2.134212731711343,
        "max_drawdown_2021_2022_2_0_bps": 0.07539169802447013,
        "calmar_ratio_2021_2022_2_0_bps": 1.8699325059872358,
        "perc_pos_return_2021_2022_2_0_bps": 0.6,
        "profit_loss_ratio_2021_2022_2_0_bps": 0.8367014638845301,
        "sharpe_ratio_2021_2_0_bps": 1.330075175244059,
        "annual_return_2021_2022_2_5_bps": 0.14085769892778677,
        "annual_volatility_2021_2022_2_5_bps": 0.0846427835645859,
        "sharpe_ratio_2021_2022_2_5_bps": 1.5995160836989104,
        "downside_risk_2021_2022_2_5_bps": 0.06348788915020145,
        "sortino_ratio_2021_2022_2_5_bps": 2.1324932281225695,
        "max_drawdown_2021_2022_2_5_bps": 0.07540304110563645,
        "calmar_ratio_2021_2022_2_5_bps": 1.868063898516389,
        "perc_pos_return_2021_2022_2_5_bps": 0.6,
        "profit_loss_ratio_2021_2022_2_5_bps": 0.8365576545465061,
        "sharpe_ratio_2021_2_5_bps": 1.3290534575010937,
        "annual_return_2021_2022_3_0_bps": 0.1407380235360074,
        "annual_volatility_2021_2022_3_0_bps": 0.08464221524797708,
        "sharpe_ratio_2021_2022_3_0_bps": 1.598286425265142,
        "downside_risk_2021_2022_3_0_bps": 0.06348984680487363,
        "sortino_ratio_2021_2022_3_0_bps": 2.1307738235844567,
        "max_drawdown_2021_2022_3_0_bps": 0.07541438405075686,
        "calmar_ratio_2021_2022_3_0_bps": 1.8661960222506777,
        "perc_pos_return_2021_2022_3_0_bps": 0.6,
        "profit_loss_ratio_2021_2022_3_0_bps": 0.8364138656112408,
        "sharpe_ratio_2021_3_0_bps": 1.3280317223590712
    },
    "COMB": {
        "annual_return_2021_2022": 0.1414562633821057,
        "annual_volatility_2021_2022": 0.08464562865910119,
        "sharpe_ratio_2021_2022": 1.6056640615774123,
        "downside_risk_2021_2022": 0.06347810399554493,
        "sortino_ratio_2021_2022": 2.141091736405431,
        "max_drawdown_2021_2022": 0.07534632433933776,
        "calmar_ratio_2021_2022": 1.877414255074052,
        "perc_pos_return_2021_2022": 0.6,
        "profit_loss_ratio_2021_2022": 0.8372769053510916,
        "sharpe_ratio_2021": 1.3341618720643078,
        "annual_return_2021_2022_0_5_bps": 0.14133652548751985,
        "annual_volatility_2021_2022_0_5_bps": 0.08464505917201771,
        "sharpe_ratio_2021_2022_0_5_bps": 1.6044345079393902,
        "downside_risk_2021_2022_0_5_bps": 0.06348006061058489,
        "sortino_ratio_2021_2022_0_5_bps": 2.1393718366978343,
        "max_drawdown_2021_2022_0_5_bps": 0.07535766796469522,
        "calmar_ratio_2021_2022_0_5_bps": 1.8755427192059007,
        "perc_pos_return_2021_2022_0_5_bps": 0.6,
        "profit_loss_ratio_2021_2022_0_5_bps": 0.8371330143585909,
        "sharpe_ratio_2021_0_5_bps": 1.3331402239980896,
        "annual_return_2021_2022_1_0_bps": 0.14121680009609583,
        "annual_volatility_2021_2022_1_0_bps": 0.08464448991901972,
        "sharpe_ratio_2021_2022_1_0_bps": 1.6032049333228406,
        "downside_risk_2021_2022_1_0_bps": 0.06348201743358975,
        "sortino_ratio_2021_2022_1_0_bps": 2.1376520360073608,
        "max_drawdown_2021_2022_1_0_bps": 0.07536901145400285,
        "calmar_ratio_2021_2022_1_0_bps": 1.8736719159741055,
        "perc_pos_return_2021_2022_1_0_bps": 0.6,
        "profit_loss_ratio_2021_2022_1_0_bps": 0.8369891437862281,
        "sharpe_ratio_2021_1_0_bps": 1.3321185585006088,
        "annual_return_2021_2022_1_5_bps": 0.14109708720653336,
        "annual_volatility_2021_2022_1_5_bps": 0.08464392090011195,
        "sharpe_ratio_2021_2022_1_5_bps": 1.6019753377374506,
        "downside_risk_2021_2022_1_5_bps": 0.0634839744645403,
        "sortino_ratio_2021_2022_1_5_bps": 2.135932334342401,
        "max_drawdown_2021_2022_1_5_bps": 0.07538035480726052,
        "calmar_ratio_2021_2022_1_5_bps": 1.8718018450205425,
        "perc_pos_return_2021_2022_1_5_bps": 0.6,
        "profit_loss_ratio_2021_2022_1_5_bps": 0.8368452936296561,
        "sharpe_ratio_2021_1_5_bps": 1.3310968755799146,
        "annual_return_2021_2022_2_0_bps": 0.14097738681753036,
        "annual_volatility_2021_2022_2_0_bps": 0.0846433521152991,
        "sharpe_ratio_2021_2022_2_0_bps": 1.6007457211929104,
        "downside_risk_2021_2022_2_0_bps": 0.06348593170341726,
        "sortino_ratio_2021_2022_2_0_bps": 2.134212731711343,
        "max_drawdown_2021_2022_2_0_bps": 0.07539169802447013,
        "calmar_ratio_2021_2022_2_0_bps": 1.8699325059872358,
        "perc_pos_return_2021_2022_2_0_bps": 0.6,
        "profit_loss_ratio_2021_2022_2_0_bps": 0.8367014638845301,
        "sharpe_ratio_2021_2_0_bps": 1.330075175244059,
        "annual_return_2021_2022_2_5_bps": 0.14085769892778677,
        "annual_volatility_2021_2022_2_5_bps": 0.0846427835645859,
        "sharpe_ratio_2021_2022_2_5_bps": 1.5995160836989104,
        "downside_risk_2021_2022_2_5_bps": 0.06348788915020145,
        "sortino_ratio_2021_2022_2_5_bps": 2.1324932281225695,
        "max_drawdown_2021_2022_2_5_bps": 0.07540304110563645,
        "calmar_ratio_2021_2022_2_5_bps": 1.868063898516389,
        "perc_pos_return_2021_2022_2_5_bps": 0.6,
        "profit_loss_ratio_2021_2022_2_5_bps": 0.8365576545465061,
        "sharpe_ratio_2021_2_5_bps": 1.3290534575010937,
        "annual_return_2021_2022_3_0_bps": 0.1407380235360074,