{
    "ALL": {
        "performance_sw": 0.2286028950140797,
        "performance_fw": 0.17217816959143098,
        "val_loss": 2.119334940022797,
        "annual_return_2021_2022": 0.014429613812564579,
        "annual_volatility_2021_2022": 0.05821340635327763,
        "sharpe_ratio_2021_2022": 0.27512362673707785,
        "downside_risk_2021_2022": 0.03937418201189547,
        "sortino_ratio_2021_2022": 0.406761046509979,
        "max_drawdown_2021_2022": 0.03379425228022825,
        "calmar_ratio_2021_2022": 0.4269842603088693,
        "perc_pos_return_2021_2022": 0.4684931506849315,
        "profit_loss_ratio_2021_2022": 1.1848064372088571,
        "sharpe_ratio_2021": 0.22860289501407952,
        "annual_return_2021_2022_0_5_bps": 0.014090032524019414,
        "annual_volatility_2021_2022_0_5_bps": 0.05821353001855692,
        "sharpe_ratio_2021_2022_0_5_bps": 0.2693715997586503,
        "downside_risk_2021_2022_0_5_bps": 0.039382076920157355,
        "sortino_ratio_2021_2022_0_5_bps": 0.3981778751915107,
        "max_drawdown_2021_2022_0_5_bps": 0.03383536609650337,
        "calmar_ratio_2021_2022_0_5_bps": 0.41642914351310983,
        "perc_pos_return_2021_2022_0_5_bps": 0.4684931506849315,
        "profit_loss_ratio_2021_2022_0_5_bps": 1.183729887881763,
        "sharpe_ratio_2021_0_5_bps": 0.22382347990145368,
        "annual_return_2021_2022_1_0_bps": 0.013750564401268983,
        "annual_volatility_2021_2022_1_0_bps": 0.058213657047665845,
        "sharpe_ratio_2021_2022_1_0_bps": 0.26361958198563523,
        "downside_risk_2021_2022_1_0_bps": 0.03938997744083935,
        "sortino_ratio_2021_2022_1_0_bps": 0.3895980890014389,
        "max_drawdown_2021_2022_1_0_bps": 0.033876478220828996,
        "calmar_ratio_2021_2022_1_0_bps": 0.40590300773397486,
        "perc_pos_return_2021_2022_1_0_bps": 0.4684931506849315,
        "profit_loss_ratio_2021_2022_1_0_bps": 1.1826544289462577,
        "sharpe_ratio_2021_1_0_bps": 0.21904407243769444,
        "annual_return_2021_2022_1_5_bps": 0.013411209406781088,
        "annual_volatility_2021_2022_1_5_bps": 0.058213787440582414,
        "sharpe_ratio_2021_2022_1_5_bps": 0.2578675744151948,
        "downside_risk_2021_2022_1_5_bps": 0.039397883570565055,
        "sortino_ratio_2021_2022_1_5_bps": 0.3810216896026383,
        "max_drawdown_2021_2022_1_5_bps": 0.033917588653272226,
        "calmar_ratio_2021_2022_1_5_bps": 0.39540574490360275,
        "perc_pos_return_2021_2022_1_5_bps": 0.4684931506849315,
        "profit_loss_ratio_2021_2022_1_5_bps": 1.1815800587465621,
        "sharpe_ratio_2021_1_5_bps": 0.21426467345135375,
        "annual_return_2021_2022_2_0_bps": 0.013071967503019755,
        "annual_volatility_2021_2022_2_0_bps": 0.058213921197283997,
        "sharpe_ratio_2021_2022_2_0_bps": 0.2521155780444722,
        "downside_risk_2021_2022_2_0_bps": 0.039405795305958384,
        "sortino_ratio_2021_2022_2_0_bps": 0.37244867865081305,
        "max_drawdown_2021_2022_2_0_bps": 0.03395869739389955,
        "calmar_ratio_2021_2022_2_0_bps": 0.3849372474860607,
        "perc_pos_return_2021_2022_2_0_bps": 0.4684931506849315,
        "profit_loss_ratio_2021_2022_2_0_bps": 1.1805067756302476,
        "sharpe_ratio_2021_2_0_bps": 0.20948528377096734,
        "annual_return_2021_2022_2_5_bps": 0.012732838652463219,
        "annual_volatility_2021_2022_2_5_bps": 0.058214058317747425,
        "sharpe_ratio_2021_2022_2_5_bps": 0.2463635938705923,
        "downside_risk_2021_2022_2_5_bps": 0.03941371264364355,
        "sortino_ratio_2021_2022_2_5_bps": 0.363879057794508,
        "max_drawdown_2021_2022_2_5_bps": 0.03399980444277898,
        "calmar_ratio_2021_2022_2_5_bps": 0.37449740847457935,
        "perc_pos_return_2021_2022_2_5_bps": 0.4684931506849315,
        "profit_loss_ratio_2021_2022_2_5_bps": 1.1794345779482278,
        "sharpe_ratio_2021_2_5_bps": 0.20470590422505608,
        "annual_return_2021_2022_3_0_bps": 0.012393822817608369,
        "annual_volatility_2021_2022_3_0_bps": 0.05821419880194892,
        "sharpe_ratio_2021_2022_3_0_bps": 0.2406116228906595,
        "downside_risk_2021_2022_3_0_bps": 0.03942163558024514,
        "sortino_ratio_2021_2022_3_0_bps": 0.3553128286751139,
        "max_drawdown_2021_2022_3_0_bps": 0.03404090979997681,
        "calmar_ratio_2021_2022_3_0_bps": 0.3640861213884716,
        "perc_pos_return_2021_2022_3_0_bps": 0.4684931506849315,
        "profit_loss_ratio_2021_2022_3_0_bps": 1.1783634640547505,
        "sharpe_ratio_2021_3_0_bps": 0.19992653564212365
    },
    "COMB": {
        "annual_return_2021_2022": 0.014429613812564579,
        "annual_volatility_2021_2022": 0.05821340635327763,
        "sharpe_ratio_2021_2022": 0.27512362673707785,
        "downside_risk_2021_2022": 0.03937418201189547,
        "sortino_ratio_2021_2022": 0.406761046509979,
        "max_drawdown_2021_2022": 0.03379425228022825,
        "calmar_ratio_2021_2022": 0.4269842603088693,
        "perc_pos_return_2021_2022": 0.4684931506849315,
        "profit_loss_ratio_2021_2022": 1.1848064372088571,
        "sharpe_ratio_2021": 0.22860289501407952,
        "annual_return_2021_2022_0_5_bps": 0.014090032524019414,
        "annual_volatility_2021_2022_0_5_bps": 0.05821353001855692,
        "sharpe_ratio_2021_2022_0_5_bps": 0.2693715997586503,
        "downside_risk_2021_2022_0_5_bps": 0.039382076920157355,
        "sortino_ratio_2021_2022_0_5_bps": 0.3981778751915107,
        "max_drawdown_2021_2022_0_5_bps": 0.03383536609650337,
        "calmar_ratio_2021_2022_0_5_bps": 0.41642914351310983,
        "perc_pos_return_2021_2022_0_5_bps": 0.4684931506849315,
        "profit_loss_ratio_2021_2022_0_5_bps": 1.183729887881763,
        "sharpe_ratio_2021_0_5_bps": 0.22382347990145368,
        "annual_return_2021_2022_1_0_bps": 0.013750564401268983,
        "annual_volatility_2021_2022_1_0_bps": 0.058213657047665845,
        "sharpe_ratio_2021_2022_1_0_bps": 0.26361958198563523,
        "downside_risk_2021_2022_1_0_bps": 0.03938997744083935,
        "sortino_ratio_2021_2022_1_0_bps": 0.3895980890014389,
        "max_drawdown_2021_2022_1_0_bps": 0.033876478220828996,
        "calmar_ratio_2021_2022_1_0_bps": 0.40590300773397486,
        "perc_pos_return_2021_2022_1_0_bps": 0.4684931506849315,
        "profit_loss_ratio_2021_2022_1_0_bps": 1.1826544289462577,
        "sharpe_ratio_2021_1_0_bps": 0.21904407243769444,
        "annual_return_2021_2022_1_5_bps": 0.013411209406781088,
        "annual_volatility_2021_2022_1_5_bps": 0.058213787440582414,
        "sharpe_ratio_2021_2022_1_5_bps": 0.2578675744151948,
        "downside_risk_2021_2022_1_5_bps": 0.039397883570565055,
        "sortino_ratio_2021_2022_1_5_bps": 0.3810216896026383,
        "max_drawdown_2021_2022_1_5_bps": 0.033917588653272226,
        "calmar_ratio_2021_2022_1_5_bps": 0.39540574490360275,
        "perc_pos_return_2021_2022_1_5_bps": 0.4684931506849315,
        "profit_loss_ratio_2021_2022_1_5_bps": 1.1815800587465621,
        "sharpe_ratio_2021_1_5_bps": 0.21426467345135375,
        "annual_return_2021_2022_2_0_bps": 0.013071967503019755,
        "annual_volatility_2021_2022_2_0_bps": 0.058213921197283997,
        "sharpe_ratio_2021_2022_2_0_bps": 0.2521155780444722,
        "downside_risk_2021_2022_2_0_bps": 0.039405795305958384,
        "sortino_ratio_2021_2022_2_0_bps": 0.37244867865081305,
        "max_drawdown_2021_2022_2_0_bps": 0.03395869739389955,
        "calmar_ratio_2021_2022_2_0_bps": 0.3849372474860607,
        "perc_pos_return_2021_2022_2_0_bps": 0.4684931506849315,
        "profit_loss_ratio_2021_2022_2_0_bps": 1.1805067756302476,
        "sharpe_ratio_2021_2_0_bps": 0.20948528377096734,
        "annual_return_2021_2022_2_5_bps": 0.012732838652463219,
        "annual_volatility_2021_2022_2_5_bps": 0.058214058317747425,
        "sharpe_ratio_2021_2022_2_5_bps": 0.2463635938705923,
        "downside_risk_2021_2022_2_5_bps": 0.03941371264364355,
        "sortino_ratio_2021_2022_2_5_bps": 0.363879057794508,