{
    "ALL": {
        "performance_sw": 1.0224982634749442,
        "performance_fw": 0.33683958847065293,
        "val_loss": 1.9797740697741908,
        "annual_return_2016_2017": 0.0084371189822523,
        "annual_volatility_2016_2017": 0.008250147041758452,
        "sharpe_ratio_2016_2017": 1.0224982634749442,
        "downside_risk_2016_2017": 0.005391287928855467,
        "sortino_ratio_2016_2017": 1.5647023744476243,
        "max_drawdown_2016_2017": 0.004717852166210903,
        "calmar_ratio_2016_2017": 1.7883389909244423,
        "perc_pos_return_2016_2017": 0.528957528957529,
        "profit_loss_ratio_2016_2017": 1.063873928982179,
        "sharpe_ratio_2016": 1.1294807108445628,
        "annual_return_2016_2017_0_5_bps": 0.003993353398516586,
        "annual_volatility_2016_2017_0_5_bps": 0.0082457289952927,
        "sharpe_ratio_2016_2017_0_5_bps": 0.4874393330243604,
        "downside_risk_2016_2017_0_5_bps": 0.005538270398175354,
        "sortino_ratio_2016_2017_0_5_bps": 0.7257306618848556,
        "max_drawdown_2016_2017_0_5_bps": 0.006008351689102156,
        "calmar_ratio_2016_2017_0_5_bps": 0.6646337639921547,
        "perc_pos_return_2016_2017_0_5_bps": 0.5135135135135135,
        "profit_loss_ratio_2016_2017_0_5_bps": 1.0311765974081712,
        "sharpe_ratio_2016_0_5_bps": 0.5930931914136751,
        "annual_return_2016_2017_1_0_bps": -0.0004309138017423164,
        "annual_volatility_2016_2017_1_0_bps": 0.008242051063906077,
        "sharpe_ratio_2016_2017_1_0_bps": -0.048188944353922784,
        "downside_risk_2016_2017_1_0_bps": 0.0056885905855241425,
        "sortino_ratio_2016_2017_1_0_bps": -0.06981970913699785,
        "max_drawdown_2016_2017_1_0_bps": 0.007709855711532015,
        "calmar_ratio_2016_2017_1_0_bps": -0.055891292634410415,
        "perc_pos_return_2016_2017_1_0_bps": 0.4942084942084942,
        "profit_loss_ratio_2016_2017_1_0_bps": 1.0149001888354021,
        "sharpe_ratio_2016_1_0_bps": 0.05584503484204012,
        "annual_return_2016_2017_1_5_bps": -0.004835767807662927,
        "annual_volatility_2016_2017_1_5_bps": 0.008239114238758272,
        "sharpe_ratio_2016_2017_1_5_bps": -0.5842429152496001,
        "downside_risk_2016_2017_1_5_bps": 0.005842250780172645,
        "sortino_ratio_2016_2017_1_5_bps": -0.8239365790772121,
        "max_drawdown_2016_2017_1_5_bps": 0.00949978271160826,
        "calmar_ratio_2016_2017_1_5_bps": -0.509039833274698,
        "perc_pos_return_2016_2017_1_5_bps": 0.4826254826254826,
        "profit_loss_ratio_2016_2017_1_5_bps": 0.9685362307486924,
        "sharpe_ratio_2016_1_5_bps": -0.4821150426047462,
        "annual_return_2016_2017_2_0_bps": -0.009221293437776223,
        "annual_volatility_2016_2017_2_0_bps": 0.00823691931256054,
        "sharpe_ratio_2016_2017_2_0_bps": -1.120578234838044,
        "downside_risk_2016_2017_2_0_bps": 0.005999318459652938,
        "sortino_ratio_2016_2017_2_0_bps": -1.5385268453154342,
        "max_drawdown_2016_2017_2_0_bps": 0.012183860537161811,
        "calmar_ratio_2016_2017_2_0_bps": -0.7568449597441217,
        "perc_pos_return_2016_2017_2_0_bps": 0.4594594594594595,
        "profit_loss_ratio_2016_2017_2_0_bps": 0.9686585289187211,
        "sharpe_ratio_2016_2_0_bps": -1.020637135385787,
        "annual_return_2016_2017_2_5_bps": -0.013587575141638664,
        "annual_volatility_2016_2017_2_5_bps": 0.008235466878508213,
        "sharpe_ratio_2016_2017_2_5_bps": -1.65705006005565,
        "downside_risk_2016_2017_2_5_bps": 0.006159869190962843,
        "sortino_ratio_2016_2017_2_5_bps": -2.215401084432,
        "max_drawdown_2016_2017_2_5_bps": 0.01643059262298727,
        "calmar_ratio_2016_2017_2_5_bps": -0.8269680499916312,
        "perc_pos_return_2016_2017_2_5_bps": 0.44787644787644787,
        "profit_loss_ratio_2016_2017_2_5_bps": 0.9252333504717196,
        "sharpe_ratio_2016_2_5_bps": -1.5595703540944894,
        "annual_return_2016_2017_3_0_bps": -0.01793469700140804,
        "annual_volatility_2016_2017_3_0_bps": 0.008234757329480223,
        "sharpe_ratio_2016_2017_3_0_bps": -2.193513244500715,
        "downside_risk_2016_2017_3_0_bps": 0.00632382248124818,
        "sortino_ratio_2016_2017_3_0_bps": -2.8563498297154872,
        "max_drawdown_2016_2017_3_0_bps": 0.020662241284638,
        "calmar_ratio_2016_2017_3_0_bps": -0.8679937841371624,
        "perc_pos_return_2016_2017_3_0_bps": 0.44015444015444016,
        "profit_loss_ratio_2016_2017_3_0_bps": 0.8703204433775661,
        "sharpe_ratio_2016_3_0_bps": -2.098763034344389
    },
    "COMB": {
        "annual_return_2016_2017": 0.0084371189822523,
        "annual_volatility_2016_2017": 0.008250147041758452,
        "sharpe_ratio_2016_2017": 1.0224982634749442,
        "downside_risk_2016_2017": 0.005391287928855467,
        "sortino_ratio_2016_2017": 1.5647023744476243,
        "max_drawdown_2016_2017": 0.004717852166210903,
        "calmar_ratio_2016_2017": 1.7883389909244423,
        "perc_pos_return_2016_2017": 0.528957528957529,
        "profit_loss_ratio_2016_2017": 1.063873928982179,
        "sharpe_ratio_2016": 1.1294807108445628,
        "annual_return_2016_2017_0_5_bps": 0.003993353398516586,
        "annual_volatility_2016_2017_0_5_bps": 0.0082457289952927,
        "sharpe_ratio_2016_2017_0_5_bps": 0.4874393330243604,
        "downside_risk_2016_2017_0_5_bps": 0.005538270398175354,
        "sortino_ratio_2016_2017_0_5_bps": 0.7257306618848556,
        "max_drawdown_2016_2017_0_5_bps": 0.006008351689102156,
        "calmar_ratio_2016_2017_0_5_bps": 0.6646337639921547,
        "perc_pos_return_2016_2017_0_5_bps": 0.5135135135135135,
        "profit_loss_ratio_2016_2017_0_5_bps": 1.0311765974081712,
        "sharpe_ratio_2016_0_5_bps": 0.5930931914136751,
        "annual_return_2016_2017_1_0_bps": -0.0004309138017423164,
        "annual_volatility_2016_2017_1_0_bps": 0.008242051063906077,
        "sharpe_ratio_2016_2017_1_0_bps": -0.048188944353922784,
        "downside_risk_2016_2017_1_0_bps": 0.0056885905855241425,
        "sortino_ratio_2016_2017_1_0_bps": -0.06981970913699785,
        "max_drawdown_2016_2017_1_0_bps": 0.007709855711532015,
        "calmar_ratio_2016_2017_1_0_bps": -0.055891292634410415,
        "perc_pos_return_2016_2017_1_0_bps": 0.4942084942084942,
        "profit_loss_ratio_2016_2017_1_0_bps": 1.0149001888354021,
        "sharpe_ratio_2016_1_0_bps": 0.05584503484204012,
        "annual_return_2016_2017_1_5_bps": -0.004835767807662927,
        "annual_volatility_2016_2017_1_5_bps": 0.008239114238758272,
        "sharpe_ratio_2016_2017_1_5_bps": -0.5842429152496001,
        "downside_risk_2016_2017_1_5_bps": 0.005842250780172645,
        "sortino_ratio_2016_2017_1_5_bps": -0.8239365790772121,
        "max_drawdown_2016_2017_1_5_bps": 0.00949978271160826,
        "calmar_ratio_2016_2017_1_5_bps": -0.509039833274698,
        "perc_pos_return_2016_2017_1_5_bps": 0.4826254826254826,
        "profit_loss_ratio_2016_2017_1_5_bps": 0.9685362307486924,
        "sharpe_ratio_2016_1_5_bps": -0.4821150426047462,
        "annual_return_2016_2017_2_0_bps": -0.009221293437776223,
        "annual_volatility_2016_2017_2_0_bps": 0.00823691931256054,
        "sharpe_ratio_2016_2017_2_0_bps": -1.120578234838044,
        "downside_risk_2016_2017_2_0_bps": 0.005999318459652938,
        "sortino_ratio_2016_2017_2_0_bps": -1.5385268453154342,
        "max_drawdown_2016_2017_2_0_bps": 0.012183860537161811,
        "calmar_ratio_2016_2017_2_0_bps": -0.7568449597441217,
        "perc_pos_return_2016_2017_2_0_bps": 0.4594594594594595,
        "profit_loss_ratio_2016_2017_2_0_bps": 0.9686585289187211,
        "sharpe_ratio_2016_2_0_bps": -1.020637135385787,
        "annual_return_2016_2017_2_5_bps": -0.013587575141638664,
        "annual_volatility_2016_2017_2_5_bps": 0.008235466878508213,
        "sharpe_ratio_2016_2017_2_5_bps": -1.65705006005565,
        "downside_risk_2016_2017_2_5_bps": 0.006159869190962843,