{
    "ALL": {
        "performance_sw": 0.5766855544211096,
        "performance_fw": 0.34852002382155667,
        "val_loss": 2.636231441958086,
        "annual_return_2017_2018": 0.008709991367359837,
        "annual_volatility_2017_2018": 0.015238939075329081,
        "sharpe_ratio_2017_2018": 0.5766855544211099,
        "downside_risk_2017_2018": 0.010294203550074807,
        "sortino_ratio_2017_2018": 0.853691690347604,
        "max_drawdown_2017_2018": 0.013762658146306199,
        "calmar_ratio_2017_2018": 0.6328713010791115,
        "perc_pos_return_2017_2018": 0.5,
        "profit_loss_ratio_2017_2018": 1.0977756193365025,
        "sharpe_ratio_2017": 0.6146645929067655,
        "annual_return_2017_2018_0_5_bps": -0.0020900794153413393,
        "annual_volatility_2017_2018_0_5_bps": 0.015256125683062328,
        "sharpe_ratio_2017_2018_0_5_bps": -0.12954426255015603,
        "downside_risk_2017_2018_0_5_bps": 0.010683455299840184,
        "sortino_ratio_2017_2018_0_5_bps": -0.18499104414415146,
        "max_drawdown_2017_2018_0_5_bps": 0.018466881358020753,
        "calmar_ratio_2017_2018_0_5_bps": -0.11317987996027015,
        "perc_pos_return_2017_2018_0_5_bps": 0.47674418604651164,
        "profit_loss_ratio_2017_2018_0_5_bps": 1.0748432444994829,
        "sharpe_ratio_2017_0_5_bps": -0.07988901403736587,
        "annual_return_2017_2018_1_0_bps": -0.012775003455792078,
        "annual_volatility_2017_2018_1_0_bps": 0.015275530317228078,
        "sharpe_ratio_2017_2018_1_0_bps": -0.8340635556885356,
        "downside_risk_2017_2018_1_0_bps": 0.011083253874183735,
        "sortino_ratio_2017_2018_1_0_bps": -1.149550779585802,
        "max_drawdown_2017_2018_1_0_bps": 0.02709608731942771,
        "calmar_ratio_2017_2018_1_0_bps": -0.47147041213705,
        "perc_pos_return_2017_2018_1_0_bps": 0.45348837209302323,
        "profit_loss_ratio_2017_2018_1_0_bps": 1.0536113643255132,
        "sharpe_ratio_2017_1_0_bps": -0.7733804665363213,
        "annual_return_2017_2018_1_5_bps": -0.023346003213409183,
        "annual_volatility_2017_2018_1_5_bps": 0.015297144537039321,
        "sharpe_ratio_2017_2018_1_5_bps": -1.5365732248219337,
        "downside_risk_2017_2018_1_5_bps": 0.011493462982089767,
        "sortino_ratio_2017_2018_1_5_bps": -2.045091435755594,
        "max_drawdown_2017_2018_1_5_bps": 0.03564983463303545,
        "calmar_ratio_2017_2018_1_5_bps": -0.6548698880015354,
        "perc_pos_return_2017_2018_1_5_bps": 0.437984496124031,
        "profit_loss_ratio_2017_2018_1_5_bps": 1.0023309378270242,
        "sharpe_ratio_2017_1_5_bps": -1.4655406858175317,
        "annual_return_2017_2018_2_0_bps": -0.03380428822446668,
        "annual_volatility_2017_2018_2_0_bps": 0.01532095899090352,
        "sharpe_ratio_2017_2018_2_0_bps": -2.236779193301348,
        "downside_risk_2017_2018_2_0_bps": 0.011913643206516448,
        "sortino_ratio_2017_2018_2_0_bps": -2.876500638657002,
        "max_drawdown_2017_2018_2_0_bps": 0.044170453114911516,
        "calmar_ratio_2017_2018_2_0_bps": -0.765314499639006,
        "perc_pos_return_2017_2018_2_0_bps": 0.43023255813953487,
        "profit_loss_ratio_2017_2018_2_0_bps": 0.9247105707500644,
        "sharpe_ratio_2017_2_0_bps": -2.1561035881502097,
        "annual_return_2017_2018_2_5_bps": -0.044151055238152215,
        "annual_volatility_2017_2018_2_5_bps": 0.015346963436269095,
        "sharpe_ratio_2017_2018_2_5_bps": -2.934392986581234,
        "downside_risk_2017_2018_2_5_bps": 0.012343191481910187,
        "sortino_ratio_2017_2018_2_5_bps": -3.648490905995195,
        "max_drawdown_2017_2018_2_5_bps": 0.05264537749596118,
        "calmar_ratio_2017_2018_2_5_bps": -0.8386501785753055,
        "perc_pos_return_2017_2018_2_5_bps": 0.4108527131782946,
        "profit_loss_ratio_2017_2018_2_5_bps": 0.8954476297351484,
        "sharpe_ratio_2017_2_5_bps": -2.8448065812847876,
        "annual_return_2017_2018_3_0_bps": -0.05438748835114138,
        "annual_volatility_2017_2018_3_0_bps": 0.015375146761145772,
        "sharpe_ratio_2017_2018_3_0_bps": -3.6291322821154646,
        "downside_risk_2017_2018_3_0_bps": 0.012782033498756321,
        "sortino_ratio_2017_2018_3_0_bps": -4.365380630442432,
        "max_drawdown_2017_2018_3_0_bps": 0.06118950161251842,
        "calmar_ratio_2017_2018_3_0_bps": -0.8888369232936283,
        "perc_pos_return_2017_2018_3_0_bps": 0.39147286821705424,
        "profit_loss_ratio_2017_2018_3_0_bps": 0.8687439544576105,
        "sharpe_ratio_2017_3_0_bps": -3.5313910445273593
    },
    "COMB": {
        "annual_return_2017_2018": 0.008709991367359837,
        "annual_volatility_2017_2018": 0.015238939075329081,
        "sharpe_ratio_2017_2018": 0.5766855544211099,
        "downside_risk_2017_2018": 0.010294203550074807,
        "sortino_ratio_2017_2018": 0.853691690347604,
        "max_drawdown_2017_2018": 0.013762658146306199,
        "calmar_ratio_2017_2018": 0.6328713010791115,
        "perc_pos_return_2017_2018": 0.5,
        "profit_loss_ratio_2017_2018": 1.0977756193365025,
        "sharpe_ratio_2017": 0.6146645929067655,
        "annual_return_2017_2018_0_5_bps": -0.0020900794153413393,
        "annual_volatility_2017_2018_0_5_bps": 0.015256125683062328,
        "sharpe_ratio_2017_2018_0_5_bps": -0.12954426255015603,
        "downside_risk_2017_2018_0_5_bps": 0.010683455299840184,
        "sortino_ratio_2017_2018_0_5_bps": -0.18499104414415146,
        "max_drawdown_2017_2018_0_5_bps": 0.018466881358020753,
        "calmar_ratio_2017_2018_0_5_bps": -0.11317987996027015,
        "perc_pos_return_2017_2018_0_5_bps": 0.47674418604651164,
        "profit_loss_ratio_2017_2018_0_5_bps": 1.0748432444994829,
        "sharpe_ratio_2017_0_5_bps": -0.07988901403736587,
        "annual_return_2017_2018_1_0_bps": -0.012775003455792078,
        "annual_volatility_2017_2018_1_0_bps": 0.015275530317228078,
        "sharpe_ratio_2017_2018_1_0_bps": -0.8340635556885356,
        "downside_risk_2017_2018_1_0_bps": 0.011083253874183735,
        "sortino_ratio_2017_2018_1_0_bps": -1.149550779585802,
        "max_drawdown_2017_2018_1_0_bps": 0.02709608731942771,
        "calmar_ratio_2017_2018_1_0_bps": -0.47147041213705,
        "perc_pos_return_2017_2018_1_0_bps": 0.45348837209302323,
        "profit_loss_ratio_2017_2018_1_0_bps": 1.0536113643255132,
        "sharpe_ratio_2017_1_0_bps": -0.7733804665363213,
        "annual_return_2017_2018_1_5_bps": -0.023346003213409183,
        "annual_volatility_2017_2018_1_5_bps": 0.015297144537039321,
        "sharpe_ratio_2017_2018_1_5_bps": -1.5365732248219337,
        "downside_risk_2017_2018_1_5_bps": 0.011493462982089767,
        "sortino_ratio_2017_2018_1_5_bps": -2.045091435755594,
        "max_drawdown_2017_2018_1_5_bps": 0.03564983463303545,
        "calmar_ratio_2017_2018_1_5_bps": -0.6548698880015354,
        "perc_pos_return_2017_2018_1_5_bps": 0.437984496124031,
        "profit_loss_ratio_2017_2018_1_5_bps": 1.0023309378270242,
        "sharpe_ratio_2017_1_5_bps": -1.4655406858175317,
        "annual_return_2017_2018_2_0_bps": -0.03380428822446668,
        "annual_volatility_2017_2018_2_0_bps": 0.01532095899090352,
        "sharpe_ratio_2017_2018_2_0_bps": -2.236779193301348,
        "downside_risk_2017_2018_2_0_bps": 0.011913643206516448,
        "sortino_ratio_2017_2018_2_0_bps": -2.876500638657002,
        "max_drawdown_2017_2018_2_0_bps": 0.044170453114911516,
        "calmar_ratio_2017_2018_2_0_bps": -0.765314499639006,
        "perc_pos_return_2017_2018_2_0_bps": 0.43023255813953487,
        "profit_loss_ratio_2017_2018_2_0_bps": 0.9247105707500644,
        "sharpe_ratio_2017_2_0_bps": -2.1561035881502097,
        "annual_return_2017_2018_2_5_bps": -0.044151055238152215,
        "annual_volatility_2017_2018_2_5_bps": 0.015346963436269095,
        "sharpe_ratio_2017_2018_2_5_bps": -2.934392986581234,
        "downside_risk_2017_2018_2_5_bps": 0.012343191481910187,