{
    "ALL": {
        "annual_return": 0.024621521007926403,
        "annual_volatility": 0.009988143071043001,
        "sharpe_ratio": 2.4719080477000466,
        "downside_risk": 0.006175292951784001,
        "sortino_ratio": 4.173730723885079,
        "max_drawdown": 0.005704676321186401,
        "calmar_ratio": 4.859476715302481,
        "perc_pos_return": 0.5712744536000346,
        "profit_loss_ratio": 1.1710885186841626,
        "annual_return_0_5_bps": 0.0193866924144322,
        "annual_volatility_0_5_bps": 0.0099906503359958,
        "sharpe_ratio_0_5_bps": 1.949088065215075,
        "downside_risk_0_5_bps": 0.006330865731317801,
        "sortino_ratio_0_5_bps": 3.216490545510272,
        "max_drawdown_0_5_bps": 0.006049582390354201,
        "calmar_ratio_0_5_bps": 3.5722941085223057,
        "perc_pos_return_0_5_bps": 0.5543066654694556,
        "profit_loss_ratio_0_5_bps": 1.1433864191474767,
        "annual_return_1_0_bps": 0.014178872761449602,
        "annual_volatility_1_0_bps": 0.009994147721060201,
        "sharpe_ratio_1_0_bps": 1.4264428953543613,
        "downside_risk_1_0_bps": 0.006490639769978,
        "sortino_ratio_1_0_bps": 2.309574843578802,
        "max_drawdown_1_0_bps": 0.0065370265067676,
        "calmar_ratio_1_0_bps": 2.396530712784187,
        "perc_pos_return_1_0_bps": 0.5412029432959661,
        "profit_loss_ratio_1_0_bps": 1.0987016188716798,
        "annual_return_1_5_bps": 0.008997921542013001,
        "annual_volatility_1_5_bps": 0.009998633927648,
        "sharpe_ratio_1_5_bps": 0.9041303338061522,
        "downside_risk_1_5_bps": 0.0066545827284334004,
        "sortino_ratio_1_5_bps": 1.450542748083957,
        "max_drawdown_1_5_bps": 0.0074570177454648,
        "calmar_ratio_1_5_bps": 1.3554898365527306,
        "perc_pos_return_1_5_bps": 0.5281022141487254,
        "profit_loss_ratio_1_5_bps": 1.0537058024640915,
        "annual_return_2_0_bps": 0.0038436989849850002,
        "annual_volatility_2_0_bps": 0.010004107315912402,
        "sharpe_ratio_2_0_bps": 0.3823073264849334,
        "downside_risk_2_0_bps": 0.006822686888016,
        "sortino_ratio_2_0_bps": 0.6370397133370274,
        "max_drawdown_2_0_bps": 0.008911594025832598,
        "calmar_ratio_2_0_bps": 0.5276040923334226,
        "perc_pos_return_2_0_bps": 0.5057528497063376,
        "profit_loss_ratio_2_0_bps": 1.0522312142906907,
        "annual_return_2_5_bps": -0.0012839339488046,
        "annual_volatility_2_5_bps": 0.010010565908248201,
        "sharpe_ratio_2_5_bps": -0.1388702972551366,
        "downside_risk_2_5_bps": 0.0069950368605942006,
        "sortino_ratio_2_5_bps": -0.13320907407317645,
        "max_drawdown_2_5_bps": 0.010868621210528201,
        "calmar_ratio_2_5_bps": -0.050179671728397435,
        "perc_pos_return_2_5_bps": 0.4903384652221857,
        "profit_loss_ratio_2_5_bps": 1.0214473201865435,
        "annual_return_3_0_bps": -0.006385115570418401,
        "annual_volatility_3_0_bps": 0.010018007393432402,
        "sharpe_ratio_3_0_bps": -0.6592480856450879,
        "downside_risk_3_0_bps": 0.0071716390184344,
        "sortino_ratio_3_0_bps": -0.8623636116783508,
        "max_drawdown_3_0_bps": 0.013562507438101001,
        "calmar_ratio_3_0_bps": -0.41618501471446223,
        "perc_pos_return_3_0_bps": 0.46952159928904064,
        "profit_loss_ratio_3_0_bps": 1.0117608598138272,
        "annual_return_rescaled": 0.432731982681165,
        "annual_volatility_rescaled": 0.1500000000000061,
        "downside_risk_rescaled": 0.0927393546707536,
        "max_drawdown_rescaled": 0.0834868761494362,
        "annual_return_rescaled_0_5_bps": 0.32587654837813,
        "annual_volatility_rescaled_0_5_bps": 0.15000000000000446,
        "downside_risk_rescaled_0_5_bps": 0.09505185626167675,
        "max_drawdown_rescaled_0_5_bps": 0.08824554555713801,
        "annual_return_rescaled_1_0_bps": 0.22707974987150323,
        "annual_volatility_rescaled_1_0_bps": 0.1500000000000114,
        "downside_risk_rescaled_1_0_bps": 0.09741660746570346,
        "max_drawdown_rescaled_1_0_bps": 0.09508624938893757,
        "annual_return_rescaled_1_5_bps": 0.1357541461798378,
        "annual_volatility_rescaled_1_5_bps": 0.15000000000000385,
        "downside_risk_rescaled_1_5_bps": 0.09983237875175469,
        "max_drawdown_rescaled_1_5_bps": 0.1087590881617652,
        "annual_return_rescaled_2_0_bps": 0.05135144369849705,
        "annual_volatility_rescaled_2_0_bps": 0.15000000000000863,
        "downside_risk_rescaled_2_0_bps": 0.10229828618238135,
        "max_drawdown_rescaled_2_0_bps": 0.12776592347779894,
        "annual_return_rescaled_2_5_bps": -0.026639644889498992,
        "annual_volatility_rescaled_2_5_bps": 0.15000000000000563,
        "downside_risk_rescaled_2_5_bps": 0.10481480654601893,
        "max_drawdown_rescaled_2_5_bps": 0.15418951121228314,
        "annual_return_rescaled_3_0_bps": -0.09869547768047233,
        "annual_volatility_rescaled_3_0_bps": 0.1500000000000102,
        "downside_risk_rescaled_3_0_bps": 0.10738121968950214,
        "max_drawdown_rescaled_3_0_bps": 0.18893351060946034,
        "sharpe_ratio_years": 2.4833430882314924,
        "sharpe_ratio_years_0_5_bps": 1.9675811231887856,
        "sharpe_ratio_years_1_0_bps": 1.4521580220973402,
        "sharpe_ratio_years_1_5_bps": 0.937212076555673,
        "sharpe_ratio_years_2_0_bps": 0.4228806313641781,
        "sharpe_ratio_years_2_5_bps": -0.09070013488051643,
        "sharpe_ratio_years_3_0_bps": -0.6033954236749406,
        "sharpe_ratio_years_std": 0.8448363564954621,
        "sharpe_ratio_years_std_0_5_bps": 0.7758071490253081,
        "sharpe_ratio_years_std_1_0_bps": 0.7127792237569038,
        "sharpe_ratio_years_std_1_5_bps": 0.6573890436969938,
        "sharpe_ratio_years_std_2_0_bps": 0.6116099369052448,
        "sharpe_ratio_years_std_2_5_bps": 0.5776136065895882,
        "sharpe_ratio_years_std_3_0_bps": 0.5574314982975319
    },
    "COMB": {
        "annual_return": 0.024621521007926403,
        "annual_volatility": 0.009988143071043001,
        "sharpe_ratio": 2.4719080477000466,
        "downside_risk": 0.006175292951784001,
        "sortino_ratio": 4.173730723885079,
        "max_drawdown": 0.005704676321186401,
        "calmar_ratio": 4.859476715302481,
        "perc_pos_return": 0.5712744536000346,
        "profit_loss_ratio": 1.1710885186841626,
        "annual_return_0_5_bps": 0.0193866924144322,
        "annual_volatility_0_5_bps": 0.0099906503359958,
        "sharpe_ratio_0_5_bps": 1.949088065215075,
        "downside_risk_0_5_bps": 0.006330865731317801,
        "sortino_ratio_0_5_bps": 3.216490545510272,
        "max_drawdown_0_5_bps": 0.006049582390354201,
        "calmar_ratio_0_5_bps": 3.5722941085223057,
        "perc_pos_return_0_5_bps": 0.5543066654694556,
        "profit_loss_ratio_0_5_bps": 1.1433864191474767,
        "annual_return_1_0_bps": 0.014178872761449602,
        "annual_volatility_1_0_bps": 0.009994147721060201,
        "sharpe_ratio_1_0_bps": 1.4264428953543613,
        "downside_risk_1_0_bps": 0.006490639769978,
        "sortino_ratio_1_0_bps": 2.309574843578802,
        "max_drawdown_1_0_bps": 0.0065370265067676,
        "calmar_ratio_1_0_bps": 2.396530712784187,
        "perc_pos_return_1_0_bps": 0.5412029432959661,
        "profit_loss_ratio_1_0_bps": 1.0987016188716798,
        "annual_return_1_5_bps": 0.008997921542013001,
        "annual_volatility_1_5_bps": 0.009998633927648,
        "sharpe_ratio_1_5_bps": 0.9041303338061522,
        "downside_risk_1_5_bps": 0.0066545827284334004,
        "sortino_ratio_1_5_bps": 1.450542748083957,
        "max_drawdown_1_5_bps": 0.0074570177454648,
        "calmar_ratio_1_5_bps": 1.3554898365527306,
        "perc_pos_return_1_5_bps": 0.5281022141487254,
        "profit_loss_ratio_1_5_bps": 1.0537058024640915,
        "annual_return_2_0_bps": 0.0038436989849850002,
        "annual_volatility_2_0_bps": 0.010004107315912402,