{
    "ALL": {
        "performance_sw": 4.322576229092154,
        "performance_fw": 4.873413073438068,
        "val_loss": 3.0221682853194136,
        "annual_return_2019_2020": 0.034147591748419526,
        "annual_volatility_2019_2020": 0.007775418531715596,
        "sharpe_ratio_2019_2020": 4.322576229092153,
        "downside_risk_2019_2020": 0.003718131102462139,
        "sortino_ratio_2019_2020": 9.03944438489005,
        "max_drawdown_2019_2020": 0.002846696151716211,
        "calmar_ratio_2019_2020": 11.995516882907468,
        "perc_pos_return_2019_2020": 0.6076923076923076,
        "profit_loss_ratio_2019_2020": 1.3977127947906116,
        "sharpe_ratio_2019": 4.143055854813579,
        "annual_return_2019_2020_0_5_bps": 0.029375695387703127,
        "annual_volatility_2019_2020_0_5_bps": 0.007772636522844158,
        "sharpe_ratio_2019_2020_0_5_bps": 3.7290097649907303,
        "downside_risk_2019_2020_0_5_bps": 0.0038650493619097363,
        "sortino_ratio_2019_2020_0_5_bps": 7.499060110085692,
        "max_drawdown_2019_2020_0_5_bps": 0.003005409365496333,
        "calmar_ratio_2019_2020_0_5_bps": 9.774274255265,
        "perc_pos_return_2019_2020_0_5_bps": 0.6,
        "profit_loss_ratio_2019_2020_0_5_bps": 1.2964414204099786,
        "sharpe_ratio_2019_0_5_bps": 3.554856807306673,
        "annual_return_2019_2020_1_0_bps": 0.02462572633793436,
        "annual_volatility_2019_2020_1_0_bps": 0.00777046000596179,
        "sharpe_ratio_2019_2020_1_0_bps": 3.1347739582590486,
        "downside_risk_2019_2020_1_0_bps": 0.004015811383378037,
        "sortino_ratio_2019_2020_1_0_bps": 6.0656822108742485,
        "max_drawdown_2019_2020_1_0_bps": 0.0032149064737136256,
        "calmar_ratio_2019_2020_1_0_bps": 7.6598577716907945,
        "perc_pos_return_2019_2020_1_0_bps": 0.5807692307692308,
        "profit_loss_ratio_2019_2020_1_0_bps": 1.2612121213050713,
        "sharpe_ratio_2019_1_0_bps": 2.965924798173657,
        "annual_return_2019_2020_1_5_bps": 0.019897584262724477,
        "annual_volatility_2019_2020_1_5_bps": 0.007768889489968858,
        "sharpe_ratio_2019_2020_1_5_bps": 2.540007020673244,
        "downside_risk_2019_2020_1_5_bps": 0.004170493080715759,
        "sortino_ratio_2019_2020_1_5_bps": 4.7315829244749175,
        "max_drawdown_2019_2020_1_5_bps": 0.003632784705864031,
        "calmar_ratio_2019_2020_1_5_bps": 5.477226390709544,
        "perc_pos_return_2019_2020_1_5_bps": 0.5538461538461539,
        "profit_loss_ratio_2019_2020_1_5_bps": 1.2647219340603053,
        "sharpe_ratio_2019_1_5_bps": 2.376372051709571,
        "annual_return_2019_2020_2_0_bps": 0.015191169282858352,
        "annual_volatility_2019_2020_2_0_bps": 0.00776792534242842,
        "sharpe_ratio_2019_2020_2_0_bps": 1.9448477371186454,
        "downside_risk_2019_2020_2_0_bps": 0.0043290577231881525,
        "sortino_ratio_2019_2020_2_0_bps": 3.4897737545533487,
        "max_drawdown_2019_2020_2_0_bps": 0.004283244609582901,
        "calmar_ratio_2019_2020_2_0_bps": 3.5466499505704525,
        "perc_pos_return_2019_2020_2_0_bps": 0.5423076923076923,
        "profit_loss_ratio_2019_2020_2_0_bps": 1.1912997129845202,
        "sharpe_ratio_2019_2_0_bps": 1.7863113975252902,
        "annual_return_2019_2020_2_5_bps": 0.010506381974253687,
        "annual_volatility_2019_2020_2_5_bps": 0.007767567789136502,
        "sharpe_ratio_2019_2020_2_5_bps": 1.3494353040550338,
        "downside_risk_2019_2020_2_5_bps": 0.004491326514385885,
        "sortino_ratio_2019_2020_2_5_bps": 2.3337938508206455,
        "max_drawdown_2019_2020_2_5_bps": 0.004933293275686134,
        "calmar_ratio_2019_2020_2_5_bps": 2.1296893144453155,
        "perc_pos_return_2019_2020_2_5_bps": 0.5269230769230769,
        "profit_loss_ratio_2019_2020_2_5_bps": 1.1399911629461266,
        "sharpe_ratio_2019_2_5_bps": 1.1958561633631317,
        "annual_return_2019_2020_3_0_bps": 0.00584312336588777,
        "annual_volatility_2019_2020_3_0_bps": 0.007767816913857863,
        "sharpe_ratio_2019_2020_3_0_bps": 0.7539091669149595,
        "downside_risk_2019_2020_3_0_bps": 0.004657247965197932,
        "sortino_ratio_2019_2020_3_0_bps": 1.257443971640798,
        "max_drawdown_2019_2020_3_0_bps": 0.005582930955713027,
        "calmar_ratio_2019_2020_3_0_bps": 1.0466049844138745,
        "perc_pos_return_2019_2020_3_0_bps": 0.5076923076923077,
        "profit_loss_ratio_2019_2020_3_0_bps": 1.1078324216589874,
        "sharpe_ratio_2019_3_0_bps": 0.6051200667877408
    },
    "COMB": {
        "annual_return_2019_2020": 0.034147591748419526,
        "annual_volatility_2019_2020": 0.007775418531715596,
        "sharpe_ratio_2019_2020": 4.322576229092153,
        "downside_risk_2019_2020": 0.003718131102462139,
        "sortino_ratio_2019_2020": 9.03944438489005,
        "max_drawdown_2019_2020": 0.002846696151716211,
        "calmar_ratio_2019_2020": 11.995516882907468,
        "perc_pos_return_2019_2020": 0.6076923076923076,
        "profit_loss_ratio_2019_2020": 1.3977127947906116,
        "sharpe_ratio_2019": 4.143055854813579,
        "annual_return_2019_2020_0_5_bps": 0.029375695387703127,
        "annual_volatility_2019_2020_0_5_bps": 0.007772636522844158,
        "sharpe_ratio_2019_2020_0_5_bps": 3.7290097649907303,
        "downside_risk_2019_2020_0_5_bps": 0.0038650493619097363,
        "sortino_ratio_2019_2020_0_5_bps": 7.499060110085692,
        "max_drawdown_2019_2020_0_5_bps": 0.003005409365496333,
        "calmar_ratio_2019_2020_0_5_bps": 9.774274255265,
        "perc_pos_return_2019_2020_0_5_bps": 0.6,
        "profit_loss_ratio_2019_2020_0_5_bps": 1.2964414204099786,
        "sharpe_ratio_2019_0_5_bps": 3.554856807306673,
        "annual_return_2019_2020_1_0_bps": 0.02462572633793436,
        "annual_volatility_2019_2020_1_0_bps": 0.00777046000596179,
        "sharpe_ratio_2019_2020_1_0_bps": 3.1347739582590486,
        "downside_risk_2019_2020_1_0_bps": 0.004015811383378037,
        "sortino_ratio_2019_2020_1_0_bps": 6.0656822108742485,
        "max_drawdown_2019_2020_1_0_bps": 0.0032149064737136256,
        "calmar_ratio_2019_2020_1_0_bps": 7.6598577716907945,
        "perc_pos_return_2019_2020_1_0_bps": 0.5807692307692308,
        "profit_loss_ratio_2019_2020_1_0_bps": 1.2612121213050713,
        "sharpe_ratio_2019_1_0_bps": 2.965924798173657,
        "annual_return_2019_2020_1_5_bps": 0.019897584262724477,
        "annual_volatility_2019_2020_1_5_bps": 0.007768889489968858,
        "sharpe_ratio_2019_2020_1_5_bps": 2.540007020673244,
        "downside_risk_2019_2020_1_5_bps": 0.004170493080715759,
        "sortino_ratio_2019_2020_1_5_bps": 4.7315829244749175,
        "max_drawdown_2019_2020_1_5_bps": 0.003632784705864031,
        "calmar_ratio_2019_2020_1_5_bps": 5.477226390709544,
        "perc_pos_return_2019_2020_1_5_bps": 0.5538461538461539,
        "profit_loss_ratio_2019_2020_1_5_bps": 1.2647219340603053,
        "sharpe_ratio_2019_1_5_bps": 2.376372051709571,
        "annual_return_2019_2020_2_0_bps": 0.015191169282858352,
        "annual_volatility_2019_2020_2_0_bps": 0.00776792534242842,
        "sharpe_ratio_2019_2020_2_0_bps": 1.9448477371186454,
        "downside_risk_2019_2020_2_0_bps": 0.0043290577231881525,
        "sortino_ratio_2019_2020_2_0_bps": 3.4897737545533487,
        "max_drawdown_2019_2020_2_0_bps": 0.004283244609582901,
        "calmar_ratio_2019_2020_2_0_bps": 3.5466499505704525,
        "perc_pos_return_2019_2020_2_0_bps": 0.5423076923076923,
        "profit_loss_ratio_2019_2020_2_0_bps": 1.1912997129845202,
        "sharpe_ratio_2019_2_0_bps": 1.7863113975252902,
        "annual_return_2019_2020_2_5_bps": 0.010506381974253687,
        "annual_volatility_2019_2020_2_5_bps": 0.007767567789136502,
        "sharpe_ratio_2019_2020_2_5_bps": 1.3494353040550338,
        "downside_risk_2019_2020_2_5_bps": 0.004491326514385885,
        "sortino_ratio_2019_2020_2_5_bps": 2.3337938508206455,
        "max_drawdown_2019_2020_2_5_bps": 0.004933293275686134,