{
    "ALL": {
        "performance_sw": 3.3852380962828508,
        "performance_fw": 3.4807889040531017,
        "val_loss": 3.3113879508196122,
        "annual_return_2019_2020": 0.047166723991238335,
        "annual_volatility_2019_2020": 0.013643066048728586,
        "sharpe_ratio_2019_2020": 3.3852380962828503,
        "downside_risk_2019_2020": 0.007299690614425503,
        "sortino_ratio_2019_2020": 6.3269841665603215,
        "max_drawdown_2019_2020": 0.004657944105537176,
        "calmar_ratio_2019_2020": 10.126082005829232,
        "perc_pos_return_2019_2020": 0.5653846153846154,
        "profit_loss_ratio_2019_2020": 1.3689048889974516,
        "sharpe_ratio_2019": 3.2733434500034053,
        "annual_return_2019_2020_0_5_bps": 0.0386221868729093,
        "annual_volatility_2019_2020_0_5_bps": 0.013648426492156725,
        "sharpe_ratio_2019_2020_0_5_bps": 2.7835144913787295,
        "downside_risk_2019_2020_0_5_bps": 0.007572663316392431,
        "sortino_ratio_2019_2020_0_5_bps": 5.016807342166914,
        "max_drawdown_2019_2020_0_5_bps": 0.004909404865350105,
        "calmar_ratio_2019_2020_0_5_bps": 7.866979385933173,
        "perc_pos_return_2019_2020_0_5_bps": 0.5461538461538461,
        "profit_loss_ratio_2019_2020_0_5_bps": 1.333933499682394,
        "sharpe_ratio_2019_0_5_bps": 2.675832439340412,
        "annual_return_2019_2020_1_0_bps": 0.03014707445372844,
        "annual_volatility_2019_2020_1_0_bps": 0.013655319348775443,
        "sharpe_ratio_2019_2020_1_0_bps": 2.182018461200182,
        "downside_risk_2019_2020_1_0_bps": 0.007852890902336509,
        "sortino_ratio_2019_2020_1_0_bps": 3.7942917179387607,
        "max_drawdown_2019_2020_1_0_bps": 0.005160813484612429,
        "calmar_ratio_2019_2020_1_0_bps": 5.841535359418719,
        "perc_pos_return_2019_2020_1_0_bps": 0.5307692307692308,
        "profit_loss_ratio_2019_2020_1_0_bps": 1.2797601526458608,
        "sharpe_ratio_2019_1_0_bps": 2.078607419704893,
        "annual_return_2019_2020_1_5_bps": 0.02174082505871433,
        "annual_volatility_2019_2020_1_5_bps": 0.013663742299446259,
        "sharpe_ratio_2019_2020_1_5_bps": 1.580952306211451,
        "downside_risk_2019_2020_1_5_bps": 0.008140103044028018,
        "sortino_ratio_2019_2020_1_5_bps": 2.653740964082341,
        "max_drawdown_2019_2020_1_5_bps": 0.005933934008626274,
        "calmar_ratio_2019_2020_1_5_bps": 3.6638130837163465,
        "perc_pos_return_2019_2020_1_5_bps": 0.5269230769230769,
        "profit_loss_ratio_2019_2020_1_5_bps": 1.1732031211849796,
        "sharpe_ratio_2019_1_5_bps": 1.481845917448698,
        "annual_return_2019_2020_2_0_bps": 0.013402881537618594,
        "annual_volatility_2019_2020_2_0_bps": 0.0136736925165704,
        "sharpe_ratio_2019_2020_2_0_bps": 0.9805172136727087,
        "downside_risk_2019_2020_2_0_bps": 0.008433933020067797,
        "sortino_ratio_2019_2020_2_0_bps": 1.5896842973572962,
        "max_drawdown_2019_2020_2_0_bps": 0.0073578276408214505,
        "calmar_ratio_2019_2020_2_0_bps": 1.8215813405656585,
        "perc_pos_return_2019_2020_2_0_bps": 0.5076923076923077,
        "profit_loss_ratio_2019_2020_2_0_bps": 1.1443718123748445,
        "sharpe_ratio_2019_2_0_bps": 0.8857244489179427,
        "annual_return_2019_2020_2_5_bps": 0.0051326912286753235,
        "annual_volatility_2019_2020_2_5_bps": 0.01368516666881154,
        "sharpe_ratio_2019_2020_2_5_bps": 0.3809129256731323,
        "downside_risk_2019_2020_2_5_bps": 0.00873428959754327,
        "sortino_ratio_2019_2020_2_5_bps": 0.5968266584162356,
        "max_drawdown_2019_2020_2_5_bps": 0.008779725805567502,
        "calmar_ratio_2019_2020_2_5_bps": 0.5846072351622327,
        "perc_pos_return_2019_2020_2_5_bps": 0.48846153846153845,
        "profit_loss_ratio_2019_2020_2_5_bps": 1.1167237264393033,
        "sharpe_ratio_2019_2_5_bps": 0.2904182634436973,
        "annual_return_2019_2020_3_0_bps": -0.0030702940774499643,
        "annual_volatility_2019_2020_3_0_bps": 0.013698160926634924,
        "sharpe_ratio_2019_2020_3_0_bps": -0.21766258658012166,
        "downside_risk_2019_2020_3_0_bps": 0.009041196410664254,
        "sortino_ratio_2019_2020_3_0_bps": -0.32977683519465295,
        "max_drawdown_2019_2020_3_0_bps": 0.010501724427460874,
        "calmar_ratio_2019_2020_3_0_bps": -0.29236094497218734,
        "perc_pos_return_2019_2020_3_0_bps": 0.46923076923076923,
        "profit_loss_ratio_2019_2020_3_0_bps": 1.0904571124999844,
        "sharpe_ratio_2019_3_0_bps": -0.3038989088504547
    },
    "COMB": {
        "annual_return_2019_2020": 0.047166723991238335,
        "annual_volatility_2019_2020": 0.013643066048728586,
        "sharpe_ratio_2019_2020": 3.3852380962828503,
        "downside_risk_2019_2020": 0.007299690614425503,
        "sortino_ratio_2019_2020": 6.3269841665603215,
        "max_drawdown_2019_2020": 0.004657944105537176,
        "calmar_ratio_2019_2020": 10.126082005829232,
        "perc_pos_return_2019_2020": 0.5653846153846154,
        "profit_loss_ratio_2019_2020": 1.3689048889974516,
        "sharpe_ratio_2019": 3.2733434500034053,
        "annual_return_2019_2020_0_5_bps": 0.0386221868729093,
        "annual_volatility_2019_2020_0_5_bps": 0.013648426492156725,
        "sharpe_ratio_2019_2020_0_5_bps": 2.7835144913787295,
        "downside_risk_2019_2020_0_5_bps": 0.007572663316392431,
        "sortino_ratio_2019_2020_0_5_bps": 5.016807342166914,
        "max_drawdown_2019_2020_0_5_bps": 0.004909404865350105,
        "calmar_ratio_2019_2020_0_5_bps": 7.866979385933173,
        "perc_pos_return_2019_2020_0_5_bps": 0.5461538461538461,
        "profit_loss_ratio_2019_2020_0_5_bps": 1.333933499682394,
        "sharpe_ratio_2019_0_5_bps": 2.675832439340412,
        "annual_return_2019_2020_1_0_bps": 0.03014707445372844,
        "annual_volatility_2019_2020_1_0_bps": 0.013655319348775443,
        "sharpe_ratio_2019_2020_1_0_bps": 2.182018461200182,
        "downside_risk_2019_2020_1_0_bps": 0.007852890902336509,
        "sortino_ratio_2019_2020_1_0_bps": 3.7942917179387607,
        "max_drawdown_2019_2020_1_0_bps": 0.005160813484612429,
        "calmar_ratio_2019_2020_1_0_bps": 5.841535359418719,
        "perc_pos_return_2019_2020_1_0_bps": 0.5307692307692308,
        "profit_loss_ratio_2019_2020_1_0_bps": 1.2797601526458608,
        "sharpe_ratio_2019_1_0_bps": 2.078607419704893,
        "annual_return_2019_2020_1_5_bps": 0.02174082505871433,
        "annual_volatility_2019_2020_1_5_bps": 0.013663742299446259,
        "sharpe_ratio_2019_2020_1_5_bps": 1.580952306211451,
        "downside_risk_2019_2020_1_5_bps": 0.008140103044028018,
        "sortino_ratio_2019_2020_1_5_bps": 2.653740964082341,
        "max_drawdown_2019_2020_1_5_bps": 0.005933934008626274,
        "calmar_ratio_2019_2020_1_5_bps": 3.6638130837163465,
        "perc_pos_return_2019_2020_1_5_bps": 0.5269230769230769,
        "profit_loss_ratio_2019_2020_1_5_bps": 1.1732031211849796,
        "sharpe_ratio_2019_1_5_bps": 1.481845917448698,
        "annual_return_2019_2020_2_0_bps": 0.013402881537618594,
        "annual_volatility_2019_2020_2_0_bps": 0.0136736925165704,
        "sharpe_ratio_2019_2020_2_0_bps": 0.9805172136727087,
        "downside_risk_2019_2020_2_0_bps": 0.008433933020067797,
        "sortino_ratio_2019_2020_2_0_bps": 1.5896842973572962,
        "max_drawdown_2019_2020_2_0_bps": 0.0073578276408214505,
        "calmar_ratio_2019_2020_2_0_bps": 1.8215813405656585,
        "perc_pos_return_2019_2020_2_0_bps": 0.5076923076923077,
        "profit_loss_ratio_2019_2020_2_0_bps": 1.1443718123748445,
        "sharpe_ratio_2019_2_0_bps": 0.8857244489179427,
        "annual_return_2019_2020_2_5_bps": 0.0051326912286753235,
        "annual_volatility_2019_2020_2_5_bps": 0.01368516666881154,
        "sharpe_ratio_2019_2020_2_5_bps": 0.3809129256731323,
        "downside_risk_2019_2020_2_5_bps": 0.00873428959754327,
        "sortino_ratio_2019_2020_2_5_bps": 0.5968266584162356,