{
    "ALL": {
        "performance_sw": 2.303189153838999,
        "performance_fw": 2.5342975514923602,
        "val_loss": 3.4111985942905068,
        "annual_return_2019_2020": 0.013918437409712103,
        "annual_volatility_2019_2020": 0.00600941928816815,
        "sharpe_ratio_2019_2020": 2.3031891538389995,
        "downside_risk_2019_2020": 0.0035834614121509054,
        "sortino_ratio_2019_2020": 3.8624189668815396,
        "max_drawdown_2019_2020": 0.0029916987917619963,
        "calmar_ratio_2019_2020": 4.65235251892276,
        "perc_pos_return_2019_2020": 0.5538461538461539,
        "profit_loss_ratio_2019_2020": 1.1901585756449513,
        "sharpe_ratio_2019": 2.1044993728023482,
        "annual_return_2019_2020_0_5_bps": 0.00962776419173128,
        "annual_volatility_2019_2020_0_5_bps": 0.006005027812354967,
        "sharpe_ratio_2019_2020_0_5_bps": 1.5986359908171852,
        "downside_risk_2019_2020_0_5_bps": 0.0037207309163820416,
        "sortino_ratio_2019_2020_0_5_bps": 2.580098857571653,
        "max_drawdown_2019_2020_0_5_bps": 0.003588361295398046,
        "calmar_ratio_2019_2020_0_5_bps": 2.683053181985484,
        "perc_pos_return_2019_2020_0_5_bps": 0.5192307692307693,
        "profit_loss_ratio_2019_2020_0_5_bps": 1.2135329587778552,
        "sharpe_ratio_2019_0_5_bps": 1.4036378724868315,
        "annual_return_2019_2020_1_0_bps": 0.00535517196556512,
        "annual_volatility_2019_2020_1_0_bps": 0.006001368267356632,
        "sharpe_ratio_2019_2020_1_0_bps": 0.8929426772802068,
        "downside_risk_2019_2020_1_0_bps": 0.0038620409831787105,
        "sortino_ratio_2019_2020_1_0_bps": 1.3875766392274795,
        "max_drawdown_2019_2020_1_0_bps": 0.004248757510814922,
        "calmar_ratio_2019_2020_1_0_bps": 1.2604089435402928,
        "perc_pos_return_2019_2020_1_0_bps": 0.5,
        "profit_loss_ratio_2019_2020_1_0_bps": 1.162756118818018,
        "sharpe_ratio_2019_1_0_bps": 0.7014762580277863,
        "annual_return_2019_2020_1_5_bps": 0.00110058485837361,
        "annual_volatility_2019_2020_1_5_bps": 0.005998441992788027,
        "sharpe_ratio_2019_2020_1_5_bps": 0.1863654113269808,
        "downside_risk_2019_2020_1_5_bps": 0.004007300485439268,
        "sortino_ratio_2019_2020_1_5_bps": 0.2789663798282484,
        "max_drawdown_2019_2020_1_5_bps": 0.004916453535081653,
        "calmar_ratio_2019_2020_1_5_bps": 0.22385747175689139,
        "perc_pos_return_2019_2020_1_5_bps": 0.47692307692307695,
        "profit_loss_ratio_2019_2020_1_5_bps": 1.1318049450342027,
        "sharpe_ratio_2019_1_5_bps": -0.0017765398546558105,
        "annual_return_2019_2020_2_0_bps": -0.003136072685634317,
        "annual_volatility_2019_2020_2_0_bps": 0.00599625006219551,
        "sharpe_ratio_2019_2020_2_0_bps": -0.5208377897836451,
        "downside_risk_2019_2020_2_0_bps": 0.004156530374134667,
        "sortino_ratio_2019_2020_2_0_bps": -0.7513655256360624,
        "max_drawdown_2019_2020_2_0_bps": 0.006656413430405518,
        "calmar_ratio_2019_2020_2_0_bps": -0.4711355023876969,
        "perc_pos_return_2019_2020_2_0_bps": 0.45384615384615384,
        "profit_loss_ratio_2019_2020_2_0_bps": 1.1024269870381165,
        "sharpe_ratio_2019_2_0_bps": -0.7059096835780996,
        "annual_return_2019_2020_2_5_bps": -0.007354875906547931,
        "annual_volatility_2019_2020_2_5_bps": 0.005994793281093662,
        "sharpe_ratio_2019_2020_2_5_bps": -1.2284075568209454,
        "downside_risk_2019_2020_2_5_bps": 0.004309854400623713,
        "sortino_ratio_2019_2020_2_5_bps": -1.7086538624156706,
        "max_drawdown_2019_2020_2_5_bps": 0.009279062305446825,
        "calmar_ratio_2019_2020_2_5_bps": -0.7926313742101512,
        "perc_pos_return_2019_2020_2_5_bps": 0.4461538461538462,
        "profit_loss_ratio_2019_2020_2_5_bps": 1.0100182490972387,
        "sharpe_ratio_2019_2_5_bps": -1.4107107387929312,
        "annual_return_2019_2020_3_0_bps": -0.011555899730042452,
        "annual_volatility_2019_2020_3_0_bps": 0.005994072185488006,
        "sharpe_ratio_2019_2020_3_0_bps": -1.936083641912463,
        "downside_risk_2019_2020_3_0_bps": 0.004467226609592697,
        "sortino_ratio_2019_2020_3_0_bps": -2.597814286350679,
        "max_drawdown_2019_2020_3_0_bps": 0.012506436754176838,
        "calmar_ratio_2019_2020_3_0_bps": -0.9239961755040315,
        "perc_pos_return_2019_2020_3_0_bps": 0.4076923076923077,
        "profit_loss_ratio_2019_2020_3_0_bps": 1.0507525010736352,
        "sharpe_ratio_2019_3_0_bps": -2.115965990476244
    },
    "COMB": {
        "annual_return_2019_2020": 0.013918437409712103,
        "annual_volatility_2019_2020": 0.00600941928816815,
        "sharpe_ratio_2019_2020": 2.3031891538389995,
        "downside_risk_2019_2020": 0.0035834614121509054,
        "sortino_ratio_2019_2020": 3.8624189668815396,
        "max_drawdown_2019_2020": 0.0029916987917619963,
        "calmar_ratio_2019_2020": 4.65235251892276,
        "perc_pos_return_2019_2020": 0.5538461538461539,
        "profit_loss_ratio_2019_2020": 1.1901585756449513,
        "sharpe_ratio_2019": 2.1044993728023482,
        "annual_return_2019_2020_0_5_bps": 0.00962776419173128,
        "annual_volatility_2019_2020_0_5_bps": 0.006005027812354967,
        "sharpe_ratio_2019_2020_0_5_bps": 1.5986359908171852,
        "downside_risk_2019_2020_0_5_bps": 0.0037207309163820416,
        "sortino_ratio_2019_2020_0_5_bps": 2.580098857571653,
        "max_drawdown_2019_2020_0_5_bps": 0.003588361295398046,
        "calmar_ratio_2019_2020_0_5_bps": 2.683053181985484,
        "perc_pos_return_2019_2020_0_5_bps": 0.5192307692307693,
        "profit_loss_ratio_2019_2020_0_5_bps": 1.2135329587778552,
        "sharpe_ratio_2019_0_5_bps": 1.4036378724868315,
        "annual_return_2019_2020_1_0_bps": 0.00535517196556512,
        "annual_volatility_2019_2020_1_0_bps": 0.006001368267356632,
        "sharpe_ratio_2019_2020_1_0_bps": 0.8929426772802068,
        "downside_risk_2019_2020_1_0_bps": 0.0038620409831787105,
        "sortino_ratio_2019_2020_1_0_bps": 1.3875766392274795,
        "max_drawdown_2019_2020_1_0_bps": 0.004248757510814922,
        "calmar_ratio_2019_2020_1_0_bps": 1.2604089435402928,
        "perc_pos_return_2019_2020_1_0_bps": 0.5,
        "profit_loss_ratio_2019_2020_1_0_bps": 1.162756118818018,
        "sharpe_ratio_2019_1_0_bps": 0.7014762580277863,
        "annual_return_2019_2020_1_5_bps": 0.00110058485837361,
        "annual_volatility_2019_2020_1_5_bps": 0.005998441992788027,
        "sharpe_ratio_2019_2020_1_5_bps": 0.1863654113269808,
        "downside_risk_2019_2020_1_5_bps": 0.004007300485439268,
        "sortino_ratio_2019_2020_1_5_bps": 0.2789663798282484,
        "max_drawdown_2019_2020_1_5_bps": 0.004916453535081653,
        "calmar_ratio_2019_2020_1_5_bps": 0.22385747175689139,
        "perc_pos_return_2019_2020_1_5_bps": 0.47692307692307695,
        "profit_loss_ratio_2019_2020_1_5_bps": 1.1318049450342027,
        "sharpe_ratio_2019_1_5_bps": -0.0017765398546558105,
        "annual_return_2019_2020_2_0_bps": -0.003136072685634317,
        "annual_volatility_2019_2020_2_0_bps": 0.00599625006219551,
        "sharpe_ratio_2019_2020_2_0_bps": -0.5208377897836451,
        "downside_risk_2019_2020_2_0_bps": 0.004156530374134667,
        "sortino_ratio_2019_2020_2_0_bps": -0.7513655256360624,
        "max_drawdown_2019_2020_2_0_bps": 0.006656413430405518,
        "calmar_ratio_2019_2020_2_0_bps": -0.4711355023876969,
        "perc_pos_return_2019_2020_2_0_bps": 0.45384615384615384,
        "profit_loss_ratio_2019_2020_2_0_bps": 1.1024269870381165,
        "sharpe_ratio_2019_2_0_bps": -0.7059096835780996,
        "annual_return_2019_2020_2_5_bps": -0.007354875906547931,
        "annual_volatility_2019_2020_2_5_bps": 0.005994793281093662,
        "sharpe_ratio_2019_2020_2_5_bps": -1.2284075568209454,
        "downside_risk_2019_2020_2_5_bps": 0.004309854400623713,
        "sortino_ratio_2019_2020_2_5_bps": -1.7086538624156706,