{
    "ALL": {
        "performance_sw": 3.446804433875508,
        "performance_fw": 3.7262020766977155,
        "val_loss": 3.080230316081683,
        "annual_return_2019_2020": 0.023972003536816278,
        "annual_volatility_2019_2020": 0.006879957373526568,
        "sharpe_ratio_2019_2020": 3.4468044338755086,
        "downside_risk_2019_2020": 0.0037293285931146894,
        "sortino_ratio_2019_2020": 6.358749836023525,
        "max_drawdown_2019_2020": 0.0034188695788692778,
        "calmar_ratio_2019_2020": 7.011675345844733,
        "perc_pos_return_2019_2020": 0.5807692307692308,
        "profit_loss_ratio_2019_2020": 1.34420214996441,
        "sharpe_ratio_2019": 3.4056791893424396,
        "annual_return_2019_2020_0_5_bps": 0.019779672387157277,
        "annual_volatility_2019_2020_0_5_bps": 0.006883181700586896,
        "sharpe_ratio_2019_2020_0_5_bps": 2.84911095516299,
        "downside_risk_2019_2020_0_5_bps": 0.0038618139649865928,
        "sortino_ratio_2019_2020_0_5_bps": 5.078170146807584,
        "max_drawdown_2019_2020_0_5_bps": 0.004119969736498124,
        "calmar_ratio_2019_2020_0_5_bps": 4.8009266213614294,
        "perc_pos_return_2019_2020_0_5_bps": 0.5653846153846154,
        "profit_loss_ratio_2019_2020_0_5_bps": 1.282658155638152,
        "sharpe_ratio_2019_0_5_bps": 2.8072710102109872,
        "annual_return_2019_2020_1_0_bps": 0.015604432368821808,
        "annual_volatility_2019_2020_1_0_bps": 0.006887153000852012,
        "sharpe_ratio_2019_2020_1_0_bps": 2.2517329290019696,
        "downside_risk_2019_2020_1_0_bps": 0.003998257365980653,
        "sortino_ratio_2019_2020_1_0_bps": 3.878697087147003,
        "max_drawdown_2019_2020_1_0_bps": 0.00489733549948971,
        "calmar_ratio_2019_2020_1_0_bps": 3.1863106724968606,
        "perc_pos_return_2019_2020_1_0_bps": 0.5423076923076923,
        "profit_loss_ratio_2019_2020_1_0_bps": 1.263398718915977,
        "sharpe_ratio_2019_1_0_bps": 2.2090626670428017,
        "annual_return_2019_2020_1_5_bps": 0.011446214103004726,
        "annual_volatility_2019_2020_1_5_bps": 0.006891869983037566,
        "sharpe_ratio_2019_2020_1_5_bps": 1.654864359997708,
        "downside_risk_2019_2020_1_5_bps": 0.004138490354578848,
        "sortino_ratio_2019_2020_1_5_bps": 2.755862411530862,
        "max_drawdown_2019_2020_1_5_bps": 0.0056741101638141936,
        "calmar_ratio_2019_2020_1_5_bps": 2.017270333593676,
        "perc_pos_return_2019_2020_1_5_bps": 0.5307692307692308,
        "profit_loss_ratio_2019_2020_1_5_bps": 1.188159054381138,
        "sharpe_ratio_2019_1_5_bps": 1.611226018768892,
        "annual_return_2019_2020_2_0_bps": 0.007304948491360985,
        "annual_volatility_2019_2020_2_0_bps": 0.0068973311172614024,
        "sharpe_ratio_2019_2020_2_0_bps": 1.0586980230608234,
        "downside_risk_2019_2020_2_0_bps": 0.004282336537885321,
        "sortino_ratio_2019_2020_2_0_bps": 1.7051884534620143,
        "max_drawdown_2019_2020_2_0_bps": 0.006450294167039618,
        "calmar_ratio_2019_2020_2_0_bps": 1.1324985035083468,
        "perc_pos_return_2019_2020_2_0_bps": 0.5,
        "profit_loss_ratio_2019_2020_2_0_bps": 1.2077223697586073,
        "sharpe_ratio_2019_2_0_bps": 1.0139321019665177,
        "annual_return_2019_2020_2_5_bps": 0.003180566714814592,
        "annual_volatility_2019_2020_2_5_bps": 0.006903534637509211,
        "sharpe_ratio_2019_2020_2_5_bps": 0.46342515766220754,
        "downside_risk_2019_2020_2_5_bps": 0.004429776531279219,
        "sortino_ratio_2019_2020_2_5_bps": 0.722219643637495,
        "max_drawdown_2019_2020_2_5_bps": 0.007225887946427575,
        "calmar_ratio_2019_2020_2_5_bps": 0.4401627507090033,
        "perc_pos_return_2019_2020_2_5_bps": 0.4846153846153846,
        "profit_loss_ratio_2019_2020_2_5_bps": 1.1547613652805697,
        "sharpe_ratio_2019_2_5_bps": 0.41735088922947716,
        "annual_return_2019_2020_3_0_bps": -0.0009269997675298569,
        "annual_volatility_2019_2020_3_0_bps": 0.006910478544466746,
        "sharpe_ratio_2019_2020_3_0_bps": -0.13076483152323373,
        "downside_risk_2019_2020_3_0_bps": 0.004580800564960804,
        "sortino_ratio_2019_2020_3_0_bps": -0.1972684795588449,
        "max_drawdown_2019_2020_3_0_bps": 0.008000891938916828,
        "calmar_ratio_2019_2020_3_0_bps": -0.11586205320695227,
        "perc_pos_return_2019_2020_3_0_bps": 0.47692307692307695,
        "profit_loss_ratio_2019_2020_3_0_bps": 1.0716478740090762,
        "sharpe_ratio_2019_3_0_bps": -0.1783489485201175
    },
    "COMB": {
        "annual_return_2019_2020": 0.023972003536816278,
        "annual_volatility_2019_2020": 0.006879957373526568,
        "sharpe_ratio_2019_2020": 3.4468044338755086,
        "downside_risk_2019_2020": 0.0037293285931146894,
        "sortino_ratio_2019_2020": 6.358749836023525,
        "max_drawdown_2019_2020": 0.0034188695788692778,
        "calmar_ratio_2019_2020": 7.011675345844733,
        "perc_pos_return_2019_2020": 0.5807692307692308,
        "profit_loss_ratio_2019_2020": 1.34420214996441,
        "sharpe_ratio_2019": 3.4056791893424396,
        "annual_return_2019_2020_0_5_bps": 0.019779672387157277,
        "annual_volatility_2019_2020_0_5_bps": 0.006883181700586896,
        "sharpe_ratio_2019_2020_0_5_bps": 2.84911095516299,
        "downside_risk_2019_2020_0_5_bps": 0.0038618139649865928,
        "sortino_ratio_2019_2020_0_5_bps": 5.078170146807584,
        "max_drawdown_2019_2020_0_5_bps": 0.004119969736498124,
        "calmar_ratio_2019_2020_0_5_bps": 4.8009266213614294,
        "perc_pos_return_2019_2020_0_5_bps": 0.5653846153846154,
        "profit_loss_ratio_2019_2020_0_5_bps": 1.282658155638152,
        "sharpe_ratio_2019_0_5_bps": 2.8072710102109872,
        "annual_return_2019_2020_1_0_bps": 0.015604432368821808,
        "annual_volatility_2019_2020_1_0_bps": 0.006887153000852012,
        "sharpe_ratio_2019_2020_1_0_bps": 2.2517329290019696,
        "downside_risk_2019_2020_1_0_bps": 0.003998257365980653,
        "sortino_ratio_2019_2020_1_0_bps": 3.878697087147003,
        "max_drawdown_2019_2020_1_0_bps": 0.00489733549948971,
        "calmar_ratio_2019_2020_1_0_bps": 3.1863106724968606,
        "perc_pos_return_2019_2020_1_0_bps": 0.5423076923076923,
        "profit_loss_ratio_2019_2020_1_0_bps": 1.263398718915977,
        "sharpe_ratio_2019_1_0_bps": 2.2090626670428017,
        "annual_return_2019_2020_1_5_bps": 0.011446214103004726,
        "annual_volatility_2019_2020_1_5_bps": 0.006891869983037566,
        "sharpe_ratio_2019_2020_1_5_bps": 1.654864359997708,
        "downside_risk_2019_2020_1_5_bps": 0.004138490354578848,
        "sortino_ratio_2019_2020_1_5_bps": 2.755862411530862,
        "max_drawdown_2019_2020_1_5_bps": 0.0056741101638141936,
        "calmar_ratio_2019_2020_1_5_bps": 2.017270333593676,
        "perc_pos_return_2019_2020_1_5_bps": 0.5307692307692308,
        "profit_loss_ratio_2019_2020_1_5_bps": 1.188159054381138,
        "sharpe_ratio_2019_1_5_bps": 1.611226018768892,
        "annual_return_2019_2020_2_0_bps": 0.007304948491360985,
        "annual_volatility_2019_2020_2_0_bps": 0.0068973311172614024,
        "sharpe_ratio_2019_2020_2_0_bps": 1.0586980230608234,
        "downside_risk_2019_2020_2_0_bps": 0.004282336537885321,
        "sortino_ratio_2019_2020_2_0_bps": 1.7051884534620143,
        "max_drawdown_2019_2020_2_0_bps": 0.006450294167039618,
        "calmar_ratio_2019_2020_2_0_bps": 1.1324985035083468,
        "perc_pos_return_2019_2020_2_0_bps": 0.5,
        "profit_loss_ratio_2019_2020_2_0_bps": 1.2077223697586073,
        "sharpe_ratio_2019_2_0_bps": 1.0139321019665177,
        "annual_return_2019_2020_2_5_bps": 0.003180566714814592,
        "annual_volatility_2019_2020_2_5_bps": 0.006903534637509211,
        "sharpe_ratio_2019_2020_2_5_bps": 0.46342515766220754,
        "downside_risk_2019_2020_2_5_bps": 0.004429776531279219,
        "sortino_ratio_2019_2020_2_5_bps": 0.722219643637495,