{
    "ALL": {
        "performance_sw": 3.7196870681611336,
        "performance_fw": 4.283866755384076,
        "val_loss": 3.404867111885213,
        "annual_return_2019_2020": 0.0300624447570923,
        "annual_volatility_2019_2020": 0.007971857166611784,
        "sharpe_ratio_2019_2020": 3.719687068161133,
        "downside_risk_2019_2020": 0.004494758451337258,
        "sortino_ratio_2019_2020": 6.597198566488338,
        "max_drawdown_2019_2020": 0.004078631362027636,
        "calmar_ratio_2019_2020": 7.370718775169513,
        "perc_pos_return_2019_2020": 0.5846153846153846,
        "profit_loss_ratio_2019_2020": 1.3214774440220678,
        "sharpe_ratio_2019": 3.695389278662174,
        "annual_return_2019_2020_0_5_bps": 0.024125594458969557,
        "annual_volatility_2019_2020_0_5_bps": 0.007963930112917975,
        "sharpe_ratio_2019_2020_0_5_bps": 2.997500219085924,
        "downside_risk_2019_2020_0_5_bps": 0.00467086027706549,
        "sortino_ratio_2019_2020_0_5_bps": 5.110810609229857,
        "max_drawdown_2019_2020_0_5_bps": 0.004419812938633072,
        "calmar_ratio_2019_2020_0_5_bps": 5.458510302119471,
        "perc_pos_return_2019_2020_0_5_bps": 0.5769230769230769,
        "profit_loss_ratio_2019_2020_0_5_bps": 1.2076661641594277,
        "sharpe_ratio_2019_0_5_bps": 2.9690567491068225,
        "annual_return_2019_2020_1_0_bps": 0.018222818188335932,
        "annual_volatility_2019_2020_1_0_bps": 0.007957048459359649,
        "sharpe_ratio_2019_2020_1_0_bps": 2.273575509441551,
        "downside_risk_2019_2020_1_0_bps": 0.0048530435846817965,
        "sortino_ratio_2019_2020_1_0_bps": 3.7277535610317214,
        "max_drawdown_2019_2020_1_0_bps": 0.004760884819305744,
        "calmar_ratio_2019_2020_1_0_bps": 3.82761164782669,
        "perc_pos_return_2019_2020_1_0_bps": 0.5615384615384615,
        "profit_loss_ratio_2019_2020_1_0_bps": 1.1393243516405454,
        "sharpe_ratio_2019_1_0_bps": 2.241310582951028,
        "annual_return_2019_2020_1_5_bps": 0.01235392120365697,
        "annual_volatility_2019_2020_1_5_bps": 0.007951214920270226,
        "sharpe_ratio_2019_2020_1_5_bps": 1.5481934364068815,
        "downside_risk_2019_2020_1_5_bps": 0.00504114875773256,
        "sortino_ratio_2019_2020_1_5_bps": 2.44190745852136,
        "max_drawdown_2019_2020_1_5_bps": 0.005354428206145841,
        "calmar_ratio_2019_2020_1_5_bps": 2.3072344474573536,
        "perc_pos_return_2019_2020_1_5_bps": 0.5307692307692308,
        "profit_loss_ratio_2019_2020_1_5_bps": 1.142965821940928,
        "sharpe_ratio_2019_1_5_bps": 1.512390346716405,
        "annual_return_2019_2020_2_0_bps": 0.006518709871693895,
        "annual_volatility_2019_2020_2_0_bps": 0.007946431803937665,
        "sharpe_ratio_2019_2020_2_0_bps": 0.8216375800482685,
        "downside_risk_2019_2020_2_0_bps": 0.005235213749452027,
        "sortino_ratio_2019_2020_2_0_bps": 1.2471481222881,
        "max_drawdown_2019_2020_2_0_bps": 0.006313522586935266,
        "calmar_ratio_2019_2020_2_0_bps": 1.032499651649814,
        "perc_pos_return_2019_2020_2_0_bps": 0.5076923076923077,
        "profit_loss_ratio_2019_2020_2_0_bps": 1.111078428112664,
        "sharpe_ratio_2019_2_0_bps": 0.782537701715465,
        "annual_return_2019_2020_2_5_bps": 0.0007169916612119742,
        "annual_volatility_2019_2020_2_5_bps": 0.007942701008064584,
        "sharpe_ratio_2019_2020_2_5_bps": 0.09419405854877487,
        "downside_risk_2019_2020_2_5_bps": 0.005435115167887145,
        "sortino_ratio_2019_2020_2_5_bps": 0.13765214179994784,
        "max_drawdown_2019_2020_2_5_bps": 0.007295128876459988,
        "calmar_ratio_2019_2020_2_5_bps": 0.09828361819975132,
        "perc_pos_return_2019_2020_2_5_bps": 0.4846153846153846,
        "profit_loss_ratio_2019_2020_2_5_bps": 1.080180697182928,
        "sharpe_ratio_2019_2_5_bps": 0.05199600853172057,
        "annual_return_2019_2020_3_0_bps": -0.0050514248632493874,
        "annual_volatility_2019_2020_3_0_bps": 0.007940024016019244,
        "sharpe_ratio_2019_2020_3_0_bps": -0.6338490286268735,
        "downside_risk_2019_2020_3_0_bps": 0.0056407822481557,
        "sortino_ratio_2019_2020_3_0_bps": -0.8922125138713431,
        "max_drawdown_2019_2020_3_0_bps": 0.00832626219515895,
        "calmar_ratio_2019_2020_3_0_bps": -0.6066857786662523,
        "perc_pos_return_2019_2020_3_0_bps": 0.46923076923076923,
        "profit_loss_ratio_2019_2020_3_0_bps": 1.0188643328163165,
        "sharpe_ratio_2019_3_0_bps": -0.6789900753326878
    },
    "COMB": {
        "annual_return_2019_2020": 0.0300624447570923,
        "annual_volatility_2019_2020": 0.007971857166611784,
        "sharpe_ratio_2019_2020": 3.719687068161133,
        "downside_risk_2019_2020": 0.004494758451337258,
        "sortino_ratio_2019_2020": 6.597198566488338,
        "max_drawdown_2019_2020": 0.004078631362027636,
        "calmar_ratio_2019_2020": 7.370718775169513,
        "perc_pos_return_2019_2020": 0.5846153846153846,
        "profit_loss_ratio_2019_2020": 1.3214774440220678,
        "sharpe_ratio_2019": 3.695389278662174,
        "annual_return_2019_2020_0_5_bps": 0.024125594458969557,
        "annual_volatility_2019_2020_0_5_bps": 0.007963930112917975,
        "sharpe_ratio_2019_2020_0_5_bps": 2.997500219085924,
        "downside_risk_2019_2020_0_5_bps": 0.00467086027706549,
        "sortino_ratio_2019_2020_0_5_bps": 5.110810609229857,
        "max_drawdown_2019_2020_0_5_bps": 0.004419812938633072,
        "calmar_ratio_2019_2020_0_5_bps": 5.458510302119471,
        "perc_pos_return_2019_2020_0_5_bps": 0.5769230769230769,
        "profit_loss_ratio_2019_2020_0_5_bps": 1.2076661641594277,
        "sharpe_ratio_2019_0_5_bps": 2.9690567491068225,
        "annual_return_2019_2020_1_0_bps": 0.018222818188335932,
        "annual_volatility_2019_2020_1_0_bps": 0.007957048459359649,
        "sharpe_ratio_2019_2020_1_0_bps": 2.273575509441551,
        "downside_risk_2019_2020_1_0_bps": 0.0048530435846817965,
        "sortino_ratio_2019_2020_1_0_bps": 3.7277535610317214,
        "max_drawdown_2019_2020_1_0_bps": 0.004760884819305744,
        "calmar_ratio_2019_2020_1_0_bps": 3.82761164782669,
        "perc_pos_return_2019_2020_1_0_bps": 0.5615384615384615,
        "profit_loss_ratio_2019_2020_1_0_bps": 1.1393243516405454,
        "sharpe_ratio_2019_1_0_bps": 2.241310582951028,
        "annual_return_2019_2020_1_5_bps": 0.01235392120365697,
        "annual_volatility_2019_2020_1_5_bps": 0.007951214920270226,
        "sharpe_ratio_2019_2020_1_5_bps": 1.5481934364068815,
        "downside_risk_2019_2020_1_5_bps": 0.00504114875773256,
        "sortino_ratio_2019_2020_1_5_bps": 2.44190745852136,
        "max_drawdown_2019_2020_1_5_bps": 0.005354428206145841,
        "calmar_ratio_2019_2020_1_5_bps": 2.3072344474573536,
        "perc_pos_return_2019_2020_1_5_bps": 0.5307692307692308,
        "profit_loss_ratio_2019_2020_1_5_bps": 1.142965821940928,
        "sharpe_ratio_2019_1_5_bps": 1.512390346716405,
        "annual_return_2019_2020_2_0_bps": 0.006518709871693895,
        "annual_volatility_2019_2020_2_0_bps": 0.007946431803937665,
        "sharpe_ratio_2019_2020_2_0_bps": 0.8216375800482685,
        "downside_risk_2019_2020_2_0_bps": 0.005235213749452027,
        "sortino_ratio_2019_2020_2_0_bps": 1.2471481222881,
        "max_drawdown_2019_2020_2_0_bps": 0.006313522586935266,
        "calmar_ratio_2019_2020_2_0_bps": 1.032499651649814,
        "perc_pos_return_2019_2020_2_0_bps": 0.5076923076923077,
        "profit_loss_ratio_2019_2020_2_0_bps": 1.111078428112664,
        "sharpe_ratio_2019_2_0_bps": 0.782537701715465,
        "annual_return_2019_2020_2_5_bps": 0.0007169916612119742,
        "annual_volatility_2019_2020_2_5_bps": 0.007942701008064584,
        "sharpe_ratio_2019_2020_2_5_bps": 0.09419405854877487,
        "downside_risk_2019_2020_2_5_bps": 0.005435115167887145,
        "sortino_ratio_2019_2020_2_5_bps": 0.13765214179994784,