{
    "ALL": {
        "annual_return": 0.025659958260084003,
        "annual_volatility": 0.028822430299688003,
        "sharpe_ratio": 0.9941902536514227,
        "downside_risk": 0.0200425085527185,
        "sortino_ratio": 1.6350206337024962,
        "max_drawdown": 0.018960549413399003,
        "calmar_ratio": 2.0475786634781796,
        "perc_pos_return": 0.541848562396507,
        "profit_loss_ratio": 1.0389541120050525,
        "annual_return_0_5_bps": 0.024958807210102005,
        "annual_volatility_0_5_bps": 0.028823867967659504,
        "sharpe_ratio_0_5_bps": 0.9705110286721701,
        "downside_risk_0_5_bps": 0.0200580140688725,
        "sortino_ratio_0_5_bps": 1.59776568963294,
        "max_drawdown_0_5_bps": 0.019047032230147504,
        "calmar_ratio_0_5_bps": 1.9941138290044276,
        "perc_pos_return_0_5_bps": 0.5391050730091821,
        "profit_loss_ratio_0_5_bps": 1.0455168567421276,
        "annual_return_1_0_bps": 0.024258158625901503,
        "annual_volatility_1_0_bps": 0.028825317375624,
        "sharpe_ratio_1_0_bps": 0.9468339556252565,
        "downside_risk_1_0_bps": 0.0200735497638705,
        "sortino_ratio_1_0_bps": 1.5605772236719986,
        "max_drawdown_1_0_bps": 0.019133507028906503,
        "calmar_ratio_1_0_bps": 1.9412450213772299,
        "perc_pos_return_1_0_bps": 0.5391050730091821,
        "profit_loss_ratio_1_0_bps": 1.0405664896019646,
        "annual_return_1_5_bps": 0.02355801213246,
        "annual_volatility_1_5_bps": 0.028826778520343002,
        "sharpe_ratio_1_5_bps": 0.9231590658366495,
        "downside_risk_1_5_bps": 0.0200891156510135,
        "sortino_ratio_1_5_bps": 1.5234552323333141,
        "max_drawdown_1_5_bps": 0.0192199738104505,
        "calmar_ratio_1_5_bps": 1.888962487155427,
        "perc_pos_return_1_5_bps": 0.5377314466355556,
        "profit_loss_ratio_1_5_bps": 1.0406191483638605,
        "annual_return_2_0_bps": 0.022858367355058,
        "annual_volatility_2_0_bps": 0.028828251398556003,
        "sharpe_ratio_2_0_bps": 0.8994863905989461,
        "downside_risk_2_0_bps": 0.0201047117862165,
        "sortino_ratio_2_0_bps": 1.486399711696271,
        "max_drawdown_2_0_bps": 0.019306432575554502,
        "calmar_ratio_2_0_bps": 1.8372566886798072,
        "perc_pos_return_2_0_bps": 0.5377314466355556,
        "profit_loss_ratio_2_0_bps": 1.035692923249961,
        "annual_return_2_5_bps": 0.022159223919254005,
        "annual_volatility_2_5_bps": 0.028829736006984505,
        "sharpe_ratio_2_5_bps": 0.8758159611710971,
        "downside_risk_2_5_bps": 0.020120338146273502,
        "sortino_ratio_2_5_bps": 1.449410657208608,
        "max_drawdown_2_5_bps": 0.019392883324995003,
        "calmar_ratio_2_5_bps": 1.786118298040656,
        "perc_pos_return_2_5_bps": 0.534987957248231,
        "profit_loss_ratio_2_5_bps": 1.042222527888099,
        "annual_return_3_0_bps": 0.021460581450892,
        "annual_volatility_3_0_bps": 0.028831232342328504,
        "sharpe_ratio_3_0_bps": 0.852147808778137,
        "downside_risk_3_0_bps": 0.0201359949532015,
        "sortino_ratio_3_0_bps": 1.4124880278627414,
        "max_drawdown_3_0_bps": 0.0194794113720895,
        "calmar_ratio_3_0_bps": 1.7355131511312032,
        "perc_pos_return_3_0_bps": 0.530870841487279,
        "profit_loss_ratio_3_0_bps": 1.0538366310295946,
        "annual_return_rescaled": 0.08884830247220543,
        "annual_volatility_rescaled": 0.12463645764920817,
        "downside_risk_rescaled": 0.08666955709289662,
        "max_drawdown_rescaled": 0.09630227638595597,
        "annual_return_rescaled_0_5_bps": 0.0861909541553958,
        "annual_volatility_rescaled_0_5_bps": 0.1246364576492087,
        "downside_risk_rescaled_0_5_bps": 0.08673228117153522,
        "max_drawdown_rescaled_0_5_bps": 0.09670842798058767,
        "annual_return_rescaled_1_0_bps": 0.0835406253696982,
        "annual_volatility_rescaled_1_0_bps": 0.12463645764920922,
        "downside_risk_rescaled_1_0_bps": 0.08679509413241158,
        "max_drawdown_rescaled_1_0_bps": 0.09711430882738399,
        "annual_return_rescaled_1_5_bps": 0.0808972994502255,
        "annual_volatility_rescaled_1_5_bps": 0.12463645764920687,
        "downside_risk_rescaled_1_5_bps": 0.0868579959526416,
        "max_drawdown_rescaled_1_5_bps": 0.09751991866327436,
        "annual_return_rescaled_2_0_bps": 0.07826095975664082,
        "annual_volatility_rescaled_2_0_bps": 0.12463645764920724,
        "downside_risk_rescaled_2_0_bps": 0.08692098679345514,
        "max_drawdown_rescaled_2_0_bps": 0.09792525722643855,
        "annual_return_rescaled_2_5_bps": 0.07563158967318762,
        "annual_volatility_rescaled_2_5_bps": 0.12463645764920664,
        "downside_risk_rescaled_2_5_bps": 0.08698406647387388,
        "max_drawdown_rescaled_2_5_bps": 0.09833032425629293,
        "annual_return_rescaled_3_0_bps": 0.07300917260874684,
        "annual_volatility_rescaled_3_0_bps": 0.12463645764920775,
        "downside_risk_rescaled_3_0_bps": 0.0870472358729113,
        "max_drawdown_rescaled_3_0_bps": 0.09873554360267903,
        "sharpe_ratio_years": 0.8259402193154346,
        "sharpe_ratio_years_0_5_bps": 0.8062543451219445,
        "sharpe_ratio_years_1_0_bps": 0.7865702613680675,
        "sharpe_ratio_years_1_5_bps": 0.766887994098685,
        "sharpe_ratio_years_2_0_bps": 0.747207569330943,
        "sharpe_ratio_years_2_5_bps": 0.7275290130540251,
        "sharpe_ratio_years_3_0_bps": 0.707852351228923,
        "sharpe_ratio_years_std": 0.46447831914526355,
        "sharpe_ratio_years_std_0_5_bps": 0.46531578738807144,
        "sharpe_ratio_years_std_1_0_bps": 0.4661550230252685,
        "sharpe_ratio_years_std_1_5_bps": 0.4669960419295369,
        "sharpe_ratio_years_std_2_0_bps": 0.467838859945998,
        "sharpe_ratio_years_std_2_5_bps": 0.46868349289201205,
        "sharpe_ratio_years_std_3_0_bps": 0.469529956556981
    },
    "COMB": {
        "annual_return": 0.025659958260084003,
        "annual_volatility": 0.028822430299688003,
        "sharpe_ratio": 0.9941902536514227,
        "downside_risk": 0.0200425085527185,
        "sortino_ratio": 1.6350206337024962,
        "max_drawdown": 0.018960549413399003,
        "calmar_ratio": 2.0475786634781796,
        "perc_pos_return": 0.541848562396507,
        "profit_loss_ratio": 1.0389541120050525,
        "annual_return_0_5_bps": 0.024958807210102005,
        "annual_volatility_0_5_bps": 0.028823867967659504,
        "sharpe_ratio_0_5_bps": 0.9705110286721701,
        "downside_risk_0_5_bps": 0.0200580140688725,
        "sortino_ratio_0_5_bps": 1.59776568963294,
        "max_drawdown_0_5_bps": 0.019047032230147504,
        "calmar_ratio_0_5_bps": 1.9941138290044276,
        "perc_pos_return_0_5_bps": 0.5391050730091821,
        "profit_loss_ratio_0_5_bps": 1.0455168567421276,
        "annual_return_1_0_bps": 0.024258158625901503,
        "annual_volatility_1_0_bps": 0.028825317375624,
        "sharpe_ratio_1_0_bps": 0.9468339556252565,
        "downside_risk_1_0_bps": 0.0200735497638705,
        "sortino_ratio_1_0_bps": 1.5605772236719986,
        "max_drawdown_1_0_bps": 0.019133507028906503,
        "calmar_ratio_1_0_bps": 1.9412450213772299,
        "perc_pos_return_1_0_bps": 0.5391050730091821,
        "profit_loss_ratio_1_0_bps": 1.0405664896019646,
        "annual_return_1_5_bps": 0.02355801213246,
        "annual_volatility_1_5_bps": 0.028826778520343002,
        "sharpe_ratio_1_5_bps": 0.9231590658366495,
        "downside_risk_1_5_bps": 0.0200891156510135,
        "sortino_ratio_1_5_bps": 1.5234552323333141,
        "max_drawdown_1_5_bps": 0.0192199738104505,
        "calmar_ratio_1_5_bps": 1.888962487155427,
        "perc_pos_return_1_5_bps": 0.5377314466355556,
        "profit_loss_ratio_1_5_bps": 1.0406191483638605,
        "annual_return_2_0_bps": 0.022858367355058,
        "annual_volatility_2_0_bps": 0.028828251398556003,
        "sharpe_ratio_2_0_bps": 0.8994863905989461,