{
    "ALL": {
        "performance_sw": 0.8582210177840572,
        "performance_fw": 0.7106030279501052,
        "val_loss": 2.0460736014781697,
        "annual_return_2018_2019": 0.005757919382120225,
        "annual_volatility_2018_2019": 0.006716149227506373,
        "sharpe_ratio_2018_2019": 0.8582210177840573,
        "downside_risk_2018_2019": 0.004823820740333758,
        "sortino_ratio_2018_2019": 1.1948910906712766,
        "max_drawdown_2018_2019": 0.004219868685148519,
        "calmar_ratio_2018_2019": 1.3644783313719566,
        "perc_pos_return_2018_2019": 0.5307692307692308,
        "profit_loss_ratio_2018_2019": 1.0193388607666054,
        "sharpe_ratio_2018": 0.7859367482833024,
        "annual_return_2018_2019_0_5_bps": 0.0012250272694642739,
        "annual_volatility_2018_2019_0_5_bps": 0.0067118080676105765,
        "sharpe_ratio_2018_2019_0_5_bps": 0.1857503917873743,
        "downside_risk_2018_2019_0_5_bps": 0.004963686839570074,
        "sortino_ratio_2018_2019_0_5_bps": 0.2511683388689178,
        "max_drawdown_2018_2019_0_5_bps": 0.006250983578660163,
        "calmar_ratio_2018_2019_0_5_bps": 0.1959735222543724,
        "perc_pos_return_2018_2019_0_5_bps": 0.5192307692307693,
        "profit_loss_ratio_2018_2019_0_5_bps": 0.9549402798629876,
        "sharpe_ratio_2018_0_5_bps": 0.12795179855465527,
        "annual_return_2018_2019_1_0_bps": -0.003287520481517925,
        "annual_volatility_2018_2019_1_0_bps": 0.0067081268916492015,
        "sharpe_ratio_2018_2019_1_0_bps": -0.48754272573031554,
        "downside_risk_2018_2019_1_0_bps": 0.005107553952793659,
        "sortino_ratio_2018_2019_1_0_bps": -0.6403257801144967,
        "max_drawdown_2018_2019_1_0_bps": 0.008277992923379001,
        "calmar_ratio_2018_2019_1_0_bps": -0.39713980332517473,
        "perc_pos_return_2018_2019_1_0_bps": 0.5,
        "profit_loss_ratio_2018_2019_1_0_bps": 0.9220909776838696,
        "sharpe_ratio_2018_1_0_bps": -0.5306905575600084,
        "annual_return_2018_2019_1_5_bps": -0.00777981479772949,
        "annual_volatility_2018_2019_1_5_bps": 0.006705106786637239,
        "sharpe_ratio_2018_2019_1_5_bps": -1.1614606843070132,
        "downside_risk_2018_2019_1_5_bps": 0.005255413960616288,
        "sortino_ratio_2018_2019_1_5_bps": -1.481846715619342,
        "max_drawdown_2018_2019_1_5_bps": 0.011381993342145,
        "calmar_ratio_2018_2019_1_5_bps": -0.6835195350995822,
        "perc_pos_return_2018_2019_1_5_bps": 0.4846153846153846,
        "profit_loss_ratio_2018_2019_1_5_bps": 0.8763736656647264,
        "sharpe_ratio_2018_1_5_bps": -1.1898324707141728,
        "annual_return_2018_2019_2_0_bps": -0.01225194620139436,
        "annual_volatility_2018_2019_2_0_bps": 0.006702748646165029,
        "sharpe_ratio_2018_2019_2_0_bps": -1.8358046845840394,
        "downside_risk_2018_2019_2_0_bps": 0.005407213888498041,
        "sortino_ratio_2018_2019_2_0_bps": -2.275652048903326,
        "max_drawdown_2018_2019_2_0_bps": 0.01517498705273788,
        "calmar_ratio_2018_2019_2_0_bps": -0.8073777037710129,
        "perc_pos_return_2018_2019_2_0_bps": 0.47307692307692306,
        "profit_loss_ratio_2018_2019_2_0_bps": 0.8197611071271979,
        "sharpe_ratio_2018_2_0_bps": -1.849315339327148,
        "annual_return_2018_2019_2_5_bps": -0.01670400481185985,
        "annual_volatility_2018_2019_2_5_bps": 0.006701053169080387,
        "sharpe_ratio_2018_2019_2_5_bps": -2.510375068996426,
        "downside_risk_2018_2019_2_5_bps": 0.005562822272095157,
        "sortino_ratio_2018_2019_2_5_bps": -3.0240327640996285,
        "max_drawdown_2018_2019_2_5_bps": 0.019282389456942866,
        "calmar_ratio_2018_2019_2_5_bps": -0.8662829287396934,
        "perc_pos_return_2018_2019_2_5_bps": 0.45384615384615384,
        "profit_loss_ratio_2018_2019_2_5_bps": 0.7902471044642189,
        "sharpe_ratio_2018_2_5_bps": -2.5089799990257586,
        "annual_return_2018_2019_3_0_bps": -0.021136080347355035,
        "annual_volatility_2018_2019_3_0_bps": 0.006700020858455164,
        "sharpe_ratio_2018_2019_3_0_bps": -3.1849716157538883,
        "downside_risk_2018_2019_3_0_bps": 0.005722192241559617,
        "sortino_ratio_2018_2019_3_0_bps": -3.729230923797576,
        "max_drawdown_2018_2019_3_0_bps": 0.023372738152689275,
        "calmar_ratio_2018_2019_3_0_bps": -0.9043048447844401,
        "perc_pos_return_2018_2019_3_0_bps": 0.4346153846153846,
        "profit_loss_ratio_2018_2019_3_0_bps": 0.7618921764968034,
        "sharpe_ratio_2018_3_0_bps": -3.1686669138485826
    },
    "COMB": {
        "annual_return_2018_2019": 0.005757919382120225,
        "annual_volatility_2018_2019": 0.006716149227506373,
        "sharpe_ratio_2018_2019": 0.8582210177840573,
        "downside_risk_2018_2019": 0.004823820740333758,
        "sortino_ratio_2018_2019": 1.1948910906712766,
        "max_drawdown_2018_2019": 0.004219868685148519,
        "calmar_ratio_2018_2019": 1.3644783313719566,
        "perc_pos_return_2018_2019": 0.5307692307692308,
        "profit_loss_ratio_2018_2019": 1.0193388607666054,
        "sharpe_ratio_2018": 0.7859367482833024,
        "annual_return_2018_2019_0_5_bps": 0.0012250272694642739,
        "annual_volatility_2018_2019_0_5_bps": 0.0067118080676105765,
        "sharpe_ratio_2018_2019_0_5_bps": 0.1857503917873743,
        "downside_risk_2018_2019_0_5_bps": 0.004963686839570074,
        "sortino_ratio_2018_2019_0_5_bps": 0.2511683388689178,
        "max_drawdown_2018_2019_0_5_bps": 0.006250983578660163,
        "calmar_ratio_2018_2019_0_5_bps": 0.1959735222543724,
        "perc_pos_return_2018_2019_0_5_bps": 0.5192307692307693,
        "profit_loss_ratio_2018_2019_0_5_bps": 0.9549402798629876,
        "sharpe_ratio_2018_0_5_bps": 0.12795179855465527,
        "annual_return_2018_2019_1_0_bps": -0.003287520481517925,
        "annual_volatility_2018_2019_1_0_bps": 0.0067081268916492015,
        "sharpe_ratio_2018_2019_1_0_bps": -0.48754272573031554,
        "downside_risk_2018_2019_1_0_bps": 0.005107553952793659,
        "sortino_ratio_2018_2019_1_0_bps": -0.6403257801144967,
        "max_drawdown_2018_2019_1_0_bps": 0.008277992923379001,
        "calmar_ratio_2018_2019_1_0_bps": -0.39713980332517473,
        "perc_pos_return_2018_2019_1_0_bps": 0.5,
        "profit_loss_ratio_2018_2019_1_0_bps": 0.9220909776838696,
        "sharpe_ratio_2018_1_0_bps": -0.5306905575600084,
        "annual_return_2018_2019_1_5_bps": -0.00777981479772949,
        "annual_volatility_2018_2019_1_5_bps": 0.006705106786637239,
        "sharpe_ratio_2018_2019_1_5_bps": -1.1614606843070132,
        "downside_risk_2018_2019_1_5_bps": 0.005255413960616288,
        "sortino_ratio_2018_2019_1_5_bps": -1.481846715619342,
        "max_drawdown_2018_2019_1_5_bps": 0.011381993342145,
        "calmar_ratio_2018_2019_1_5_bps": -0.6835195350995822,
        "perc_pos_return_2018_2019_1_5_bps": 0.4846153846153846,
        "profit_loss_ratio_2018_2019_1_5_bps": 0.8763736656647264,
        "sharpe_ratio_2018_1_5_bps": -1.1898324707141728,
        "annual_return_2018_2019_2_0_bps": -0.01225194620139436,
        "annual_volatility_2018_2019_2_0_bps": 0.006702748646165029,
        "sharpe_ratio_2018_2019_2_0_bps": -1.8358046845840394,
        "downside_risk_2018_2019_2_0_bps": 0.005407213888498041,
        "sortino_ratio_2018_2019_2_0_bps": -2.275652048903326,
        "max_drawdown_2018_2019_2_0_bps": 0.01517498705273788,
        "calmar_ratio_2018_2019_2_0_bps": -0.8073777037710129,
        "perc_pos_return_2018_2019_2_0_bps": 0.47307692307692306,
        "profit_loss_ratio_2018_2019_2_0_bps": 0.8197611071271979,
        "sharpe_ratio_2018_2_0_bps": -1.849315339327148,
        "annual_return_2018_2019_2_5_bps": -0.01670400481185985,
        "annual_volatility_2018_2019_2_5_bps": 0.006701053169080387,
        "sharpe_ratio_2018_2019_2_5_bps": -2.510375068996426,
        "downside_risk_2018_2019_2_5_bps": 0.005562822272095157,