{
    "ALL": {
        "performance_sw": 2.8235520070338165,
        "performance_fw": 3.4961652619170867,
        "val_loss": 2.630919004149137,
        "annual_return_2020_2021": 0.03629166227797165,
        "annual_volatility_2020_2021": 0.01265461297396513,
        "sharpe_ratio_2020_2021": 2.823552007033816,
        "downside_risk_2020_2021": 0.008778775324568892,
        "sortino_ratio_2020_2021": 4.070152901723804,
        "max_drawdown_2020_2021": 0.010302657805911351,
        "calmar_ratio_2020_2021": 3.5225533994877125,
        "perc_pos_return_2020_2021": 0.6038461538461538,
        "profit_loss_ratio_2020_2021": 1.0854607133552108,
        "sharpe_ratio_2020": 2.800123723234835,
        "annual_return_2020_2021_0_5_bps": 0.030203193044400667,
        "annual_volatility_2020_2021_0_5_bps": 0.01266066443945228,
        "sharpe_ratio_2020_2021_0_5_bps": 2.3567244195848467,
        "downside_risk_2020_2021_0_5_bps": 0.008926133325730513,
        "sortino_ratio_2020_2021_0_5_bps": 3.342734862206954,
        "max_drawdown_2020_2021_0_5_bps": 0.01151702699011697,
        "calmar_ratio_2020_2021_0_5_bps": 2.622481745533698,
        "perc_pos_return_2020_2021_0_5_bps": 0.5961538461538461,
        "profit_loss_ratio_2020_2021_0_5_bps": 1.03209836522624,
        "sharpe_ratio_2020_0_5_bps": 2.3335727195553964,
        "annual_return_2020_2021_1_0_bps": 0.024150328701347812,
        "annual_volatility_2020_2021_1_0_bps": 0.012668667473390516,
        "sharpe_ratio_2020_2021_1_0_bps": 1.8900516802316627,
        "downside_risk_2020_2021_1_0_bps": 0.009078527774328628,
        "sortino_ratio_2020_2021_1_0_bps": 2.6374800892371213,
        "max_drawdown_2020_2021_1_0_bps": 0.01272993955641725,
        "calmar_ratio_2020_2021_1_0_bps": 1.8971283087651005,
        "perc_pos_return_2020_2021_1_0_bps": 0.5846153846153846,
        "profit_loss_ratio_2020_2021_1_0_bps": 0.9966209587334212,
        "sharpe_ratio_2020_1_0_bps": 1.867178145447354,
        "annual_return_2020_2021_1_5_bps": 0.01813286200576769,
        "annual_volatility_2020_2021_1_5_bps": 0.012678618380156426,
        "sharpe_ratio_2020_2021_1_5_bps": 1.4237494098238272,
        "downside_risk_2020_2021_1_5_bps": 0.009236026180510974,
        "sortino_ratio_2020_2021_1_5_bps": 1.954430951508041,
        "max_drawdown_2020_2021_1_5_bps": 0.013976968122830247,
        "calmar_ratio_2020_2021_1_5_bps": 1.2973387251380453,
        "perc_pos_return_2020_2021_1_5_bps": 0.5692307692307692,
        "profit_loss_ratio_2020_2021_1_5_bps": 0.976866696150608,
        "sharpe_ratio_2020_1_5_bps": 1.401153517141297,
        "annual_return_2020_2021_2_0_bps": 0.012150586915244732,
        "annual_volatility_2020_2021_2_0_bps": 0.012690512577642568,
        "sharpe_ratio_2020_2021_2_0_bps": 0.9580318015916589,
        "downside_risk_2020_2021_2_0_bps": 0.00939869728787502,
        "sortino_ratio_2020_2021_2_0_bps": 1.2935744449994235,
        "max_drawdown_2020_2021_2_0_bps": 0.0152269011829063,
        "calmar_ratio_2020_2021_2_0_bps": 0.7979684618223546,
        "perc_pos_return_2020_2021_2_0_bps": 0.5538461538461539,
        "profit_loss_ratio_2020_2021_2_0_bps": 0.9568085626570086,
        "sharpe_ratio_2020_2_0_bps": 0.9357109461394987,
        "annual_return_2020_2021_2_5_bps": 0.006203298581088257,
        "annual_volatility_2020_2021_2_5_bps": 0.0127043446077448,
        "sharpe_ratio_2020_2021_2_5_bps": 0.49311113741457735,
        "downside_risk_2020_2021_2_5_bps": 0.009566637664243123,
        "sortino_ratio_2020_2021_2_5_bps": 0.6548438479118909,
        "max_drawdown_2020_2021_2_5_bps": 0.01647528388054961,
        "calmar_ratio_2020_2021_2_5_bps": 0.37652149887455033,
        "perc_pos_return_2020_2021_2_5_bps": 0.5346153846153846,
        "profit_loss_ratio_2020_2021_2_5_bps": 0.9512305243273135,
        "sharpe_ratio_2020_2_5_bps": 0.4710606644806077,
        "annual_return_2020_2021_3_0_bps": 0.00029079334143577995,
        "annual_volatility_2020_2021_3_0_bps": 0.012720108148782808,
        "sharpe_ratio_2020_2021_3_0_bps": 0.02919731554472706,
        "downside_risk_2020_2021_3_0_bps": 0.009739933289484531,
        "sortino_ratio_2020_2021_3_0_bps": 0.03813096048450666,
        "max_drawdown_2020_2021_3_0_bps": 0.017722118096528038,
        "calmar_ratio_2020_2021_3_0_bps": 0.016408498118108673,
        "perc_pos_return_2020_2021_3_0_bps": 0.5153846153846153,
        "profit_loss_ratio_2020_2021_3_0_bps": 0.9452517275465308,
        "sharpe_ratio_2020_3_0_bps": 0.007410561157424372
    },
    "COMB": {
        "annual_return_2020_2021": 0.03629166227797165,
        "annual_volatility_2020_2021": 0.01265461297396513,
        "sharpe_ratio_2020_2021": 2.823552007033816,
        "downside_risk_2020_2021": 0.008778775324568892,
        "sortino_ratio_2020_2021": 4.070152901723804,
        "max_drawdown_2020_2021": 0.010302657805911351,
        "calmar_ratio_2020_2021": 3.5225533994877125,
        "perc_pos_return_2020_2021": 0.6038461538461538,
        "profit_loss_ratio_2020_2021": 1.0854607133552108,
        "sharpe_ratio_2020": 2.800123723234835,
        "annual_return_2020_2021_0_5_bps": 0.030203193044400667,
        "annual_volatility_2020_2021_0_5_bps": 0.01266066443945228,
        "sharpe_ratio_2020_2021_0_5_bps": 2.3567244195848467,
        "downside_risk_2020_2021_0_5_bps": 0.008926133325730513,
        "sortino_ratio_2020_2021_0_5_bps": 3.342734862206954,
        "max_drawdown_2020_2021_0_5_bps": 0.01151702699011697,
        "calmar_ratio_2020_2021_0_5_bps": 2.622481745533698,
        "perc_pos_return_2020_2021_0_5_bps": 0.5961538461538461,
        "profit_loss_ratio_2020_2021_0_5_bps": 1.03209836522624,
        "sharpe_ratio_2020_0_5_bps": 2.3335727195553964,
        "annual_return_2020_2021_1_0_bps": 0.024150328701347812,
        "annual_volatility_2020_2021_1_0_bps": 0.012668667473390516,
        "sharpe_ratio_2020_2021_1_0_bps": 1.8900516802316627,
        "downside_risk_2020_2021_1_0_bps": 0.009078527774328628,
        "sortino_ratio_2020_2021_1_0_bps": 2.6374800892371213,
        "max_drawdown_2020_2021_1_0_bps": 0.01272993955641725,
        "calmar_ratio_2020_2021_1_0_bps": 1.8971283087651005,
        "perc_pos_return_2020_2021_1_0_bps": 0.5846153846153846,
        "profit_loss_ratio_2020_2021_1_0_bps": 0.9966209587334212,
        "sharpe_ratio_2020_1_0_bps": 1.867178145447354,
        "annual_return_2020_2021_1_5_bps": 0.01813286200576769,
        "annual_volatility_2020_2021_1_5_bps": 0.012678618380156426,
        "sharpe_ratio_2020_2021_1_5_bps": 1.4237494098238272,
        "downside_risk_2020_2021_1_5_bps": 0.009236026180510974,
        "sortino_ratio_2020_2021_1_5_bps": 1.954430951508041,
        "max_drawdown_2020_2021_1_5_bps": 0.013976968122830247,
        "calmar_ratio_2020_2021_1_5_bps": 1.2973387251380453,
        "perc_pos_return_2020_2021_1_5_bps": 0.5692307692307692,
        "profit_loss_ratio_2020_2021_1_5_bps": 0.976866696150608,
        "sharpe_ratio_2020_1_5_bps": 1.401153517141297,
        "annual_return_2020_2021_2_0_bps": 0.012150586915244732,
        "annual_volatility_2020_2021_2_0_bps": 0.012690512577642568,
        "sharpe_ratio_2020_2021_2_0_bps": 0.9580318015916589,
        "downside_risk_2020_2021_2_0_bps": 0.00939869728787502,
        "sortino_ratio_2020_2021_2_0_bps": 1.2935744449994235,
        "max_drawdown_2020_2021_2_0_bps": 0.0152269011829063,
        "calmar_ratio_2020_2021_2_0_bps": 0.7979684618223546,
        "perc_pos_return_2020_2021_2_0_bps": 0.5538461538461539,
        "profit_loss_ratio_2020_2021_2_0_bps": 0.9568085626570086,
        "sharpe_ratio_2020_2_0_bps": 0.9357109461394987,
        "annual_return_2020_2021_2_5_bps": 0.006203298581088257,
        "annual_volatility_2020_2021_2_5_bps": 0.0127043446077448,
        "sharpe_ratio_2020_2021_2_5_bps": 0.49311113741457735,
        "downside_risk_2020_2021_2_5_bps": 0.009566637664243123,
        "sortino_ratio_2020_2021_2_5_bps": 0.6548438479118909,