{
    "ALL": {
        "performance_sw": 3.563838199779328,
        "performance_fw": 3.6226741846585004,
        "val_loss": 2.9620996209641848,
        "annual_return_2019_2020": 0.033666060992669555,
        "annual_volatility_2019_2020": 0.009303745375911008,
        "sharpe_ratio_2019_2020": 3.5638381997793283,
        "downside_risk_2019_2020": 0.005455186470207346,
        "sortino_ratio_2019_2020": 6.078076955347718,
        "max_drawdown_2019_2020": 0.004948582305611911,
        "calmar_ratio_2019_2020": 6.803172891454338,
        "perc_pos_return_2019_2020": 0.6115384615384616,
        "profit_loss_ratio_2019_2020": 1.1861242660957207,
        "sharpe_ratio_2019": 3.4049680857942657,
        "annual_return_2019_2020_0_5_bps": 0.027359033117287046,
        "annual_volatility_2019_2020_0_5_bps": 0.009304672974379133,
        "sharpe_ratio_2019_2020_0_5_bps": 2.9056390807904173,
        "downside_risk_2019_2020_0_5_bps": 0.005633064596930603,
        "sortino_ratio_2019_2020_0_5_bps": 4.799522704401802,
        "max_drawdown_2019_2020_0_5_bps": 0.00612848754306078,
        "calmar_ratio_2019_2020_0_5_bps": 4.464239002699024,
        "perc_pos_return_2019_2020_0_5_bps": 0.6,
        "profit_loss_ratio_2019_2020_0_5_bps": 1.1103408399016383,
        "sharpe_ratio_2019_0_5_bps": 2.7494300933700693,
        "annual_return_2019_2020_1_0_bps": 0.021090325422383982,
        "annual_volatility_2019_2020_1_0_bps": 0.009306769284671668,
        "sharpe_ratio_2019_2020_1_0_bps": 2.24728894047219,
        "downside_risk_2019_2020_1_0_bps": 0.00581660083302859,
        "sortino_ratio_2019_2020_1_0_bps": 3.5957426485597237,
        "max_drawdown_2019_2020_1_0_bps": 0.00735532778283118,
        "calmar_ratio_2019_2020_1_0_bps": 2.8673535762217233,
        "perc_pos_return_2019_2020_1_0_bps": 0.5846153846153846,
        "profit_loss_ratio_2019_2020_1_0_bps": 1.0553900954391127,
        "sharpe_ratio_2019_1_0_bps": 2.093672596779015,
        "annual_return_2019_2020_1_5_bps": 0.014859706071607137,
        "annual_volatility_2019_2020_1_5_bps": 0.009310033517323403,
        "sharpe_ratio_2019_2020_1_5_bps": 1.5890359485902918,
        "downside_risk_2019_2020_1_5_bps": 0.006005677472577191,
        "sortino_ratio_2019_2020_1_5_bps": 2.4633320735518827,
        "max_drawdown_2019_2020_1_5_bps": 0.008580690637375397,
        "calmar_ratio_2019_2020_1_5_bps": 1.7317610784010646,
        "perc_pos_return_2019_2020_1_5_bps": 0.5692307692307692,
        "profit_loss_ratio_2019_2020_1_5_bps": 1.001869044813988,
        "sharpe_ratio_2019_1_5_bps": 1.4379102833395674,
        "annual_return_2019_2020_2_0_bps": 0.00866694462524098,
        "annual_volatility_2019_2020_2_0_bps": 0.0093144644444473,
        "sharpe_ratio_2019_2020_2_0_bps": 0.9311277368626568,
        "downside_risk_2019_2020_2_0_bps": 0.006200390148093802,
        "sortino_ratio_2019_2020_2_0_bps": 1.398775882016431,
        "max_drawdown_2019_2020_2_0_bps": 0.00984990245730733,
        "calmar_ratio_2019_2020_2_0_bps": 0.879901568853735,
        "perc_pos_return_2019_2020_2_0_bps": 0.55,
        "profit_loss_ratio_2019_2020_2_0_bps": 0.9648493264197258,
        "sharpe_ratio_2019_2_0_bps": 0.7823576257365331,
        "annual_return_2019_2020_2_5_bps": 0.002511812031801508,
        "annual_volatility_2019_2020_2_5_bps": 0.009320060402039858,
        "sharpe_ratio_2019_2020_2_5_bps": 0.27381093520873045,
        "downside_risk_2019_2020_2_5_bps": 0.006400715512409193,
        "sortino_ratio_2019_2020_2_5_bps": 0.3986951849268889,
        "max_drawdown_2019_2020_2_5_bps": 0.011195295883142033,
        "calmar_ratio_2019_2020_2_5_bps": 0.22436316628163575,
        "perc_pos_return_2019_2020_2_5_bps": 0.5307692307692308,
        "profit_loss_ratio_2019_2020_2_5_bps": 0.928114015193807,
        "sharpe_ratio_2019_2_5_bps": 0.1272285320855426,
        "annual_return_2019_2020_3_0_bps": -0.0036059193802572276,
        "annual_volatility_2019_2020_3_0_bps": 0.009326819293096674,
        "sharpe_ratio_2019_2020_3_0_bps": -0.38266928695818253,
        "downside_risk_2019_2020_3_0_bps": 0.006606691993988237,
        "sortino_ratio_2019_2020_3_0_bps": -0.5402230483462552,
        "max_drawdown_2019_2020_3_0_bps": 0.012538901200149399,
        "calmar_ratio_2019_2020_3_0_bps": -0.28757857827400884,
        "perc_pos_return_2019_2020_3_0_bps": 0.49230769230769234,
        "profit_loss_ratio_2019_2020_3_0_bps": 0.9633747847306853,
        "sharpe_ratio_2019_3_0_bps": -0.5272640014918697
    },
    "COMB": {
        "annual_return_2019_2020": 0.033666060992669555,
        "annual_volatility_2019_2020": 0.009303745375911008,
        "sharpe_ratio_2019_2020": 3.5638381997793283,
        "downside_risk_2019_2020": 0.005455186470207346,
        "sortino_ratio_2019_2020": 6.078076955347718,
        "max_drawdown_2019_2020": 0.004948582305611911,
        "calmar_ratio_2019_2020": 6.803172891454338,
        "perc_pos_return_2019_2020": 0.6115384615384616,
        "profit_loss_ratio_2019_2020": 1.1861242660957207,
        "sharpe_ratio_2019": 3.4049680857942657,
        "annual_return_2019_2020_0_5_bps": 0.027359033117287046,
        "annual_volatility_2019_2020_0_5_bps": 0.009304672974379133,
        "sharpe_ratio_2019_2020_0_5_bps": 2.9056390807904173,
        "downside_risk_2019_2020_0_5_bps": 0.005633064596930603,
        "sortino_ratio_2019_2020_0_5_bps": 4.799522704401802,
        "max_drawdown_2019_2020_0_5_bps": 0.00612848754306078,
        "calmar_ratio_2019_2020_0_5_bps": 4.464239002699024,
        "perc_pos_return_2019_2020_0_5_bps": 0.6,
        "profit_loss_ratio_2019_2020_0_5_bps": 1.1103408399016383,
        "sharpe_ratio_2019_0_5_bps": 2.7494300933700693,
        "annual_return_2019_2020_1_0_bps": 0.021090325422383982,
        "annual_volatility_2019_2020_1_0_bps": 0.009306769284671668,
        "sharpe_ratio_2019_2020_1_0_bps": 2.24728894047219,
        "downside_risk_2019_2020_1_0_bps": 0.00581660083302859,
        "sortino_ratio_2019_2020_1_0_bps": 3.5957426485597237,
        "max_drawdown_2019_2020_1_0_bps": 0.00735532778283118,
        "calmar_ratio_2019_2020_1_0_bps": 2.8673535762217233,
        "perc_pos_return_2019_2020_1_0_bps": 0.5846153846153846,
        "profit_loss_ratio_2019_2020_1_0_bps": 1.0553900954391127,
        "sharpe_ratio_2019_1_0_bps": 2.093672596779015,
        "annual_return_2019_2020_1_5_bps": 0.014859706071607137,
        "annual_volatility_2019_2020_1_5_bps": 0.009310033517323403,
        "sharpe_ratio_2019_2020_1_5_bps": 1.5890359485902918,
        "downside_risk_2019_2020_1_5_bps": 0.006005677472577191,
        "sortino_ratio_2019_2020_1_5_bps": 2.4633320735518827,
        "max_drawdown_2019_2020_1_5_bps": 0.008580690637375397,
        "calmar_ratio_2019_2020_1_5_bps": 1.7317610784010646,
        "perc_pos_return_2019_2020_1_5_bps": 0.5692307692307692,
        "profit_loss_ratio_2019_2020_1_5_bps": 1.001869044813988,
        "sharpe_ratio_2019_1_5_bps": 1.4379102833395674,
        "annual_return_2019_2020_2_0_bps": 0.00866694462524098,
        "annual_volatility_2019_2020_2_0_bps": 0.0093144644444473,
        "sharpe_ratio_2019_2020_2_0_bps": 0.9311277368626568,
        "downside_risk_2019_2020_2_0_bps": 0.006200390148093802,
        "sortino_ratio_2019_2020_2_0_bps": 1.398775882016431,
        "max_drawdown_2019_2020_2_0_bps": 0.00984990245730733,
        "calmar_ratio_2019_2020_2_0_bps": 0.879901568853735,
        "perc_pos_return_2019_2020_2_0_bps": 0.55,
        "profit_loss_ratio_2019_2020_2_0_bps": 0.9648493264197258,
        "sharpe_ratio_2019_2_0_bps": 0.7823576257365331,
        "annual_return_2019_2020_2_5_bps": 0.002511812031801508,
        "annual_volatility_2019_2020_2_5_bps": 0.009320060402039858,
        "sharpe_ratio_2019_2020_2_5_bps": 0.27381093520873045,
        "downside_risk_2019_2020_2_5_bps": 0.006400715512409193,
        "sortino_ratio_2019_2020_2_5_bps": 0.3986951849268889,
        "max_drawdown_2019_2020_2_5_bps": 0.011195295883142033,