{
    "ALL": {
        "performance_sw": 1.605640285810698,
        "performance_fw": 2.246218775790287,
        "val_loss": 3.7453763382915506,
        "annual_return_2017_2018": 0.016384644136981263,
        "annual_volatility_2017_2018": 0.010154037478926863,
        "sharpe_ratio_2017_2018": 1.605640285810698,
        "downside_risk_2017_2018": 0.006443277324707828,
        "sortino_ratio_2017_2018": 2.5303476504537947,
        "max_drawdown_2017_2018": 0.0073155843497626485,
        "calmar_ratio_2017_2018": 2.239690413454512,
        "perc_pos_return_2017_2018": 0.5503875968992248,
        "profit_loss_ratio_2017_2018": 1.0642584337318037,
        "sharpe_ratio_2017": 1.676160639338577,
        "annual_return_2017_2018_0_5_bps": 0.010467845015141863,
        "annual_volatility_2017_2018_0_5_bps": 0.010161331535635063,
        "sharpe_ratio_2017_2018_0_5_bps": 1.0298916014318924,
        "downside_risk_2017_2018_0_5_bps": 0.0066481273531996355,
        "sortino_ratio_2017_2018_0_5_bps": 1.5741380169077108,
        "max_drawdown_2017_2018_0_5_bps": 0.007799311700044545,
        "calmar_ratio_2017_2018_0_5_bps": 1.3421498483105987,
        "perc_pos_return_2017_2018_0_5_bps": 0.5387596899224806,
        "profit_loss_ratio_2017_2018_0_5_bps": 1.014416738084892,
        "sharpe_ratio_2017_0_5_bps": 1.1011801015771943,
        "annual_return_2017_2018_1_0_bps": 0.00458534467855598,
        "annual_volatility_2017_2018_1_0_bps": 0.01016955163723316,
        "sharpe_ratio_2017_2018_1_0_bps": 0.4549274679029219,
        "downside_risk_2017_2018_1_0_bps": 0.006857345104750072,
        "sortino_ratio_2017_2018_1_0_bps": 0.6746646559803136,
        "max_drawdown_2017_2018_1_0_bps": 0.008282814388009582,
        "calmar_ratio_2017_2018_1_0_bps": 0.5535974203640063,
        "perc_pos_return_2017_2018_1_0_bps": 0.5271317829457365,
        "profit_loss_ratio_2017_2018_1_0_bps": 0.9668806702409757,
        "sharpe_ratio_2017_1_0_bps": 0.5269461446172711,
        "annual_return_2017_2018_1_5_bps": -0.0012630548553221876,
        "annual_volatility_2017_2018_1_5_bps": 0.010178695540157953,
        "sharpe_ratio_2017_2018_1_5_bps": -0.1190971132856751,
        "downside_risk_2017_2018_1_5_bps": 0.007070850121776888,
        "sortino_ratio_2017_2018_1_5_bps": -0.17144377761778257,
        "max_drawdown_2017_2018_1_5_bps": 0.009803020434541489,
        "calmar_ratio_2017_2018_1_5_bps": -0.12884343797466172,
        "perc_pos_return_2017_2018_1_5_bps": 0.5038759689922481,
        "profit_loss_ratio_2017_2018_1_5_bps": 0.9654825254676319,
        "sharpe_ratio_2017_1_5_bps": -0.04640485176011141,
        "annual_return_2017_2018_2_0_bps": -0.0070775504310945925,
        "annual_volatility_2017_2018_2_0_bps": 0.010188760757213365,
        "sharpe_ratio_2017_2018_2_0_bps": -0.6920287025815006,
        "downside_risk_2017_2018_2_0_bps": 0.00728883298275146,
        "sortino_ratio_2017_2018_2_0_bps": -0.9673585475772589,
        "max_drawdown_2017_2018_2_0_bps": 0.014152000010073678,
        "calmar_ratio_2017_2018_2_0_bps": -0.5001095552612105,
        "perc_pos_return_2017_2018_2_0_bps": 0.4844961240310077,
        "profit_loss_ratio_2017_2018_2_0_bps": 0.9494324180570262,
        "sharpe_ratio_2017_2_0_bps": -0.6187378037308848,
        "annual_return_2017_2018_2_5_bps": -0.012858337761917249,
        "annual_volatility_2017_2018_2_5_bps": 0.010199744560911828,
        "sharpe_ratio_2017_2018_2_5_bps": -1.2637156198014106,
        "downside_risk_2017_2018_2_5_bps": 0.007511295340516204,
        "sortino_ratio_2017_2018_2_5_bps": -1.7160257898636875,
        "max_drawdown_2017_2018_2_5_bps": 0.018754750569965905,
        "calmar_ratio_2017_2018_2_5_bps": -0.6856043067034309,
        "perc_pos_return_2017_2018_2_5_bps": 0.4689922480620155,
        "profit_loss_ratio_2017_2018_2_5_bps": 0.9196542002534535,
        "sharpe_ratio_2017_2_5_bps": -1.1899190766042866,
        "annual_return_2017_2018_3_0_bps": -0.018605611435983938,
        "annual_volatility_2017_2018_3_0_bps": 0.010211643987115377,
        "sharpe_ratio_2017_2018_3_0_bps": -1.8340081357243112,
        "downside_risk_2017_2018_3_0_bps": 0.007738073631497953,
        "sortino_ratio_2017_2018_3_0_bps": -2.420271380625825,
        "max_drawdown_2017_2018_3_0_bps": 0.023408608288952425,
        "calmar_ratio_2017_2018_3_0_bps": -0.794819205239329,
        "perc_pos_return_2017_2018_3_0_bps": 0.4573643410852713,
        "profit_loss_ratio_2017_2018_3_0_bps": 0.8774649270310373,
        "sharpe_ratio_2017_3_0_bps": -1.7598166337552612
    },
    "COMB": {
        "annual_return_2017_2018": 0.016384644136981263,
        "annual_volatility_2017_2018": 0.010154037478926863,
        "sharpe_ratio_2017_2018": 1.605640285810698,
        "downside_risk_2017_2018": 0.006443277324707828,
        "sortino_ratio_2017_2018": 2.5303476504537947,
        "max_drawdown_2017_2018": 0.0073155843497626485,
        "calmar_ratio_2017_2018": 2.239690413454512,
        "perc_pos_return_2017_2018": 0.5503875968992248,
        "profit_loss_ratio_2017_2018": 1.0642584337318037,
        "sharpe_ratio_2017": 1.676160639338577,
        "annual_return_2017_2018_0_5_bps": 0.010467845015141863,
        "annual_volatility_2017_2018_0_5_bps": 0.010161331535635063,
        "sharpe_ratio_2017_2018_0_5_bps": 1.0298916014318924,
        "downside_risk_2017_2018_0_5_bps": 0.0066481273531996355,
        "sortino_ratio_2017_2018_0_5_bps": 1.5741380169077108,
        "max_drawdown_2017_2018_0_5_bps": 0.007799311700044545,
        "calmar_ratio_2017_2018_0_5_bps": 1.3421498483105987,
        "perc_pos_return_2017_2018_0_5_bps": 0.5387596899224806,
        "profit_loss_ratio_2017_2018_0_5_bps": 1.014416738084892,
        "sharpe_ratio_2017_0_5_bps": 1.1011801015771943,
        "annual_return_2017_2018_1_0_bps": 0.00458534467855598,
        "annual_volatility_2017_2018_1_0_bps": 0.01016955163723316,
        "sharpe_ratio_2017_2018_1_0_bps": 0.4549274679029219,
        "downside_risk_2017_2018_1_0_bps": 0.006857345104750072,
        "sortino_ratio_2017_2018_1_0_bps": 0.6746646559803136,
        "max_drawdown_2017_2018_1_0_bps": 0.008282814388009582,
        "calmar_ratio_2017_2018_1_0_bps": 0.5535974203640063,
        "perc_pos_return_2017_2018_1_0_bps": 0.5271317829457365,
        "profit_loss_ratio_2017_2018_1_0_bps": 0.9668806702409757,
        "sharpe_ratio_2017_1_0_bps": 0.5269461446172711,
        "annual_return_2017_2018_1_5_bps": -0.0012630548553221876,
        "annual_volatility_2017_2018_1_5_bps": 0.010178695540157953,
        "sharpe_ratio_2017_2018_1_5_bps": -0.1190971132856751,
        "downside_risk_2017_2018_1_5_bps": 0.007070850121776888,
        "sortino_ratio_2017_2018_1_5_bps": -0.17144377761778257,
        "max_drawdown_2017_2018_1_5_bps": 0.009803020434541489,
        "calmar_ratio_2017_2018_1_5_bps": -0.12884343797466172,
        "perc_pos_return_2017_2018_1_5_bps": 0.5038759689922481,
        "profit_loss_ratio_2017_2018_1_5_bps": 0.9654825254676319,
        "sharpe_ratio_2017_1_5_bps": -0.04640485176011141,
        "annual_return_2017_2018_2_0_bps": -0.0070775504310945925,
        "annual_volatility_2017_2018_2_0_bps": 0.010188760757213365,
        "sharpe_ratio_2017_2018_2_0_bps": -0.6920287025815006,
        "downside_risk_2017_2018_2_0_bps": 0.00728883298275146,
        "sortino_ratio_2017_2018_2_0_bps": -0.9673585475772589,
        "max_drawdown_2017_2018_2_0_bps": 0.014152000010073678,
        "calmar_ratio_2017_2018_2_0_bps": -0.5001095552612105,
        "perc_pos_return_2017_2018_2_0_bps": 0.4844961240310077,
        "profit_loss_ratio_2017_2018_2_0_bps": 0.9494324180570262,
        "sharpe_ratio_2017_2_0_bps": -0.6187378037308848,
        "annual_return_2017_2018_2_5_bps": -0.012858337761917249,
        "annual_volatility_2017_2018_2_5_bps": 0.010199744560911828,
        "sharpe_ratio_2017_2018_2_5_bps": -1.2637156198014106,
        "downside_risk_2017_2018_2_5_bps": 0.007511295340516204,