{
    "ALL": {
        "performance_sw": 2.60872607879761,
        "performance_fw": 2.6189569505830663,
        "val_loss": 3.425416276573749,
        "annual_return_2019_2020": 0.025781146335267957,
        "annual_volatility_2019_2020": 0.009776152081239848,
        "sharpe_ratio_2019_2020": 2.6087260787976105,
        "downside_risk_2019_2020": 0.006215576405185587,
        "sortino_ratio_2019_2020": 4.103127565666283,
        "max_drawdown_2019_2020": 0.00432003091447683,
        "calmar_ratio_2019_2020": 5.967815241523599,
        "perc_pos_return_2019_2020": 0.573076923076923,
        "profit_loss_ratio_2019_2020": 1.1409351320297108,
        "sharpe_ratio_2019": 2.604218894317315,
        "annual_return_2019_2020_0_5_bps": 0.01901228064881888,
        "annual_volatility_2019_2020_0_5_bps": 0.009775332512891555,
        "sharpe_ratio_2019_2020_0_5_bps": 1.9316073343797853,
        "downside_risk_2019_2020_0_5_bps": 0.006427654561350382,
        "sortino_ratio_2019_2020_0_5_bps": 2.9376351509990877,
        "max_drawdown_2019_2020_0_5_bps": 0.00545155942534679,
        "calmar_ratio_2019_2020_0_5_bps": 3.487493974737229,
        "perc_pos_return_2019_2020_0_5_bps": 0.5576923076923077,
        "profit_loss_ratio_2019_2020_0_5_bps": 1.0875679231889885,
        "sharpe_ratio_2019_0_5_bps": 1.923365007547423,
        "annual_return_2019_2020_1_0_bps": 0.012287892995151761,
        "annual_volatility_2019_2020_1_0_bps": 0.009775719010285913,
        "sharpe_ratio_2019_2020_1_0_bps": 1.254220283774757,
        "downside_risk_2019_2020_1_0_bps": 0.0066455832549462985,
        "sortino_ratio_2019_2020_1_0_bps": 1.8449705015819804,
        "max_drawdown_2019_2020_1_0_bps": 0.006581836680938152,
        "calmar_ratio_2019_2020_1_0_bps": 1.866939821028845,
        "perc_pos_return_2019_2020_1_0_bps": 0.5307692307692308,
        "profit_loss_ratio_2019_2020_1_0_bps": 1.0852667307175037,
        "sharpe_ratio_2019_1_0_bps": 1.2421255231690582,
        "annual_return_2019_2020_1_5_bps": 0.0056076923450374405,
        "annual_volatility_2019_2020_1_5_bps": 0.009777311430395489,
        "sharpe_ratio_2019_2020_1_5_bps": 0.5768156414585576,
        "downside_risk_2019_2020_1_5_bps": 0.006869361287852123,
        "sortino_ratio_2019_2020_1_5_bps": 0.8209942566912295,
        "max_drawdown_2019_2020_1_5_bps": 0.007850198769721125,
        "calmar_ratio_2019_2020_1_5_bps": 0.7143376250123475,
        "perc_pos_return_2019_2020_1_5_bps": 0.5153846153846153,
        "profit_loss_ratio_2019_2020_1_5_bps": 1.0333157551125838,
        "sharpe_ratio_2019_1_5_bps": 0.5607137332993561,
        "annual_return_2019_2020_2_0_bps": -0.0010286104345723635,
        "annual_volatility_2019_2020_2_0_bps": 0.009780109184166878,
        "sharpe_ratio_2019_2020_2_0_bps": -0.10035601073295852,
        "downside_risk_2019_2020_2_0_bps": 0.007098863251858744,
        "sortino_ratio_2019_2020_2_0_bps": -0.13826055065911663,
        "max_drawdown_2019_2020_2_0_bps": 0.009175297766557278,
        "calmar_ratio_2019_2020_2_0_bps": -0.11210649079112284,
        "perc_pos_return_2019_2020_2_0_bps": 0.48846153846153845,
        "profit_loss_ratio_2019_2020_2_0_bps": 1.0301928796550512,
        "sharpe_ratio_2019_2_0_bps": -0.1206568680336319,
        "annual_return_2019_2020_2_5_bps": -0.0076213025928186795,
        "annual_volatility_2019_2020_2_5_bps": 0.009784111237609406,
        "sharpe_ratio_2019_2020_2_5_bps": -0.7770446864658481,
        "downside_risk_2019_2020_2_5_bps": 0.0073341741018836575,
        "sortino_ratio_2019_2020_2_5_bps": -1.0366118315929478,
        "max_drawdown_2019_2020_2_5_bps": 0.010498668260084132,
        "calmar_ratio_2019_2020_2_5_bps": -0.72593041365016,
        "perc_pos_return_2019_2020_2_5_bps": 0.46923076923076923,
        "profit_loss_ratio_2019_2020_2_5_bps": 0.9962283232857871,
        "sharpe_ratio_2019_2_5_bps": -0.8017729192077696,
        "annual_return_2019_2020_3_0_bps": -0.014170669507194034,
        "annual_volatility_2019_2020_3_0_bps": 0.009789316113703253,
        "sharpe_ratio_2019_2020_3_0_bps": -1.4530014549007932,
        "downside_risk_2019_2020_3_0_bps": 0.007575218408337841,
        "sortino_ratio_2019_2020_3_0_bps": -1.877687188535547,
        "max_drawdown_2019_2020_3_0_bps": 0.016500555508620843,
        "calmar_ratio_2019_2020_3_0_bps": -0.858799541614854,
        "perc_pos_return_2019_2020_3_0_bps": 0.4653846153846154,
        "profit_loss_ratio_2019_2020_3_0_bps": 0.905808324955619,
        "sharpe_ratio_2019_3_0_bps": -1.4824215247339378
    },
    "COMB": {
        "annual_return_2019_2020": 0.025781146335267957,
        "annual_volatility_2019_2020": 0.009776152081239848,
        "sharpe_ratio_2019_2020": 2.6087260787976105,
        "downside_risk_2019_2020": 0.006215576405185587,
        "sortino_ratio_2019_2020": 4.103127565666283,
        "max_drawdown_2019_2020": 0.00432003091447683,
        "calmar_ratio_2019_2020": 5.967815241523599,
        "perc_pos_return_2019_2020": 0.573076923076923,
        "profit_loss_ratio_2019_2020": 1.1409351320297108,
        "sharpe_ratio_2019": 2.604218894317315,
        "annual_return_2019_2020_0_5_bps": 0.01901228064881888,
        "annual_volatility_2019_2020_0_5_bps": 0.009775332512891555,
        "sharpe_ratio_2019_2020_0_5_bps": 1.9316073343797853,
        "downside_risk_2019_2020_0_5_bps": 0.006427654561350382,
        "sortino_ratio_2019_2020_0_5_bps": 2.9376351509990877,
        "max_drawdown_2019_2020_0_5_bps": 0.00545155942534679,
        "calmar_ratio_2019_2020_0_5_bps": 3.487493974737229,
        "perc_pos_return_2019_2020_0_5_bps": 0.5576923076923077,
        "profit_loss_ratio_2019_2020_0_5_bps": 1.0875679231889885,
        "sharpe_ratio_2019_0_5_bps": 1.923365007547423,
        "annual_return_2019_2020_1_0_bps": 0.012287892995151761,
        "annual_volatility_2019_2020_1_0_bps": 0.009775719010285913,
        "sharpe_ratio_2019_2020_1_0_bps": 1.254220283774757,
        "downside_risk_2019_2020_1_0_bps": 0.0066455832549462985,
        "sortino_ratio_2019_2020_1_0_bps": 1.8449705015819804,
        "max_drawdown_2019_2020_1_0_bps": 0.006581836680938152,
        "calmar_ratio_2019_2020_1_0_bps": 1.866939821028845,
        "perc_pos_return_2019_2020_1_0_bps": 0.5307692307692308,
        "profit_loss_ratio_2019_2020_1_0_bps": 1.0852667307175037,
        "sharpe_ratio_2019_1_0_bps": 1.2421255231690582,
        "annual_return_2019_2020_1_5_bps": 0.0056076923450374405,
        "annual_volatility_2019_2020_1_5_bps": 0.009777311430395489,
        "sharpe_ratio_2019_2020_1_5_bps": 0.5768156414585576,
        "downside_risk_2019_2020_1_5_bps": 0.006869361287852123,
        "sortino_ratio_2019_2020_1_5_bps": 0.8209942566912295,
        "max_drawdown_2019_2020_1_5_bps": 0.007850198769721125,
        "calmar_ratio_2019_2020_1_5_bps": 0.7143376250123475,
        "perc_pos_return_2019_2020_1_5_bps": 0.5153846153846153,
        "profit_loss_ratio_2019_2020_1_5_bps": 1.0333157551125838,
        "sharpe_ratio_2019_1_5_bps": 0.5607137332993561,
        "annual_return_2019_2020_2_0_bps": -0.0010286104345723635,
        "annual_volatility_2019_2020_2_0_bps": 0.009780109184166878,
        "sharpe_ratio_2019_2020_2_0_bps": -0.10035601073295852,
        "downside_risk_2019_2020_2_0_bps": 0.007098863251858744,
        "sortino_ratio_2019_2020_2_0_bps": -0.13826055065911663,
        "max_drawdown_2019_2020_2_0_bps": 0.009175297766557278,
        "calmar_ratio_2019_2020_2_0_bps": -0.11210649079112284,
        "perc_pos_return_2019_2020_2_0_bps": 0.48846153846153845,
        "profit_loss_ratio_2019_2020_2_0_bps": 1.0301928796550512,
        "sharpe_ratio_2019_2_0_bps": -0.1206568680336319,
        "annual_return_2019_2020_2_5_bps": -0.0076213025928186795,
        "annual_volatility_2019_2020_2_5_bps": 0.009784111237609406,
        "sharpe_ratio_2019_2020_2_5_bps": -0.7770446864658481,
        "downside_risk_2019_2020_2_5_bps": 0.0073341741018836575,